bench,prompt,seed,block,sign,dose,d_hsv_sat,d_chroma
atlas,F4_closeup,2718281,blk00,neg,0.350,0.05341,-0.6869
atlas,F4_closeup,2718281,blk00,pos,0.350,0.04849,1.7468
atlas,F4_closeup,2718281,blk01,neg,0.350,-0.01046,-0.8306
atlas,F4_closeup,2718281,blk01,pos,0.350,0.04767,3.1447
atlas,F4_closeup,2718281,blk02,neg,0.350,0.02609,0.6766
atlas,F4_closeup,2718281,blk02,pos,0.350,0.04881,2.4113
atlas,F4_closeup,2718281,blk03,neg,0.350,-0.00284,0.2602
atlas,F4_closeup,2718281,blk03,pos,0.350,0.08679,2.5826
atlas,F4_closeup,2718281,blk04,neg,0.350,0.05462,1.4901
atlas,F4_closeup,2718281,blk04,pos,0.350,0.00089,-0.1448
atlas,F4_closeup,2718281,blk05,neg,0.350,0.00629,0.0606
atlas,F4_closeup,2718281,blk05,pos,0.350,0.02446,0.4261
atlas,F4_closeup,2718281,blk06,neg,0.350,0.04464,1.2752
atlas,F4_closeup,2718281,blk06,pos,0.350,0.05783,2.3621
atlas,F4_closeup,2718281,blk07,neg,0.350,0.03612,1.2624
atlas,F4_closeup,2718281,blk07,pos,0.350,0.01696,-0.3964
atlas,F4_closeup,2718281,blk08,neg,0.350,0.05229,2.08
atlas,F4_closeup,2718281,blk08,pos,0.350,-0.00028,-1.1885
atlas,F4_closeup,2718281,blk09,neg,0.350,0.02049,0.2708
atlas,F4_closeup,2718281,blk09,pos,0.350,0.04829,0.8413
atlas,F4_closeup,2718281,blk10,neg,0.350,0.03457,1.4511
atlas,F4_closeup,2718281,blk10,pos,0.350,0.08122,3.1804
atlas,F4_closeup,2718281,blk11,neg,0.350,0.00751,-0.4264
atlas,F4_closeup,2718281,blk11,pos,0.350,0.01863,-0.1745
atlas,F4_closeup,2718281,blk12,neg,0.350,0.07485,2.9871
atlas,F4_closeup,2718281,blk12,pos,0.350,0.04393,0.4203
atlas,F4_closeup,2718281,blk13,neg,0.350,0.03253,0.8823
atlas,F4_closeup,2718281,blk13,pos,0.350,0.00207,-0.7283
atlas,F4_closeup,2718281,blk14,neg,0.350,0.01557,-1.1318
atlas,F4_closeup,2718281,blk14,pos,0.350,0.02888,1.1748
atlas,F4_closeup,2718281,blk15,neg,0.350,-0.01662,-1.5206
atlas,F4_closeup,2718281,blk15,pos,0.350,0.00477,0.34
atlas,F4_closeup,2718281,blk16,neg,0.350,0.01944,0.4322
atlas,F4_closeup,2718281,blk16,pos,0.350,0.05836,1.822
atlas,F4_closeup,2718281,blk17,neg,0.350,0.01481,0.0052
atlas,F4_closeup,2718281,blk17,pos,0.350,0.00262,-1.883
atlas,F4_closeup,2718281,blk18,neg,0.350,0.03008,-0.2891
atlas,F4_closeup,2718281,blk18,pos,0.350,0.04093,1.1738
atlas,F4_closeup,2718281,blk19,neg,0.350,-0.02521,-1.9891
atlas,F4_closeup,2718281,blk19,pos,0.350,0.08521,1.3989
atlas,F4_closeup,2718281,blk20,neg,0.350,0.01292,-0.7277
atlas,F4_closeup,2718281,blk20,pos,0.350,0.03437,-0.5977
atlas,F4_closeup,2718281,blk21,neg,0.350,0.02269,0.1827
atlas,F4_closeup,2718281,blk21,pos,0.350,0.10602,3.4612
atlas,F4_closeup,2718281,blk22,neg,0.350,0.00149,-0.6214
atlas,F4_closeup,2718281,blk22,pos,0.350,0.07997,2.6795
atlas,F4_closeup,2718281,blk23,neg,0.350,0.06098,1.9337
atlas,F4_closeup,2718281,blk23,pos,0.350,-0.06792,-4.5166
atlas,F4_closeup,2718281,blk24,neg,0.350,0.05619,0.5927
atlas,F4_closeup,2718281,blk24,pos,0.350,0.02217,1.0745
atlas,F4_closeup,2718281,blk25,neg,0.350,-0.00431,-0.9713
atlas,F4_closeup,2718281,blk25,pos,0.350,0.01923,0.3692
atlas,F4_closeup,2718281,blk26,neg,0.350,0.01462,-0.33
atlas,F4_closeup,2718281,blk26,pos,0.350,0.0163,0.0651
atlas,F4_closeup,2718281,blk27,neg,0.350,0.11319,4.5856
atlas,F4_closeup,2718281,blk27,pos,0.350,0.04565,0.6796
atlas,P01_blacksmith,2718281,blk00,neg,0.350,0.11538,2.563
atlas,P01_blacksmith,2718281,blk00,pos,0.350,0.00329,-3.1086
atlas,P01_blacksmith,2718281,blk01,neg,0.350,-0.00319,-0.4269
atlas,P01_blacksmith,2718281,blk01,pos,0.350,0.08813,0.7955
atlas,P01_blacksmith,2718281,blk02,neg,0.350,0.02647,0.4178
atlas,P01_blacksmith,2718281,blk02,pos,0.350,0.0118,-0.4413
atlas,P01_blacksmith,2718281,blk03,neg,0.350,0.03926,0.5696
atlas,P01_blacksmith,2718281,blk03,pos,0.350,0.00651,-0.311
atlas,P01_blacksmith,2718281,blk04,neg,0.350,0.00466,-0.0664
atlas,P01_blacksmith,2718281,blk04,pos,0.350,0.00861,0.9482
atlas,P01_blacksmith,2718281,blk05,neg,0.350,0.01318,0.0226
atlas,P01_blacksmith,2718281,blk05,pos,0.350,0.00448,-0.0122
atlas,P01_blacksmith,2718281,blk06,neg,0.350,-0.00304,-0.5462
atlas,P01_blacksmith,2718281,blk06,pos,0.350,0.05068,1.0498
atlas,P01_blacksmith,2718281,blk07,neg,0.350,-0.01131,-0.4967
atlas,P01_blacksmith,2718281,blk07,pos,0.350,0.04243,1.5215
atlas,P01_blacksmith,2718281,blk08,neg,0.350,0.02612,0.9247
atlas,P01_blacksmith,2718281,blk08,pos,0.350,0.0339,0.5872
atlas,P01_blacksmith,2718281,blk09,neg,0.350,-0.01349,0.4832
atlas,P01_blacksmith,2718281,blk09,pos,0.350,0.08267,0.5968
atlas,P01_blacksmith,2718281,blk10,neg,0.350,0.02321,0.1615
atlas,P01_blacksmith,2718281,blk10,pos,0.350,0.10564,4.6815
atlas,P01_blacksmith,2718281,blk11,neg,0.350,0.05665,1.9438
atlas,P01_blacksmith,2718281,blk11,pos,0.350,0.04343,0.3639
atlas,P01_blacksmith,2718281,blk12,neg,0.350,0.01758,0.7344
atlas,P01_blacksmith,2718281,blk12,pos,0.350,0.08628,1.9113
atlas,P01_blacksmith,2718281,blk13,neg,0.350,0.02592,-0.6183
atlas,P01_blacksmith,2718281,blk13,pos,0.350,0.06384,2.2369
atlas,P01_blacksmith,2718281,blk14,neg,0.350,0.01094,0.0383
atlas,P01_blacksmith,2718281,blk14,pos,0.350,0.07005,1.2389
atlas,P01_blacksmith,2718281,blk15,neg,0.350,0.02851,0.7602
atlas,P01_blacksmith,2718281,blk15,pos,0.350,0.01537,0.6888
atlas,P01_blacksmith,2718281,blk16,neg,0.350,-0.00792,-1.201
atlas,P01_blacksmith,2718281,blk16,pos,0.350,0.11471,1.7916
atlas,P01_blacksmith,2718281,blk17,neg,0.350,0.04246,0.064
atlas,P01_blacksmith,2718281,blk17,pos,0.350,0.01041,1.3595
atlas,P01_blacksmith,2718281,blk18,neg,0.350,0.05158,0.9786
atlas,P01_blacksmith,2718281,blk18,pos,0.350,0.00795,1.0524
atlas,P01_blacksmith,2718281,blk19,neg,0.350,0.02456,-0.1162
atlas,P01_blacksmith,2718281,blk19,pos,0.350,0.11761,4.6328
atlas,P01_blacksmith,2718281,blk20,neg,0.350,0.00753,-0.8054
atlas,P01_blacksmith,2718281,blk20,pos,0.350,0.05868,5.1272
atlas,P01_blacksmith,2718281,blk21,neg,0.350,0.01988,-0.724
atlas,P01_blacksmith,2718281,blk21,pos,0.350,0.13851,2.7781
atlas,P01_blacksmith,2718281,blk22,neg,0.350,0.02869,1.4371
atlas,P01_blacksmith,2718281,blk22,pos,0.350,-0.01488,0.2533
atlas,P01_blacksmith,2718281,blk23,neg,0.350,0.08903,2.3461
atlas,P01_blacksmith,2718281,blk23,pos,0.350,0.0344,-2.3535
atlas,P01_blacksmith,2718281,blk24,neg,0.350,0.02898,0.9624
atlas,P01_blacksmith,2718281,blk24,pos,0.350,0.06843,-0.3105
atlas,P01_blacksmith,2718281,blk25,neg,0.350,0.06251,0.0147
atlas,P01_blacksmith,2718281,blk25,pos,0.350,0.11044,1.8254
atlas,P01_blacksmith,2718281,blk26,neg,0.350,0.06144,0.6111
atlas,P01_blacksmith,2718281,blk26,pos,0.350,-0.01729,1.7374
atlas,P01_blacksmith,2718281,blk27,neg,0.350,0.12314,2.0185
atlas,P01_blacksmith,2718281,blk27,pos,0.350,0.03604,1.499
atlas,S1_rally,2718281,blk00,neg,0.350,0.04943,2.4308
atlas,S1_rally,2718281,blk00,pos,0.350,-0.01276,-1.0172
atlas,S1_rally,2718281,blk01,neg,0.350,-0.02338,-0.521
atlas,S1_rally,2718281,blk01,pos,0.350,0.03292,1.048
atlas,S1_rally,2718281,blk02,neg,0.350,-0.00625,0.1153
atlas,S1_rally,2718281,blk02,pos,0.350,-0.0237,-0.1972
atlas,S1_rally,2718281,blk03,neg,0.350,0.00051,-0.3539
atlas,S1_rally,2718281,blk03,pos,0.350,-0.04784,-0.3965
atlas,S1_rally,2718281,blk04,neg,0.350,-0.02844,-0.2569
atlas,S1_rally,2718281,blk04,pos,0.350,-0.04016,-0.4906
atlas,S1_rally,2718281,blk05,neg,0.350,-0.02516,-0.8502
atlas,S1_rally,2718281,blk05,pos,0.350,-0.03046,-0.1065
atlas,S1_rally,2718281,blk06,neg,0.350,-0.02222,0.157
atlas,S1_rally,2718281,blk06,pos,0.350,0.00287,0.9903
atlas,S1_rally,2718281,blk07,neg,0.350,-0.02168,-0.2153
atlas,S1_rally,2718281,blk07,pos,0.350,-0.03029,-0.4123
atlas,S1_rally,2718281,blk08,neg,0.350,0.0196,0.2427
atlas,S1_rally,2718281,blk08,pos,0.350,0.00223,0.1262
atlas,S1_rally,2718281,blk09,neg,0.350,-0.02957,-0.4808
atlas,S1_rally,2718281,blk09,pos,0.350,-0.02491,0.4063
atlas,S1_rally,2718281,blk10,neg,0.350,0.00513,-0.145
atlas,S1_rally,2718281,blk10,pos,0.350,-0.0036,1.19
atlas,S1_rally,2718281,blk11,neg,0.350,0.04272,0.7633
atlas,S1_rally,2718281,blk11,pos,0.350,0.0342,0.5263
atlas,S1_rally,2718281,blk12,neg,0.350,0.00197,0.322
atlas,S1_rally,2718281,blk12,pos,0.350,-0.02154,0.2401
atlas,S1_rally,2718281,blk13,neg,0.350,-0.01752,-0.3488
atlas,S1_rally,2718281,blk13,pos,0.350,0.02894,1.5522
atlas,S1_rally,2718281,blk14,neg,0.350,-0.0388,-0.588
atlas,S1_rally,2718281,blk14,pos,0.350,0.0603,3.6269
atlas,S1_rally,2718281,blk15,neg,0.350,-0.01848,0.6213
atlas,S1_rally,2718281,blk15,pos,0.350,0.03188,1.073
atlas,S1_rally,2718281,blk16,neg,0.350,-0.0313,0.2946
atlas,S1_rally,2718281,blk16,pos,0.350,0.01113,0.4613
atlas,S1_rally,2718281,blk17,neg,0.350,-0.00039,-0.5707
atlas,S1_rally,2718281,blk17,pos,0.350,-0.01253,-0.294
atlas,S1_rally,2718281,blk18,neg,0.350,-0.01776,-0.9095
atlas,S1_rally,2718281,blk18,pos,0.350,0.04903,1.9918
atlas,S1_rally,2718281,blk19,neg,0.350,-0.00702,0.1195
atlas,S1_rally,2718281,blk19,pos,0.350,0.05685,3.0335
atlas,S1_rally,2718281,blk20,neg,0.350,-0.00129,0.5939
atlas,S1_rally,2718281,blk20,pos,0.350,0.0051,0.7
atlas,S1_rally,2718281,blk21,neg,0.350,0.01577,0.4158
atlas,S1_rally,2718281,blk21,pos,0.350,0.01251,1.8734
atlas,S1_rally,2718281,blk22,neg,0.350,-0.02582,-0.0063
atlas,S1_rally,2718281,blk22,pos,0.350,-0.00245,-0.3958
atlas,S1_rally,2718281,blk23,neg,0.350,0.02027,1.6025
atlas,S1_rally,2718281,blk23,pos,0.350,-0.07828,-2.1038
atlas,S1_rally,2718281,blk24,neg,0.350,0.0389,2.2584
atlas,S1_rally,2718281,blk24,pos,0.350,-0.01806,-0.9249
atlas,S1_rally,2718281,blk25,neg,0.350,-0.00901,-0.1603
atlas,S1_rally,2718281,blk25,pos,0.350,0.06419,0.7651
atlas,S1_rally,2718281,blk26,neg,0.350,0.08142,0.6185
atlas,S1_rally,2718281,blk26,pos,0.350,-0.0891,1.1758
atlas,S1_rally,2718281,blk27,neg,0.350,0.15075,-0.4153
atlas,S1_rally,2718281,blk27,pos,0.350,0.00596,3.3659
prompt_order,V1_Original,1234567,blk00,neg,0.250,0.05096,1.565
prompt_order,V1_Original,3141592,blk00,neg,0.250,0.028,-0.1401
prompt_order,V1_Original,1234567,blk00,pos,0.300,0.01881,1.4701
prompt_order,V1_Original,3141592,blk00,pos,0.300,-0.03087,-2.1577
prompt_order,V1_Original,1234567,blk01,neg,0.200,0.03776,1.1403
prompt_order,V1_Original,3141592,blk01,neg,0.200,-0.01335,-0.832
prompt_order,V1_Original,1234567,blk01,pos,0.200,-0.00061,0.7029
prompt_order,V1_Original,3141592,blk01,pos,0.200,0.00196,-0.5914
prompt_order,V1_Original,1234567,blk02,neg,0.350,0.02017,0.997
prompt_order,V1_Original,3141592,blk02,neg,0.350,-0.01671,-0.5591
prompt_order,V1_Original,1234567,blk02,pos,0.350,0.08707,1.7642
prompt_order,V1_Original,3141592,blk02,pos,0.350,0.04259,0.0741
prompt_order,V1_Original,1234567,blk03,neg,0.350,0.00645,0.5045
prompt_order,V1_Original,3141592,blk03,neg,0.350,0.00758,-0.5269
prompt_order,V1_Original,1234567,blk03,pos,0.350,-0.04307,1.0757
prompt_order,V1_Original,3141592,blk03,pos,0.350,-0.02426,-0.4486
prompt_order,V1_Original,1234567,blk04,neg,0.350,0.02478,0.6034
prompt_order,V1_Original,3141592,blk04,neg,0.350,0.00323,0.9041
prompt_order,V1_Original,1234567,blk04,pos,0.350,0.01856,0.915
prompt_order,V1_Original,3141592,blk04,pos,0.350,-0.02116,0.0184
prompt_order,V1_Original,1234567,blk05,neg,0.350,0.02296,0.8747
prompt_order,V1_Original,3141592,blk05,neg,0.350,0.03817,-0.2276
prompt_order,V1_Original,1234567,blk05,pos,0.350,-0.03114,1.4676
prompt_order,V1_Original,3141592,blk05,pos,0.350,0.00011,0.7489
prompt_order,V1_Original,1234567,blk06,neg,0.350,0.00589,0.4333
prompt_order,V1_Original,3141592,blk06,neg,0.350,0.00089,-0.7693
prompt_order,V1_Original,1234567,blk06,pos,0.350,-0.0184,1.8543
prompt_order,V1_Original,3141592,blk06,pos,0.350,-0.00706,0.4357
prompt_order,V1_Original,1234567,blk07,neg,0.350,0.0012,0.3005
prompt_order,V1_Original,3141592,blk07,neg,0.350,-0.00414,0.3151
prompt_order,V1_Original,1234567,blk07,pos,0.350,-0.02401,1.5149
prompt_order,V1_Original,3141592,blk07,pos,0.350,-0.04993,-0.7517
prompt_order,V1_Original,1234567,blk08,neg,0.350,0.02934,3.0827
prompt_order,V1_Original,3141592,blk08,neg,0.350,0.06363,1.0644
prompt_order,V1_Original,1234567,blk08,pos,0.350,0.03355,0.0931
prompt_order,V1_Original,3141592,blk08,pos,0.350,-0.02049,-0.8886
prompt_order,V1_Original,1234567,blk09,neg,0.350,0.02391,1.7256
prompt_order,V1_Original,3141592,blk09,neg,0.350,0.02253,-0.7007
prompt_order,V1_Original,1234567,blk09,pos,0.350,-0.00526,-0.0105
prompt_order,V1_Original,3141592,blk09,pos,0.350,-0.00703,-2.378
prompt_order,V1_Original,1234567,blk10,neg,0.400,0.00944,1.3033
prompt_order,V1_Original,3141592,blk10,neg,0.400,-0.02357,-0.917
prompt_order,V1_Original,1234567,blk10,pos,0.400,0.06951,3.3733
prompt_order,V1_Original,3141592,blk10,pos,0.400,0.08267,2.0616
prompt_order,V1_Original,1234567,blk11,neg,0.350,0.02179,2.8477
prompt_order,V1_Original,3141592,blk11,neg,0.350,0.0036,0.193
prompt_order,V1_Original,1234567,blk11,pos,0.350,0.0133,0.7105
prompt_order,V1_Original,3141592,blk11,pos,0.350,0.02469,0.1488
prompt_order,V1_Original,1234567,blk12,neg,0.350,0.04863,2.7219
prompt_order,V1_Original,3141592,blk12,neg,0.350,0.0185,0.1668
prompt_order,V1_Original,1234567,blk12,pos,0.350,-0.04211,1.0341
prompt_order,V1_Original,3141592,blk12,pos,0.350,-0.04945,-0.9605
prompt_order,V1_Original,1234567,blk13,neg,0.350,0.07551,1.8877
prompt_order,V1_Original,3141592,blk13,neg,0.350,0.01542,0.6067
prompt_order,V1_Original,1234567,blk13,pos,0.350,-0.02304,0.8262
prompt_order,V1_Original,3141592,blk13,pos,0.350,-0.04903,-1.4684
prompt_order,V1_Original,1234567,blk14,neg,0.350,0.03667,2.038
prompt_order,V1_Original,3141592,blk14,neg,0.350,-0.01282,-0.9639
prompt_order,V1_Original,1234567,blk14,pos,0.350,-0.01779,1.6945
prompt_order,V1_Original,3141592,blk14,pos,0.350,-0.01437,0.1676
prompt_order,V1_Original,1234567,blk15,neg,0.350,-0.04041,-1.2812
prompt_order,V1_Original,3141592,blk15,neg,0.350,-0.01539,-1.8269
prompt_order,V1_Original,1234567,blk15,pos,0.350,0.00351,1.9921
prompt_order,V1_Original,3141592,blk15,pos,0.350,-0.02555,-0.9867
prompt_order,V1_Original,1234567,blk16,neg,0.400,-0.00069,0.3469
prompt_order,V1_Original,3141592,blk16,neg,0.400,-0.02487,-0.6246
prompt_order,V1_Original,1234567,blk16,pos,0.300,0.04159,3.2905
prompt_order,V1_Original,3141592,blk16,pos,0.300,0.0098,0.3831
prompt_order,V1_Original,1234567,blk17,neg,0.350,0.05253,3.7222
prompt_order,V1_Original,3141592,blk17,neg,0.350,-0.01009,0.9035
prompt_order,V1_Original,1234567,blk17,pos,0.350,-0.0409,-1.2606
prompt_order,V1_Original,3141592,blk17,pos,0.350,-0.03118,-0.3163
prompt_order,V1_Original,1234567,blk18,neg,0.350,0.00564,0.349
prompt_order,V1_Original,3141592,blk18,neg,0.350,-0.0078,-0.505
prompt_order,V1_Original,1234567,blk18,pos,0.350,0.02197,0.8214
prompt_order,V1_Original,3141592,blk18,pos,0.350,-0.03366,-1.8361
prompt_order,V1_Original,1234567,blk19,neg,0.350,-0.00355,0.4015
prompt_order,V1_Original,3141592,blk19,neg,0.350,-0.02303,-1.2106
prompt_order,V1_Original,1234567,blk19,pos,0.350,0.03762,2.818
prompt_order,V1_Original,3141592,blk19,pos,0.350,-0.00798,0.5599
prompt_order,V1_Original,1234567,blk20,neg,0.350,-0.00322,0.0996
prompt_order,V1_Original,3141592,blk20,neg,0.350,0.01493,-0.4265
prompt_order,V1_Original,1234567,blk20,pos,0.350,0.00197,1.8634
prompt_order,V1_Original,3141592,blk20,pos,0.350,-0.03046,0.2306
prompt_order,V1_Original,1234567,blk21,neg,0.350,0.0125,2.9456
prompt_order,V1_Original,3141592,blk21,neg,0.350,-0.00906,1.1843
prompt_order,V1_Original,1234567,blk21,pos,0.350,0.10596,2.541
prompt_order,V1_Original,3141592,blk21,pos,0.350,0.01239,1.4355
prompt_order,V1_Original,1234567,blk22,neg,0.350,-0.0044,1.456
prompt_order,V1_Original,3141592,blk22,neg,0.350,-0.02555,-0.5489
prompt_order,V1_Original,1234567,blk22,pos,0.350,-0.03893,-0.0699
prompt_order,V1_Original,3141592,blk22,pos,0.350,-0.00916,0.4806
prompt_order,V1_Original,1234567,blk23,neg,0.350,-0.01184,2.2901
prompt_order,V1_Original,3141592,blk23,neg,0.350,0.02114,3.282
prompt_order,V1_Original,1234567,blk23,pos,0.350,0.03764,-1.6031
prompt_order,V1_Original,3141592,blk23,pos,0.350,-0.0659,-4.1593
prompt_order,V1_Original,1234567,blk24,neg,0.400,0.05494,0.8665
prompt_order,V1_Original,3141592,blk24,neg,0.400,-0.01333,-1.5182
prompt_order,V1_Original,1234567,blk24,pos,0.200,0.01994,0.8065
prompt_order,V1_Original,3141592,blk24,pos,0.200,0.02229,1.3481
prompt_order,V1_Original,1234567,blk25,neg,0.200,-0.01353,-0.2264
prompt_order,V1_Original,3141592,blk25,neg,0.200,-0.01811,0.1261
prompt_order,V1_Original,1234567,blk25,pos,0.200,0.04962,1.9965
prompt_order,V1_Original,3141592,blk25,pos,0.200,0.02156,0.3044
prompt_order,V1_Original,1234567,blk26,neg,0.200,0.03907,1.4727
prompt_order,V1_Original,3141592,blk26,neg,0.200,0.01651,0.5946
prompt_order,V1_Original,1234567,blk26,pos,0.200,0.04687,3.9352
prompt_order,V1_Original,3141592,blk26,pos,0.200,0.0196,1.6326
prompt_order,V1_Original,1234567,blk27,neg,0.075,-0.0055,1.3508
prompt_order,V1_Original,3141592,blk27,neg,0.075,-0.00046,0.736
prompt_order,V1_Original,1234567,blk27,pos,0.100,0.00434,0.4871
prompt_order,V1_Original,3141592,blk27,pos,0.100,-0.02029,-0.6807
prompt_order,V2_SubjectFirst,1234567,blk00,neg,0.250,-0.04097,0.1585
prompt_order,V2_SubjectFirst,3141592,blk00,neg,0.250,0.01207,0.0231
prompt_order,V2_SubjectFirst,1234567,blk00,pos,0.300,0.02917,0.9972
prompt_order,V2_SubjectFirst,3141592,blk00,pos,0.300,0.00254,-0.986
prompt_order,V2_SubjectFirst,1234567,blk01,neg,0.200,-0.00899,0.6168
prompt_order,V2_SubjectFirst,3141592,blk01,neg,0.200,-0.00082,0.1095
prompt_order,V2_SubjectFirst,1234567,blk01,pos,0.200,-0.0103,0.5075
prompt_order,V2_SubjectFirst,3141592,blk01,pos,0.200,-0.00108,0.8043
prompt_order,V2_SubjectFirst,1234567,blk02,neg,0.350,-0.00706,0.232
prompt_order,V2_SubjectFirst,3141592,blk02,neg,0.350,-0.00979,0.3543
prompt_order,V2_SubjectFirst,1234567,blk02,pos,0.350,-0.02256,1.375
prompt_order,V2_SubjectFirst,3141592,blk02,pos,0.350,0.02184,0.2234
prompt_order,V2_SubjectFirst,1234567,blk03,neg,0.350,0.00502,-0.8473
prompt_order,V2_SubjectFirst,3141592,blk03,neg,0.350,0.04297,0.1701
prompt_order,V2_SubjectFirst,1234567,blk03,pos,0.350,-0.03963,1.1261
prompt_order,V2_SubjectFirst,3141592,blk03,pos,0.350,0.00699,0.9589
prompt_order,V2_SubjectFirst,1234567,blk04,neg,0.350,-0.00311,0.6212
prompt_order,V2_SubjectFirst,3141592,blk04,neg,0.350,0.00968,-0.1539
prompt_order,V2_SubjectFirst,1234567,blk04,pos,0.350,-0.06433,0.7555
prompt_order,V2_SubjectFirst,3141592,blk04,pos,0.350,0.01619,-0.448
prompt_order,V2_SubjectFirst,1234567,blk05,neg,0.350,-0.00322,0.0513
prompt_order,V2_SubjectFirst,3141592,blk05,neg,0.350,0.00219,-0.6472
prompt_order,V2_SubjectFirst,1234567,blk05,pos,0.350,-0.0888,0.4556
prompt_order,V2_SubjectFirst,3141592,blk05,pos,0.350,-0.02331,-0.0392
prompt_order,V2_SubjectFirst,1234567,blk06,neg,0.350,0.00033,0.3889
prompt_order,V2_SubjectFirst,3141592,blk06,neg,0.350,0.02677,0.3259
prompt_order,V2_SubjectFirst,1234567,blk06,pos,0.350,-0.06131,0.7597
prompt_order,V2_SubjectFirst,3141592,blk06,pos,0.350,-0.03737,-0.9735
prompt_order,V2_SubjectFirst,1234567,blk07,neg,0.350,-0.03164,0.4871
prompt_order,V2_SubjectFirst,3141592,blk07,neg,0.350,-0.03196,-0.4915
prompt_order,V2_SubjectFirst,1234567,blk07,pos,0.350,-0.05229,0.5876
prompt_order,V2_SubjectFirst,3141592,blk07,pos,0.350,-0.02448,0.6093
prompt_order,V2_SubjectFirst,1234567,blk08,neg,0.350,-0.033,0.785
prompt_order,V2_SubjectFirst,3141592,blk08,neg,0.350,0.02469,1.147
prompt_order,V2_SubjectFirst,1234567,blk08,pos,0.350,-0.04389,-0.5748
prompt_order,V2_SubjectFirst,3141592,blk08,pos,0.350,0.02305,-0.3921
prompt_order,V2_SubjectFirst,1234567,blk09,neg,0.350,-0.03284,0.9861
prompt_order,V2_SubjectFirst,3141592,blk09,neg,0.350,0.0259,0.1738
prompt_order,V2_SubjectFirst,1234567,blk09,pos,0.350,-0.05034,-0.9668
prompt_order,V2_SubjectFirst,3141592,blk09,pos,0.350,-0.01843,-1.9207
prompt_order,V2_SubjectFirst,1234567,blk10,neg,0.400,-0.04342,0.77
prompt_order,V2_SubjectFirst,3141592,blk10,neg,0.400,-0.03114,-0.8992
prompt_order,V2_SubjectFirst,1234567,blk10,pos,0.400,0.03139,1.8529
prompt_order,V2_SubjectFirst,3141592,blk10,pos,0.400,0.09033,2.1454
prompt_order,V2_SubjectFirst,1234567,blk11,neg,0.350,-0.04278,1.3638
prompt_order,V2_SubjectFirst,3141592,blk11,neg,0.350,0.05228,-0.1895
prompt_order,V2_SubjectFirst,1234567,blk11,pos,0.350,-0.01893,0.6394
prompt_order,V2_SubjectFirst,3141592,blk11,pos,0.350,0.01931,0.1754
prompt_order,V2_SubjectFirst,1234567,blk12,neg,0.350,0.01878,0.5439
prompt_order,V2_SubjectFirst,3141592,blk12,neg,0.350,-0.01708,0.3162
prompt_order,V2_SubjectFirst,1234567,blk12,pos,0.350,-0.06589,-0.4759
prompt_order,V2_SubjectFirst,3141592,blk12,pos,0.350,0.00338,-0.5505
prompt_order,V2_SubjectFirst,1234567,blk13,neg,0.350,-0.0202,0.6861
prompt_order,V2_SubjectFirst,3141592,blk13,neg,0.350,0.00769,0.2386
prompt_order,V2_SubjectFirst,1234567,blk13,pos,0.350,-0.06746,0.6084
prompt_order,V2_SubjectFirst,3141592,blk13,pos,0.350,-0.02096,-0.6422
prompt_order,V2_SubjectFirst,1234567,blk14,neg,0.350,-0.04979,-0.0463
prompt_order,V2_SubjectFirst,3141592,blk14,neg,0.350,-0.02651,-0.981
prompt_order,V2_SubjectFirst,1234567,blk14,pos,0.350,-0.065,0.3584
prompt_order,V2_SubjectFirst,3141592,blk14,pos,0.350,-0.00271,0.1907
prompt_order,V2_SubjectFirst,1234567,blk15,neg,0.350,-0.06928,-1.3222
prompt_order,V2_SubjectFirst,3141592,blk15,neg,0.350,-0.02401,-1.0962
prompt_order,V2_SubjectFirst,1234567,blk15,pos,0.350,-0.07364,-0.4969
prompt_order,V2_SubjectFirst,3141592,blk15,pos,0.350,0.00631,-0.8306
prompt_order,V2_SubjectFirst,1234567,blk16,neg,0.400,-0.02982,-0.7797
prompt_order,V2_SubjectFirst,3141592,blk16,neg,0.400,-0.02533,-1.4534
prompt_order,V2_SubjectFirst,1234567,blk16,pos,0.300,-0.00914,2.6755
prompt_order,V2_SubjectFirst,3141592,blk16,pos,0.300,0.01313,1.772
prompt_order,V2_SubjectFirst,1234567,blk17,neg,0.350,-0.03635,1.9061
prompt_order,V2_SubjectFirst,3141592,blk17,neg,0.350,0.00145,0.2729
prompt_order,V2_SubjectFirst,1234567,blk17,pos,0.350,-0.03957,-0.3301
prompt_order,V2_SubjectFirst,3141592,blk17,pos,0.350,0.02269,-0.7622
prompt_order,V2_SubjectFirst,1234567,blk18,neg,0.350,-0.04464,0.39
prompt_order,V2_SubjectFirst,3141592,blk18,neg,0.350,-0.00022,-0.2831
prompt_order,V2_SubjectFirst,1234567,blk18,pos,0.350,-0.06199,-0.2348
prompt_order,V2_SubjectFirst,3141592,blk18,pos,0.350,-0.01138,-1.2216
prompt_order,V2_SubjectFirst,1234567,blk19,neg,0.350,-0.05129,-0.6101
prompt_order,V2_SubjectFirst,3141592,blk19,neg,0.350,-0.02809,-0.7023
prompt_order,V2_SubjectFirst,1234567,blk19,pos,0.350,-0.01254,2.2926
prompt_order,V2_SubjectFirst,3141592,blk19,pos,0.350,0.01486,1.1308
prompt_order,V2_SubjectFirst,1234567,blk20,neg,0.350,-0.0614,-0.6603
prompt_order,V2_SubjectFirst,3141592,blk20,neg,0.350,0.00847,-0.3557
prompt_order,V2_SubjectFirst,1234567,blk20,pos,0.350,-0.09796,-0.0131
prompt_order,V2_SubjectFirst,3141592,blk20,pos,0.350,-0.04928,-0.8589
prompt_order,V2_SubjectFirst,1234567,blk21,neg,0.350,-0.05667,0.9466
prompt_order,V2_SubjectFirst,3141592,blk21,neg,0.350,-0.00757,0.078
prompt_order,V2_SubjectFirst,1234567,blk21,pos,0.350,0.04455,2.6271
prompt_order,V2_SubjectFirst,3141592,blk21,pos,0.350,0.06644,1.8214
prompt_order,V2_SubjectFirst,1234567,blk22,neg,0.350,-0.06455,0.659
prompt_order,V2_SubjectFirst,3141592,blk22,neg,0.350,-0.01872,0.1706
prompt_order,V2_SubjectFirst,1234567,blk22,pos,0.350,-0.0473,2.497
prompt_order,V2_SubjectFirst,3141592,blk22,pos,0.350,-0.00785,0.4261
prompt_order,V2_SubjectFirst,1234567,blk23,neg,0.350,-0.04129,3.2637
prompt_order,V2_SubjectFirst,3141592,blk23,neg,0.350,0.02231,2.5487
prompt_order,V2_SubjectFirst,1234567,blk23,pos,0.350,-0.12268,-3.905
prompt_order,V2_SubjectFirst,3141592,blk23,pos,0.350,-0.07789,-3.5996
prompt_order,V2_SubjectFirst,1234567,blk24,neg,0.400,-0.01377,0.2483
prompt_order,V2_SubjectFirst,3141592,blk24,neg,0.400,0.00832,-0.0231
prompt_order,V2_SubjectFirst,1234567,blk24,pos,0.200,-0.01659,1.291
prompt_order,V2_SubjectFirst,3141592,blk24,pos,0.200,0.01222,0.8058
prompt_order,V2_SubjectFirst,1234567,blk25,neg,0.200,-0.01753,-0.1781
prompt_order,V2_SubjectFirst,3141592,blk25,neg,0.200,-0.0069,0.1571
prompt_order,V2_SubjectFirst,1234567,blk25,pos,0.200,-0.00678,1.1933
prompt_order,V2_SubjectFirst,3141592,blk25,pos,0.200,0.0197,0.9512
prompt_order,V2_SubjectFirst,1234567,blk26,neg,0.200,-0.01547,0.4734
prompt_order,V2_SubjectFirst,3141592,blk26,neg,0.200,0.00627,0.3394
prompt_order,V2_SubjectFirst,1234567,blk26,pos,0.200,-0.02569,2.5994
prompt_order,V2_SubjectFirst,3141592,blk26,pos,0.200,0.03323,2.7738
prompt_order,V2_SubjectFirst,1234567,blk27,neg,0.075,-0.05475,0.8052
prompt_order,V2_SubjectFirst,3141592,blk27,neg,0.075,0.00348,0.6024
prompt_order,V2_SubjectFirst,1234567,blk27,pos,0.100,-0.06988,-0.6665
prompt_order,V2_SubjectFirst,3141592,blk27,pos,0.100,-0.01398,-0.657
prompt_order,V3_BGFirst,1234567,blk00,neg,0.250,-0.03179,-0.7983
prompt_order,V3_BGFirst,3141592,blk00,neg,0.250,0.04515,1.9349
prompt_order,V3_BGFirst,1234567,blk00,pos,0.300,0.0,0.1284
prompt_order,V3_BGFirst,3141592,blk00,pos,0.300,0.03525,1.0064
prompt_order,V3_BGFirst,1234567,blk01,neg,0.200,-0.03374,-0.7783
prompt_order,V3_BGFirst,3141592,blk01,neg,0.200,-0.00511,0.9564
prompt_order,V3_BGFirst,1234567,blk01,pos,0.200,0.0092,0.1938
prompt_order,V3_BGFirst,3141592,blk01,pos,0.200,0.03204,1.9636
prompt_order,V3_BGFirst,1234567,blk02,neg,0.350,-0.051,-0.2844
prompt_order,V3_BGFirst,3141592,blk02,neg,0.350,0.00456,1.2894
prompt_order,V3_BGFirst,1234567,blk02,pos,0.350,-0.02887,-0.3054
prompt_order,V3_BGFirst,3141592,blk02,pos,0.350,0.00613,0.2303
prompt_order,V3_BGFirst,1234567,blk03,neg,0.350,-0.00114,-0.8234
prompt_order,V3_BGFirst,3141592,blk03,neg,0.350,0.01634,0.6131
prompt_order,V3_BGFirst,1234567,blk03,pos,0.350,-0.03559,1.7059
prompt_order,V3_BGFirst,3141592,blk03,pos,0.350,0.04552,2.6086
prompt_order,V3_BGFirst,1234567,blk04,neg,0.350,-0.00532,0.2616
prompt_order,V3_BGFirst,3141592,blk04,neg,0.350,0.00105,0.7152
prompt_order,V3_BGFirst,1234567,blk04,pos,0.350,-0.0756,-0.5519
prompt_order,V3_BGFirst,3141592,blk04,pos,0.350,0.00281,0.7918
prompt_order,V3_BGFirst,1234567,blk05,neg,0.350,0.0095,-0.1702
prompt_order,V3_BGFirst,3141592,blk05,neg,0.350,0.0186,0.2194
prompt_order,V3_BGFirst,1234567,blk05,pos,0.350,-0.07617,0.4656
prompt_order,V3_BGFirst,3141592,blk05,pos,0.350,0.03962,2.144
prompt_order,V3_BGFirst,1234567,blk06,neg,0.350,0.01012,-1.2693
prompt_order,V3_BGFirst,3141592,blk06,neg,0.350,0.01987,0.5839
prompt_order,V3_BGFirst,1234567,blk06,pos,0.350,-0.04779,-0.5131
prompt_order,V3_BGFirst,3141592,blk06,pos,0.350,0.01822,1.3793
prompt_order,V3_BGFirst,1234567,blk07,neg,0.350,-0.07017,-0.894
prompt_order,V3_BGFirst,3141592,blk07,neg,0.350,-0.01515,0.4845
prompt_order,V3_BGFirst,1234567,blk07,pos,0.350,-0.06135,-0.2737
prompt_order,V3_BGFirst,3141592,blk07,pos,0.350,0.01764,1.7689
prompt_order,V3_BGFirst,1234567,blk08,neg,0.350,-0.04297,0.1342
prompt_order,V3_BGFirst,3141592,blk08,neg,0.350,0.06334,2.6253
prompt_order,V3_BGFirst,1234567,blk08,pos,0.350,-0.02073,-1.0031
prompt_order,V3_BGFirst,3141592,blk08,pos,0.350,0.03698,1.3385
prompt_order,V3_BGFirst,1234567,blk09,neg,0.350,-0.07938,-0.8493
prompt_order,V3_BGFirst,3141592,blk09,neg,0.350,0.02051,1.2785
prompt_order,V3_BGFirst,1234567,blk09,pos,0.350,-0.04498,-1.3456
prompt_order,V3_BGFirst,3141592,blk09,pos,0.350,-0.00032,-0.3824
prompt_order,V3_BGFirst,1234567,blk10,neg,0.400,-0.0336,0.0947
prompt_order,V3_BGFirst,3141592,blk10,neg,0.400,0.03439,1.3536
prompt_order,V3_BGFirst,1234567,blk10,pos,0.400,0.02956,3.0608
prompt_order,V3_BGFirst,3141592,blk10,pos,0.400,0.10882,4.7279
prompt_order,V3_BGFirst,1234567,blk11,neg,0.350,-0.03123,0.5354
prompt_order,V3_BGFirst,3141592,blk11,neg,0.350,0.05669,1.394
prompt_order,V3_BGFirst,1234567,blk11,pos,0.350,-0.01051,-0.2406
prompt_order,V3_BGFirst,3141592,blk11,pos,0.350,0.03095,2.5473
prompt_order,V3_BGFirst,1234567,blk12,neg,0.350,-0.00486,0.3394
prompt_order,V3_BGFirst,3141592,blk12,neg,0.350,0.04869,1.2719
prompt_order,V3_BGFirst,1234567,blk12,pos,0.350,-0.05993,0.2608
prompt_order,V3_BGFirst,3141592,blk12,pos,0.350,0.06826,1.9912
prompt_order,V3_BGFirst,1234567,blk13,neg,0.350,0.00075,0.1108
prompt_order,V3_BGFirst,3141592,blk13,neg,0.350,0.08122,2.7506
prompt_order,V3_BGFirst,1234567,blk13,pos,0.350,-0.07771,-1.7319
prompt_order,V3_BGFirst,3141592,blk13,pos,0.350,0.01132,0.2516
prompt_order,V3_BGFirst,1234567,blk14,neg,0.350,0.00727,-0.67
prompt_order,V3_BGFirst,3141592,blk14,neg,0.350,0.04893,1.2426
prompt_order,V3_BGFirst,1234567,blk14,pos,0.350,-0.06071,-0.2796
prompt_order,V3_BGFirst,3141592,blk14,pos,0.350,-0.00409,0.4646
prompt_order,V3_BGFirst,1234567,blk15,neg,0.350,-0.05462,-1.8983
prompt_order,V3_BGFirst,3141592,blk15,neg,0.350,0.02791,0.0117
prompt_order,V3_BGFirst,1234567,blk15,pos,0.350,-0.05529,-0.5927
prompt_order,V3_BGFirst,3141592,blk15,pos,0.350,0.03674,0.9169
prompt_order,V3_BGFirst,1234567,blk16,neg,0.400,-0.02086,-1.5707
prompt_order,V3_BGFirst,3141592,blk16,neg,0.400,0.01493,0.6727
prompt_order,V3_BGFirst,1234567,blk16,pos,0.300,-0.04353,0.9561
prompt_order,V3_BGFirst,3141592,blk16,pos,0.300,0.02484,1.8029
prompt_order,V3_BGFirst,1234567,blk17,neg,0.350,0.01344,1.4465
prompt_order,V3_BGFirst,3141592,blk17,neg,0.350,0.04178,2.4365
prompt_order,V3_BGFirst,1234567,blk17,pos,0.350,-0.05133,-2.3706
prompt_order,V3_BGFirst,3141592,blk17,pos,0.350,0.02376,-0.5777
prompt_order,V3_BGFirst,1234567,blk18,neg,0.350,-0.03792,-0.587
prompt_order,V3_BGFirst,3141592,blk18,neg,0.350,0.02378,0.5154
prompt_order,V3_BGFirst,1234567,blk18,pos,0.350,-0.03657,-1.6524
prompt_order,V3_BGFirst,3141592,blk18,pos,0.350,0.00147,0.1197
prompt_order,V3_BGFirst,1234567,blk19,neg,0.350,-0.07226,-1.4249
prompt_order,V3_BGFirst,3141592,blk19,neg,0.350,-0.01699,-0.1208
prompt_order,V3_BGFirst,1234567,blk19,pos,0.350,-0.00932,1.6086
prompt_order,V3_BGFirst,3141592,blk19,pos,0.350,0.06775,1.9287
prompt_order,V3_BGFirst,1234567,blk20,neg,0.350,-0.04153,-0.0981
prompt_order,V3_BGFirst,3141592,blk20,neg,0.350,0.03314,1.155
prompt_order,V3_BGFirst,1234567,blk20,pos,0.350,-0.06421,-0.2311
prompt_order,V3_BGFirst,3141592,blk20,pos,0.350,0.01308,1.4986
prompt_order,V3_BGFirst,1234567,blk21,neg,0.350,-0.03104,0.9872
prompt_order,V3_BGFirst,3141592,blk21,neg,0.350,0.03156,1.5082
prompt_order,V3_BGFirst,1234567,blk21,pos,0.350,0.01035,0.9955
prompt_order,V3_BGFirst,3141592,blk21,pos,0.350,0.0447,1.1866
prompt_order,V3_BGFirst,1234567,blk22,neg,0.350,-0.0217,1.1001
prompt_order,V3_BGFirst,3141592,blk22,neg,0.350,0.02494,0.8302
prompt_order,V3_BGFirst,1234567,blk22,pos,0.350,-0.05434,0.0117
prompt_order,V3_BGFirst,3141592,blk22,pos,0.350,0.03298,2.3813
prompt_order,V3_BGFirst,1234567,blk23,neg,0.350,-0.03211,2.2185
prompt_order,V3_BGFirst,3141592,blk23,neg,0.350,0.02393,2.7326
prompt_order,V3_BGFirst,1234567,blk23,pos,0.350,-0.05497,-4.4677
prompt_order,V3_BGFirst,3141592,blk23,pos,0.350,-0.01389,-2.0523
prompt_order,V3_BGFirst,1234567,blk24,neg,0.400,-0.00329,-0.3042
prompt_order,V3_BGFirst,3141592,blk24,neg,0.400,0.03564,-0.2358
prompt_order,V3_BGFirst,1234567,blk24,pos,0.200,0.01002,1.1442
prompt_order,V3_BGFirst,3141592,blk24,pos,0.200,0.05234,2.1684
prompt_order,V3_BGFirst,1234567,blk25,neg,0.200,0.00799,-0.2133
prompt_order,V3_BGFirst,3141592,blk25,neg,0.200,0.01497,0.6991
prompt_order,V3_BGFirst,1234567,blk25,pos,0.200,-0.00823,0.9908
prompt_order,V3_BGFirst,3141592,blk25,pos,0.200,0.0677,2.4926
prompt_order,V3_BGFirst,1234567,blk26,neg,0.200,-0.05381,0.8181
prompt_order,V3_BGFirst,3141592,blk26,neg,0.200,0.01128,1.2471
prompt_order,V3_BGFirst,1234567,blk26,pos,0.200,-0.01669,1.8734
prompt_order,V3_BGFirst,3141592,blk26,pos,0.200,0.07099,4.3248
prompt_order,V3_BGFirst,1234567,blk27,neg,0.075,-0.02298,0.8308
prompt_order,V3_BGFirst,3141592,blk27,neg,0.075,0.03394,0.7613
prompt_order,V3_BGFirst,1234567,blk27,pos,0.100,-0.05559,-1.1493
prompt_order,V3_BGFirst,3141592,blk27,pos,0.100,0.00755,-0.0537
prompt_order,V4_ActionFirst,1234567,blk00,neg,0.250,-0.03119,-1.0333
prompt_order,V4_ActionFirst,3141592,blk00,neg,0.250,-0.00696,-1.8659
prompt_order,V4_ActionFirst,1234567,blk00,pos,0.300,-0.0289,-0.3973
prompt_order,V4_ActionFirst,3141592,blk00,pos,0.300,0.04332,0.4942
prompt_order,V4_ActionFirst,1234567,blk01,neg,0.200,-0.01727,0.2279
prompt_order,V4_ActionFirst,3141592,blk01,neg,0.200,0.01396,-0.3834
prompt_order,V4_ActionFirst,1234567,blk01,pos,0.200,-0.0143,-0.9591
prompt_order,V4_ActionFirst,3141592,blk01,pos,0.200,-0.01417,-1.1994
prompt_order,V4_ActionFirst,1234567,blk02,neg,0.350,0.02314,0.8245
prompt_order,V4_ActionFirst,3141592,blk02,neg,0.350,0.01925,0.1985
prompt_order,V4_ActionFirst,1234567,blk02,pos,0.350,0.02859,1.9578
prompt_order,V4_ActionFirst,3141592,blk02,pos,0.350,0.03328,-0.2236
prompt_order,V4_ActionFirst,1234567,blk03,neg,0.350,0.00154,0.4325
prompt_order,V4_ActionFirst,3141592,blk03,neg,0.350,-0.00687,-0.2108
prompt_order,V4_ActionFirst,1234567,blk03,pos,0.350,-0.0272,1.5764
prompt_order,V4_ActionFirst,3141592,blk03,pos,0.350,-0.01107,-0.3473
prompt_order,V4_ActionFirst,1234567,blk04,neg,0.350,-0.01103,0.5313
prompt_order,V4_ActionFirst,3141592,blk04,neg,0.350,0.01724,0.2762
prompt_order,V4_ActionFirst,1234567,blk04,pos,0.350,-0.02297,0.2734
prompt_order,V4_ActionFirst,3141592,blk04,pos,0.350,-0.0415,-1.6354
prompt_order,V4_ActionFirst,1234567,blk05,neg,0.350,0.02482,1.8009
prompt_order,V4_ActionFirst,3141592,blk05,neg,0.350,0.02556,-0.2451
prompt_order,V4_ActionFirst,1234567,blk05,pos,0.350,-0.03794,0.8645
prompt_order,V4_ActionFirst,3141592,blk05,pos,0.350,-0.05278,-1.5787
prompt_order,V4_ActionFirst,1234567,blk06,neg,0.350,-0.00282,-0.8816
prompt_order,V4_ActionFirst,3141592,blk06,neg,0.350,-0.00475,-0.8113
prompt_order,V4_ActionFirst,1234567,blk06,pos,0.350,-0.01411,1.8223
prompt_order,V4_ActionFirst,3141592,blk06,pos,0.350,-0.03445,-1.0594
prompt_order,V4_ActionFirst,1234567,blk07,neg,0.350,0.01636,1.2756
prompt_order,V4_ActionFirst,3141592,blk07,neg,0.350,0.0287,0.5514
prompt_order,V4_ActionFirst,1234567,blk07,pos,0.350,0.03071,2.2571
prompt_order,V4_ActionFirst,3141592,blk07,pos,0.350,-0.02815,-0.3289
prompt_order,V4_ActionFirst,1234567,blk08,neg,0.350,0.03385,1.1113
prompt_order,V4_ActionFirst,3141592,blk08,neg,0.350,-0.02365,-0.5785
prompt_order,V4_ActionFirst,1234567,blk08,pos,0.350,-0.02994,-2.0596
prompt_order,V4_ActionFirst,3141592,blk08,pos,0.350,-0.01042,-2.4962
prompt_order,V4_ActionFirst,1234567,blk09,neg,0.350,-0.00326,1.6871
prompt_order,V4_ActionFirst,3141592,blk09,neg,0.350,-0.0262,-0.4793
prompt_order,V4_ActionFirst,1234567,blk09,pos,0.350,-0.03134,-1.3986
prompt_order,V4_ActionFirst,3141592,blk09,pos,0.350,-0.03417,-2.1525
prompt_order,V4_ActionFirst,1234567,blk10,neg,0.400,-0.00545,0.7318
prompt_order,V4_ActionFirst,3141592,blk10,neg,0.400,-0.00453,-1.0293
prompt_order,V4_ActionFirst,1234567,blk10,pos,0.400,0.03223,1.0486
prompt_order,V4_ActionFirst,3141592,blk10,pos,0.400,0.03966,0.2375
prompt_order,V4_ActionFirst,1234567,blk11,neg,0.350,0.01511,0.4946
prompt_order,V4_ActionFirst,3141592,blk11,neg,0.350,0.00391,0.0209
prompt_order,V4_ActionFirst,1234567,blk11,pos,0.350,-0.01644,0.2937
prompt_order,V4_ActionFirst,3141592,blk11,pos,0.350,-0.01866,-0.9857
prompt_order,V4_ActionFirst,1234567,blk12,neg,0.350,-0.02461,-0.8548
prompt_order,V4_ActionFirst,3141592,blk12,neg,0.350,-0.00607,-0.5182
prompt_order,V4_ActionFirst,1234567,blk12,pos,0.350,-0.02801,-0.7639
prompt_order,V4_ActionFirst,3141592,blk12,pos,0.350,0.00904,-0.2701
prompt_order,V4_ActionFirst,1234567,blk13,neg,0.350,0.01478,-0.2324
prompt_order,V4_ActionFirst,3141592,blk13,neg,0.350,0.00951,0.1597
prompt_order,V4_ActionFirst,1234567,blk13,pos,0.350,-0.03765,-1.4915
prompt_order,V4_ActionFirst,3141592,blk13,pos,0.350,-0.03043,-3.7316
prompt_order,V4_ActionFirst,1234567,blk14,neg,0.350,-0.00057,-0.8397
prompt_order,V4_ActionFirst,3141592,blk14,neg,0.350,-0.01582,-0.9852
prompt_order,V4_ActionFirst,1234567,blk14,pos,0.350,-0.01213,1.2072
prompt_order,V4_ActionFirst,3141592,blk14,pos,0.350,-0.02062,-1.2338
prompt_order,V4_ActionFirst,1234567,blk15,neg,0.350,-0.04349,-2.1087
prompt_order,V4_ActionFirst,3141592,blk15,neg,0.350,-0.0145,-1.6689
prompt_order,V4_ActionFirst,1234567,blk15,pos,0.350,-0.04228,-0.1958
prompt_order,V4_ActionFirst,3141592,blk15,pos,0.350,-0.02543,-1.1427
prompt_order,V4_ActionFirst,1234567,blk16,neg,0.400,-0.03458,-1.7949
prompt_order,V4_ActionFirst,3141592,blk16,neg,0.400,-0.03453,-2.2239
prompt_order,V4_ActionFirst,1234567,blk16,pos,0.300,-0.02257,1.8171
prompt_order,V4_ActionFirst,3141592,blk16,pos,0.300,0.01039,0.1695
prompt_order,V4_ActionFirst,1234567,blk17,neg,0.350,0.02639,1.94
prompt_order,V4_ActionFirst,3141592,blk17,neg,0.350,0.01867,1.0561
prompt_order,V4_ActionFirst,1234567,blk17,pos,0.350,-0.03978,-0.5073
prompt_order,V4_ActionFirst,3141592,blk17,pos,0.350,-0.0268,-2.0525
prompt_order,V4_ActionFirst,1234567,blk18,neg,0.350,-0.02469,0.2593
prompt_order,V4_ActionFirst,3141592,blk18,neg,0.350,-0.00592,-0.836
prompt_order,V4_ActionFirst,1234567,blk18,pos,0.350,-0.10082,-2.2706
prompt_order,V4_ActionFirst,3141592,blk18,pos,0.350,-0.06196,-3.7326
prompt_order,V4_ActionFirst,1234567,blk19,neg,0.350,-0.03468,-0.4359
prompt_order,V4_ActionFirst,3141592,blk19,neg,0.350,-0.01097,-1.087
prompt_order,V4_ActionFirst,1234567,blk19,pos,0.350,-0.0395,-0.405
prompt_order,V4_ActionFirst,3141592,blk19,pos,0.350,-0.01151,-0.9714
prompt_order,V4_ActionFirst,1234567,blk20,neg,0.350,-0.02783,0.538
prompt_order,V4_ActionFirst,3141592,blk20,neg,0.350,-0.02912,-1.2941
prompt_order,V4_ActionFirst,1234567,blk20,pos,0.350,-0.0267,1.0027
prompt_order,V4_ActionFirst,3141592,blk20,pos,0.350,-0.03167,-0.4435
prompt_order,V4_ActionFirst,1234567,blk21,neg,0.350,-0.0448,1.0599
prompt_order,V4_ActionFirst,3141592,blk21,neg,0.350,-0.00659,0.1671
prompt_order,V4_ActionFirst,1234567,blk21,pos,0.350,0.03605,2.9389
prompt_order,V4_ActionFirst,3141592,blk21,pos,0.350,0.07329,2.0416
prompt_order,V4_ActionFirst,1234567,blk22,neg,0.350,-0.00613,2.0485
prompt_order,V4_ActionFirst,3141592,blk22,neg,0.350,0.00064,0.4111
prompt_order,V4_ActionFirst,1234567,blk22,pos,0.350,-0.05484,0.6724
prompt_order,V4_ActionFirst,3141592,blk22,pos,0.350,0.00554,1.0408
prompt_order,V4_ActionFirst,1234567,blk23,neg,0.350,0.02313,2.8279
prompt_order,V4_ActionFirst,3141592,blk23,neg,0.350,0.002,2.1183
prompt_order,V4_ActionFirst,1234567,blk23,pos,0.350,-0.06525,-4.041
prompt_order,V4_ActionFirst,3141592,blk23,pos,0.350,-0.05779,-3.9848
prompt_order,V4_ActionFirst,1234567,blk24,neg,0.400,0.00236,-0.0422
prompt_order,V4_ActionFirst,3141592,blk24,neg,0.400,-0.0048,-0.1253
prompt_order,V4_ActionFirst,1234567,blk24,pos,0.200,0.02078,0.7488
prompt_order,V4_ActionFirst,3141592,blk24,pos,0.200,0.03143,1.2167
prompt_order,V4_ActionFirst,1234567,blk25,neg,0.200,0.01691,0.1511
prompt_order,V4_ActionFirst,3141592,blk25,neg,0.200,-0.00042,0.0712
prompt_order,V4_ActionFirst,1234567,blk25,pos,0.200,0.00466,0.846
prompt_order,V4_ActionFirst,3141592,blk25,pos,0.200,0.01772,0.2685
prompt_order,V4_ActionFirst,1234567,blk26,neg,0.200,0.00356,0.9957
prompt_order,V4_ActionFirst,3141592,blk26,neg,0.200,-0.00955,0.2009
prompt_order,V4_ActionFirst,1234567,blk26,pos,0.200,-0.01115,2.0957
prompt_order,V4_ActionFirst,3141592,blk26,pos,0.200,0.03633,2.3577
prompt_order,V4_ActionFirst,1234567,blk27,neg,0.075,0.00853,1.2066
prompt_order,V4_ActionFirst,3141592,blk27,neg,0.075,0.01334,0.9597
prompt_order,V4_ActionFirst,1234567,blk27,pos,0.100,-0.0463,-0.7346
prompt_order,V4_ActionFirst,3141592,blk27,pos,0.100,-0.02074,-0.9456
prompt_order,V5_Inverse,1234567,blk00,neg,0.250,0.00014,0.5993
prompt_order,V5_Inverse,3141592,blk00,neg,0.250,0.00423,-0.1134
prompt_order,V5_Inverse,1234567,blk00,pos,0.300,0.0294,1.7744
prompt_order,V5_Inverse,3141592,blk00,pos,0.300,-0.01857,-1.3119
prompt_order,V5_Inverse,1234567,blk01,neg,0.200,-0.01538,-0.0046
prompt_order,V5_Inverse,3141592,blk01,neg,0.200,-0.0206,-0.2918
prompt_order,V5_Inverse,1234567,blk01,pos,0.200,0.0083,1.385
prompt_order,V5_Inverse,3141592,blk01,pos,0.200,0.02225,-0.8982
prompt_order,V5_Inverse,1234567,blk02,neg,0.350,0.00808,0.7743
prompt_order,V5_Inverse,3141592,blk02,neg,0.350,-0.00867,-0.96
prompt_order,V5_Inverse,1234567,blk02,pos,0.350,-0.00188,0.5106
prompt_order,V5_Inverse,3141592,blk02,pos,0.350,-0.00482,-1.2793
prompt_order,V5_Inverse,1234567,blk03,neg,0.350,0.01533,-0.4054
prompt_order,V5_Inverse,3141592,blk03,neg,0.350,-0.01597,-0.3311
prompt_order,V5_Inverse,1234567,blk03,pos,0.350,0.03887,3.2164
prompt_order,V5_Inverse,3141592,blk03,pos,0.350,-0.00717,0.2251
prompt_order,V5_Inverse,1234567,blk04,neg,0.350,0.00453,0.7329
prompt_order,V5_Inverse,3141592,blk04,neg,0.350,-0.03545,-1.162
prompt_order,V5_Inverse,1234567,blk04,pos,0.350,-0.01859,1.3867
prompt_order,V5_Inverse,3141592,blk04,pos,0.350,0.00109,-0.179
prompt_order,V5_Inverse,1234567,blk05,neg,0.350,0.05475,0.8723
prompt_order,V5_Inverse,3141592,blk05,neg,0.350,-0.00288,-0.9291
prompt_order,V5_Inverse,1234567,blk05,pos,0.350,-0.04264,0.2722
prompt_order,V5_Inverse,3141592,blk05,pos,0.350,-0.01673,-0.8335
prompt_order,V5_Inverse,1234567,blk06,neg,0.350,0.00241,0.2156
prompt_order,V5_Inverse,3141592,blk06,neg,0.350,-0.02312,-0.9969
prompt_order,V5_Inverse,1234567,blk06,pos,0.350,-0.02667,0.7154
prompt_order,V5_Inverse,3141592,blk06,pos,0.350,-0.00146,-0.5113
prompt_order,V5_Inverse,1234567,blk07,neg,0.350,-0.03506,0.0197
prompt_order,V5_Inverse,3141592,blk07,neg,0.350,-0.02464,-1.3134
prompt_order,V5_Inverse,1234567,blk07,pos,0.350,0.00916,1.3328
prompt_order,V5_Inverse,3141592,blk07,pos,0.350,-0.00946,0.7909
prompt_order,V5_Inverse,1234567,blk08,neg,0.350,0.01132,0.5343
prompt_order,V5_Inverse,3141592,blk08,neg,0.350,0.03724,0.2322
prompt_order,V5_Inverse,1234567,blk08,pos,0.350,0.0072,-0.049
prompt_order,V5_Inverse,3141592,blk08,pos,0.350,0.01843,-0.6153
prompt_order,V5_Inverse,1234567,blk09,neg,0.350,-0.04078,0.455
prompt_order,V5_Inverse,3141592,blk09,neg,0.350,0.00721,-0.7148
prompt_order,V5_Inverse,1234567,blk09,pos,0.350,0.00623,-0.1096
prompt_order,V5_Inverse,3141592,blk09,pos,0.350,-0.01144,-1.6026
prompt_order,V5_Inverse,1234567,blk10,neg,0.400,0.0022,1.5992
prompt_order,V5_Inverse,3141592,blk10,neg,0.400,-0.00471,0.3364
prompt_order,V5_Inverse,1234567,blk10,pos,0.400,0.06564,1.7613
prompt_order,V5_Inverse,3141592,blk10,pos,0.400,0.06027,1.164
prompt_order,V5_Inverse,1234567,blk11,neg,0.350,0.01562,2.0372
prompt_order,V5_Inverse,3141592,blk11,neg,0.350,0.0063,-0.904
prompt_order,V5_Inverse,1234567,blk11,pos,0.350,0.02288,1.8832
prompt_order,V5_Inverse,3141592,blk11,pos,0.350,-0.02908,-1.4597
prompt_order,V5_Inverse,1234567,blk12,neg,0.350,0.02257,1.6227
prompt_order,V5_Inverse,3141592,blk12,neg,0.350,-0.0287,-1.0337
prompt_order,V5_Inverse,1234567,blk12,pos,0.350,0.05279,2.2029
prompt_order,V5_Inverse,3141592,blk12,pos,0.350,0.02033,0.6619
prompt_order,V5_Inverse,1234567,blk13,neg,0.350,0.07134,1.98
prompt_order,V5_Inverse,3141592,blk13,neg,0.350,0.01781,-0.0562
prompt_order,V5_Inverse,1234567,blk13,pos,0.350,0.00936,-1.0103
prompt_order,V5_Inverse,3141592,blk13,pos,0.350,-0.0095,-2.3862
prompt_order,V5_Inverse,1234567,blk14,neg,0.350,0.00315,0.4383
prompt_order,V5_Inverse,3141592,blk14,neg,0.350,-0.01644,-0.1137
prompt_order,V5_Inverse,1234567,blk14,pos,0.350,-0.00281,1.9885
prompt_order,V5_Inverse,3141592,blk14,pos,0.350,-0.0344,-1.3001
prompt_order,V5_Inverse,1234567,blk15,neg,0.350,-0.0311,-0.5104
prompt_order,V5_Inverse,3141592,blk15,neg,0.350,-0.02234,-1.8649
prompt_order,V5_Inverse,1234567,blk15,pos,0.350,-0.02103,1.035
prompt_order,V5_Inverse,3141592,blk15,pos,0.350,-0.01413,-0.4373
prompt_order,V5_Inverse,1234567,blk16,neg,0.400,0.01931,-1.0719
prompt_order,V5_Inverse,3141592,blk16,neg,0.400,-0.01046,-1.5258
prompt_order,V5_Inverse,1234567,blk16,pos,0.300,-0.00486,2.451
prompt_order,V5_Inverse,3141592,blk16,pos,0.300,0.00728,1.1841
prompt_order,V5_Inverse,1234567,blk17,neg,0.350,0.04642,2.173
prompt_order,V5_Inverse,3141592,blk17,neg,0.350,-0.00732,-0.4929
prompt_order,V5_Inverse,1234567,blk17,pos,0.350,-0.01111,-0.5269
prompt_order,V5_Inverse,3141592,blk17,pos,0.350,-0.03446,-1.8992
prompt_order,V5_Inverse,1234567,blk18,neg,0.350,0.00834,0.5811
prompt_order,V5_Inverse,3141592,blk18,neg,0.350,-0.02197,-1.3724
prompt_order,V5_Inverse,1234567,blk18,pos,0.350,-0.01794,-0.7389
prompt_order,V5_Inverse,3141592,blk18,pos,0.350,-0.07944,-3.066
prompt_order,V5_Inverse,1234567,blk19,neg,0.350,-0.01522,-0.0429
prompt_order,V5_Inverse,3141592,blk19,neg,0.350,-0.03436,-1.5286
prompt_order,V5_Inverse,1234567,blk19,pos,0.350,0.03904,1.8534
prompt_order,V5_Inverse,3141592,blk19,pos,0.350,0.00608,0.1546
prompt_order,V5_Inverse,1234567,blk20,neg,0.350,-0.03878,-0.0483
prompt_order,V5_Inverse,3141592,blk20,neg,0.350,0.0096,-1.3153
prompt_order,V5_Inverse,1234567,blk20,pos,0.350,-0.02625,1.5944
prompt_order,V5_Inverse,3141592,blk20,pos,0.350,-0.01244,0.2321
prompt_order,V5_Inverse,1234567,blk21,neg,0.350,-0.00917,1.6046
prompt_order,V5_Inverse,3141592,blk21,neg,0.350,-0.00474,0.0376
prompt_order,V5_Inverse,1234567,blk21,pos,0.350,0.01507,1.4897
prompt_order,V5_Inverse,3141592,blk21,pos,0.350,-0.0232,-0.2236
prompt_order,V5_Inverse,1234567,blk22,neg,0.350,-0.01632,1.1745
prompt_order,V5_Inverse,3141592,blk22,neg,0.350,0.01072,0.7196
prompt_order,V5_Inverse,1234567,blk22,pos,0.350,-0.02625,0.7594
prompt_order,V5_Inverse,3141592,blk22,pos,0.350,-0.02307,-0.5863
prompt_order,V5_Inverse,1234567,blk23,neg,0.350,0.00691,2.5638
prompt_order,V5_Inverse,3141592,blk23,neg,0.350,0.01076,1.9121
prompt_order,V5_Inverse,1234567,blk23,pos,0.350,-0.05585,-2.9127
prompt_order,V5_Inverse,3141592,blk23,pos,0.350,-0.07003,-3.7466
prompt_order,V5_Inverse,1234567,blk24,neg,0.400,-0.0057,0.677
prompt_order,V5_Inverse,3141592,blk24,neg,0.400,0.00163,-1.6857
prompt_order,V5_Inverse,1234567,blk24,pos,0.200,0.0202,1.2978
prompt_order,V5_Inverse,3141592,blk24,pos,0.200,0.02672,0.7387
prompt_order,V5_Inverse,1234567,blk25,neg,0.200,-0.02619,-0.1356
prompt_order,V5_Inverse,3141592,blk25,neg,0.200,-0.00326,-0.3469
prompt_order,V5_Inverse,1234567,blk25,pos,0.200,0.01497,1.902
prompt_order,V5_Inverse,3141592,blk25,pos,0.200,0.01362,0.0743
prompt_order,V5_Inverse,1234567,blk26,neg,0.200,-0.02932,0.375
prompt_order,V5_Inverse,3141592,blk26,neg,0.200,-0.00583,-0.007
prompt_order,V5_Inverse,1234567,blk26,pos,0.200,0.02517,3.614
prompt_order,V5_Inverse,3141592,blk26,pos,0.200,0.0343,2.3216
prompt_order,V5_Inverse,1234567,blk27,neg,0.075,-0.00929,0.5255
prompt_order,V5_Inverse,3141592,blk27,neg,0.075,0.01406,0.0765
prompt_order,V5_Inverse,1234567,blk27,pos,0.100,-0.03114,-0.0003
prompt_order,V5_Inverse,3141592,blk27,pos,0.100,-0.011,-0.6043
styles,C1_blacksmith,2718281,blk00,neg,0.250,0.04594,2.5214
styles,C1_blacksmith,2718281,blk00,pos,0.300,-0.03722,-3.6248
styles,C1_blacksmith,2718281,blk01,neg,0.400,0.07021,-0.5108
styles,C1_blacksmith,2718281,blk01,pos,0.300,-0.02271,-0.4375
styles,C1_blacksmith,2718281,blk02,neg,0.450,0.00658,1.0661
styles,C1_blacksmith,2718281,blk02,pos,0.450,0.01848,0.2631
styles,C1_blacksmith,2718281,blk03,neg,0.450,0.0064,0.9966
styles,C1_blacksmith,2718281,blk03,pos,0.400,0.0248,-0.3858
styles,C1_blacksmith,2718281,blk04,neg,0.450,0.00257,-0.0908
styles,C1_blacksmith,2718281,blk04,pos,0.450,0.01991,1.5396
styles,C1_blacksmith,2718281,blk05,neg,0.450,0.04416,0.3747
styles,C1_blacksmith,2718281,blk05,pos,0.450,-0.00818,0.918
styles,C1_blacksmith,2718281,blk06,neg,0.450,0.02162,-0.5608
styles,C1_blacksmith,2718281,blk06,pos,0.450,0.01931,2.1101
styles,C1_blacksmith,2718281,blk07,neg,0.450,-0.02596,-0.3697
styles,C1_blacksmith,2718281,blk07,pos,0.450,0.06428,2.3378
styles,C1_blacksmith,2718281,blk08,neg,0.450,-0.02801,-0.4995
styles,C1_blacksmith,2718281,blk08,pos,0.450,0.17572,3.0071
styles,C1_blacksmith,2718281,blk09,neg,0.450,0.00616,1.2494
styles,C1_blacksmith,2718281,blk09,pos,0.450,0.10779,1.0886
styles,C1_blacksmith,2718281,blk10,neg,0.450,-0.00262,-0.2811
styles,C1_blacksmith,2718281,blk10,pos,0.450,0.10284,4.0668
styles,C1_blacksmith,2718281,blk11,neg,0.450,0.06196,1.7081
styles,C1_blacksmith,2718281,blk11,pos,0.450,0.14234,3.4279
styles,C1_blacksmith,2718281,blk12,neg,0.450,0.0234,1.424
styles,C1_blacksmith,2718281,blk12,pos,0.400,0.11097,1.941
styles,C1_blacksmith,2718281,blk13,neg,0.450,0.02228,1.0872
styles,C1_blacksmith,2718281,blk13,pos,0.400,0.06499,0.3964
styles,C1_blacksmith,2718281,blk14,neg,0.450,0.05555,2.2298
styles,C1_blacksmith,2718281,blk14,pos,0.400,0.05261,2.278
styles,C1_blacksmith,2718281,blk15,neg,0.450,-0.0195,-0.3746
styles,C1_blacksmith,2718281,blk15,pos,0.400,0.13333,3.6703
styles,C1_blacksmith,2718281,blk16,neg,0.450,-0.00211,-0.776
styles,C1_blacksmith,2718281,blk16,pos,0.300,0.06358,1.5588
styles,C1_blacksmith,2718281,blk17,neg,0.450,0.01662,0.873
styles,C1_blacksmith,2718281,blk17,pos,0.400,0.01465,0.8359
styles,C1_blacksmith,2718281,blk18,neg,0.450,0.11622,2.8166
styles,C1_blacksmith,2718281,blk18,pos,0.300,-0.0257,-0.8555
styles,C1_blacksmith,2718281,blk19,neg,0.450,-0.02216,-1.0831
styles,C1_blacksmith,2718281,blk19,pos,0.250,0.09809,2.9998
styles,C1_blacksmith,2718281,blk20,neg,0.450,0.00827,0.1587
styles,C1_blacksmith,2718281,blk20,pos,0.450,0.09503,5.3534
styles,C1_blacksmith,2718281,blk21,neg,0.450,0.03659,0.645
styles,C1_blacksmith,2718281,blk21,pos,0.250,0.05559,3.2956
styles,C1_blacksmith,2718281,blk22,neg,0.450,0.05535,4.4777
styles,C1_blacksmith,2718281,blk22,pos,0.250,0.01948,1.3395
styles,C1_blacksmith,2718281,blk23,neg,0.300,0.04364,3.7575
styles,C1_blacksmith,2718281,blk23,pos,0.300,-0.00075,-1.9026
styles,C1_blacksmith,2718281,blk24,neg,0.450,0.00466,0.668
styles,C1_blacksmith,2718281,blk24,pos,0.250,0.04099,0.4744
styles,C1_blacksmith,2718281,blk25,neg,0.450,0.01491,-0.0417
styles,C1_blacksmith,2718281,blk25,pos,0.250,0.03641,0.6537
styles,C1_blacksmith,2718281,blk26,neg,0.250,-0.00092,-0.44
styles,C1_blacksmith,2718281,blk26,pos,0.150,-0.00166,0.8412
styles,C1_blacksmith,2718281,blk27,neg,0.250,0.13803,1.3717
styles,C1_blacksmith,2718281,blk27,pos,0.150,-0.0451,-0.4214
styles,C2_rally,2718281,blk00,neg,0.250,0.08612,3.2591
styles,C2_rally,2718281,blk00,pos,0.300,-0.0054,-1.345
styles,C2_rally,2718281,blk01,neg,0.400,0.06027,2.1092
styles,C2_rally,2718281,blk01,pos,0.300,0.16035,4.5626
styles,C2_rally,2718281,blk02,neg,0.450,0.11158,3.9931
styles,C2_rally,2718281,blk02,pos,0.450,0.15522,6.0999
styles,C2_rally,2718281,blk03,neg,0.450,0.08361,1.9231
styles,C2_rally,2718281,blk03,pos,0.400,0.21369,5.9224
styles,C2_rally,2718281,blk04,neg,0.450,0.02879,0.3909
styles,C2_rally,2718281,blk04,pos,0.450,0.13303,5.1777
styles,C2_rally,2718281,blk05,neg,0.450,0.02335,-0.2628
styles,C2_rally,2718281,blk05,pos,0.450,0.02609,0.2328
styles,C2_rally,2718281,blk06,neg,0.450,-0.01762,-1.2334
styles,C2_rally,2718281,blk06,pos,0.450,0.02095,0.7569
styles,C2_rally,2718281,blk07,neg,0.450,0.0473,3.0463
styles,C2_rally,2718281,blk07,pos,0.450,0.03283,0.3864
styles,C2_rally,2718281,blk08,neg,0.450,-0.02199,-1.6768
styles,C2_rally,2718281,blk08,pos,0.450,0.09229,5.3263
styles,C2_rally,2718281,blk09,neg,0.450,0.04157,1.3431
styles,C2_rally,2718281,blk09,pos,0.450,0.07658,4.0042
styles,C2_rally,2718281,blk10,neg,0.450,0.0343,1.8279
styles,C2_rally,2718281,blk10,pos,0.450,0.17552,3.6995
styles,C2_rally,2718281,blk11,neg,0.450,0.09797,3.7302
styles,C2_rally,2718281,blk11,pos,0.450,0.19686,6.2741
styles,C2_rally,2718281,blk12,neg,0.450,0.02459,-0.0145
styles,C2_rally,2718281,blk12,pos,0.400,0.03823,1.9768
styles,C2_rally,2718281,blk13,neg,0.450,0.08237,3.1971
styles,C2_rally,2718281,blk13,pos,0.400,0.24598,8.3876
styles,C2_rally,2718281,blk14,neg,0.450,0.01569,-0.0024
styles,C2_rally,2718281,blk14,pos,0.400,0.06761,2.1881
styles,C2_rally,2718281,blk15,neg,0.450,0.02114,1.0562
styles,C2_rally,2718281,blk15,pos,0.400,0.19059,6.6313
styles,C2_rally,2718281,blk16,neg,0.450,0.01701,1.0559
styles,C2_rally,2718281,blk16,pos,0.300,0.19254,8.1247
styles,C2_rally,2718281,blk17,neg,0.450,0.12934,5.7732
styles,C2_rally,2718281,blk17,pos,0.400,0.11795,4.6556
styles,C2_rally,2718281,blk18,neg,0.450,0.09128,2.3985
styles,C2_rally,2718281,blk18,pos,0.300,0.06157,2.4913
styles,C2_rally,2718281,blk19,neg,0.450,-0.00061,-0.0439
styles,C2_rally,2718281,blk19,pos,0.250,0.0748,2.9282
styles,C2_rally,2718281,blk20,neg,0.450,0.03785,1.3665
styles,C2_rally,2718281,blk20,pos,0.450,0.22753,9.3721
styles,C2_rally,2718281,blk21,neg,0.450,0.12169,4.3226
styles,C2_rally,2718281,blk21,pos,0.250,0.09795,4.5267
styles,C2_rally,2718281,blk22,neg,0.450,0.04984,2.1888
styles,C2_rally,2718281,blk22,pos,0.250,0.02741,0.581
styles,C2_rally,2718281,blk23,neg,0.300,0.09905,4.838
styles,C2_rally,2718281,blk23,pos,0.300,-0.05529,-3.9762
styles,C2_rally,2718281,blk24,neg,0.450,0.18771,8.442
styles,C2_rally,2718281,blk24,pos,0.250,0.01378,0.4837
styles,C2_rally,2718281,blk25,neg,0.450,0.03195,1.4477
styles,C2_rally,2718281,blk25,pos,0.250,0.00134,-1.0798
styles,C2_rally,2718281,blk26,neg,0.250,0.00853,0.6968
styles,C2_rally,2718281,blk26,pos,0.150,-0.00264,-0.2862
styles,C2_rally,2718281,blk27,neg,0.250,0.10791,4.3488
styles,C2_rally,2718281,blk27,pos,0.150,-0.02938,-2.1863
styles,C3_fox,2718281,blk00,neg,0.250,0.03493,0.3112
styles,C3_fox,2718281,blk00,pos,0.300,0.00652,0.6409
styles,C3_fox,2718281,blk01,neg,0.400,0.00812,1.713
styles,C3_fox,2718281,blk01,pos,0.300,0.11689,2.6459
styles,C3_fox,2718281,blk02,neg,0.450,0.031,2.7608
styles,C3_fox,2718281,blk02,pos,0.450,0.07038,1.3752
styles,C3_fox,2718281,blk03,neg,0.450,0.03625,2.6875
styles,C3_fox,2718281,blk03,pos,0.400,0.01774,-0.4052
styles,C3_fox,2718281,blk04,neg,0.450,0.02414,1.9219
styles,C3_fox,2718281,blk04,pos,0.450,-0.00456,-1.3473
styles,C3_fox,2718281,blk05,neg,0.450,0.01615,1.3397
styles,C3_fox,2718281,blk05,pos,0.450,-0.01911,-1.9045
styles,C3_fox,2718281,blk06,neg,0.450,0.02771,1.7906
styles,C3_fox,2718281,blk06,pos,0.450,-0.02585,-2.2699
styles,C3_fox,2718281,blk07,neg,0.450,0.03395,1.9504
styles,C3_fox,2718281,blk07,pos,0.450,0.01131,-0.2813
styles,C3_fox,2718281,blk08,neg,0.450,-0.02557,-1.7964
styles,C3_fox,2718281,blk08,pos,0.450,0.04244,1.6292
styles,C3_fox,2718281,blk09,neg,0.450,0.01881,1.1178
styles,C3_fox,2718281,blk09,pos,0.450,0.04137,1.4781
styles,C3_fox,2718281,blk10,neg,0.450,-0.00217,-0.7539
styles,C3_fox,2718281,blk10,pos,0.450,0.09313,1.3816
styles,C3_fox,2718281,blk11,neg,0.450,0.02762,1.2261
styles,C3_fox,2718281,blk11,pos,0.450,0.0121,-0.1937
styles,C3_fox,2718281,blk12,neg,0.450,0.00174,0.1002
styles,C3_fox,2718281,blk12,pos,0.400,-0.00594,-2.1952
styles,C3_fox,2718281,blk13,neg,0.450,0.02078,1.3718
styles,C3_fox,2718281,blk13,pos,0.400,0.01625,-2.6535
styles,C3_fox,2718281,blk14,neg,0.450,-0.00594,-0.529
styles,C3_fox,2718281,blk14,pos,0.400,0.00717,-2.0851
styles,C3_fox,2718281,blk15,neg,0.450,-0.0391,-2.7694
styles,C3_fox,2718281,blk15,pos,0.400,0.09143,4.3508
styles,C3_fox,2718281,blk16,neg,0.450,-0.01136,-0.8772
styles,C3_fox,2718281,blk16,pos,0.300,0.05459,-0.5859
styles,C3_fox,2718281,blk17,neg,0.450,0.0545,2.0143
styles,C3_fox,2718281,blk17,pos,0.400,0.03187,-0.6539
styles,C3_fox,2718281,blk18,neg,0.450,0.01668,-0.5244
styles,C3_fox,2718281,blk18,pos,0.300,0.01304,1.1657
styles,C3_fox,2718281,blk19,neg,0.450,-0.0153,-1.4517
styles,C3_fox,2718281,blk19,pos,0.250,0.04582,3.1034
styles,C3_fox,2718281,blk20,neg,0.450,8e-05,-0.9837
styles,C3_fox,2718281,blk20,pos,0.450,0.09524,5.0362
styles,C3_fox,2718281,blk21,neg,0.450,0.00846,0.489
styles,C3_fox,2718281,blk21,pos,0.250,0.06202,3.8387
styles,C3_fox,2718281,blk22,neg,0.450,0.01299,0.4548
styles,C3_fox,2718281,blk22,pos,0.250,0.04406,3.8496
styles,C3_fox,2718281,blk23,neg,0.300,0.06859,4.4578
styles,C3_fox,2718281,blk23,pos,0.300,-0.06041,-3.8941
styles,C3_fox,2718281,blk24,neg,0.450,0.10848,4.8651
styles,C3_fox,2718281,blk24,pos,0.250,0.00011,0.7377
styles,C3_fox,2718281,blk25,neg,0.450,-0.00848,-0.9047
styles,C3_fox,2718281,blk25,pos,0.250,-0.01136,-0.1908
styles,C3_fox,2718281,blk26,neg,0.250,-0.01189,-0.1601
styles,C3_fox,2718281,blk26,pos,0.150,0.00701,-0.1399
styles,C3_fox,2718281,blk27,neg,0.250,-0.00806,1.936
styles,C3_fox,2718281,blk27,pos,0.150,0.02292,-0.4457
styles,C4_stilllife,2718281,blk00,neg,0.250,-0.00716,-1.4551
styles,C4_stilllife,2718281,blk00,pos,0.300,0.05088,2.9122
styles,C4_stilllife,2718281,blk01,neg,0.400,0.00449,0.9508
styles,C4_stilllife,2718281,blk01,pos,0.300,0.02638,-0.6975
styles,C4_stilllife,2718281,blk02,neg,0.450,0.00887,0.7779
styles,C4_stilllife,2718281,blk02,pos,0.450,0.05362,-0.6865
styles,C4_stilllife,2718281,blk03,neg,0.450,0.00853,0.5698
styles,C4_stilllife,2718281,blk03,pos,0.400,0.06115,1.3052
styles,C4_stilllife,2718281,blk04,neg,0.450,0.01129,0.2439
styles,C4_stilllife,2718281,blk04,pos,0.450,-0.04283,-3.3682
styles,C4_stilllife,2718281,blk05,neg,0.450,0.00727,0.6877
styles,C4_stilllife,2718281,blk05,pos,0.450,0.00056,-0.9065
styles,C4_stilllife,2718281,blk06,neg,0.450,0.00161,0.4843
styles,C4_stilllife,2718281,blk06,pos,0.450,0.00491,-0.1226
styles,C4_stilllife,2718281,blk07,neg,0.450,0.00778,-0.3472
styles,C4_stilllife,2718281,blk07,pos,0.450,-0.01346,-1.1745
styles,C4_stilllife,2718281,blk08,neg,0.450,-0.03033,-1.6666
styles,C4_stilllife,2718281,blk08,pos,0.450,0.06053,2.2174
styles,C4_stilllife,2718281,blk09,neg,0.450,-0.01855,-1.1198
styles,C4_stilllife,2718281,blk09,pos,0.450,-0.0236,-1.1791
styles,C4_stilllife,2718281,blk10,neg,0.450,-0.0072,-1.3477
styles,C4_stilllife,2718281,blk10,pos,0.450,0.02696,1.7598
styles,C4_stilllife,2718281,blk11,neg,0.450,0.01721,0.5567
styles,C4_stilllife,2718281,blk11,pos,0.450,0.00337,1.7613
styles,C4_stilllife,2718281,blk12,neg,0.450,-0.01042,-0.726
styles,C4_stilllife,2718281,blk12,pos,0.400,0.05449,3.616
styles,C4_stilllife,2718281,blk13,neg,0.450,-0.00313,-0.7438
styles,C4_stilllife,2718281,blk13,pos,0.400,0.0761,4.7894
styles,C4_stilllife,2718281,blk14,neg,0.450,-0.00623,-0.4876
styles,C4_stilllife,2718281,blk14,pos,0.400,0.06859,3.0278
styles,C4_stilllife,2718281,blk15,neg,0.450,-0.0177,-1.5887
styles,C4_stilllife,2718281,blk15,pos,0.400,0.09212,5.9338
styles,C4_stilllife,2718281,blk16,neg,0.450,0.01755,1.0651
styles,C4_stilllife,2718281,blk16,pos,0.300,0.05864,2.5121
styles,C4_stilllife,2718281,blk17,neg,0.450,0.01366,-0.0891
styles,C4_stilllife,2718281,blk17,pos,0.400,0.0462,0.2574
styles,C4_stilllife,2718281,blk18,neg,0.450,0.01964,1.0436
styles,C4_stilllife,2718281,blk18,pos,0.300,0.03841,1.2663
styles,C4_stilllife,2718281,blk19,neg,0.450,0.07181,4.7905
styles,C4_stilllife,2718281,blk19,pos,0.250,0.03017,2.2343
styles,C4_stilllife,2718281,blk20,neg,0.450,0.04758,2.3864
styles,C4_stilllife,2718281,blk20,pos,0.450,0.05637,4.2344
styles,C4_stilllife,2718281,blk21,neg,0.450,0.01511,1.1422
styles,C4_stilllife,2718281,blk21,pos,0.250,0.05033,3.1512
styles,C4_stilllife,2718281,blk22,neg,0.450,0.03533,2.3255
styles,C4_stilllife,2718281,blk22,pos,0.250,0.02971,2.8411
styles,C4_stilllife,2718281,blk23,neg,0.300,0.03632,3.0061
styles,C4_stilllife,2718281,blk23,pos,0.300,-0.00906,-1.7391
styles,C4_stilllife,2718281,blk24,neg,0.450,0.0414,1.7432
styles,C4_stilllife,2718281,blk24,pos,0.250,0.03346,2.4036
styles,C4_stilllife,2718281,blk25,neg,0.450,0.00934,0.1232
styles,C4_stilllife,2718281,blk25,pos,0.250,0.02959,2.8385
styles,C4_stilllife,2718281,blk26,neg,0.250,0.01884,1.3397
styles,C4_stilllife,2718281,blk26,pos,0.150,0.00187,-0.6443
styles,C4_stilllife,2718281,blk27,neg,0.250,0.03397,5.174
styles,C4_stilllife,2718281,blk27,pos,0.150,-0.01277,-2.1684
styles,E1_cartoon,2718281,blk00,neg,0.250,0.06528,3.6017
styles,E1_cartoon,2718281,blk00,pos,0.300,0.09942,7.8767
styles,E1_cartoon,2718281,blk01,neg,0.400,0.01027,1.6746
styles,E1_cartoon,2718281,blk01,pos,0.300,0.05222,3.9748
styles,E1_cartoon,2718281,blk02,neg,0.450,0.00297,1.1033
styles,E1_cartoon,2718281,blk02,pos,0.450,0.03437,1.3649
styles,E1_cartoon,2718281,blk03,neg,0.450,-0.00465,0.3906
styles,E1_cartoon,2718281,blk03,pos,0.400,0.09824,6.4806
styles,E1_cartoon,2718281,blk04,neg,0.450,0.00295,0.7706
styles,E1_cartoon,2718281,blk04,pos,0.450,0.02623,1.53
styles,E1_cartoon,2718281,blk05,neg,0.450,0.00909,1.9456
styles,E1_cartoon,2718281,blk05,pos,0.450,0.09556,6.8153
styles,E1_cartoon,2718281,blk06,neg,0.450,0.00892,1.2174
styles,E1_cartoon,2718281,blk06,pos,0.450,0.11241,7.7695
styles,E1_cartoon,2718281,blk07,neg,0.450,0.02948,2.2325
styles,E1_cartoon,2718281,blk07,pos,0.450,-0.01283,-0.715
styles,E1_cartoon,2718281,blk08,neg,0.450,0.00472,1.6273
styles,E1_cartoon,2718281,blk08,pos,0.450,-0.01102,-0.2717
styles,E1_cartoon,2718281,blk09,neg,0.450,-0.00201,-0.0538
styles,E1_cartoon,2718281,blk09,pos,0.450,0.00637,0.2064
styles,E1_cartoon,2718281,blk10,neg,0.450,0.01201,1.2064
styles,E1_cartoon,2718281,blk10,pos,0.450,0.06614,3.7211
styles,E1_cartoon,2718281,blk11,neg,0.450,-0.00058,-0.1688
styles,E1_cartoon,2718281,blk11,pos,0.450,0.02456,1.3206
styles,E1_cartoon,2718281,blk12,neg,0.450,0.00841,1.277
styles,E1_cartoon,2718281,blk12,pos,0.400,-0.00838,0.5431
styles,E1_cartoon,2718281,blk13,neg,0.450,0.02782,1.4791
styles,E1_cartoon,2718281,blk13,pos,0.400,0.03653,2.4603
styles,E1_cartoon,2718281,blk14,neg,0.450,0.01759,0.2473
styles,E1_cartoon,2718281,blk14,pos,0.400,0.11951,7.2531
styles,E1_cartoon,2718281,blk15,neg,0.450,0.00705,0.7431
styles,E1_cartoon,2718281,blk15,pos,0.400,0.08975,4.651
styles,E1_cartoon,2718281,blk16,neg,0.450,0.09407,5.7878
styles,E1_cartoon,2718281,blk16,pos,0.300,0.04456,2.9318
styles,E1_cartoon,2718281,blk17,neg,0.450,0.0124,0.2567
styles,E1_cartoon,2718281,blk17,pos,0.400,0.01967,2.4673
styles,E1_cartoon,2718281,blk18,neg,0.450,0.03419,1.819
styles,E1_cartoon,2718281,blk18,pos,0.300,-0.00061,0.8687
styles,E1_cartoon,2718281,blk19,neg,0.450,0.02977,1.4041
styles,E1_cartoon,2718281,blk19,pos,0.250,0.00828,1.3971
styles,E1_cartoon,2718281,blk20,neg,0.450,-0.00607,0.0956
styles,E1_cartoon,2718281,blk20,pos,0.450,0.22658,10.0054
styles,E1_cartoon,2718281,blk21,neg,0.450,0.02187,1.0448
styles,E1_cartoon,2718281,blk21,pos,0.250,0.05825,3.1516
styles,E1_cartoon,2718281,blk22,neg,0.450,0.03583,3.0855
styles,E1_cartoon,2718281,blk22,pos,0.250,0.01788,2.223
styles,E1_cartoon,2718281,blk23,neg,0.300,0.03661,1.9553
styles,E1_cartoon,2718281,blk23,pos,0.300,-0.03991,-2.4945
styles,E1_cartoon,2718281,blk24,neg,0.450,0.04088,1.7663
styles,E1_cartoon,2718281,blk24,pos,0.250,0.01715,1.2397
styles,E1_cartoon,2718281,blk25,neg,0.450,0.00803,0.5767
styles,E1_cartoon,2718281,blk25,pos,0.250,-0.00914,-0.1482
styles,E1_cartoon,2718281,blk26,neg,0.250,-0.01293,-0.2779
styles,E1_cartoon,2718281,blk26,pos,0.150,-0.01729,-1.0154
styles,E1_cartoon,2718281,blk27,neg,0.250,0.01564,1.2113
styles,E1_cartoon,2718281,blk27,pos,0.150,-0.00973,-1.2341
styles,E2_watercolor,2718281,blk00,neg,0.250,0.00486,-0.6571
styles,E2_watercolor,2718281,blk00,pos,0.300,0.05874,4.2705
styles,E2_watercolor,2718281,blk01,neg,0.400,-0.00495,-1.0782
styles,E2_watercolor,2718281,blk01,pos,0.300,0.09612,5.7384
styles,E2_watercolor,2718281,blk02,neg,0.450,-0.01942,-1.3102
styles,E2_watercolor,2718281,blk02,pos,0.450,0.03121,0.908
styles,E2_watercolor,2718281,blk03,neg,0.450,0.00657,0.5291
styles,E2_watercolor,2718281,blk03,pos,0.400,-0.00045,-0.3275
styles,E2_watercolor,2718281,blk04,neg,0.450,0.00884,0.8789
styles,E2_watercolor,2718281,blk04,pos,0.450,-0.00343,-1.1212
styles,E2_watercolor,2718281,blk05,neg,0.450,0.00623,-0.2426
styles,E2_watercolor,2718281,blk05,pos,0.450,-0.00614,-0.8754
styles,E2_watercolor,2718281,blk06,neg,0.450,-0.02155,-1.773
styles,E2_watercolor,2718281,blk06,pos,0.450,0.04191,2.5889
styles,E2_watercolor,2718281,blk07,neg,0.450,-0.00822,-0.4801
styles,E2_watercolor,2718281,blk07,pos,0.450,0.00841,-0.4828
styles,E2_watercolor,2718281,blk08,neg,0.450,0.00372,0.4003
styles,E2_watercolor,2718281,blk08,pos,0.450,-0.0225,-2.0131
styles,E2_watercolor,2718281,blk09,neg,0.450,-0.02128,-1.9238
styles,E2_watercolor,2718281,blk09,pos,0.450,0.0035,-1.2837
styles,E2_watercolor,2718281,blk10,neg,0.450,-0.02323,-2.281
styles,E2_watercolor,2718281,blk10,pos,0.450,0.01932,-2.6558
styles,E2_watercolor,2718281,blk11,neg,0.450,-0.02569,-2.1133
styles,E2_watercolor,2718281,blk11,pos,0.450,-0.00964,-0.7442
styles,E2_watercolor,2718281,blk12,neg,0.450,0.00444,0.724
styles,E2_watercolor,2718281,blk12,pos,0.400,0.02587,-0.2648
styles,E2_watercolor,2718281,blk13,neg,0.450,0.00034,0.2084
styles,E2_watercolor,2718281,blk13,pos,0.400,0.00492,-1.8024
styles,E2_watercolor,2718281,blk14,neg,0.450,-0.01912,-1.5836
styles,E2_watercolor,2718281,blk14,pos,0.400,0.02686,0.067
styles,E2_watercolor,2718281,blk15,neg,0.450,0.01937,0.9317
styles,E2_watercolor,2718281,blk15,pos,0.400,0.01561,-1.0699
styles,E2_watercolor,2718281,blk16,neg,0.450,0.00191,-0.9707
styles,E2_watercolor,2718281,blk16,pos,0.300,-0.00032,-0.6722
styles,E2_watercolor,2718281,blk17,neg,0.450,-0.00347,-1.0835
styles,E2_watercolor,2718281,blk17,pos,0.400,0.00379,-2.3568
styles,E2_watercolor,2718281,blk18,neg,0.450,0.0089,-1.3015
styles,E2_watercolor,2718281,blk18,pos,0.300,0.03231,1.04
styles,E2_watercolor,2718281,blk19,neg,0.450,0.00858,-0.1778
styles,E2_watercolor,2718281,blk19,pos,0.250,0.00845,-0.1217
styles,E2_watercolor,2718281,blk20,neg,0.450,0.01825,-0.235
styles,E2_watercolor,2718281,blk20,pos,0.450,0.10623,5.2878
styles,E2_watercolor,2718281,blk21,neg,0.450,0.03652,2.527
styles,E2_watercolor,2718281,blk21,pos,0.250,0.07215,4.4039
styles,E2_watercolor,2718281,blk22,neg,0.450,0.16231,9.2617
styles,E2_watercolor,2718281,blk22,pos,0.250,-0.01937,-1.3542
styles,E2_watercolor,2718281,blk23,neg,0.300,0.06055,4.366
styles,E2_watercolor,2718281,blk23,pos,0.300,-0.07437,-5.5783
styles,E2_watercolor,2718281,blk24,neg,0.450,0.09277,5.3365
styles,E2_watercolor,2718281,blk24,pos,0.250,0.03439,2.1854
styles,E2_watercolor,2718281,blk25,neg,0.450,0.03839,1.8263
styles,E2_watercolor,2718281,blk25,pos,0.250,0.00536,0.3951
styles,E2_watercolor,2718281,blk26,neg,0.250,-0.00266,-0.5021
styles,E2_watercolor,2718281,blk26,pos,0.150,0.02118,0.1175
styles,E2_watercolor,2718281,blk27,neg,0.250,-0.00322,2.2382
styles,E2_watercolor,2718281,blk27,pos,0.150,-0.01122,-2.0443
styles,E3_oil,2718281,blk00,neg,0.250,-0.01538,-0.6583
styles,E3_oil,2718281,blk00,pos,0.300,0.00412,-0.2447
styles,E3_oil,2718281,blk01,neg,0.400,0.04353,1.9985
styles,E3_oil,2718281,blk01,pos,0.300,0.05869,5.1377
styles,E3_oil,2718281,blk02,neg,0.450,0.00081,0.3387
styles,E3_oil,2718281,blk02,pos,0.450,0.05286,2.4067
styles,E3_oil,2718281,blk03,neg,0.450,0.01763,2.3603
styles,E3_oil,2718281,blk03,pos,0.400,0.10827,4.566
styles,E3_oil,2718281,blk04,neg,0.450,0.00308,0.6161
styles,E3_oil,2718281,blk04,pos,0.450,0.03415,0.3053
styles,E3_oil,2718281,blk05,neg,0.450,0.01932,0.3139
styles,E3_oil,2718281,blk05,pos,0.450,-3e-05,1.956
styles,E3_oil,2718281,blk06,neg,0.450,-0.00979,-0.9264
styles,E3_oil,2718281,blk06,pos,0.450,0.07658,5.9724
styles,E3_oil,2718281,blk07,neg,0.450,0.00938,0.1848
styles,E3_oil,2718281,blk07,pos,0.450,0.05537,3.7706
styles,E3_oil,2718281,blk08,neg,0.450,0.03555,1.8639
styles,E3_oil,2718281,blk08,pos,0.450,-0.02491,-1.1823
styles,E3_oil,2718281,blk09,neg,0.450,-0.01737,-0.4609
styles,E3_oil,2718281,blk09,pos,0.450,0.00472,-0.4926
styles,E3_oil,2718281,blk10,neg,0.450,0.00781,0.9494
styles,E3_oil,2718281,blk10,pos,0.450,0.00162,-0.049
styles,E3_oil,2718281,blk11,neg,0.450,-0.00212,-0.6938
styles,E3_oil,2718281,blk11,pos,0.450,-0.01491,-0.6259
styles,E3_oil,2718281,blk12,neg,0.450,-0.01667,0.3126
styles,E3_oil,2718281,blk12,pos,0.400,0.06034,2.3298
styles,E3_oil,2718281,blk13,neg,0.450,0.04895,2.8363
styles,E3_oil,2718281,blk13,pos,0.400,0.00913,0.1807
styles,E3_oil,2718281,blk14,neg,0.450,-0.03041,-1.3292
styles,E3_oil,2718281,blk14,pos,0.400,0.03934,1.79
styles,E3_oil,2718281,blk15,neg,0.450,-0.03624,-1.6086
styles,E3_oil,2718281,blk15,pos,0.400,0.02191,1.5986
styles,E3_oil,2718281,blk16,neg,0.450,-0.00637,-0.8057
styles,E3_oil,2718281,blk16,pos,0.300,-0.00985,1.9112
styles,E3_oil,2718281,blk17,neg,0.450,0.05696,2.8829
styles,E3_oil,2718281,blk17,pos,0.400,0.00231,0.5894
styles,E3_oil,2718281,blk18,neg,0.450,0.03145,2.197
styles,E3_oil,2718281,blk18,pos,0.300,0.0557,5.0951
styles,E3_oil,2718281,blk19,neg,0.450,0.01191,0.5348
styles,E3_oil,2718281,blk19,pos,0.250,0.03263,1.819
styles,E3_oil,2718281,blk20,neg,0.450,0.03395,1.9413
styles,E3_oil,2718281,blk20,pos,0.450,0.10484,5.1059
styles,E3_oil,2718281,blk21,neg,0.450,0.02137,-0.4806
styles,E3_oil,2718281,blk21,pos,0.250,0.05795,3.9911
styles,E3_oil,2718281,blk22,neg,0.450,0.04314,2.1563
styles,E3_oil,2718281,blk22,pos,0.250,-0.02556,0.231
styles,E3_oil,2718281,blk23,neg,0.300,0.04186,3.0694
styles,E3_oil,2718281,blk23,pos,0.300,-0.1029,-5.6575
styles,E3_oil,2718281,blk24,neg,0.450,0.04655,2.683
styles,E3_oil,2718281,blk24,pos,0.250,0.01861,0.2862
styles,E3_oil,2718281,blk25,neg,0.450,0.01389,0.718
styles,E3_oil,2718281,blk25,pos,0.250,0.0049,0.8541
styles,E3_oil,2718281,blk26,neg,0.250,-0.01086,-0.4716
styles,E3_oil,2718281,blk26,pos,0.150,0.01722,0.403
styles,E3_oil,2718281,blk27,neg,0.250,0.00261,1.1811
styles,E3_oil,2718281,blk27,pos,0.150,0.00403,-0.0265
styles,E4_colorpencil,2718281,blk00,neg,0.250,0.03433,1.6323
styles,E4_colorpencil,2718281,blk00,pos,0.300,0.03792,3.752
styles,E4_colorpencil,2718281,blk01,neg,0.400,-0.00576,-0.944
styles,E4_colorpencil,2718281,blk01,pos,0.300,0.06829,4.2121
styles,E4_colorpencil,2718281,blk02,neg,0.450,0.00837,0.8905
styles,E4_colorpencil,2718281,blk02,pos,0.450,0.06076,3.8466
styles,E4_colorpencil,2718281,blk03,neg,0.450,-0.01776,-0.8341
styles,E4_colorpencil,2718281,blk03,pos,0.400,0.02513,1.1937
styles,E4_colorpencil,2718281,blk04,neg,0.450,0.01015,1.146
styles,E4_colorpencil,2718281,blk04,pos,0.450,0.04047,3.3796
styles,E4_colorpencil,2718281,blk05,neg,0.450,0.00326,-0.0773
styles,E4_colorpencil,2718281,blk05,pos,0.450,0.01693,0.9162
styles,E4_colorpencil,2718281,blk06,neg,0.450,-0.0004,-0.2308
styles,E4_colorpencil,2718281,blk06,pos,0.450,0.06334,4.9145
styles,E4_colorpencil,2718281,blk07,neg,0.450,0.003,0.9597
styles,E4_colorpencil,2718281,blk07,pos,0.450,-0.00941,-0.8485
styles,E4_colorpencil,2718281,blk08,neg,0.450,0.00518,0.4552
styles,E4_colorpencil,2718281,blk08,pos,0.450,0.01924,1.387
styles,E4_colorpencil,2718281,blk09,neg,0.450,0.01387,1.3354
styles,E4_colorpencil,2718281,blk09,pos,0.450,0.01383,-1.3625
styles,E4_colorpencil,2718281,blk10,neg,0.450,0.0105,-0.1054
styles,E4_colorpencil,2718281,blk10,pos,0.450,0.07638,1.9672
styles,E4_colorpencil,2718281,blk11,neg,0.450,0.01302,-0.1086
styles,E4_colorpencil,2718281,blk11,pos,0.450,0.02251,1.6711
styles,E4_colorpencil,2718281,blk12,neg,0.450,0.0237,2.044
styles,E4_colorpencil,2718281,blk12,pos,0.400,0.09649,4.4135
styles,E4_colorpencil,2718281,blk13,neg,0.450,0.02438,1.5265
styles,E4_colorpencil,2718281,blk13,pos,0.400,0.04525,1.2647
styles,E4_colorpencil,2718281,blk14,neg,0.450,0.01496,1.5554
styles,E4_colorpencil,2718281,blk14,pos,0.400,0.05567,1.5664
styles,E4_colorpencil,2718281,blk15,neg,0.450,0.01057,1.0255
styles,E4_colorpencil,2718281,blk15,pos,0.400,0.0592,2.8263
styles,E4_colorpencil,2718281,blk16,neg,0.450,0.02811,2.0549
styles,E4_colorpencil,2718281,blk16,pos,0.300,0.01515,1.0469
styles,E4_colorpencil,2718281,blk17,neg,0.450,0.00781,1.0764
styles,E4_colorpencil,2718281,blk17,pos,0.400,0.04328,-0.4305
styles,E4_colorpencil,2718281,blk18,neg,0.450,0.02345,1.3605
styles,E4_colorpencil,2718281,blk18,pos,0.300,0.04625,2.2695
styles,E4_colorpencil,2718281,blk19,neg,0.450,0.03394,1.8466
styles,E4_colorpencil,2718281,blk19,pos,0.250,0.02881,0.543
styles,E4_colorpencil,2718281,blk20,neg,0.450,0.04601,2.5237
styles,E4_colorpencil,2718281,blk20,pos,0.450,0.0962,5.0642
styles,E4_colorpencil,2718281,blk21,neg,0.450,0.05836,3.6365
styles,E4_colorpencil,2718281,blk21,pos,0.250,0.04611,3.685
styles,E4_colorpencil,2718281,blk22,neg,0.450,0.12067,8.1357
styles,E4_colorpencil,2718281,blk22,pos,0.250,0.00047,-0.1288
styles,E4_colorpencil,2718281,blk23,neg,0.300,0.0573,5.2535
styles,E4_colorpencil,2718281,blk23,pos,0.300,-0.06201,-5.5354
styles,E4_colorpencil,2718281,blk24,neg,0.450,0.04915,4.0324
styles,E4_colorpencil,2718281,blk24,pos,0.250,0.01324,0.8333
styles,E4_colorpencil,2718281,blk25,neg,0.450,0.01227,1.4634
styles,E4_colorpencil,2718281,blk25,pos,0.250,-0.00114,0.1691
styles,E4_colorpencil,2718281,blk26,neg,0.250,-0.0097,-0.5435
styles,E4_colorpencil,2718281,blk26,pos,0.150,0.03587,1.1186
styles,E4_colorpencil,2718281,blk27,neg,0.250,-0.0196,1.0758
styles,E4_colorpencil,2718281,blk27,pos,0.150,0.02699,0.0801
styles,E5_childrensbook,2718281,blk00,neg,0.250,0.02021,2.1705
styles,E5_childrensbook,2718281,blk00,pos,0.300,0.0839,4.2343
styles,E5_childrensbook,2718281,blk01,neg,0.400,-0.05076,-2.5127
styles,E5_childrensbook,2718281,blk01,pos,0.300,0.0528,2.3464
styles,E5_childrensbook,2718281,blk02,neg,0.450,0.02174,0.621
styles,E5_childrensbook,2718281,blk02,pos,0.450,0.08676,2.77
styles,E5_childrensbook,2718281,blk03,neg,0.450,0.01118,0.4975
styles,E5_childrensbook,2718281,blk03,pos,0.400,0.04658,3.9695
styles,E5_childrensbook,2718281,blk04,neg,0.450,0.02918,2.494
styles,E5_childrensbook,2718281,blk04,pos,0.450,-0.00781,-0.0916
styles,E5_childrensbook,2718281,blk05,neg,0.450,0.02231,1.4589
styles,E5_childrensbook,2718281,blk05,pos,0.450,0.00217,0.7217
styles,E5_childrensbook,2718281,blk06,neg,0.450,0.03196,2.3306
styles,E5_childrensbook,2718281,blk06,pos,0.450,0.03584,3.9922
styles,E5_childrensbook,2718281,blk07,neg,0.450,0.01175,1.7958
styles,E5_childrensbook,2718281,blk07,pos,0.450,0.02329,0.3356
styles,E5_childrensbook,2718281,blk08,neg,0.450,0.02534,2.6765
styles,E5_childrensbook,2718281,blk08,pos,0.450,-0.05396,-3.1449
styles,E5_childrensbook,2718281,blk09,neg,0.450,-0.0208,-0.8952
styles,E5_childrensbook,2718281,blk09,pos,0.450,-0.02966,-2.0015
styles,E5_childrensbook,2718281,blk10,neg,0.450,-0.04523,-1.5379
styles,E5_childrensbook,2718281,blk10,pos,0.450,0.02617,0.053
styles,E5_childrensbook,2718281,blk11,neg,0.450,-0.01863,-0.076
styles,E5_childrensbook,2718281,blk11,pos,0.450,0.03555,1.0711
styles,E5_childrensbook,2718281,blk12,neg,0.450,-0.02551,0.7286
styles,E5_childrensbook,2718281,blk12,pos,0.400,0.09501,0.6125
styles,E5_childrensbook,2718281,blk13,neg,0.450,0.05884,2.612
styles,E5_childrensbook,2718281,blk13,pos,0.400,0.10586,8.6689
styles,E5_childrensbook,2718281,blk14,neg,0.450,0.0096,0.8332
styles,E5_childrensbook,2718281,blk14,pos,0.400,0.04185,-0.5091
styles,E5_childrensbook,2718281,blk15,neg,0.450,0.03425,3.3673
styles,E5_childrensbook,2718281,blk15,pos,0.400,0.07223,2.9354
styles,E5_childrensbook,2718281,blk16,neg,0.450,0.02176,0.2879
styles,E5_childrensbook,2718281,blk16,pos,0.300,-0.02595,-1.3654
styles,E5_childrensbook,2718281,blk17,neg,0.450,0.01118,0.9921
styles,E5_childrensbook,2718281,blk17,pos,0.400,0.01754,0.8696
styles,E5_childrensbook,2718281,blk18,neg,0.450,0.01725,-0.3732
styles,E5_childrensbook,2718281,blk18,pos,0.300,0.00997,2.0945
styles,E5_childrensbook,2718281,blk19,neg,0.450,0.019,1.4818
styles,E5_childrensbook,2718281,blk19,pos,0.250,-0.0145,-1.3286
styles,E5_childrensbook,2718281,blk20,neg,0.450,-0.00649,-0.0116
styles,E5_childrensbook,2718281,blk20,pos,0.450,0.08585,2.5496
styles,E5_childrensbook,2718281,blk21,neg,0.450,0.01676,1.5421
styles,E5_childrensbook,2718281,blk21,pos,0.250,0.12466,5.1706
styles,E5_childrensbook,2718281,blk22,neg,0.450,0.14985,8.3136
styles,E5_childrensbook,2718281,blk22,pos,0.250,0.0067,0.6188
styles,E5_childrensbook,2718281,blk23,neg,0.300,0.03497,2.6707
styles,E5_childrensbook,2718281,blk23,pos,0.300,-0.0411,-3.0413
styles,E5_childrensbook,2718281,blk24,neg,0.450,0.07155,2.9298
styles,E5_childrensbook,2718281,blk24,pos,0.250,0.01216,1.592
styles,E5_childrensbook,2718281,blk25,neg,0.450,0.01921,1.042
styles,E5_childrensbook,2718281,blk25,pos,0.250,-0.01211,-0.0025
styles,E5_childrensbook,2718281,blk26,neg,0.250,-0.02992,-1.4148
styles,E5_childrensbook,2718281,blk26,pos,0.150,-0.0109,-0.4442
styles,E5_childrensbook,2718281,blk27,neg,0.250,0.0368,3.5923
styles,E5_childrensbook,2718281,blk27,pos,0.150,-0.02766,-2.8096
styles,E6_claymation,2718281,blk00,neg,0.250,-0.03336,-2.6187
styles,E6_claymation,2718281,blk00,pos,0.300,-0.00105,1.7469
styles,E6_claymation,2718281,blk01,neg,0.400,0.00245,0.6116
styles,E6_claymation,2718281,blk01,pos,0.300,0.111,6.0592
styles,E6_claymation,2718281,blk02,neg,0.450,0.00518,0.6905
styles,E6_claymation,2718281,blk02,pos,0.450,0.01881,2.1484
styles,E6_claymation,2718281,blk03,neg,0.450,0.01171,1.4349
styles,E6_claymation,2718281,blk03,pos,0.400,-0.01323,-0.6883
styles,E6_claymation,2718281,blk04,neg,0.450,0.04323,3.0155
styles,E6_claymation,2718281,blk04,pos,0.450,-0.04736,-2.9055
styles,E6_claymation,2718281,blk05,neg,0.450,0.00906,0.3383
styles,E6_claymation,2718281,blk05,pos,0.450,0.07252,4.8502
styles,E6_claymation,2718281,blk06,neg,0.450,-0.04064,-2.3223
styles,E6_claymation,2718281,blk06,pos,0.450,0.01633,0.9125
styles,E6_claymation,2718281,blk07,neg,0.450,0.04517,1.9944
styles,E6_claymation,2718281,blk07,pos,0.450,-0.1073,-6.0468
styles,E6_claymation,2718281,blk08,neg,0.450,0.0072,1.0538
styles,E6_claymation,2718281,blk08,pos,0.450,0.01398,0.446
styles,E6_claymation,2718281,blk09,neg,0.450,-0.02957,-0.4109
styles,E6_claymation,2718281,blk09,pos,0.450,-0.04346,-3.2877
styles,E6_claymation,2718281,blk10,neg,0.450,-0.06234,-4.1278
styles,E6_claymation,2718281,blk10,pos,0.450,0.08468,2.7669
styles,E6_claymation,2718281,blk11,neg,0.450,-0.03354,-2.2988
styles,E6_claymation,2718281,blk11,pos,0.450,0.09199,2.2353
styles,E6_claymation,2718281,blk12,neg,0.450,0.00073,0.7929
styles,E6_claymation,2718281,blk12,pos,0.400,0.03864,-2.5642
styles,E6_claymation,2718281,blk13,neg,0.450,0.03618,3.1468
styles,E6_claymation,2718281,blk13,pos,0.400,0.06187,5.0029
styles,E6_claymation,2718281,blk14,neg,0.450,0.03082,1.2043
styles,E6_claymation,2718281,blk14,pos,0.400,0.01765,1.0278
styles,E6_claymation,2718281,blk15,neg,0.450,-0.01658,-0.9131
styles,E6_claymation,2718281,blk15,pos,0.400,-0.01799,0.0292
styles,E6_claymation,2718281,blk16,neg,0.450,0.01438,2.0948
styles,E6_claymation,2718281,blk16,pos,0.300,0.01437,1.1919
styles,E6_claymation,2718281,blk17,neg,0.450,0.03819,4.7318
styles,E6_claymation,2718281,blk17,pos,0.400,-0.04131,-5.0881
styles,E6_claymation,2718281,blk18,neg,0.450,0.04955,2.0214
styles,E6_claymation,2718281,blk18,pos,0.300,-0.03335,-2.451
styles,E6_claymation,2718281,blk19,neg,0.450,0.04159,-0.247
styles,E6_claymation,2718281,blk19,pos,0.250,-0.01592,0.32
styles,E6_claymation,2718281,blk20,neg,0.450,-0.02059,-1.9331
styles,E6_claymation,2718281,blk20,pos,0.450,0.12665,3.7697
styles,E6_claymation,2718281,blk21,neg,0.450,0.00618,0.2832
styles,E6_claymation,2718281,blk21,pos,0.250,0.09208,5.0531
styles,E6_claymation,2718281,blk22,neg,0.450,0.05607,3.7364
styles,E6_claymation,2718281,blk22,pos,0.250,0.01684,2.3414
styles,E6_claymation,2718281,blk23,neg,0.300,0.03846,3.9678
styles,E6_claymation,2718281,blk23,pos,0.300,-0.06658,-6.1907
styles,E6_claymation,2718281,blk24,neg,0.450,0.07256,2.5824
styles,E6_claymation,2718281,blk24,pos,0.250,-0.01918,-0.18
styles,E6_claymation,2718281,blk25,neg,0.450,0.01336,0.3253
styles,E6_claymation,2718281,blk25,pos,0.250,0.00796,0.7561
styles,E6_claymation,2718281,blk26,neg,0.250,0.02015,0.9377
styles,E6_claymation,2718281,blk26,pos,0.150,-0.00626,-1.4635
styles,E6_claymation,2718281,blk27,neg,0.250,0.03023,1.9898
styles,E6_claymation,2718281,blk27,pos,0.150,-0.0404,-3.0937
styles,E7_sepiaphoto,2718281,blk00,neg,0.250,-0.01365,0.1942
styles,E7_sepiaphoto,2718281,blk00,pos,0.300,-0.00143,-1.9452
styles,E7_sepiaphoto,2718281,blk01,neg,0.400,-0.01651,-1.0482
styles,E7_sepiaphoto,2718281,blk01,pos,0.300,-0.00296,-1.7566
styles,E7_sepiaphoto,2718281,blk02,neg,0.450,-0.02034,-1.2931
styles,E7_sepiaphoto,2718281,blk02,pos,0.450,-0.01581,-0.7293
styles,E7_sepiaphoto,2718281,blk03,neg,0.450,0.0244,0.9083
styles,E7_sepiaphoto,2718281,blk03,pos,0.400,-0.05046,-3.0838
styles,E7_sepiaphoto,2718281,blk04,neg,0.450,0.0479,1.6309
styles,E7_sepiaphoto,2718281,blk04,pos,0.450,0.00045,0.5024
styles,E7_sepiaphoto,2718281,blk05,neg,0.450,0.03259,1.2688
styles,E7_sepiaphoto,2718281,blk05,pos,0.450,-0.02977,-1.1949
styles,E7_sepiaphoto,2718281,blk06,neg,0.450,0.02475,1.2491
styles,E7_sepiaphoto,2718281,blk06,pos,0.450,-0.07182,-4.2374
styles,E7_sepiaphoto,2718281,blk07,neg,0.450,-0.00375,-0.6075
styles,E7_sepiaphoto,2718281,blk07,pos,0.450,-0.10995,-5.4625
styles,E7_sepiaphoto,2718281,blk08,neg,0.450,-0.02112,-1.7546
styles,E7_sepiaphoto,2718281,blk08,pos,0.450,-0.01244,-1.341
styles,E7_sepiaphoto,2718281,blk09,neg,0.450,-0.03502,-2.5585
styles,E7_sepiaphoto,2718281,blk09,pos,0.450,-0.00208,-0.687
styles,E7_sepiaphoto,2718281,blk10,neg,0.450,-0.03923,-1.2652
styles,E7_sepiaphoto,2718281,blk10,pos,0.450,0.10665,4.1574
styles,E7_sepiaphoto,2718281,blk11,neg,0.450,-0.00822,-0.9301
styles,E7_sepiaphoto,2718281,blk11,pos,0.450,0.07782,2.4173
styles,E7_sepiaphoto,2718281,blk12,neg,0.450,-0.02932,-1.2597
styles,E7_sepiaphoto,2718281,blk12,pos,0.400,0.13584,2.5974
styles,E7_sepiaphoto,2718281,blk13,neg,0.450,0.02828,1.14
styles,E7_sepiaphoto,2718281,blk13,pos,0.400,-0.01978,-0.4588
styles,E7_sepiaphoto,2718281,blk14,neg,0.450,0.01413,0.1576
styles,E7_sepiaphoto,2718281,blk14,pos,0.400,0.02539,0.4101
styles,E7_sepiaphoto,2718281,blk15,neg,0.450,-0.02275,-1.1218
styles,E7_sepiaphoto,2718281,blk15,pos,0.400,0.0572,2.2091
styles,E7_sepiaphoto,2718281,blk16,neg,0.450,-0.05469,-2.6919
styles,E7_sepiaphoto,2718281,blk16,pos,0.300,0.03735,1.8919
styles,E7_sepiaphoto,2718281,blk17,neg,0.450,-0.00848,-0.692
styles,E7_sepiaphoto,2718281,blk17,pos,0.400,0.14469,4.8439
styles,E7_sepiaphoto,2718281,blk18,neg,0.450,0.02899,-1.4037
styles,E7_sepiaphoto,2718281,blk18,pos,0.300,-0.0008,1.6006
styles,E7_sepiaphoto,2718281,blk19,neg,0.450,0.04854,1.165
styles,E7_sepiaphoto,2718281,blk19,pos,0.250,0.00458,1.0441
styles,E7_sepiaphoto,2718281,blk20,neg,0.450,0.06058,2.4574
styles,E7_sepiaphoto,2718281,blk20,pos,0.450,0.01921,-0.1164
styles,E7_sepiaphoto,2718281,blk21,neg,0.450,0.12557,6.3955
styles,E7_sepiaphoto,2718281,blk21,pos,0.250,0.05794,2.1203
styles,E7_sepiaphoto,2718281,blk22,neg,0.450,0.1505,4.7929
styles,E7_sepiaphoto,2718281,blk22,pos,0.250,0.03553,1.3977
styles,E7_sepiaphoto,2718281,blk23,neg,0.300,0.08077,4.4655
styles,E7_sepiaphoto,2718281,blk23,pos,0.300,-0.03359,-1.6069
styles,E7_sepiaphoto,2718281,blk24,neg,0.450,0.06235,1.6293
styles,E7_sepiaphoto,2718281,blk24,pos,0.250,-0.01531,-0.9781
styles,E7_sepiaphoto,2718281,blk25,neg,0.450,-0.01647,-1.0959
styles,E7_sepiaphoto,2718281,blk25,pos,0.250,-0.00192,1.5305
styles,E7_sepiaphoto,2718281,blk26,neg,0.250,-0.01668,-0.5526
styles,E7_sepiaphoto,2718281,blk26,pos,0.150,0.01568,0.6357
styles,E7_sepiaphoto,2718281,blk27,neg,0.250,0.01645,2.0431
styles,E7_sepiaphoto,2718281,blk27,pos,0.150,0.00587,0.0958
styles,E8_cartoon_styleend,2718281,blk00,neg,0.250,0.08548,3.3473
styles,E8_cartoon_styleend,2718281,blk00,pos,0.300,0.09127,5.8259
styles,E8_cartoon_styleend,2718281,blk01,neg,0.400,0.111,7.2241
styles,E8_cartoon_styleend,2718281,blk01,pos,0.300,0.11257,7.1954
styles,E8_cartoon_styleend,2718281,blk02,neg,0.450,0.02624,2.0443
styles,E8_cartoon_styleend,2718281,blk02,pos,0.450,-0.00956,-0.664
styles,E8_cartoon_styleend,2718281,blk03,neg,0.450,0.0151,0.9406
styles,E8_cartoon_styleend,2718281,blk03,pos,0.400,0.12008,6.9373
styles,E8_cartoon_styleend,2718281,blk04,neg,0.450,0.04896,4.4412
styles,E8_cartoon_styleend,2718281,blk04,pos,0.450,0.06025,3.9808
styles,E8_cartoon_styleend,2718281,blk05,neg,0.450,0.00246,0.3362
styles,E8_cartoon_styleend,2718281,blk05,pos,0.450,0.07352,4.4482
styles,E8_cartoon_styleend,2718281,blk06,neg,0.450,0.0416,4.006
styles,E8_cartoon_styleend,2718281,blk06,pos,0.450,0.09354,6.7785
styles,E8_cartoon_styleend,2718281,blk07,neg,0.450,0.04249,3.0346
styles,E8_cartoon_styleend,2718281,blk07,pos,0.450,0.03161,2.514
styles,E8_cartoon_styleend,2718281,blk08,neg,0.450,0.06856,5.4734
styles,E8_cartoon_styleend,2718281,blk08,pos,0.450,0.03795,1.0984
styles,E8_cartoon_styleend,2718281,blk09,neg,0.450,-0.01414,1.1294
styles,E8_cartoon_styleend,2718281,blk09,pos,0.450,0.05786,3.0188
styles,E8_cartoon_styleend,2718281,blk10,neg,0.450,0.03145,2.1987
styles,E8_cartoon_styleend,2718281,blk10,pos,0.450,0.01876,1.8039
styles,E8_cartoon_styleend,2718281,blk11,neg,0.450,-0.01073,-0.3973
styles,E8_cartoon_styleend,2718281,blk11,pos,0.450,0.04437,2.0315
styles,E8_cartoon_styleend,2718281,blk12,neg,0.450,0.02109,3.3285
styles,E8_cartoon_styleend,2718281,blk12,pos,0.400,0.12017,7.0996
styles,E8_cartoon_styleend,2718281,blk13,neg,0.450,0.07595,3.3738
styles,E8_cartoon_styleend,2718281,blk13,pos,0.400,0.06901,4.2146
styles,E8_cartoon_styleend,2718281,blk14,neg,0.450,-0.00179,-0.0697
styles,E8_cartoon_styleend,2718281,blk14,pos,0.400,0.10102,5.2719
styles,E8_cartoon_styleend,2718281,blk15,neg,0.450,0.0033,0.1159
styles,E8_cartoon_styleend,2718281,blk15,pos,0.400,0.09253,5.0874
styles,E8_cartoon_styleend,2718281,blk16,neg,0.450,0.13957,9.1915
styles,E8_cartoon_styleend,2718281,blk16,pos,0.300,0.11045,5.5123
styles,E8_cartoon_styleend,2718281,blk17,neg,0.450,0.02305,1.552
styles,E8_cartoon_styleend,2718281,blk17,pos,0.400,0.03091,2.1214
styles,E8_cartoon_styleend,2718281,blk18,neg,0.450,0.04152,2.292
styles,E8_cartoon_styleend,2718281,blk18,pos,0.300,0.12576,9.2198
styles,E8_cartoon_styleend,2718281,blk19,neg,0.450,0.05798,2.9603
styles,E8_cartoon_styleend,2718281,blk19,pos,0.250,0.05449,2.3139
styles,E8_cartoon_styleend,2718281,blk20,neg,0.450,0.02423,1.1525
styles,E8_cartoon_styleend,2718281,blk20,pos,0.450,0.24554,8.092
styles,E8_cartoon_styleend,2718281,blk21,neg,0.450,0.04655,1.739
styles,E8_cartoon_styleend,2718281,blk21,pos,0.250,0.12729,6.5984
styles,E8_cartoon_styleend,2718281,blk22,neg,0.450,0.07806,4.492
styles,E8_cartoon_styleend,2718281,blk22,pos,0.250,0.02971,3.2252
styles,E8_cartoon_styleend,2718281,blk23,neg,0.300,0.03429,1.6753
styles,E8_cartoon_styleend,2718281,blk23,pos,0.300,-0.03703,-2.0658
styles,E8_cartoon_styleend,2718281,blk24,neg,0.450,0.09072,5.0178
styles,E8_cartoon_styleend,2718281,blk24,pos,0.250,0.01976,1.4796
styles,E8_cartoon_styleend,2718281,blk25,neg,0.450,0.01695,1.4031
styles,E8_cartoon_styleend,2718281,blk25,pos,0.250,-0.00082,0.2239
styles,E8_cartoon_styleend,2718281,blk26,neg,0.250,-0.0125,-0.3615
styles,E8_cartoon_styleend,2718281,blk26,pos,0.150,-0.00675,-0.4995
styles,E8_cartoon_styleend,2718281,blk27,neg,0.250,0.01021,0.7107
styles,E8_cartoon_styleend,2718281,blk27,pos,0.150,0.00654,0.0888
v3,P1_elfbrawler,3141592,blk00,neg,0.200,0.01979,0.8336
v3,P1_elfbrawler,3141592,blk00,pos,0.250,-0.0343,-1.5587
v3,P1_elfbrawler,3141592,blk01,neg,0.400,-0.01823,-1.1317
v3,P1_elfbrawler,3141592,blk01,pos,0.250,0.01423,0.6138
v3,P1_elfbrawler,3141592,blk02,neg,0.450,-0.0051,-0.2742
v3,P1_elfbrawler,3141592,blk02,pos,0.400,0.00791,-0.0414
v3,P1_elfbrawler,3141592,blk03,neg,0.300,0.0158,-0.0955
v3,P1_elfbrawler,3141592,blk03,neg,0.550,-0.01484,-0.3426
v3,P1_elfbrawler,3141592,blk03,pos,0.400,-0.03774,-0.6776
v3,P1_elfbrawler,3141592,blk04,neg,0.300,0.01807,0.2678
v3,P1_elfbrawler,3141592,blk04,neg,0.550,-0.00198,0.7533
v3,P1_elfbrawler,3141592,blk04,pos,0.550,-0.03163,-0.5376
v3,P1_elfbrawler,3141592,blk05,neg,0.550,0.03397,-0.3517
v3,P1_elfbrawler,3141592,blk05,pos,0.550,-0.04844,-1.2238
v3,P1_elfbrawler,3141592,blk06,neg,0.550,-0.01263,-1.3948
v3,P1_elfbrawler,3141592,blk06,pos,0.550,-0.03327,0.0894
v3,P1_elfbrawler,3141592,blk07,neg,0.550,0.00235,0.3727
v3,P1_elfbrawler,3141592,blk07,pos,0.300,-0.04012,-0.173
v3,P1_elfbrawler,3141592,blk07,pos,0.550,-0.03575,-0.9289
v3,P1_elfbrawler,3141592,blk08,neg,0.300,0.06303,0.8461
v3,P1_elfbrawler,3141592,blk08,neg,0.550,0.0509,0.3702
v3,P1_elfbrawler,3141592,blk08,pos,0.550,-0.0166,0.4442
v3,P1_elfbrawler,3141592,blk09,neg,0.550,0.02184,-0.4968
v3,P1_elfbrawler,3141592,blk09,pos,0.550,-0.05954,-3.0399
v3,P1_elfbrawler,3141592,blk10,neg,0.450,-0.01042,-0.74
v3,P1_elfbrawler,3141592,blk10,pos,0.450,0.07035,1.6149
v3,P1_elfbrawler,3141592,blk11,neg,0.450,0.00601,0.4848
v3,P1_elfbrawler,3141592,blk11,pos,0.250,0.02141,0.5654
v3,P1_elfbrawler,3141592,blk11,pos,0.450,-0.0289,-0.2492
v3,P1_elfbrawler,3141592,blk12,neg,0.450,0.01091,-0.2022
v3,P1_elfbrawler,3141592,blk12,pos,0.400,-0.05548,-0.9567
v3,P1_elfbrawler,3141592,blk13,neg,0.450,0.01116,1.3121
v3,P1_elfbrawler,3141592,blk13,pos,0.400,-0.03296,-2.3194
v3,P1_elfbrawler,3141592,blk14,neg,0.550,-0.00722,0.4276
v3,P1_elfbrawler,3141592,blk14,pos,0.400,-0.02475,-0.5041
v3,P1_elfbrawler,3141592,blk15,neg,0.450,-0.01888,-1.9807
v3,P1_elfbrawler,3141592,blk15,pos,0.400,-0.04066,-0.7633
v3,P1_elfbrawler,3141592,blk16,neg,0.450,-0.01941,-0.6012
v3,P1_elfbrawler,3141592,blk16,pos,0.300,0.0098,0.3831
v3,P1_elfbrawler,3141592,blk17,neg,0.450,-0.00462,0.9395
v3,P1_elfbrawler,3141592,blk17,pos,0.250,0.00156,-0.6797
v3,P1_elfbrawler,3141592,blk17,pos,0.400,-0.05804,-1.9062
v3,P1_elfbrawler,3141592,blk18,neg,0.450,-0.0135,-1.1979
v3,P1_elfbrawler,3141592,blk18,pos,0.200,-0.07132,-1.3055
v3,P1_elfbrawler,3141592,blk18,pos,0.300,-0.0462,-1.3139
v3,P1_elfbrawler,3141592,blk19,neg,0.450,-0.01959,-1.1531
v3,P1_elfbrawler,3141592,blk19,pos,0.250,0.04319,0.4785
v3,P1_elfbrawler,3141592,blk20,neg,0.550,0.01613,-1.9985
v3,P1_elfbrawler,3141592,blk20,pos,0.450,-0.04695,0.1135
v3,P1_elfbrawler,3141592,blk21,neg,0.450,-0.01741,0.9658
v3,P1_elfbrawler,3141592,blk21,pos,0.250,0.06006,2.0977
v3,P1_elfbrawler,3141592,blk22,neg,0.450,-0.04606,-1.2975
v3,P1_elfbrawler,3141592,blk22,pos,0.250,0.01343,1.0852
v3,P1_elfbrawler,3141592,blk23,neg,0.300,-0.00149,1.8703
v3,P1_elfbrawler,3141592,blk23,pos,0.150,-0.02189,-1.0319
v3,P1_elfbrawler,3141592,blk23,pos,0.300,-0.07028,-3.7333
v3,P1_elfbrawler,3141592,blk24,neg,0.400,-0.01333,-1.5182
v3,P1_elfbrawler,3141592,blk24,pos,0.200,0.02229,1.3481
v3,P1_elfbrawler,3141592,blk25,neg,0.450,0.04331,-0.7116
v3,P1_elfbrawler,3141592,blk25,pos,0.250,0.02457,0.957
v3,P1_elfbrawler,3141592,blk26,neg,0.250,0.00745,0.5941
v3,P1_elfbrawler,3141592,blk26,pos,0.150,0.02547,1.2094
v3,P1_elfbrawler,3141592,blk27,neg,0.075,-0.00046,0.736
v3,P1_elfbrawler,3141592,blk27,neg,0.250,0.06811,2.9664
v3,P1_elfbrawler,3141592,blk27,pos,0.050,-0.02069,-0.4661
v3,P2_lotuscanoe,3141592,blk00,neg,0.200,-0.04028,0.2189
v3,P2_lotuscanoe,3141592,blk00,pos,0.250,0.11195,0.9877
v3,P2_lotuscanoe,3141592,blk01,neg,0.400,-0.01992,-0.7298
v3,P2_lotuscanoe,3141592,blk01,pos,0.250,-0.03142,-0.106
v3,P2_lotuscanoe,3141592,blk02,neg,0.450,0.01613,0.286
v3,P2_lotuscanoe,3141592,blk02,pos,0.400,-0.05892,-1.5702
v3,P2_lotuscanoe,3141592,blk03,neg,0.300,0.00119,0.4106
v3,P2_lotuscanoe,3141592,blk03,neg,0.550,0.019,0.3481
v3,P2_lotuscanoe,3141592,blk03,pos,0.400,-0.07753,-1.7088
v3,P2_lotuscanoe,3141592,blk04,neg,0.300,0.00999,-0.1757
v3,P2_lotuscanoe,3141592,blk04,neg,0.550,0.00393,-0.2182
v3,P2_lotuscanoe,3141592,blk04,pos,0.550,0.01901,0.3909
v3,P2_lotuscanoe,3141592,blk05,neg,0.550,-0.04123,-1.0437
v3,P2_lotuscanoe,3141592,blk05,pos,0.550,0.01289,2.4999
v3,P2_lotuscanoe,3141592,blk06,neg,0.550,-0.04995,-0.5237
v3,P2_lotuscanoe,3141592,blk06,pos,0.550,-0.00862,0.9382
v3,P2_lotuscanoe,3141592,blk07,neg,0.550,-0.05777,-0.8318
v3,P2_lotuscanoe,3141592,blk07,pos,0.300,0.03635,0.8127
v3,P2_lotuscanoe,3141592,blk07,pos,0.550,0.07948,0.4059
v3,P2_lotuscanoe,3141592,blk08,neg,0.300,0.03295,0.4435
v3,P2_lotuscanoe,3141592,blk08,neg,0.550,0.03561,0.2359
v3,P2_lotuscanoe,3141592,blk08,pos,0.550,-0.01184,-1.4457
v3,P2_lotuscanoe,3141592,blk09,neg,0.550,0.02972,0.7577
v3,P2_lotuscanoe,3141592,blk09,pos,0.550,-0.0202,-0.3395
v3,P2_lotuscanoe,3141592,blk10,neg,0.450,-0.0446,-1.1001
v3,P2_lotuscanoe,3141592,blk10,pos,0.450,0.07374,1.2775
v3,P2_lotuscanoe,3141592,blk11,neg,0.450,0.04634,0.2657
v3,P2_lotuscanoe,3141592,blk11,pos,0.250,0.02019,-0.1903
v3,P2_lotuscanoe,3141592,blk11,pos,0.450,0.11405,0.7029
v3,P2_lotuscanoe,3141592,blk12,neg,0.450,-0.02954,-0.5689
v3,P2_lotuscanoe,3141592,blk12,pos,0.400,0.05772,0.2594
v3,P2_lotuscanoe,3141592,blk13,neg,0.450,-0.03098,-0.0658
v3,P2_lotuscanoe,3141592,blk13,pos,0.400,0.06796,0.4738
v3,P2_lotuscanoe,3141592,blk14,neg,0.550,-0.03627,-0.4632
v3,P2_lotuscanoe,3141592,blk14,pos,0.400,-0.00158,-0.7311
v3,P2_lotuscanoe,3141592,blk15,neg,0.450,-0.05888,-1.1415
v3,P2_lotuscanoe,3141592,blk15,pos,0.400,-0.02677,0.2659
v3,P2_lotuscanoe,3141592,blk16,neg,0.450,-0.00994,-0.8945
v3,P2_lotuscanoe,3141592,blk16,pos,0.300,0.03382,1.0006
v3,P2_lotuscanoe,3141592,blk17,neg,0.450,0.05974,0.5207
v3,P2_lotuscanoe,3141592,blk17,pos,0.250,-0.04939,-0.2077
v3,P2_lotuscanoe,3141592,blk17,pos,0.400,-0.08367,-0.6858
v3,P2_lotuscanoe,3141592,blk18,neg,0.450,0.05728,-0.6565
v3,P2_lotuscanoe,3141592,blk18,pos,0.200,0.0066,1.3901
v3,P2_lotuscanoe,3141592,blk18,pos,0.300,0.0184,1.7058
v3,P2_lotuscanoe,3141592,blk19,neg,0.450,-0.05189,-0.6296
v3,P2_lotuscanoe,3141592,blk19,pos,0.250,0.08494,1.0767
v3,P2_lotuscanoe,3141592,blk20,neg,0.550,0.04148,1.0751
v3,P2_lotuscanoe,3141592,blk20,pos,0.450,0.00734,1.3603
v3,P2_lotuscanoe,3141592,blk21,neg,0.450,0.1177,3.0907
v3,P2_lotuscanoe,3141592,blk21,pos,0.250,0.02348,0.9592
v3,P2_lotuscanoe,3141592,blk22,neg,0.450,0.08873,2.5319
v3,P2_lotuscanoe,3141592,blk22,pos,0.250,0.05651,0.934
v3,P2_lotuscanoe,3141592,blk23,neg,0.300,0.07939,1.8636
v3,P2_lotuscanoe,3141592,blk23,pos,0.150,-0.07539,-1.6984
v3,P2_lotuscanoe,3141592,blk23,pos,0.300,-0.12286,-2.822
v3,P2_lotuscanoe,3141592,blk24,neg,0.400,0.0302,1.2961
v3,P2_lotuscanoe,3141592,blk24,pos,0.200,-0.02656,-1.2266
v3,P2_lotuscanoe,3141592,blk25,neg,0.450,-0.02581,-0.7089
v3,P2_lotuscanoe,3141592,blk25,pos,0.250,0.06763,0.581
v3,P2_lotuscanoe,3141592,blk26,neg,0.250,-0.00895,-0.0817
v3,P2_lotuscanoe,3141592,blk26,pos,0.150,-0.10374,-1.0451
v3,P2_lotuscanoe,3141592,blk27,neg,0.075,0.12441,1.0585
v3,P2_lotuscanoe,3141592,blk27,neg,0.250,0.35539,2.3607
v3,P2_lotuscanoe,3141592,blk27,pos,0.050,-0.07789,-0.9071
v3,P3_archerforest,3141592,blk00,neg,0.200,-0.04611,-0.1357
v3,P3_archerforest,3141592,blk00,pos,0.250,-0.00299,-0.9916
v3,P3_archerforest,3141592,blk01,neg,0.400,-0.03212,-0.0813
v3,P3_archerforest,3141592,blk01,pos,0.250,0.0281,-0.5708
v3,P3_archerforest,3141592,blk02,neg,0.450,-0.01583,-0.4662
v3,P3_archerforest,3141592,blk02,pos,0.400,-0.03053,-0.4751
v3,P3_archerforest,3141592,blk03,neg,0.300,0.00257,0.0797
v3,P3_archerforest,3141592,blk03,neg,0.550,0.0008,-0.1536
v3,P3_archerforest,3141592,blk03,pos,0.400,-0.01887,0.3112
v3,P3_archerforest,3141592,blk04,neg,0.300,0.00372,0.0759
v3,P3_archerforest,3141592,blk04,neg,0.550,-0.00175,0.2138
v3,P3_archerforest,3141592,blk04,pos,0.550,-0.0294,-1.8027
v3,P3_archerforest,3141592,blk05,neg,0.550,-0.03048,-0.754
v3,P3_archerforest,3141592,blk05,pos,0.550,-0.05748,-1.7109
v3,P3_archerforest,3141592,blk06,neg,0.550,-0.00946,-1.1656
v3,P3_archerforest,3141592,blk06,pos,0.550,-0.04668,-0.8484
v3,P3_archerforest,3141592,blk07,neg,0.550,0.03635,0.4956
v3,P3_archerforest,3141592,blk07,pos,0.300,-0.01314,-0.6601
v3,P3_archerforest,3141592,blk07,pos,0.550,0.01256,-0.7065
v3,P3_archerforest,3141592,blk08,neg,0.300,-0.04513,-0.7829
v3,P3_archerforest,3141592,blk08,neg,0.550,-0.07312,-1.572
v3,P3_archerforest,3141592,blk08,pos,0.550,0.03298,1.5678
v3,P3_archerforest,3141592,blk09,neg,0.550,-0.05603,-1.214
v3,P3_archerforest,3141592,blk09,pos,0.550,-0.04303,0.4842
v3,P3_archerforest,3141592,blk10,neg,0.450,-0.04063,-0.9535
v3,P3_archerforest,3141592,blk10,pos,0.450,-0.07337,-1.8089
v3,P3_archerforest,3141592,blk11,neg,0.450,-0.0515,-0.7025
v3,P3_archerforest,3141592,blk11,pos,0.250,0.02653,0.1515
v3,P3_archerforest,3141592,blk11,pos,0.450,-0.0284,-0.9163
v3,P3_archerforest,3141592,blk12,neg,0.450,-0.10259,-1.3979
v3,P3_archerforest,3141592,blk12,pos,0.400,0.01156,-0.3065
v3,P3_archerforest,3141592,blk13,neg,0.450,-0.06108,-0.5173
v3,P3_archerforest,3141592,blk13,pos,0.400,0.02089,-0.9945
v3,P3_archerforest,3141592,blk14,neg,0.550,-0.05609,-0.7029
v3,P3_archerforest,3141592,blk14,pos,0.400,-0.05582,-0.1299
v3,P3_archerforest,3141592,blk15,neg,0.450,-0.08621,-1.6743
v3,P3_archerforest,3141592,blk15,pos,0.400,-0.03432,1.4187
v3,P3_archerforest,3141592,blk16,neg,0.450,-0.01968,-0.1945
v3,P3_archerforest,3141592,blk16,pos,0.300,-0.01131,0.3183
v3,P3_archerforest,3141592,blk17,neg,0.450,0.03354,-0.141
v3,P3_archerforest,3141592,blk17,pos,0.250,-0.10732,-1.3043
v3,P3_archerforest,3141592,blk17,pos,0.400,-0.13055,-2.2295
v3,P3_archerforest,3141592,blk18,neg,0.450,0.01633,0.0329
v3,P3_archerforest,3141592,blk18,pos,0.200,-0.06038,-0.1439
v3,P3_archerforest,3141592,blk18,pos,0.300,-0.11024,-0.6451
v3,P3_archerforest,3141592,blk19,neg,0.450,0.02539,0.7864
v3,P3_archerforest,3141592,blk19,pos,0.250,-0.08022,-0.0395
v3,P3_archerforest,3141592,blk20,neg,0.550,-0.00675,0.205
v3,P3_archerforest,3141592,blk20,pos,0.450,-0.10251,-2.3779
v3,P3_archerforest,3141592,blk21,neg,0.450,-0.05715,-0.5487
v3,P3_archerforest,3141592,blk21,pos,0.250,0.00682,0.6037
v3,P3_archerforest,3141592,blk22,neg,0.450,-0.06712,-0.9651
v3,P3_archerforest,3141592,blk22,pos,0.250,-0.03501,-0.4836
v3,P3_archerforest,3141592,blk23,neg,0.300,0.00719,1.108
v3,P3_archerforest,3141592,blk23,pos,0.150,-0.05611,-1.5396
v3,P3_archerforest,3141592,blk23,pos,0.300,-0.13348,-3.4797
v3,P3_archerforest,3141592,blk24,neg,0.400,-0.02076,0.5543
v3,P3_archerforest,3141592,blk24,pos,0.200,0.02081,-0.0459
v3,P3_archerforest,3141592,blk25,neg,0.450,-0.02205,-1.0526
v3,P3_archerforest,3141592,blk25,pos,0.250,0.06514,0.4473
v3,P3_archerforest,3141592,blk26,neg,0.250,-0.01171,-0.5573
v3,P3_archerforest,3141592,blk26,pos,0.150,-0.06823,1.0959
v3,P3_archerforest,3141592,blk27,neg,0.075,0.09625,0.0777
v3,P3_archerforest,3141592,blk27,neg,0.250,0.25433,-1.0873
v3,P3_archerforest,3141592,blk27,pos,0.050,-0.05252,-0.1817
v3,P4_selfie,1618033,blk00,neg,0.200,0.01475,0.3616
v3,P4_selfie,1618033,blk00,pos,0.250,-0.04021,-3.5093
v3,P4_selfie,1618033,blk01,neg,0.400,-0.01186,-0.6197
v3,P4_selfie,1618033,blk01,pos,0.250,0.01015,0.6033
v3,P4_selfie,1618033,blk02,neg,0.450,0.00083,0.039
v3,P4_selfie,1618033,blk02,pos,0.400,0.03024,1.5675
v3,P4_selfie,1618033,blk03,neg,0.300,0.00477,0.6303
v3,P4_selfie,1618033,blk03,neg,0.550,0.00814,0.7667
v3,P4_selfie,1618033,blk03,pos,0.400,-0.00665,-1.342
v3,P4_selfie,1618033,blk04,neg,0.300,0.00624,0.492
v3,P4_selfie,1618033,blk04,neg,0.550,0.00662,0.5044
v3,P4_selfie,1618033,blk04,pos,0.550,0.03615,1.3735
v3,P4_selfie,1618033,blk05,neg,0.550,0.01231,0.9815
v3,P4_selfie,1618033,blk05,pos,0.550,-0.0054,-2.3978
v3,P4_selfie,1618033,blk06,neg,0.550,0.00091,-0.5334
v3,P4_selfie,1618033,blk06,pos,0.550,0.07227,3.4175
v3,P4_selfie,1618033,blk07,neg,0.550,0.02764,1.9812
v3,P4_selfie,1618033,blk07,pos,0.300,-0.01791,-2.1983
v3,P4_selfie,1618033,blk07,pos,0.550,-0.01858,-2.8032
v3,P4_selfie,1618033,blk08,neg,0.300,0.00981,0.0679
v3,P4_selfie,1618033,blk08,neg,0.550,0.02232,0.1944
v3,P4_selfie,1618033,blk08,pos,0.550,0.06836,2.568
v3,P4_selfie,1618033,blk09,neg,0.550,0.01937,0.2283
v3,P4_selfie,1618033,blk09,pos,0.550,0.09409,4.6612
v3,P4_selfie,1618033,blk10,neg,0.450,-0.03274,-2.4273
v3,P4_selfie,1618033,blk10,pos,0.450,-0.01098,-0.8372
v3,P4_selfie,1618033,blk11,neg,0.450,0.00034,0.6307
v3,P4_selfie,1618033,blk11,pos,0.250,0.0123,0.0532
v3,P4_selfie,1618033,blk11,pos,0.450,0.07108,3.2892
v3,P4_selfie,1618033,blk12,neg,0.450,-0.02114,-2.4612
v3,P4_selfie,1618033,blk12,pos,0.400,0.01332,0.1631
v3,P4_selfie,1618033,blk13,neg,0.450,0.00965,-0.4448
v3,P4_selfie,1618033,blk13,pos,0.400,0.04446,3.0234
v3,P4_selfie,1618033,blk14,neg,0.550,0.01699,1.3577
v3,P4_selfie,1618033,blk14,pos,0.400,0.0415,1.8333
v3,P4_selfie,1618033,blk15,neg,0.450,-0.02121,-1.5015
v3,P4_selfie,1618033,blk15,pos,0.400,0.04656,1.0654
v3,P4_selfie,1618033,blk16,neg,0.450,-0.0263,-2.341
v3,P4_selfie,1618033,blk16,pos,0.300,0.03541,1.2864
v3,P4_selfie,1618033,blk17,neg,0.450,0.03101,1.5503
v3,P4_selfie,1618033,blk17,pos,0.250,-0.04489,-3.7627
v3,P4_selfie,1618033,blk17,pos,0.400,-0.03029,-3.3769
v3,P4_selfie,1618033,blk18,neg,0.450,-0.00766,-0.8372
v3,P4_selfie,1618033,blk18,pos,0.200,-0.02988,-2.1226
v3,P4_selfie,1618033,blk18,pos,0.300,-0.02006,-1.0995
v3,P4_selfie,1618033,blk19,neg,0.450,0.00613,0.244
v3,P4_selfie,1618033,blk19,pos,0.250,0.00795,1.2048
v3,P4_selfie,1618033,blk20,neg,0.550,-0.00461,-0.0704
v3,P4_selfie,1618033,blk20,pos,0.450,0.02062,0.032
v3,P4_selfie,1618033,blk21,neg,0.450,0.00837,0.9018
v3,P4_selfie,1618033,blk21,pos,0.250,0.03028,1.551
v3,P4_selfie,1618033,blk22,neg,0.450,0.00024,0.0282
v3,P4_selfie,1618033,blk22,pos,0.250,0.06902,4.5614
v3,P4_selfie,1618033,blk23,neg,0.300,0.04472,2.8884
v3,P4_selfie,1618033,blk23,pos,0.150,-0.02346,-1.4556
v3,P4_selfie,1618033,blk23,pos,0.300,-0.0427,-2.9189
v3,P4_selfie,1618033,blk24,neg,0.400,0.03619,1.9557
v3,P4_selfie,1618033,blk24,pos,0.200,0.00749,0.855
v3,P4_selfie,1618033,blk25,neg,0.450,-0.03252,-2.1293
v3,P4_selfie,1618033,blk25,pos,0.250,0.00919,1.0502
v3,P4_selfie,1618033,blk26,neg,0.250,-0.00359,0.2542
v3,P4_selfie,1618033,blk26,pos,0.150,-0.0084,-0.9233
v3,P4_selfie,1618033,blk27,neg,0.075,0.01539,1.361
v3,P4_selfie,1618033,blk27,neg,0.250,0.02445,2.9662
v3,P4_selfie,1618033,blk27,pos,0.050,-0.0141,-1.3083
v3,P5_gingervampire,1618033,blk00,neg,0.200,-0.02837,0.6277
v3,P5_gingervampire,1618033,blk00,pos,0.250,0.03702,-0.2524
v3,P5_gingervampire,1618033,blk01,neg,0.400,-0.04459,-0.3654
v3,P5_gingervampire,1618033,blk01,pos,0.250,-0.01578,0.4992
v3,P5_gingervampire,1618033,blk02,neg,0.450,-0.00115,0.1869
v3,P5_gingervampire,1618033,blk02,pos,0.400,0.00633,0.4636
v3,P5_gingervampire,1618033,blk03,neg,0.300,-0.00813,-0.0625
v3,P5_gingervampire,1618033,blk03,neg,0.550,-0.009,-0.0243
v3,P5_gingervampire,1618033,blk03,pos,0.400,-0.00854,0.6498
v3,P5_gingervampire,1618033,blk04,neg,0.300,-0.01809,0.047
v3,P5_gingervampire,1618033,blk04,neg,0.550,-0.0265,0.095
v3,P5_gingervampire,1618033,blk04,pos,0.550,-0.02728,0.8622
v3,P5_gingervampire,1618033,blk05,neg,0.550,-0.01281,0.1961
v3,P5_gingervampire,1618033,blk05,pos,0.550,-0.05157,0.6423
v3,P5_gingervampire,1618033,blk06,neg,0.550,-0.02001,0.3389
v3,P5_gingervampire,1618033,blk06,pos,0.550,-0.00321,0.281
v3,P5_gingervampire,1618033,blk07,neg,0.550,-0.0413,-0.0161
v3,P5_gingervampire,1618033,blk07,pos,0.300,-0.03061,0.2657
v3,P5_gingervampire,1618033,blk07,pos,0.550,-0.00052,0.491
v3,P5_gingervampire,1618033,blk08,neg,0.300,0.00244,0.4974
v3,P5_gingervampire,1618033,blk08,neg,0.550,-0.0025,0.6546
v3,P5_gingervampire,1618033,blk08,pos,0.550,0.05275,1.8066
v3,P5_gingervampire,1618033,blk09,neg,0.550,-0.03448,0.7755
v3,P5_gingervampire,1618033,blk09,pos,0.550,-0.02916,0.7923
v3,P5_gingervampire,1618033,blk10,neg,0.450,-0.03868,0.4423
v3,P5_gingervampire,1618033,blk10,pos,0.450,0.00832,0.3545
v3,P5_gingervampire,1618033,blk11,neg,0.450,0.02333,1.5493
v3,P5_gingervampire,1618033,blk11,pos,0.250,-0.01789,-0.9021
v3,P5_gingervampire,1618033,blk11,pos,0.450,-0.06654,-0.8752
v3,P5_gingervampire,1618033,blk12,neg,0.450,-0.0263,0.0629
v3,P5_gingervampire,1618033,blk12,pos,0.400,0.00947,1.2588
v3,P5_gingervampire,1618033,blk13,neg,0.450,-0.03947,-0.9439
v3,P5_gingervampire,1618033,blk13,pos,0.400,-0.04108,1.7516
v3,P5_gingervampire,1618033,blk14,neg,0.550,0.00236,0.2239
v3,P5_gingervampire,1618033,blk14,pos,0.400,-0.04172,1.395
v3,P5_gingervampire,1618033,blk15,neg,0.450,-0.04942,-0.4625
v3,P5_gingervampire,1618033,blk15,pos,0.400,0.09072,1.5931
v3,P5_gingervampire,1618033,blk16,neg,0.450,-0.02686,-0.7255
v3,P5_gingervampire,1618033,blk16,pos,0.300,0.05035,2.4489
v3,P5_gingervampire,1618033,blk17,neg,0.450,0.0179,0.2764
v3,P5_gingervampire,1618033,blk17,pos,0.250,-0.01462,-0.0477
v3,P5_gingervampire,1618033,blk17,pos,0.400,-0.03211,0.3322
v3,P5_gingervampire,1618033,blk18,neg,0.450,-0.00175,0.3152
v3,P5_gingervampire,1618033,blk18,pos,0.200,-0.01862,0.5981
v3,P5_gingervampire,1618033,blk18,pos,0.300,-0.01754,1.0554
v3,P5_gingervampire,1618033,blk19,neg,0.450,-0.02324,-0.8386
v3,P5_gingervampire,1618033,blk19,pos,0.250,0.00977,1.2049
v3,P5_gingervampire,1618033,blk20,neg,0.550,0.01554,0.6708
v3,P5_gingervampire,1618033,blk20,pos,0.450,-0.03772,0.5204
v3,P5_gingervampire,1618033,blk21,neg,0.450,0.00945,0.8828
v3,P5_gingervampire,1618033,blk21,pos,0.250,0.00495,0.6311
v3,P5_gingervampire,1618033,blk22,neg,0.450,0.01662,1.3753
v3,P5_gingervampire,1618033,blk22,pos,0.250,0.02518,0.1802
v3,P5_gingervampire,1618033,blk23,neg,0.300,0.03843,0.936
v3,P5_gingervampire,1618033,blk23,pos,0.150,-0.05266,-0.7655
v3,P5_gingervampire,1618033,blk23,pos,0.300,-0.10584,-1.787
v3,P5_gingervampire,1618033,blk24,neg,0.400,-0.02843,-0.1481
v3,P5_gingervampire,1618033,blk24,pos,0.200,0.01531,0.2193
v3,P5_gingervampire,1618033,blk25,neg,0.450,-0.06985,-0.9714
v3,P5_gingervampire,1618033,blk25,pos,0.250,0.05258,0.0267
v3,P5_gingervampire,1618033,blk26,neg,0.250,-0.02595,-0.5163
v3,P5_gingervampire,1618033,blk26,pos,0.150,-0.05993,0.6589
v3,P5_gingervampire,1618033,blk27,neg,0.075,0.07655,0.2915
v3,P5_gingervampire,1618033,blk27,neg,0.250,0.15319,0.6909
v3,P5_gingervampire,1618033,blk27,pos,0.050,-0.05635,-0.2186
v3,P6_ghostgirl,1618033,blk00,neg,0.200,-0.00089,-0.3938
v3,P6_ghostgirl,1618033,blk00,pos,0.250,-0.01769,-0.2187
v3,P6_ghostgirl,1618033,blk01,neg,0.400,-0.00631,-0.0958
v3,P6_ghostgirl,1618033,blk01,pos,0.250,0.00549,0.1675
v3,P6_ghostgirl,1618033,blk02,neg,0.450,0.00568,0.1154
v3,P6_ghostgirl,1618033,blk02,pos,0.400,-0.00483,-0.0759
v3,P6_ghostgirl,1618033,blk03,neg,0.300,-0.00149,-0.0838
v3,P6_ghostgirl,1618033,blk03,neg,0.550,-0.00591,-0.2338
v3,P6_ghostgirl,1618033,blk03,pos,0.400,-0.01954,-0.7916
v3,P6_ghostgirl,1618033,blk04,neg,0.300,-0.00712,-0.1954
v3,P6_ghostgirl,1618033,blk04,neg,0.550,0.00285,0.6345
v3,P6_ghostgirl,1618033,blk04,pos,0.550,-0.01054,-0.3499
v3,P6_ghostgirl,1618033,blk05,neg,0.550,-0.00649,-0.1304
v3,P6_ghostgirl,1618033,blk05,pos,0.550,-0.00432,0.1173
v3,P6_ghostgirl,1618033,blk06,neg,0.550,-0.01487,-1.1896
v3,P6_ghostgirl,1618033,blk06,pos,0.550,-0.01335,-0.7973
v3,P6_ghostgirl,1618033,blk07,neg,0.550,0.0076,0.7431
v3,P6_ghostgirl,1618033,blk07,pos,0.300,-0.01612,-0.7318
v3,P6_ghostgirl,1618033,blk07,pos,0.550,-0.01022,0.2183
v3,P6_ghostgirl,1618033,blk08,neg,0.300,-0.00885,-0.2793
v3,P6_ghostgirl,1618033,blk08,neg,0.550,-0.00814,-0.3051
v3,P6_ghostgirl,1618033,blk08,pos,0.550,0.01032,1.1357
v3,P6_ghostgirl,1618033,blk09,neg,0.550,-0.01909,-0.2044
v3,P6_ghostgirl,1618033,blk09,pos,0.550,0.00928,0.8729
v3,P6_ghostgirl,1618033,blk10,neg,0.450,-0.02094,-1.2332
v3,P6_ghostgirl,1618033,blk10,pos,0.450,0.02086,1.2652
v3,P6_ghostgirl,1618033,blk11,neg,0.450,-0.01407,-0.7264
v3,P6_ghostgirl,1618033,blk11,pos,0.250,0.01127,1.0163
v3,P6_ghostgirl,1618033,blk11,pos,0.450,0.01897,1.7256
v3,P6_ghostgirl,1618033,blk12,neg,0.450,-0.00533,-0.3646
v3,P6_ghostgirl,1618033,blk12,pos,0.400,0.0089,0.3966
v3,P6_ghostgirl,1618033,blk13,neg,0.450,0.00157,0.326
v3,P6_ghostgirl,1618033,blk13,pos,0.400,0.0145,1.488
v3,P6_ghostgirl,1618033,blk14,neg,0.550,-0.00936,-0.0503
v3,P6_ghostgirl,1618033,blk14,pos,0.400,0.00659,0.1543
v3,P6_ghostgirl,1618033,blk15,neg,0.450,-0.0088,-0.1061
v3,P6_ghostgirl,1618033,blk15,pos,0.400,0.00342,0.1765
v3,P6_ghostgirl,1618033,blk16,neg,0.450,0.0041,0.9189
v3,P6_ghostgirl,1618033,blk16,pos,0.300,0.00106,-0.5591
v3,P6_ghostgirl,1618033,blk17,neg,0.450,-0.0051,0.0728
v3,P6_ghostgirl,1618033,blk17,pos,0.250,-0.01362,-1.0197
v3,P6_ghostgirl,1618033,blk17,pos,0.400,0.00262,0.3036
v3,P6_ghostgirl,1618033,blk18,neg,0.450,-0.00411,-0.3425
v3,P6_ghostgirl,1618033,blk18,pos,0.200,-0.00705,0.1528
v3,P6_ghostgirl,1618033,blk18,pos,0.300,-0.00532,0.1588
v3,P6_ghostgirl,1618033,blk19,neg,0.450,-0.01217,-1.2002
v3,P6_ghostgirl,1618033,blk19,pos,0.250,-0.00902,-0.4404
v3,P6_ghostgirl,1618033,blk20,neg,0.550,-0.00867,-0.3408
v3,P6_ghostgirl,1618033,blk20,pos,0.450,0.0119,-0.1456
v3,P6_ghostgirl,1618033,blk21,neg,0.450,0.00423,0.0735
v3,P6_ghostgirl,1618033,blk21,pos,0.250,-0.00797,-0.5702
v3,P6_ghostgirl,1618033,blk22,neg,0.450,0.00027,-0.4717
v3,P6_ghostgirl,1618033,blk22,pos,0.250,0.00238,0.9854
v3,P6_ghostgirl,1618033,blk23,neg,0.300,0.00346,0.6469
v3,P6_ghostgirl,1618033,blk23,pos,0.150,-0.01194,-1.0909
v3,P6_ghostgirl,1618033,blk23,pos,0.300,-0.01977,-1.9009
v3,P6_ghostgirl,1618033,blk24,neg,0.400,0.00831,-0.0598
v3,P6_ghostgirl,1618033,blk24,pos,0.200,-0.00049,0.0441
v3,P6_ghostgirl,1618033,blk25,neg,0.450,-0.01129,-0.7918
v3,P6_ghostgirl,1618033,blk25,pos,0.250,-0.0033,0.2263
v3,P6_ghostgirl,1618033,blk26,neg,0.250,-0.01329,-0.4314
v3,P6_ghostgirl,1618033,blk26,pos,0.150,-0.00182,-0.0872
v3,P6_ghostgirl,1618033,blk27,neg,0.075,-0.00832,-0.3219
v3,P6_ghostgirl,1618033,blk27,neg,0.250,-0.01815,-0.0805
v3,P6_ghostgirl,1618033,blk27,pos,0.050,-0.00408,-0.3259
v4,P1_crown_topdown,1234567,blk00,neg,0.200,-0.05036,-0.0768
v4,P1_crown_topdown,1234567,blk00,pos,0.250,0.00129,0.0044
v4,P1_crown_topdown,1234567,blk01,neg,0.400,-0.07237,-0.9327
v4,P1_crown_topdown,1234567,blk01,pos,0.250,-0.04404,0.1934
v4,P1_crown_topdown,1234567,blk02,neg,0.450,0.01334,1.5027
v4,P1_crown_topdown,1234567,blk02,pos,0.400,-0.05564,-0.9599
v4,P1_crown_topdown,1234567,blk03,neg,0.300,0.01165,-0.3102
v4,P1_crown_topdown,1234567,blk03,neg,0.550,0.01272,0.008
v4,P1_crown_topdown,1234567,blk03,pos,0.400,-0.05495,1.1156
v4,P1_crown_topdown,1234567,blk04,neg,0.300,-0.05955,0.0145
v4,P1_crown_topdown,1234567,blk04,neg,0.550,-0.04985,0.1384
v4,P1_crown_topdown,1234567,blk04,pos,0.550,-0.02575,2.9621
v4,P1_crown_topdown,1234567,blk05,neg,0.550,0.0009,0.7095
v4,P1_crown_topdown,1234567,blk05,pos,0.550,-0.07523,-0.2296
v4,P1_crown_topdown,1234567,blk06,neg,0.550,-0.01037,1.3744
v4,P1_crown_topdown,1234567,blk06,pos,0.550,-0.09391,2.5389
v4,P1_crown_topdown,1234567,blk07,neg,0.550,-0.0151,0.5221
v4,P1_crown_topdown,1234567,blk07,pos,0.300,-0.03843,1.1645
v4,P1_crown_topdown,1234567,blk07,pos,0.550,0.04731,4.2632
v4,P1_crown_topdown,1234567,blk08,neg,0.300,-0.04197,0.4317
v4,P1_crown_topdown,1234567,blk08,neg,0.550,-0.05516,0.7673
v4,P1_crown_topdown,1234567,blk08,pos,0.550,0.0372,3.1558
v4,P1_crown_topdown,1234567,blk09,neg,0.550,-0.05291,-0.2663
v4,P1_crown_topdown,1234567,blk09,pos,0.550,-0.03869,1.303
v4,P1_crown_topdown,1234567,blk10,neg,0.450,0.05253,2.1636
v4,P1_crown_topdown,1234567,blk10,pos,0.450,-0.0419,-3.5064
v4,P1_crown_topdown,1234567,blk11,neg,0.450,0.04968,0.5331
v4,P1_crown_topdown,1234567,blk11,pos,0.250,-0.07099,-0.207
v4,P1_crown_topdown,1234567,blk11,pos,0.450,-0.14393,-1.7236
v4,P1_crown_topdown,1234567,blk12,neg,0.450,-0.07526,-1.2788
v4,P1_crown_topdown,1234567,blk12,pos,0.400,-0.01591,2.9667
v4,P1_crown_topdown,1234567,blk13,neg,0.450,0.00159,0.6719
v4,P1_crown_topdown,1234567,blk13,pos,0.400,-0.05594,0.8664
v4,P1_crown_topdown,1234567,blk14,neg,0.550,-0.04683,1.0593
v4,P1_crown_topdown,1234567,blk14,pos,0.400,-0.09942,-0.2619
v4,P1_crown_topdown,1234567,blk15,neg,0.450,-0.05125,-0.7316
v4,P1_crown_topdown,1234567,blk15,pos,0.400,-0.07037,0.6896
v4,P1_crown_topdown,1234567,blk16,neg,0.450,-0.0384,-1.0475
v4,P1_crown_topdown,1234567,blk16,pos,0.300,-0.02217,1.5685
v4,P1_crown_topdown,1234567,blk17,neg,0.450,0.03463,0.2701
v4,P1_crown_topdown,1234567,blk17,pos,0.250,-0.10017,-1.3436
v4,P1_crown_topdown,1234567,blk17,pos,0.400,-0.09229,-2.2395
v4,P1_crown_topdown,1234567,blk18,neg,0.450,0.0381,0.7447
v4,P1_crown_topdown,1234567,blk18,pos,0.200,-0.09272,-0.9183
v4,P1_crown_topdown,1234567,blk18,pos,0.300,-0.12361,-0.8821
v4,P1_crown_topdown,1234567,blk19,neg,0.450,-0.01716,0.0003
v4,P1_crown_topdown,1234567,blk19,pos,0.250,-0.07984,0.5318
v4,P1_crown_topdown,1234567,blk20,neg,0.550,-0.03091,0.2356
v4,P1_crown_topdown,1234567,blk20,pos,0.450,0.02562,0.6106
v4,P1_crown_topdown,1234567,blk21,neg,0.450,0.00854,1.8584
v4,P1_crown_topdown,1234567,blk21,pos,0.250,0.01285,2.0676
v4,P1_crown_topdown,1234567,blk22,neg,0.450,-0.04981,1.4708
v4,P1_crown_topdown,1234567,blk22,pos,0.250,0.03705,0.5132
v4,P1_crown_topdown,1234567,blk23,neg,0.300,0.01083,2.0013
v4,P1_crown_topdown,1234567,blk23,pos,0.150,-0.0209,-1.2677
v4,P1_crown_topdown,1234567,blk23,pos,0.300,-0.06202,-2.8002
v4,P1_crown_topdown,1234567,blk24,neg,0.400,-0.07078,1.0771
v4,P1_crown_topdown,1234567,blk24,pos,0.200,0.04057,-0.2502
v4,P1_crown_topdown,1234567,blk25,neg,0.450,0.02537,0.1409
v4,P1_crown_topdown,1234567,blk25,pos,0.250,0.05694,0.0859
v4,P1_crown_topdown,1234567,blk26,neg,0.250,-0.02777,-0.0794
v4,P1_crown_topdown,1234567,blk26,pos,0.150,-0.10018,1.6932
v4,P1_crown_topdown,1234567,blk27,neg,0.075,0.11564,-0.4531
v4,P1_crown_topdown,1234567,blk27,neg,0.250,0.14249,-2.2905
v4,P1_crown_topdown,1234567,blk27,neg,0.750,0.1374,-2.6454
v4,P1_crown_topdown,1234567,blk27,pos,0.050,-0.07448,0.1764
v4,P2_crown_bottomup,1234567,blk00,neg,0.200,-0.00931,0.2768
v4,P2_crown_bottomup,1234567,blk00,pos,0.250,0.03269,-1.3303
v4,P2_crown_bottomup,1234567,blk01,neg,0.400,-0.05858,-1.8831
v4,P2_crown_bottomup,1234567,blk01,pos,0.250,-0.00097,-1.956
v4,P2_crown_bottomup,1234567,blk02,neg,0.450,0.04375,0.0158
v4,P2_crown_bottomup,1234567,blk02,pos,0.400,-0.0711,-2.7284
v4,P2_crown_bottomup,1234567,blk03,neg,0.300,-0.01751,-1.4513
v4,P2_crown_bottomup,1234567,blk03,neg,0.550,-0.01825,-1.6999
v4,P2_crown_bottomup,1234567,blk03,pos,0.400,-0.04043,-0.2704
v4,P2_crown_bottomup,1234567,blk04,neg,0.300,-0.02376,-0.6702
v4,P2_crown_bottomup,1234567,blk04,neg,0.550,-0.02203,-2.2997
v4,P2_crown_bottomup,1234567,blk04,pos,0.550,-0.01423,0.6907
v4,P2_crown_bottomup,1234567,blk05,neg,0.550,0.02246,-0.6402
v4,P2_crown_bottomup,1234567,blk05,pos,0.550,-0.04443,-3.6001
v4,P2_crown_bottomup,1234567,blk06,neg,0.550,-0.00744,-1.4167
v4,P2_crown_bottomup,1234567,blk06,pos,0.550,-0.04607,-0.3055
v4,P2_crown_bottomup,1234567,blk07,neg,0.550,-0.0122,-0.6621
v4,P2_crown_bottomup,1234567,blk07,pos,0.300,-0.03064,-1.1416
v4,P2_crown_bottomup,1234567,blk07,pos,0.550,0.00585,1.3619
v4,P2_crown_bottomup,1234567,blk08,neg,0.300,-0.04008,-2.0925
v4,P2_crown_bottomup,1234567,blk08,neg,0.550,-0.02481,-1.2977
v4,P2_crown_bottomup,1234567,blk08,pos,0.550,0.01618,0.1028
v4,P2_crown_bottomup,1234567,blk09,neg,0.550,-0.01707,-3.6936
v4,P2_crown_bottomup,1234567,blk09,pos,0.550,-0.07654,-3.2322
v4,P2_crown_bottomup,1234567,blk10,neg,0.450,0.01325,-2.2245
v4,P2_crown_bottomup,1234567,blk10,pos,0.450,-0.11264,-4.9799
v4,P2_crown_bottomup,1234567,blk11,neg,0.450,0.02979,-0.5646
v4,P2_crown_bottomup,1234567,blk11,pos,0.250,-0.00403,-2.177
v4,P2_crown_bottomup,1234567,blk11,pos,0.450,-0.0728,-3.7107
v4,P2_crown_bottomup,1234567,blk12,neg,0.450,-0.0039,-2.7211
v4,P2_crown_bottomup,1234567,blk12,pos,0.400,0.07049,2.307
v4,P2_crown_bottomup,1234567,blk13,neg,0.450,0.01917,0.6736
v4,P2_crown_bottomup,1234567,blk13,pos,0.400,-0.00231,-1.5749
v4,P2_crown_bottomup,1234567,blk14,neg,0.550,-0.01587,0.0521
v4,P2_crown_bottomup,1234567,blk14,pos,0.400,-0.12394,-2.9267
v4,P2_crown_bottomup,1234567,blk15,neg,0.450,-0.06487,-2.6553
v4,P2_crown_bottomup,1234567,blk15,pos,0.400,0.00467,1.7297
v4,P2_crown_bottomup,1234567,blk16,neg,0.450,-0.04833,-2.2138
v4,P2_crown_bottomup,1234567,blk16,pos,0.300,0.01351,1.1938
v4,P2_crown_bottomup,1234567,blk17,neg,0.450,0.02517,-1.6876
v4,P2_crown_bottomup,1234567,blk17,pos,0.250,-0.066,-2.3455
v4,P2_crown_bottomup,1234567,blk17,pos,0.400,-0.12037,-3.4728
v4,P2_crown_bottomup,1234567,blk18,neg,0.450,0.02773,-0.3833
v4,P2_crown_bottomup,1234567,blk18,pos,0.200,-0.05765,-1.5754
v4,P2_crown_bottomup,1234567,blk18,pos,0.300,-0.06797,-2.0207
v4,P2_crown_bottomup,1234567,blk19,neg,0.450,-0.00756,-2.5384
v4,P2_crown_bottomup,1234567,blk19,pos,0.250,-0.0175,0.4784
v4,P2_crown_bottomup,1234567,blk20,neg,0.550,-0.01099,0.0604
v4,P2_crown_bottomup,1234567,blk20,pos,0.450,0.11221,0.0305
v4,P2_crown_bottomup,1234567,blk21,neg,0.450,0.05494,1.7079
v4,P2_crown_bottomup,1234567,blk21,pos,0.250,0.02779,0.863
v4,P2_crown_bottomup,1234567,blk22,neg,0.450,-0.0263,0.5797
v4,P2_crown_bottomup,1234567,blk22,pos,0.250,0.04255,-0.8193
v4,P2_crown_bottomup,1234567,blk23,neg,0.300,0.03272,2.3498
v4,P2_crown_bottomup,1234567,blk23,pos,0.150,-0.00082,-1.3698
v4,P2_crown_bottomup,1234567,blk23,pos,0.300,-0.01626,-3.6265
v4,P2_crown_bottomup,1234567,blk24,neg,0.400,-0.03334,-0.8477
v4,P2_crown_bottomup,1234567,blk24,pos,0.200,0.0368,-0.5157
v4,P2_crown_bottomup,1234567,blk25,neg,0.450,0.0468,-0.0477
v4,P2_crown_bottomup,1234567,blk25,pos,0.250,0.05095,-0.8599
v4,P2_crown_bottomup,1234567,blk26,neg,0.250,0.00258,-1.6084
v4,P2_crown_bottomup,1234567,blk26,pos,0.150,-0.06409,0.3392
v4,P2_crown_bottomup,1234567,blk27,neg,0.075,0.1047,-0.1642
v4,P2_crown_bottomup,1234567,blk27,neg,0.250,0.22363,-3.1287
v4,P2_crown_bottomup,1234567,blk27,neg,0.750,0.25534,-6.1902
v4,P2_crown_bottomup,1234567,blk27,pos,0.050,-0.06404,-0.0191
v4,P3_crown_rusted,1234567,blk00,neg,0.200,-0.01448,1.6321
v4,P3_crown_rusted,1234567,blk00,pos,0.250,0.02121,-1.8217
v4,P3_crown_rusted,1234567,blk01,neg,0.400,-0.01827,-0.5091
v4,P3_crown_rusted,1234567,blk01,pos,0.250,0.01991,-0.0104
v4,P3_crown_rusted,1234567,blk02,neg,0.450,0.00488,0.8505
v4,P3_crown_rusted,1234567,blk02,pos,0.400,0.02757,-0.4739
v4,P3_crown_rusted,1234567,blk03,neg,0.300,0.0296,0.8469
v4,P3_crown_rusted,1234567,blk03,neg,0.550,0.03796,0.685
v4,P3_crown_rusted,1234567,blk03,pos,0.400,0.01046,0.6905
v4,P3_crown_rusted,1234567,blk04,neg,0.300,0.00812,0.4334
v4,P3_crown_rusted,1234567,blk04,neg,0.550,-0.01059,-0.3915
v4,P3_crown_rusted,1234567,blk04,pos,0.550,0.01288,-0.492
v4,P3_crown_rusted,1234567,blk05,neg,0.550,-0.00393,-0.8734
v4,P3_crown_rusted,1234567,blk05,pos,0.550,-0.06448,-2.0317
v4,P3_crown_rusted,1234567,blk06,neg,0.550,-0.0003,-0.4146
v4,P3_crown_rusted,1234567,blk06,pos,0.550,-0.08778,-1.979
v4,P3_crown_rusted,1234567,blk07,neg,0.550,-0.03394,-0.0296
v4,P3_crown_rusted,1234567,blk07,pos,0.300,-0.02909,0.2185
v4,P3_crown_rusted,1234567,blk07,pos,0.550,-0.09604,-1.8547
v4,P3_crown_rusted,1234567,blk08,neg,0.300,-0.01208,1.5507
v4,P3_crown_rusted,1234567,blk08,neg,0.550,-0.03852,0.9575
v4,P3_crown_rusted,1234567,blk08,pos,0.550,0.01861,-0.8155
v4,P3_crown_rusted,1234567,blk09,neg,0.550,-0.04398,-1.5328
v4,P3_crown_rusted,1234567,blk09,pos,0.550,-0.02199,-2.0152
v4,P3_crown_rusted,1234567,blk10,neg,0.450,0.05228,-1.9783
v4,P3_crown_rusted,1234567,blk10,pos,0.450,-0.12883,-4.5422
v4,P3_crown_rusted,1234567,blk11,neg,0.450,0.02043,-1.377
v4,P3_crown_rusted,1234567,blk11,pos,0.250,0.06646,-0.6326
v4,P3_crown_rusted,1234567,blk11,pos,0.450,-0.00726,-3.4657
v4,P3_crown_rusted,1234567,blk12,neg,0.450,-0.03321,-2.5992
v4,P3_crown_rusted,1234567,blk12,pos,0.400,0.12274,3.1434
v4,P3_crown_rusted,1234567,blk13,neg,0.450,-0.00216,1.0367
v4,P3_crown_rusted,1234567,blk13,pos,0.400,0.02138,0.0378
v4,P3_crown_rusted,1234567,blk14,neg,0.550,-0.01014,-0.8625
v4,P3_crown_rusted,1234567,blk14,pos,0.400,0.06749,1.9159
v4,P3_crown_rusted,1234567,blk15,neg,0.450,-0.03787,-1.4116
v4,P3_crown_rusted,1234567,blk15,pos,0.400,-0.07319,0.0217
v4,P3_crown_rusted,1234567,blk16,neg,0.450,-0.00911,-0.3701
v4,P3_crown_rusted,1234567,blk16,pos,0.300,-0.01412,-0.5295
v4,P3_crown_rusted,1234567,blk17,neg,0.450,0.06163,-0.5115
v4,P3_crown_rusted,1234567,blk17,pos,0.250,-0.06073,-1.2818
v4,P3_crown_rusted,1234567,blk17,pos,0.400,-0.05523,-2.2084
v4,P3_crown_rusted,1234567,blk18,neg,0.450,0.01337,0.39
v4,P3_crown_rusted,1234567,blk18,pos,0.200,-0.01112,-0.6935
v4,P3_crown_rusted,1234567,blk18,pos,0.300,-0.09501,-2.6751
v4,P3_crown_rusted,1234567,blk19,neg,0.450,0.05815,-0.7755
v4,P3_crown_rusted,1234567,blk19,pos,0.250,-0.00067,0.0932
v4,P3_crown_rusted,1234567,blk20,neg,0.550,0.03534,-0.0174
v4,P3_crown_rusted,1234567,blk20,pos,0.450,0.11515,-1.6935
v4,P3_crown_rusted,1234567,blk21,neg,0.450,0.10323,1.3441
v4,P3_crown_rusted,1234567,blk21,pos,0.250,0.01821,2.0847
v4,P3_crown_rusted,1234567,blk22,neg,0.450,-0.02501,0.5316
v4,P3_crown_rusted,1234567,blk22,pos,0.250,0.04133,0.198
v4,P3_crown_rusted,1234567,blk23,neg,0.300,0.02798,1.7637
v4,P3_crown_rusted,1234567,blk23,pos,0.150,-0.02424,-1.3012
v4,P3_crown_rusted,1234567,blk23,pos,0.300,-0.04219,-3.3339
v4,P3_crown_rusted,1234567,blk24,neg,0.400,-0.02772,-0.4122
v4,P3_crown_rusted,1234567,blk24,pos,0.200,0.04019,-0.3241
v4,P3_crown_rusted,1234567,blk25,neg,0.450,0.02236,0.1269
v4,P3_crown_rusted,1234567,blk25,pos,0.250,0.07257,0.2877
v4,P3_crown_rusted,1234567,blk26,neg,0.250,-0.00992,-0.7803
v4,P3_crown_rusted,1234567,blk26,pos,0.150,-0.06925,1.2838
v4,P3_crown_rusted,1234567,blk27,neg,0.075,0.10717,-0.1522
v4,P3_crown_rusted,1234567,blk27,neg,0.250,0.21661,-1.2593
v4,P3_crown_rusted,1234567,blk27,pos,0.050,-0.06131,0.0725
v4,P4_crown_glass,1234567,blk00,neg,0.200,-0.0283,1.4593
v4,P4_crown_glass,1234567,blk00,pos,0.250,0.00048,-0.2304
v4,P4_crown_glass,1234567,blk01,neg,0.400,-0.02599,0.753
v4,P4_crown_glass,1234567,blk01,pos,0.250,-0.03475,-0.0352
v4,P4_crown_glass,1234567,blk02,neg,0.450,-0.0117,0.3898
v4,P4_crown_glass,1234567,blk02,pos,0.400,-0.02613,-1.1789
v4,P4_crown_glass,1234567,blk03,neg,0.300,-0.02759,-0.4666
v4,P4_crown_glass,1234567,blk03,neg,0.550,-0.03336,-0.8252
v4,P4_crown_glass,1234567,blk03,pos,0.400,0.03269,2.4194
v4,P4_crown_glass,1234567,blk04,neg,0.300,-0.03072,-0.5446
v4,P4_crown_glass,1234567,blk04,neg,0.550,-0.03423,-0.0813
v4,P4_crown_glass,1234567,blk04,pos,0.550,0.02972,1.9008
v4,P4_crown_glass,1234567,blk05,neg,0.550,-0.00471,0.0102
v4,P4_crown_glass,1234567,blk05,pos,0.550,-0.08405,-1.0571
v4,P4_crown_glass,1234567,blk06,neg,0.550,-0.03035,-0.9947
v4,P4_crown_glass,1234567,blk06,pos,0.550,-0.02791,0.7454
v4,P4_crown_glass,1234567,blk07,neg,0.550,-0.06305,-0.9154
v4,P4_crown_glass,1234567,blk07,pos,0.300,-0.02953,1.348
v4,P4_crown_glass,1234567,blk07,pos,0.550,-0.04259,1.7376
v4,P4_crown_glass,1234567,blk08,neg,0.300,-0.03278,0.5575
v4,P4_crown_glass,1234567,blk08,neg,0.550,-0.02464,0.779
v4,P4_crown_glass,1234567,blk08,pos,0.550,-0.00883,-1.3912
v4,P4_crown_glass,1234567,blk09,neg,0.550,-0.04397,-0.6338
v4,P4_crown_glass,1234567,blk09,pos,0.550,-0.1032,-2.5932
v4,P4_crown_glass,1234567,blk10,neg,0.450,0.05667,-0.171
v4,P4_crown_glass,1234567,blk10,pos,0.450,-0.14537,-3.5127
v4,P4_crown_glass,1234567,blk11,neg,0.450,0.01516,-0.8504
v4,P4_crown_glass,1234567,blk11,pos,0.250,0.0043,0.1601
v4,P4_crown_glass,1234567,blk11,pos,0.450,-0.04124,-1.1872
v4,P4_crown_glass,1234567,blk12,neg,0.450,-0.01994,-1.9167
v4,P4_crown_glass,1234567,blk12,pos,0.400,0.05798,1.9446
v4,P4_crown_glass,1234567,blk13,neg,0.450,-0.02215,0.4898
v4,P4_crown_glass,1234567,blk13,pos,0.400,0.01035,1.4617
v4,P4_crown_glass,1234567,blk14,neg,0.550,-0.03402,-1.1284
v4,P4_crown_glass,1234567,blk14,pos,0.400,0.00232,3.266
v4,P4_crown_glass,1234567,blk15,neg,0.450,-0.04103,-1.3223
v4,P4_crown_glass,1234567,blk15,pos,0.400,-0.09389,2.4738
v4,P4_crown_glass,1234567,blk16,neg,0.450,-0.03459,-0.9227
v4,P4_crown_glass,1234567,blk16,pos,0.300,0.01319,0.6141
v4,P4_crown_glass,1234567,blk17,neg,0.450,0.02215,-0.1859
v4,P4_crown_glass,1234567,blk17,pos,0.250,-0.06138,-1.2413
v4,P4_crown_glass,1234567,blk17,pos,0.400,-0.08675,-2.0232
v4,P4_crown_glass,1234567,blk18,neg,0.450,0.01565,0.5327
v4,P4_crown_glass,1234567,blk18,pos,0.200,-0.03175,-1.1811
v4,P4_crown_glass,1234567,blk18,pos,0.300,-0.08811,-2.0498
v4,P4_crown_glass,1234567,blk19,neg,0.450,0.04748,-0.341
v4,P4_crown_glass,1234567,blk19,pos,0.250,-0.05956,-0.0585
v4,P4_crown_glass,1234567,blk20,neg,0.550,-0.02748,0.7526
v4,P4_crown_glass,1234567,blk20,pos,0.450,0.08136,-1.3885
v4,P4_crown_glass,1234567,blk21,neg,0.450,0.05705,1.3347
v4,P4_crown_glass,1234567,blk21,pos,0.250,0.0231,2.7232
v4,P4_crown_glass,1234567,blk22,neg,0.450,-0.06808,-0.7008
v4,P4_crown_glass,1234567,blk22,pos,0.250,0.04962,-0.1898
v4,P4_crown_glass,1234567,blk23,neg,0.300,0.01393,1.4296
v4,P4_crown_glass,1234567,blk23,pos,0.150,-0.01608,-1.1819
v4,P4_crown_glass,1234567,blk23,pos,0.300,-0.01716,-2.248
v4,P4_crown_glass,1234567,blk24,neg,0.400,-0.0001,-0.1886
v4,P4_crown_glass,1234567,blk24,pos,0.200,0.0468,0.0076
v4,P4_crown_glass,1234567,blk25,neg,0.450,0.03579,0.1479
v4,P4_crown_glass,1234567,blk25,pos,0.250,0.05118,-0.0455
v4,P4_crown_glass,1234567,blk26,neg,0.250,-0.02939,-0.5729
v4,P4_crown_glass,1234567,blk26,pos,0.150,-0.07851,1.0888
v4,P4_crown_glass,1234567,blk27,neg,0.075,0.11048,-0.0395
v4,P4_crown_glass,1234567,blk27,neg,0.250,0.19115,-0.9588
v4,P4_crown_glass,1234567,blk27,pos,0.050,-0.06401,-0.0358
v4,P5_comic_panels,1234567,blk00,neg,0.200,0.03964,0.9457
v4,P5_comic_panels,1234567,blk00,pos,0.250,-0.01634,-0.9645
v4,P5_comic_panels,1234567,blk01,neg,0.400,-0.02372,-1.248
v4,P5_comic_panels,1234567,blk01,pos,0.250,0.02372,0.4309
v4,P5_comic_panels,1234567,blk02,neg,0.450,0.01957,1.0557
v4,P5_comic_panels,1234567,blk02,pos,0.400,-0.00373,-0.2477
v4,P5_comic_panels,1234567,blk03,neg,0.300,-0.00392,-0.0399
v4,P5_comic_panels,1234567,blk03,neg,0.550,0.00393,0.2466
v4,P5_comic_panels,1234567,blk03,pos,0.400,0.01392,0.3562
v4,P5_comic_panels,1234567,blk04,neg,0.300,0.00251,-0.3322
v4,P5_comic_panels,1234567,blk04,neg,0.550,0.01384,0.1019
v4,P5_comic_panels,1234567,blk04,pos,0.550,0.07198,3.133
v4,P5_comic_panels,1234567,blk05,neg,0.550,0.00356,0.4093
v4,P5_comic_panels,1234567,blk05,pos,0.550,0.04099,2.1746
v4,P5_comic_panels,1234567,blk06,neg,0.550,0.00981,0.7545
v4,P5_comic_panels,1234567,blk06,pos,0.550,0.02483,1.5495
v4,P5_comic_panels,1234567,blk07,neg,0.550,-0.00246,0.26
v4,P5_comic_panels,1234567,blk07,pos,0.300,0.00595,0.1358
v4,P5_comic_panels,1234567,blk07,pos,0.550,0.07513,3.608
v4,P5_comic_panels,1234567,blk08,neg,0.300,0.02011,0.5532
v4,P5_comic_panels,1234567,blk08,neg,0.550,0.02138,0.2934
v4,P5_comic_panels,1234567,blk08,pos,0.550,0.06093,2.4095
v4,P5_comic_panels,1234567,blk09,neg,0.550,0.03064,2.0181
v4,P5_comic_panels,1234567,blk09,pos,0.550,0.08173,1.226
v4,P5_comic_panels,1234567,blk10,neg,0.450,0.0444,1.9601
v4,P5_comic_panels,1234567,blk10,pos,0.450,0.05609,0.8239
v4,P5_comic_panels,1234567,blk11,neg,0.450,0.01664,0.4654
v4,P5_comic_panels,1234567,blk11,pos,0.250,0.02139,0.7804
v4,P5_comic_panels,1234567,blk11,pos,0.450,0.04297,2.1089
v4,P5_comic_panels,1234567,blk12,neg,0.450,0.01109,0.4388
v4,P5_comic_panels,1234567,blk12,pos,0.400,0.0442,0.904
v4,P5_comic_panels,1234567,blk13,neg,0.450,0.00642,0.0817
v4,P5_comic_panels,1234567,blk13,pos,0.400,0.02468,0.6239
v4,P5_comic_panels,1234567,blk14,neg,0.550,0.00039,-0.05
v4,P5_comic_panels,1234567,blk14,pos,0.400,0.06531,2.4257
v4,P5_comic_panels,1234567,blk15,neg,0.450,-0.00563,-0.3605
v4,P5_comic_panels,1234567,blk15,pos,0.400,0.07564,1.4763
v4,P5_comic_panels,1234567,blk16,neg,0.450,-0.00168,-0.6707
v4,P5_comic_panels,1234567,blk16,pos,0.300,0.08144,3.0158
v4,P5_comic_panels,1234567,blk17,neg,0.450,0.03779,0.9678
v4,P5_comic_panels,1234567,blk17,pos,0.250,-0.00542,-0.9069
v4,P5_comic_panels,1234567,blk17,pos,0.400,0.02335,0.2773
v4,P5_comic_panels,1234567,blk18,neg,0.450,0.00537,-0.2943
v4,P5_comic_panels,1234567,blk18,pos,0.200,-0.00198,0.0129
v4,P5_comic_panels,1234567,blk18,pos,0.300,0.01681,0.5985
v4,P5_comic_panels,1234567,blk19,neg,0.450,-0.00966,-0.6274
v4,P5_comic_panels,1234567,blk19,pos,0.250,0.05495,2.2445
v4,P5_comic_panels,1234567,blk20,neg,0.550,0.02675,0.1777
v4,P5_comic_panels,1234567,blk20,pos,0.450,0.09349,4.09
v4,P5_comic_panels,1234567,blk21,neg,0.450,0.03497,0.333
v4,P5_comic_panels,1234567,blk21,pos,0.250,0.02268,1.1501
v4,P5_comic_panels,1234567,blk22,neg,0.450,0.01174,0.5238
v4,P5_comic_panels,1234567,blk22,pos,0.250,0.05393,1.8316
v4,P5_comic_panels,1234567,blk23,neg,0.300,0.05659,2.5434
v4,P5_comic_panels,1234567,blk23,pos,0.150,-0.02929,-1.6116
v4,P5_comic_panels,1234567,blk23,pos,0.300,-0.05375,-3.1862
v4,P5_comic_panels,1234567,blk24,neg,0.400,0.02902,0.5226
v4,P5_comic_panels,1234567,blk24,pos,0.200,0.02023,0.6128
v4,P5_comic_panels,1234567,blk25,neg,0.450,0.00949,-0.6115
v4,P5_comic_panels,1234567,blk25,pos,0.250,0.0279,0.3531
v4,P5_comic_panels,1234567,blk26,neg,0.250,-0.00432,-0.6349
v4,P5_comic_panels,1234567,blk26,pos,0.150,0.0006,0.0991
v4,P5_comic_panels,1234567,blk27,neg,0.075,0.02838,1.1952
v4,P5_comic_panels,1234567,blk27,neg,0.250,0.08271,2.3043
v4,P5_comic_panels,1234567,blk27,pos,0.050,-0.01473,-0.7073
