row,prompt_id,seed,cond,dose,vectors_override,prompt_text,output_prefix,expected_filename,sampler,scheduler,steps,cfg,denoise,width,height
0,E1_cartoon,2718281,baseline,,,"Cartoon style illustration. extreme expression, hard blue-tinted rim light glowing along the edges of her face, screaming in terror, seen from a steep low angle, extreme close-up on the head only, pale skin, tight framing, dutch angle, sharp perspective. female elf, head turning in fear and surprise looking in camera, short blonde hair in a metty bob haircut, slim blonde eyebrows raised, wide teal eyes wide open, mouth stretched open in a full-throated panic scream, a gold necklace is flying around. white background, simple background.",E1_cartoon_baseline_krea2_seed2718281,E1_cartoon_baseline_krea2_seed2718281_00001_.png,euler_ancestral,simple,9,1.0,1.0,1024,1280
1,E1_cartoon,2718281,txtpos,,,"Cartoon style illustration. extreme expression, hard blue-tinted rim light glowing along the edges of her face, screaming in terror, seen from a steep low angle, extreme close-up on the head only, pale skin, tight framing, dutch angle, sharp perspective. female elf, head turning in fear and surprise looking in camera, short blonde hair in a metty bob haircut, slim blonde eyebrows raised, wide teal eyes wide open, mouth stretched open in a full-throated panic scream, a gold necklace is flying around. white background, simple background. colorful, vivid highly saturated colors",E1_cartoon_txtpos_krea2_seed2718281,E1_cartoon_txtpos_krea2_seed2718281_00001_.png,euler_ancestral,simple,9,1.0,1.0,1024,1280
2,E1_cartoon,2718281,txtneg,,,"Cartoon style illustration. extreme expression, hard blue-tinted rim light glowing along the edges of her face, screaming in terror, seen from a steep low angle, extreme close-up on the head only, pale skin, tight framing, dutch angle, sharp perspective. female elf, head turning in fear and surprise looking in camera, short blonde hair in a metty bob haircut, slim blonde eyebrows raised, wide teal eyes wide open, mouth stretched open in a full-throated panic scream, a gold necklace is flying around. white background, simple background. muted colors, desaturated, low saturation",E1_cartoon_txtneg_krea2_seed2718281,E1_cartoon_txtneg_krea2_seed2718281_00001_.png,euler_ancestral,simple,9,1.0,1.0,1024,1280
3,E1_cartoon,2718281,b23_m0.450,-0.450,"0.000,0.000,0.000,0.000,0.000,0.000,0.000,0.000,0.000,0.000,0.000,0.000,0.000,0.000,0.000,0.000,0.000,0.000,0.000,0.000,0.000,0.000,0.000,-0.450,0.000,0.000,0.000,0.000,0.000,0.000,0.000,0.000,0.000,0.000","Cartoon style illustration. extreme expression, hard blue-tinted rim light glowing along the edges of her face, screaming in terror, seen from a steep low angle, extreme close-up on the head only, pale skin, tight framing, dutch angle, sharp perspective. female elf, head turning in fear and surprise looking in camera, short blonde hair in a metty bob haircut, slim blonde eyebrows raised, wide teal eyes wide open, mouth stretched open in a full-throated panic scream, a gold necklace is flying around. white background, simple background.",E1_cartoon_b23_m0.450_krea2_seed2718281,E1_cartoon_b23_m0.450_krea2_seed2718281_00001_.png,euler_ancestral,simple,9,1.0,1.0,1024,1280
4,E1_cartoon,2718281,b23_m0.300,-0.300,"0.000,0.000,0.000,0.000,0.000,0.000,0.000,0.000,0.000,0.000,0.000,0.000,0.000,0.000,0.000,0.000,0.000,0.000,0.000,0.000,0.000,0.000,0.000,-0.300,0.000,0.000,0.000,0.000,0.000,0.000,0.000,0.000,0.000,0.000","Cartoon style illustration. extreme expression, hard blue-tinted rim light glowing along the edges of her face, screaming in terror, seen from a steep low angle, extreme close-up on the head only, pale skin, tight framing, dutch angle, sharp perspective. female elf, head turning in fear and surprise looking in camera, short blonde hair in a metty bob haircut, slim blonde eyebrows raised, wide teal eyes wide open, mouth stretched open in a full-throated panic scream, a gold necklace is flying around. white background, simple background.",E1_cartoon_b23_m0.300_krea2_seed2718281,E1_cartoon_b23_m0.300_krea2_seed2718281_00001_.png,euler_ancestral,simple,9,1.0,1.0,1024,1280
5,E1_cartoon,2718281,b23_m0.150,-0.150,"0.000,0.000,0.000,0.000,0.000,0.000,0.000,0.000,0.000,0.000,0.000,0.000,0.000,0.000,0.000,0.000,0.000,0.000,0.000,0.000,0.000,0.000,0.000,-0.150,0.000,0.000,0.000,0.000,0.000,0.000,0.000,0.000,0.000,0.000","Cartoon style illustration. extreme expression, hard blue-tinted rim light glowing along the edges of her face, screaming in terror, seen from a steep low angle, extreme close-up on the head only, pale skin, tight framing, dutch angle, sharp perspective. female elf, head turning in fear and surprise looking in camera, short blonde hair in a metty bob haircut, slim blonde eyebrows raised, wide teal eyes wide open, mouth stretched open in a full-throated panic scream, a gold necklace is flying around. white background, simple background.",E1_cartoon_b23_m0.150_krea2_seed2718281,E1_cartoon_b23_m0.150_krea2_seed2718281_00001_.png,euler_ancestral,simple,9,1.0,1.0,1024,1280
6,E1_cartoon,2718281,b23_p0.150,0.150,"0.000,0.000,0.000,0.000,0.000,0.000,0.000,0.000,0.000,0.000,0.000,0.000,0.000,0.000,0.000,0.000,0.000,0.000,0.000,0.000,0.000,0.000,0.000,0.150,0.000,0.000,0.000,0.000,0.000,0.000,0.000,0.000,0.000,0.000","Cartoon style illustration. extreme expression, hard blue-tinted rim light glowing along the edges of her face, screaming in terror, seen from a steep low angle, extreme close-up on the head only, pale skin, tight framing, dutch angle, sharp perspective. female elf, head turning in fear and surprise looking in camera, short blonde hair in a metty bob haircut, slim blonde eyebrows raised, wide teal eyes wide open, mouth stretched open in a full-throated panic scream, a gold necklace is flying around. white background, simple background.",E1_cartoon_b23_p0.150_krea2_seed2718281,E1_cartoon_b23_p0.150_krea2_seed2718281_00001_.png,euler_ancestral,simple,9,1.0,1.0,1024,1280
7,E1_cartoon,2718281,b23_p0.300,0.300,"0.000,0.000,0.000,0.000,0.000,0.000,0.000,0.000,0.000,0.000,0.000,0.000,0.000,0.000,0.000,0.000,0.000,0.000,0.000,0.000,0.000,0.000,0.000,0.300,0.000,0.000,0.000,0.000,0.000,0.000,0.000,0.000,0.000,0.000","Cartoon style illustration. extreme expression, hard blue-tinted rim light glowing along the edges of her face, screaming in terror, seen from a steep low angle, extreme close-up on the head only, pale skin, tight framing, dutch angle, sharp perspective. female elf, head turning in fear and surprise looking in camera, short blonde hair in a metty bob haircut, slim blonde eyebrows raised, wide teal eyes wide open, mouth stretched open in a full-throated panic scream, a gold necklace is flying around. white background, simple background.",E1_cartoon_b23_p0.300_krea2_seed2718281,E1_cartoon_b23_p0.300_krea2_seed2718281_00001_.png,euler_ancestral,simple,9,1.0,1.0,1024,1280
8,E1_cartoon,4669201,baseline,,,"Cartoon style illustration. extreme expression, hard blue-tinted rim light glowing along the edges of her face, screaming in terror, seen from a steep low angle, extreme close-up on the head only, pale skin, tight framing, dutch angle, sharp perspective. female elf, head turning in fear and surprise looking in camera, short blonde hair in a metty bob haircut, slim blonde eyebrows raised, wide teal eyes wide open, mouth stretched open in a full-throated panic scream, a gold necklace is flying around. white background, simple background.",E1_cartoon_baseline_krea2_seed4669201,E1_cartoon_baseline_krea2_seed4669201_00001_.png,euler_ancestral,simple,9,1.0,1.0,1024,1280
9,E1_cartoon,4669201,txtpos,,,"Cartoon style illustration. extreme expression, hard blue-tinted rim light glowing along the edges of her face, screaming in terror, seen from a steep low angle, extreme close-up on the head only, pale skin, tight framing, dutch angle, sharp perspective. female elf, head turning in fear and surprise looking in camera, short blonde hair in a metty bob haircut, slim blonde eyebrows raised, wide teal eyes wide open, mouth stretched open in a full-throated panic scream, a gold necklace is flying around. white background, simple background. colorful, vivid highly saturated colors",E1_cartoon_txtpos_krea2_seed4669201,E1_cartoon_txtpos_krea2_seed4669201_00001_.png,euler_ancestral,simple,9,1.0,1.0,1024,1280
10,E1_cartoon,4669201,txtneg,,,"Cartoon style illustration. extreme expression, hard blue-tinted rim light glowing along the edges of her face, screaming in terror, seen from a steep low angle, extreme close-up on the head only, pale skin, tight framing, dutch angle, sharp perspective. female elf, head turning in fear and surprise looking in camera, short blonde hair in a metty bob haircut, slim blonde eyebrows raised, wide teal eyes wide open, mouth stretched open in a full-throated panic scream, a gold necklace is flying around. white background, simple background. muted colors, desaturated, low saturation",E1_cartoon_txtneg_krea2_seed4669201,E1_cartoon_txtneg_krea2_seed4669201_00001_.png,euler_ancestral,simple,9,1.0,1.0,1024,1280
11,E1_cartoon,4669201,b23_m0.450,-0.450,"0.000,0.000,0.000,0.000,0.000,0.000,0.000,0.000,0.000,0.000,0.000,0.000,0.000,0.000,0.000,0.000,0.000,0.000,0.000,0.000,0.000,0.000,0.000,-0.450,0.000,0.000,0.000,0.000,0.000,0.000,0.000,0.000,0.000,0.000","Cartoon style illustration. extreme expression, hard blue-tinted rim light glowing along the edges of her face, screaming in terror, seen from a steep low angle, extreme close-up on the head only, pale skin, tight framing, dutch angle, sharp perspective. female elf, head turning in fear and surprise looking in camera, short blonde hair in a metty bob haircut, slim blonde eyebrows raised, wide teal eyes wide open, mouth stretched open in a full-throated panic scream, a gold necklace is flying around. white background, simple background.",E1_cartoon_b23_m0.450_krea2_seed4669201,E1_cartoon_b23_m0.450_krea2_seed4669201_00001_.png,euler_ancestral,simple,9,1.0,1.0,1024,1280
12,E1_cartoon,4669201,b23_m0.300,-0.300,"0.000,0.000,0.000,0.000,0.000,0.000,0.000,0.000,0.000,0.000,0.000,0.000,0.000,0.000,0.000,0.000,0.000,0.000,0.000,0.000,0.000,0.000,0.000,-0.300,0.000,0.000,0.000,0.000,0.000,0.000,0.000,0.000,0.000,0.000","Cartoon style illustration. extreme expression, hard blue-tinted rim light glowing along the edges of her face, screaming in terror, seen from a steep low angle, extreme close-up on the head only, pale skin, tight framing, dutch angle, sharp perspective. female elf, head turning in fear and surprise looking in camera, short blonde hair in a metty bob haircut, slim blonde eyebrows raised, wide teal eyes wide open, mouth stretched open in a full-throated panic scream, a gold necklace is flying around. white background, simple background.",E1_cartoon_b23_m0.300_krea2_seed4669201,E1_cartoon_b23_m0.300_krea2_seed4669201_00001_.png,euler_ancestral,simple,9,1.0,1.0,1024,1280
13,E1_cartoon,4669201,b23_m0.150,-0.150,"0.000,0.000,0.000,0.000,0.000,0.000,0.000,0.000,0.000,0.000,0.000,0.000,0.000,0.000,0.000,0.000,0.000,0.000,0.000,0.000,0.000,0.000,0.000,-0.150,0.000,0.000,0.000,0.000,0.000,0.000,0.000,0.000,0.000,0.000","Cartoon style illustration. extreme expression, hard blue-tinted rim light glowing along the edges of her face, screaming in terror, seen from a steep low angle, extreme close-up on the head only, pale skin, tight framing, dutch angle, sharp perspective. female elf, head turning in fear and surprise looking in camera, short blonde hair in a metty bob haircut, slim blonde eyebrows raised, wide teal eyes wide open, mouth stretched open in a full-throated panic scream, a gold necklace is flying around. white background, simple background.",E1_cartoon_b23_m0.150_krea2_seed4669201,E1_cartoon_b23_m0.150_krea2_seed4669201_00001_.png,euler_ancestral,simple,9,1.0,1.0,1024,1280
14,E1_cartoon,4669201,b23_p0.150,0.150,"0.000,0.000,0.000,0.000,0.000,0.000,0.000,0.000,0.000,0.000,0.000,0.000,0.000,0.000,0.000,0.000,0.000,0.000,0.000,0.000,0.000,0.000,0.000,0.150,0.000,0.000,0.000,0.000,0.000,0.000,0.000,0.000,0.000,0.000","Cartoon style illustration. extreme expression, hard blue-tinted rim light glowing along the edges of her face, screaming in terror, seen from a steep low angle, extreme close-up on the head only, pale skin, tight framing, dutch angle, sharp perspective. female elf, head turning in fear and surprise looking in camera, short blonde hair in a metty bob haircut, slim blonde eyebrows raised, wide teal eyes wide open, mouth stretched open in a full-throated panic scream, a gold necklace is flying around. white background, simple background.",E1_cartoon_b23_p0.150_krea2_seed4669201,E1_cartoon_b23_p0.150_krea2_seed4669201_00001_.png,euler_ancestral,simple,9,1.0,1.0,1024,1280
15,E1_cartoon,4669201,b23_p0.300,0.300,"0.000,0.000,0.000,0.000,0.000,0.000,0.000,0.000,0.000,0.000,0.000,0.000,0.000,0.000,0.000,0.000,0.000,0.000,0.000,0.000,0.000,0.000,0.000,0.300,0.000,0.000,0.000,0.000,0.000,0.000,0.000,0.000,0.000,0.000","Cartoon style illustration. extreme expression, hard blue-tinted rim light glowing along the edges of her face, screaming in terror, seen from a steep low angle, extreme close-up on the head only, pale skin, tight framing, dutch angle, sharp perspective. female elf, head turning in fear and surprise looking in camera, short blonde hair in a metty bob haircut, slim blonde eyebrows raised, wide teal eyes wide open, mouth stretched open in a full-throated panic scream, a gold necklace is flying around. white background, simple background.",E1_cartoon_b23_p0.300_krea2_seed4669201,E1_cartoon_b23_p0.300_krea2_seed4669201_00001_.png,euler_ancestral,simple,9,1.0,1.0,1024,1280
16,E3_oil,2718281,baseline,,,"Oil painting. extreme expression, hard blue-tinted rim light glowing along the edges of her face, screaming in terror, seen from a steep low angle, extreme close-up on the head only, pale skin, tight framing, dutch angle, sharp perspective. female elf, head turning in fear and surprise looking in camera, short blonde hair in a metty bob haircut, slim blonde eyebrows raised, wide teal eyes wide open, mouth stretched open in a full-throated panic scream, a gold necklace is flying around. white background, simple background.",E3_oil_baseline_krea2_seed2718281,E3_oil_baseline_krea2_seed2718281_00001_.png,euler_ancestral,simple,9,1.0,1.0,1024,1280
17,E3_oil,2718281,txtpos,,,"Oil painting. extreme expression, hard blue-tinted rim light glowing along the edges of her face, screaming in terror, seen from a steep low angle, extreme close-up on the head only, pale skin, tight framing, dutch angle, sharp perspective. female elf, head turning in fear and surprise looking in camera, short blonde hair in a metty bob haircut, slim blonde eyebrows raised, wide teal eyes wide open, mouth stretched open in a full-throated panic scream, a gold necklace is flying around. white background, simple background. colorful, vivid highly saturated colors",E3_oil_txtpos_krea2_seed2718281,E3_oil_txtpos_krea2_seed2718281_00001_.png,euler_ancestral,simple,9,1.0,1.0,1024,1280
18,E3_oil,2718281,txtneg,,,"Oil painting. extreme expression, hard blue-tinted rim light glowing along the edges of her face, screaming in terror, seen from a steep low angle, extreme close-up on the head only, pale skin, tight framing, dutch angle, sharp perspective. female elf, head turning in fear and surprise looking in camera, short blonde hair in a metty bob haircut, slim blonde eyebrows raised, wide teal eyes wide open, mouth stretched open in a full-throated panic scream, a gold necklace is flying around. white background, simple background. muted colors, desaturated, low saturation",E3_oil_txtneg_krea2_seed2718281,E3_oil_txtneg_krea2_seed2718281_00001_.png,euler_ancestral,simple,9,1.0,1.0,1024,1280
19,E3_oil,2718281,b23_m0.450,-0.450,"0.000,0.000,0.000,0.000,0.000,0.000,0.000,0.000,0.000,0.000,0.000,0.000,0.000,0.000,0.000,0.000,0.000,0.000,0.000,0.000,0.000,0.000,0.000,-0.450,0.000,0.000,0.000,0.000,0.000,0.000,0.000,0.000,0.000,0.000","Oil painting. extreme expression, hard blue-tinted rim light glowing along the edges of her face, screaming in terror, seen from a steep low angle, extreme close-up on the head only, pale skin, tight framing, dutch angle, sharp perspective. female elf, head turning in fear and surprise looking in camera, short blonde hair in a metty bob haircut, slim blonde eyebrows raised, wide teal eyes wide open, mouth stretched open in a full-throated panic scream, a gold necklace is flying around. white background, simple background.",E3_oil_b23_m0.450_krea2_seed2718281,E3_oil_b23_m0.450_krea2_seed2718281_00001_.png,euler_ancestral,simple,9,1.0,1.0,1024,1280
20,E3_oil,2718281,b23_m0.300,-0.300,"0.000,0.000,0.000,0.000,0.000,0.000,0.000,0.000,0.000,0.000,0.000,0.000,0.000,0.000,0.000,0.000,0.000,0.000,0.000,0.000,0.000,0.000,0.000,-0.300,0.000,0.000,0.000,0.000,0.000,0.000,0.000,0.000,0.000,0.000","Oil painting. extreme expression, hard blue-tinted rim light glowing along the edges of her face, screaming in terror, seen from a steep low angle, extreme close-up on the head only, pale skin, tight framing, dutch angle, sharp perspective. female elf, head turning in fear and surprise looking in camera, short blonde hair in a metty bob haircut, slim blonde eyebrows raised, wide teal eyes wide open, mouth stretched open in a full-throated panic scream, a gold necklace is flying around. white background, simple background.",E3_oil_b23_m0.300_krea2_seed2718281,E3_oil_b23_m0.300_krea2_seed2718281_00001_.png,euler_ancestral,simple,9,1.0,1.0,1024,1280
21,E3_oil,2718281,b23_m0.150,-0.150,"0.000,0.000,0.000,0.000,0.000,0.000,0.000,0.000,0.000,0.000,0.000,0.000,0.000,0.000,0.000,0.000,0.000,0.000,0.000,0.000,0.000,0.000,0.000,-0.150,0.000,0.000,0.000,0.000,0.000,0.000,0.000,0.000,0.000,0.000","Oil painting. extreme expression, hard blue-tinted rim light glowing along the edges of her face, screaming in terror, seen from a steep low angle, extreme close-up on the head only, pale skin, tight framing, dutch angle, sharp perspective. female elf, head turning in fear and surprise looking in camera, short blonde hair in a metty bob haircut, slim blonde eyebrows raised, wide teal eyes wide open, mouth stretched open in a full-throated panic scream, a gold necklace is flying around. white background, simple background.",E3_oil_b23_m0.150_krea2_seed2718281,E3_oil_b23_m0.150_krea2_seed2718281_00001_.png,euler_ancestral,simple,9,1.0,1.0,1024,1280
22,E3_oil,2718281,b23_p0.150,0.150,"0.000,0.000,0.000,0.000,0.000,0.000,0.000,0.000,0.000,0.000,0.000,0.000,0.000,0.000,0.000,0.000,0.000,0.000,0.000,0.000,0.000,0.000,0.000,0.150,0.000,0.000,0.000,0.000,0.000,0.000,0.000,0.000,0.000,0.000","Oil painting. extreme expression, hard blue-tinted rim light glowing along the edges of her face, screaming in terror, seen from a steep low angle, extreme close-up on the head only, pale skin, tight framing, dutch angle, sharp perspective. female elf, head turning in fear and surprise looking in camera, short blonde hair in a metty bob haircut, slim blonde eyebrows raised, wide teal eyes wide open, mouth stretched open in a full-throated panic scream, a gold necklace is flying around. white background, simple background.",E3_oil_b23_p0.150_krea2_seed2718281,E3_oil_b23_p0.150_krea2_seed2718281_00001_.png,euler_ancestral,simple,9,1.0,1.0,1024,1280
23,E3_oil,2718281,b23_p0.300,0.300,"0.000,0.000,0.000,0.000,0.000,0.000,0.000,0.000,0.000,0.000,0.000,0.000,0.000,0.000,0.000,0.000,0.000,0.000,0.000,0.000,0.000,0.000,0.000,0.300,0.000,0.000,0.000,0.000,0.000,0.000,0.000,0.000,0.000,0.000","Oil painting. extreme expression, hard blue-tinted rim light glowing along the edges of her face, screaming in terror, seen from a steep low angle, extreme close-up on the head only, pale skin, tight framing, dutch angle, sharp perspective. female elf, head turning in fear and surprise looking in camera, short blonde hair in a metty bob haircut, slim blonde eyebrows raised, wide teal eyes wide open, mouth stretched open in a full-throated panic scream, a gold necklace is flying around. white background, simple background.",E3_oil_b23_p0.300_krea2_seed2718281,E3_oil_b23_p0.300_krea2_seed2718281_00001_.png,euler_ancestral,simple,9,1.0,1.0,1024,1280
24,E3_oil,4669201,baseline,,,"Oil painting. extreme expression, hard blue-tinted rim light glowing along the edges of her face, screaming in terror, seen from a steep low angle, extreme close-up on the head only, pale skin, tight framing, dutch angle, sharp perspective. female elf, head turning in fear and surprise looking in camera, short blonde hair in a metty bob haircut, slim blonde eyebrows raised, wide teal eyes wide open, mouth stretched open in a full-throated panic scream, a gold necklace is flying around. white background, simple background.",E3_oil_baseline_krea2_seed4669201,E3_oil_baseline_krea2_seed4669201_00001_.png,euler_ancestral,simple,9,1.0,1.0,1024,1280
25,E3_oil,4669201,txtpos,,,"Oil painting. extreme expression, hard blue-tinted rim light glowing along the edges of her face, screaming in terror, seen from a steep low angle, extreme close-up on the head only, pale skin, tight framing, dutch angle, sharp perspective. female elf, head turning in fear and surprise looking in camera, short blonde hair in a metty bob haircut, slim blonde eyebrows raised, wide teal eyes wide open, mouth stretched open in a full-throated panic scream, a gold necklace is flying around. white background, simple background. colorful, vivid highly saturated colors",E3_oil_txtpos_krea2_seed4669201,E3_oil_txtpos_krea2_seed4669201_00001_.png,euler_ancestral,simple,9,1.0,1.0,1024,1280
26,E3_oil,4669201,txtneg,,,"Oil painting. extreme expression, hard blue-tinted rim light glowing along the edges of her face, screaming in terror, seen from a steep low angle, extreme close-up on the head only, pale skin, tight framing, dutch angle, sharp perspective. female elf, head turning in fear and surprise looking in camera, short blonde hair in a metty bob haircut, slim blonde eyebrows raised, wide teal eyes wide open, mouth stretched open in a full-throated panic scream, a gold necklace is flying around. white background, simple background. muted colors, desaturated, low saturation",E3_oil_txtneg_krea2_seed4669201,E3_oil_txtneg_krea2_seed4669201_00001_.png,euler_ancestral,simple,9,1.0,1.0,1024,1280
27,E3_oil,4669201,b23_m0.450,-0.450,"0.000,0.000,0.000,0.000,0.000,0.000,0.000,0.000,0.000,0.000,0.000,0.000,0.000,0.000,0.000,0.000,0.000,0.000,0.000,0.000,0.000,0.000,0.000,-0.450,0.000,0.000,0.000,0.000,0.000,0.000,0.000,0.000,0.000,0.000","Oil painting. extreme expression, hard blue-tinted rim light glowing along the edges of her face, screaming in terror, seen from a steep low angle, extreme close-up on the head only, pale skin, tight framing, dutch angle, sharp perspective. female elf, head turning in fear and surprise looking in camera, short blonde hair in a metty bob haircut, slim blonde eyebrows raised, wide teal eyes wide open, mouth stretched open in a full-throated panic scream, a gold necklace is flying around. white background, simple background.",E3_oil_b23_m0.450_krea2_seed4669201,E3_oil_b23_m0.450_krea2_seed4669201_00001_.png,euler_ancestral,simple,9,1.0,1.0,1024,1280
28,E3_oil,4669201,b23_m0.300,-0.300,"0.000,0.000,0.000,0.000,0.000,0.000,0.000,0.000,0.000,0.000,0.000,0.000,0.000,0.000,0.000,0.000,0.000,0.000,0.000,0.000,0.000,0.000,0.000,-0.300,0.000,0.000,0.000,0.000,0.000,0.000,0.000,0.000,0.000,0.000","Oil painting. extreme expression, hard blue-tinted rim light glowing along the edges of her face, screaming in terror, seen from a steep low angle, extreme close-up on the head only, pale skin, tight framing, dutch angle, sharp perspective. female elf, head turning in fear and surprise looking in camera, short blonde hair in a metty bob haircut, slim blonde eyebrows raised, wide teal eyes wide open, mouth stretched open in a full-throated panic scream, a gold necklace is flying around. white background, simple background.",E3_oil_b23_m0.300_krea2_seed4669201,E3_oil_b23_m0.300_krea2_seed4669201_00001_.png,euler_ancestral,simple,9,1.0,1.0,1024,1280
29,E3_oil,4669201,b23_m0.150,-0.150,"0.000,0.000,0.000,0.000,0.000,0.000,0.000,0.000,0.000,0.000,0.000,0.000,0.000,0.000,0.000,0.000,0.000,0.000,0.000,0.000,0.000,0.000,0.000,-0.150,0.000,0.000,0.000,0.000,0.000,0.000,0.000,0.000,0.000,0.000","Oil painting. extreme expression, hard blue-tinted rim light glowing along the edges of her face, screaming in terror, seen from a steep low angle, extreme close-up on the head only, pale skin, tight framing, dutch angle, sharp perspective. female elf, head turning in fear and surprise looking in camera, short blonde hair in a metty bob haircut, slim blonde eyebrows raised, wide teal eyes wide open, mouth stretched open in a full-throated panic scream, a gold necklace is flying around. white background, simple background.",E3_oil_b23_m0.150_krea2_seed4669201,E3_oil_b23_m0.150_krea2_seed4669201_00001_.png,euler_ancestral,simple,9,1.0,1.0,1024,1280
30,E3_oil,4669201,b23_p0.150,0.150,"0.000,0.000,0.000,0.000,0.000,0.000,0.000,0.000,0.000,0.000,0.000,0.000,0.000,0.000,0.000,0.000,0.000,0.000,0.000,0.000,0.000,0.000,0.000,0.150,0.000,0.000,0.000,0.000,0.000,0.000,0.000,0.000,0.000,0.000","Oil painting. extreme expression, hard blue-tinted rim light glowing along the edges of her face, screaming in terror, seen from a steep low angle, extreme close-up on the head only, pale skin, tight framing, dutch angle, sharp perspective. female elf, head turning in fear and surprise looking in camera, short blonde hair in a metty bob haircut, slim blonde eyebrows raised, wide teal eyes wide open, mouth stretched open in a full-throated panic scream, a gold necklace is flying around. white background, simple background.",E3_oil_b23_p0.150_krea2_seed4669201,E3_oil_b23_p0.150_krea2_seed4669201_00001_.png,euler_ancestral,simple,9,1.0,1.0,1024,1280
31,E3_oil,4669201,b23_p0.300,0.300,"0.000,0.000,0.000,0.000,0.000,0.000,0.000,0.000,0.000,0.000,0.000,0.000,0.000,0.000,0.000,0.000,0.000,0.000,0.000,0.000,0.000,0.000,0.000,0.300,0.000,0.000,0.000,0.000,0.000,0.000,0.000,0.000,0.000,0.000","Oil painting. extreme expression, hard blue-tinted rim light glowing along the edges of her face, screaming in terror, seen from a steep low angle, extreme close-up on the head only, pale skin, tight framing, dutch angle, sharp perspective. female elf, head turning in fear and surprise looking in camera, short blonde hair in a metty bob haircut, slim blonde eyebrows raised, wide teal eyes wide open, mouth stretched open in a full-throated panic scream, a gold necklace is flying around. white background, simple background.",E3_oil_b23_p0.300_krea2_seed4669201,E3_oil_b23_p0.300_krea2_seed4669201_00001_.png,euler_ancestral,simple,9,1.0,1.0,1024,1280
32,E7_sepiaphoto,2718281,baseline,,,"Vintage sepia photograph. extreme expression, hard blue-tinted rim light glowing along the edges of her face, screaming in terror, seen from a steep low angle, extreme close-up on the head only, pale skin, tight framing, dutch angle, sharp perspective. female elf, head turning in fear and surprise looking in camera, short blonde hair in a metty bob haircut, slim blonde eyebrows raised, wide teal eyes wide open, mouth stretched open in a full-throated panic scream, a gold necklace is flying around. white background, simple background.",E7_sepiaphoto_baseline_krea2_seed2718281,E7_sepiaphoto_baseline_krea2_seed2718281_00001_.png,euler_ancestral,simple,9,1.0,1.0,1024,1280
33,E7_sepiaphoto,2718281,txtpos,,,"Vintage sepia photograph. extreme expression, hard blue-tinted rim light glowing along the edges of her face, screaming in terror, seen from a steep low angle, extreme close-up on the head only, pale skin, tight framing, dutch angle, sharp perspective. female elf, head turning in fear and surprise looking in camera, short blonde hair in a metty bob haircut, slim blonde eyebrows raised, wide teal eyes wide open, mouth stretched open in a full-throated panic scream, a gold necklace is flying around. white background, simple background. colorful, vivid highly saturated colors",E7_sepiaphoto_txtpos_krea2_seed2718281,E7_sepiaphoto_txtpos_krea2_seed2718281_00001_.png,euler_ancestral,simple,9,1.0,1.0,1024,1280
34,E7_sepiaphoto,2718281,txtneg,,,"Vintage sepia photograph. extreme expression, hard blue-tinted rim light glowing along the edges of her face, screaming in terror, seen from a steep low angle, extreme close-up on the head only, pale skin, tight framing, dutch angle, sharp perspective. female elf, head turning in fear and surprise looking in camera, short blonde hair in a metty bob haircut, slim blonde eyebrows raised, wide teal eyes wide open, mouth stretched open in a full-throated panic scream, a gold necklace is flying around. white background, simple background. muted colors, desaturated, low saturation",E7_sepiaphoto_txtneg_krea2_seed2718281,E7_sepiaphoto_txtneg_krea2_seed2718281_00001_.png,euler_ancestral,simple,9,1.0,1.0,1024,1280
35,E7_sepiaphoto,2718281,b23_m0.450,-0.450,"0.000,0.000,0.000,0.000,0.000,0.000,0.000,0.000,0.000,0.000,0.000,0.000,0.000,0.000,0.000,0.000,0.000,0.000,0.000,0.000,0.000,0.000,0.000,-0.450,0.000,0.000,0.000,0.000,0.000,0.000,0.000,0.000,0.000,0.000","Vintage sepia photograph. extreme expression, hard blue-tinted rim light glowing along the edges of her face, screaming in terror, seen from a steep low angle, extreme close-up on the head only, pale skin, tight framing, dutch angle, sharp perspective. female elf, head turning in fear and surprise looking in camera, short blonde hair in a metty bob haircut, slim blonde eyebrows raised, wide teal eyes wide open, mouth stretched open in a full-throated panic scream, a gold necklace is flying around. white background, simple background.",E7_sepiaphoto_b23_m0.450_krea2_seed2718281,E7_sepiaphoto_b23_m0.450_krea2_seed2718281_00001_.png,euler_ancestral,simple,9,1.0,1.0,1024,1280
36,E7_sepiaphoto,2718281,b23_m0.300,-0.300,"0.000,0.000,0.000,0.000,0.000,0.000,0.000,0.000,0.000,0.000,0.000,0.000,0.000,0.000,0.000,0.000,0.000,0.000,0.000,0.000,0.000,0.000,0.000,-0.300,0.000,0.000,0.000,0.000,0.000,0.000,0.000,0.000,0.000,0.000","Vintage sepia photograph. extreme expression, hard blue-tinted rim light glowing along the edges of her face, screaming in terror, seen from a steep low angle, extreme close-up on the head only, pale skin, tight framing, dutch angle, sharp perspective. female elf, head turning in fear and surprise looking in camera, short blonde hair in a metty bob haircut, slim blonde eyebrows raised, wide teal eyes wide open, mouth stretched open in a full-throated panic scream, a gold necklace is flying around. white background, simple background.",E7_sepiaphoto_b23_m0.300_krea2_seed2718281,E7_sepiaphoto_b23_m0.300_krea2_seed2718281_00001_.png,euler_ancestral,simple,9,1.0,1.0,1024,1280
37,E7_sepiaphoto,2718281,b23_m0.150,-0.150,"0.000,0.000,0.000,0.000,0.000,0.000,0.000,0.000,0.000,0.000,0.000,0.000,0.000,0.000,0.000,0.000,0.000,0.000,0.000,0.000,0.000,0.000,0.000,-0.150,0.000,0.000,0.000,0.000,0.000,0.000,0.000,0.000,0.000,0.000","Vintage sepia photograph. extreme expression, hard blue-tinted rim light glowing along the edges of her face, screaming in terror, seen from a steep low angle, extreme close-up on the head only, pale skin, tight framing, dutch angle, sharp perspective. female elf, head turning in fear and surprise looking in camera, short blonde hair in a metty bob haircut, slim blonde eyebrows raised, wide teal eyes wide open, mouth stretched open in a full-throated panic scream, a gold necklace is flying around. white background, simple background.",E7_sepiaphoto_b23_m0.150_krea2_seed2718281,E7_sepiaphoto_b23_m0.150_krea2_seed2718281_00001_.png,euler_ancestral,simple,9,1.0,1.0,1024,1280
38,E7_sepiaphoto,2718281,b23_p0.150,0.150,"0.000,0.000,0.000,0.000,0.000,0.000,0.000,0.000,0.000,0.000,0.000,0.000,0.000,0.000,0.000,0.000,0.000,0.000,0.000,0.000,0.000,0.000,0.000,0.150,0.000,0.000,0.000,0.000,0.000,0.000,0.000,0.000,0.000,0.000","Vintage sepia photograph. extreme expression, hard blue-tinted rim light glowing along the edges of her face, screaming in terror, seen from a steep low angle, extreme close-up on the head only, pale skin, tight framing, dutch angle, sharp perspective. female elf, head turning in fear and surprise looking in camera, short blonde hair in a metty bob haircut, slim blonde eyebrows raised, wide teal eyes wide open, mouth stretched open in a full-throated panic scream, a gold necklace is flying around. white background, simple background.",E7_sepiaphoto_b23_p0.150_krea2_seed2718281,E7_sepiaphoto_b23_p0.150_krea2_seed2718281_00001_.png,euler_ancestral,simple,9,1.0,1.0,1024,1280
39,E7_sepiaphoto,2718281,b23_p0.300,0.300,"0.000,0.000,0.000,0.000,0.000,0.000,0.000,0.000,0.000,0.000,0.000,0.000,0.000,0.000,0.000,0.000,0.000,0.000,0.000,0.000,0.000,0.000,0.000,0.300,0.000,0.000,0.000,0.000,0.000,0.000,0.000,0.000,0.000,0.000","Vintage sepia photograph. extreme expression, hard blue-tinted rim light glowing along the edges of her face, screaming in terror, seen from a steep low angle, extreme close-up on the head only, pale skin, tight framing, dutch angle, sharp perspective. female elf, head turning in fear and surprise looking in camera, short blonde hair in a metty bob haircut, slim blonde eyebrows raised, wide teal eyes wide open, mouth stretched open in a full-throated panic scream, a gold necklace is flying around. white background, simple background.",E7_sepiaphoto_b23_p0.300_krea2_seed2718281,E7_sepiaphoto_b23_p0.300_krea2_seed2718281_00001_.png,euler_ancestral,simple,9,1.0,1.0,1024,1280
40,E7_sepiaphoto,4669201,baseline,,,"Vintage sepia photograph. extreme expression, hard blue-tinted rim light glowing along the edges of her face, screaming in terror, seen from a steep low angle, extreme close-up on the head only, pale skin, tight framing, dutch angle, sharp perspective. female elf, head turning in fear and surprise looking in camera, short blonde hair in a metty bob haircut, slim blonde eyebrows raised, wide teal eyes wide open, mouth stretched open in a full-throated panic scream, a gold necklace is flying around. white background, simple background.",E7_sepiaphoto_baseline_krea2_seed4669201,E7_sepiaphoto_baseline_krea2_seed4669201_00001_.png,euler_ancestral,simple,9,1.0,1.0,1024,1280
41,E7_sepiaphoto,4669201,txtpos,,,"Vintage sepia photograph. extreme expression, hard blue-tinted rim light glowing along the edges of her face, screaming in terror, seen from a steep low angle, extreme close-up on the head only, pale skin, tight framing, dutch angle, sharp perspective. female elf, head turning in fear and surprise looking in camera, short blonde hair in a metty bob haircut, slim blonde eyebrows raised, wide teal eyes wide open, mouth stretched open in a full-throated panic scream, a gold necklace is flying around. white background, simple background. colorful, vivid highly saturated colors",E7_sepiaphoto_txtpos_krea2_seed4669201,E7_sepiaphoto_txtpos_krea2_seed4669201_00001_.png,euler_ancestral,simple,9,1.0,1.0,1024,1280
42,E7_sepiaphoto,4669201,txtneg,,,"Vintage sepia photograph. extreme expression, hard blue-tinted rim light glowing along the edges of her face, screaming in terror, seen from a steep low angle, extreme close-up on the head only, pale skin, tight framing, dutch angle, sharp perspective. female elf, head turning in fear and surprise looking in camera, short blonde hair in a metty bob haircut, slim blonde eyebrows raised, wide teal eyes wide open, mouth stretched open in a full-throated panic scream, a gold necklace is flying around. white background, simple background. muted colors, desaturated, low saturation",E7_sepiaphoto_txtneg_krea2_seed4669201,E7_sepiaphoto_txtneg_krea2_seed4669201_00001_.png,euler_ancestral,simple,9,1.0,1.0,1024,1280
43,E7_sepiaphoto,4669201,b23_m0.450,-0.450,"0.000,0.000,0.000,0.000,0.000,0.000,0.000,0.000,0.000,0.000,0.000,0.000,0.000,0.000,0.000,0.000,0.000,0.000,0.000,0.000,0.000,0.000,0.000,-0.450,0.000,0.000,0.000,0.000,0.000,0.000,0.000,0.000,0.000,0.000","Vintage sepia photograph. extreme expression, hard blue-tinted rim light glowing along the edges of her face, screaming in terror, seen from a steep low angle, extreme close-up on the head only, pale skin, tight framing, dutch angle, sharp perspective. female elf, head turning in fear and surprise looking in camera, short blonde hair in a metty bob haircut, slim blonde eyebrows raised, wide teal eyes wide open, mouth stretched open in a full-throated panic scream, a gold necklace is flying around. white background, simple background.",E7_sepiaphoto_b23_m0.450_krea2_seed4669201,E7_sepiaphoto_b23_m0.450_krea2_seed4669201_00001_.png,euler_ancestral,simple,9,1.0,1.0,1024,1280
44,E7_sepiaphoto,4669201,b23_m0.300,-0.300,"0.000,0.000,0.000,0.000,0.000,0.000,0.000,0.000,0.000,0.000,0.000,0.000,0.000,0.000,0.000,0.000,0.000,0.000,0.000,0.000,0.000,0.000,0.000,-0.300,0.000,0.000,0.000,0.000,0.000,0.000,0.000,0.000,0.000,0.000","Vintage sepia photograph. extreme expression, hard blue-tinted rim light glowing along the edges of her face, screaming in terror, seen from a steep low angle, extreme close-up on the head only, pale skin, tight framing, dutch angle, sharp perspective. female elf, head turning in fear and surprise looking in camera, short blonde hair in a metty bob haircut, slim blonde eyebrows raised, wide teal eyes wide open, mouth stretched open in a full-throated panic scream, a gold necklace is flying around. white background, simple background.",E7_sepiaphoto_b23_m0.300_krea2_seed4669201,E7_sepiaphoto_b23_m0.300_krea2_seed4669201_00001_.png,euler_ancestral,simple,9,1.0,1.0,1024,1280
45,E7_sepiaphoto,4669201,b23_m0.150,-0.150,"0.000,0.000,0.000,0.000,0.000,0.000,0.000,0.000,0.000,0.000,0.000,0.000,0.000,0.000,0.000,0.000,0.000,0.000,0.000,0.000,0.000,0.000,0.000,-0.150,0.000,0.000,0.000,0.000,0.000,0.000,0.000,0.000,0.000,0.000","Vintage sepia photograph. extreme expression, hard blue-tinted rim light glowing along the edges of her face, screaming in terror, seen from a steep low angle, extreme close-up on the head only, pale skin, tight framing, dutch angle, sharp perspective. female elf, head turning in fear and surprise looking in camera, short blonde hair in a metty bob haircut, slim blonde eyebrows raised, wide teal eyes wide open, mouth stretched open in a full-throated panic scream, a gold necklace is flying around. white background, simple background.",E7_sepiaphoto_b23_m0.150_krea2_seed4669201,E7_sepiaphoto_b23_m0.150_krea2_seed4669201_00001_.png,euler_ancestral,simple,9,1.0,1.0,1024,1280
46,E7_sepiaphoto,4669201,b23_p0.150,0.150,"0.000,0.000,0.000,0.000,0.000,0.000,0.000,0.000,0.000,0.000,0.000,0.000,0.000,0.000,0.000,0.000,0.000,0.000,0.000,0.000,0.000,0.000,0.000,0.150,0.000,0.000,0.000,0.000,0.000,0.000,0.000,0.000,0.000,0.000","Vintage sepia photograph. extreme expression, hard blue-tinted rim light glowing along the edges of her face, screaming in terror, seen from a steep low angle, extreme close-up on the head only, pale skin, tight framing, dutch angle, sharp perspective. female elf, head turning in fear and surprise looking in camera, short blonde hair in a metty bob haircut, slim blonde eyebrows raised, wide teal eyes wide open, mouth stretched open in a full-throated panic scream, a gold necklace is flying around. white background, simple background.",E7_sepiaphoto_b23_p0.150_krea2_seed4669201,E7_sepiaphoto_b23_p0.150_krea2_seed4669201_00001_.png,euler_ancestral,simple,9,1.0,1.0,1024,1280
47,E7_sepiaphoto,4669201,b23_p0.300,0.300,"0.000,0.000,0.000,0.000,0.000,0.000,0.000,0.000,0.000,0.000,0.000,0.000,0.000,0.000,0.000,0.000,0.000,0.000,0.000,0.000,0.000,0.000,0.000,0.300,0.000,0.000,0.000,0.000,0.000,0.000,0.000,0.000,0.000,0.000","Vintage sepia photograph. extreme expression, hard blue-tinted rim light glowing along the edges of her face, screaming in terror, seen from a steep low angle, extreme close-up on the head only, pale skin, tight framing, dutch angle, sharp perspective. female elf, head turning in fear and surprise looking in camera, short blonde hair in a metty bob haircut, slim blonde eyebrows raised, wide teal eyes wide open, mouth stretched open in a full-throated panic scream, a gold necklace is flying around. white background, simple background.",E7_sepiaphoto_b23_p0.300_krea2_seed4669201,E7_sepiaphoto_b23_p0.300_krea2_seed4669201_00001_.png,euler_ancestral,simple,9,1.0,1.0,1024,1280
48,C2_rally,2718281,baseline,,,"Cartoon style illustration. a yellow and blue rally car cruising in a deep jungle, uneven street, daylight, lush plants, humidity, reflective ponds.",C2_rally_baseline_krea2_seed2718281,C2_rally_baseline_krea2_seed2718281_00001_.png,euler_ancestral,simple,9,1.0,1.0,1024,1280
49,C2_rally,2718281,txtpos,,,"Cartoon style illustration. a yellow and blue rally car cruising in a deep jungle, uneven street, daylight, lush plants, humidity, reflective ponds. colorful, vivid highly saturated colors",C2_rally_txtpos_krea2_seed2718281,C2_rally_txtpos_krea2_seed2718281_00001_.png,euler_ancestral,simple,9,1.0,1.0,1024,1280
50,C2_rally,2718281,txtneg,,,"Cartoon style illustration. a yellow and blue rally car cruising in a deep jungle, uneven street, daylight, lush plants, humidity, reflective ponds. muted colors, desaturated, low saturation",C2_rally_txtneg_krea2_seed2718281,C2_rally_txtneg_krea2_seed2718281_00001_.png,euler_ancestral,simple,9,1.0,1.0,1024,1280
51,C2_rally,2718281,b23_m0.450,-0.450,"0.000,0.000,0.000,0.000,0.000,0.000,0.000,0.000,0.000,0.000,0.000,0.000,0.000,0.000,0.000,0.000,0.000,0.000,0.000,0.000,0.000,0.000,0.000,-0.450,0.000,0.000,0.000,0.000,0.000,0.000,0.000,0.000,0.000,0.000","Cartoon style illustration. a yellow and blue rally car cruising in a deep jungle, uneven street, daylight, lush plants, humidity, reflective ponds.",C2_rally_b23_m0.450_krea2_seed2718281,C2_rally_b23_m0.450_krea2_seed2718281_00001_.png,euler_ancestral,simple,9,1.0,1.0,1024,1280
52,C2_rally,2718281,b23_m0.300,-0.300,"0.000,0.000,0.000,0.000,0.000,0.000,0.000,0.000,0.000,0.000,0.000,0.000,0.000,0.000,0.000,0.000,0.000,0.000,0.000,0.000,0.000,0.000,0.000,-0.300,0.000,0.000,0.000,0.000,0.000,0.000,0.000,0.000,0.000,0.000","Cartoon style illustration. a yellow and blue rally car cruising in a deep jungle, uneven street, daylight, lush plants, humidity, reflective ponds.",C2_rally_b23_m0.300_krea2_seed2718281,C2_rally_b23_m0.300_krea2_seed2718281_00001_.png,euler_ancestral,simple,9,1.0,1.0,1024,1280
53,C2_rally,2718281,b23_m0.150,-0.150,"0.000,0.000,0.000,0.000,0.000,0.000,0.000,0.000,0.000,0.000,0.000,0.000,0.000,0.000,0.000,0.000,0.000,0.000,0.000,0.000,0.000,0.000,0.000,-0.150,0.000,0.000,0.000,0.000,0.000,0.000,0.000,0.000,0.000,0.000","Cartoon style illustration. a yellow and blue rally car cruising in a deep jungle, uneven street, daylight, lush plants, humidity, reflective ponds.",C2_rally_b23_m0.150_krea2_seed2718281,C2_rally_b23_m0.150_krea2_seed2718281_00001_.png,euler_ancestral,simple,9,1.0,1.0,1024,1280
54,C2_rally,2718281,b23_p0.150,0.150,"0.000,0.000,0.000,0.000,0.000,0.000,0.000,0.000,0.000,0.000,0.000,0.000,0.000,0.000,0.000,0.000,0.000,0.000,0.000,0.000,0.000,0.000,0.000,0.150,0.000,0.000,0.000,0.000,0.000,0.000,0.000,0.000,0.000,0.000","Cartoon style illustration. a yellow and blue rally car cruising in a deep jungle, uneven street, daylight, lush plants, humidity, reflective ponds.",C2_rally_b23_p0.150_krea2_seed2718281,C2_rally_b23_p0.150_krea2_seed2718281_00001_.png,euler_ancestral,simple,9,1.0,1.0,1024,1280
55,C2_rally,2718281,b23_p0.300,0.300,"0.000,0.000,0.000,0.000,0.000,0.000,0.000,0.000,0.000,0.000,0.000,0.000,0.000,0.000,0.000,0.000,0.000,0.000,0.000,0.000,0.000,0.000,0.000,0.300,0.000,0.000,0.000,0.000,0.000,0.000,0.000,0.000,0.000,0.000","Cartoon style illustration. a yellow and blue rally car cruising in a deep jungle, uneven street, daylight, lush plants, humidity, reflective ponds.",C2_rally_b23_p0.300_krea2_seed2718281,C2_rally_b23_p0.300_krea2_seed2718281_00001_.png,euler_ancestral,simple,9,1.0,1.0,1024,1280
56,C2_rally,4669201,baseline,,,"Cartoon style illustration. a yellow and blue rally car cruising in a deep jungle, uneven street, daylight, lush plants, humidity, reflective ponds.",C2_rally_baseline_krea2_seed4669201,C2_rally_baseline_krea2_seed4669201_00001_.png,euler_ancestral,simple,9,1.0,1.0,1024,1280
57,C2_rally,4669201,txtpos,,,"Cartoon style illustration. a yellow and blue rally car cruising in a deep jungle, uneven street, daylight, lush plants, humidity, reflective ponds. colorful, vivid highly saturated colors",C2_rally_txtpos_krea2_seed4669201,C2_rally_txtpos_krea2_seed4669201_00001_.png,euler_ancestral,simple,9,1.0,1.0,1024,1280
58,C2_rally,4669201,txtneg,,,"Cartoon style illustration. a yellow and blue rally car cruising in a deep jungle, uneven street, daylight, lush plants, humidity, reflective ponds. muted colors, desaturated, low saturation",C2_rally_txtneg_krea2_seed4669201,C2_rally_txtneg_krea2_seed4669201_00001_.png,euler_ancestral,simple,9,1.0,1.0,1024,1280
59,C2_rally,4669201,b23_m0.450,-0.450,"0.000,0.000,0.000,0.000,0.000,0.000,0.000,0.000,0.000,0.000,0.000,0.000,0.000,0.000,0.000,0.000,0.000,0.000,0.000,0.000,0.000,0.000,0.000,-0.450,0.000,0.000,0.000,0.000,0.000,0.000,0.000,0.000,0.000,0.000","Cartoon style illustration. a yellow and blue rally car cruising in a deep jungle, uneven street, daylight, lush plants, humidity, reflective ponds.",C2_rally_b23_m0.450_krea2_seed4669201,C2_rally_b23_m0.450_krea2_seed4669201_00001_.png,euler_ancestral,simple,9,1.0,1.0,1024,1280
60,C2_rally,4669201,b23_m0.300,-0.300,"0.000,0.000,0.000,0.000,0.000,0.000,0.000,0.000,0.000,0.000,0.000,0.000,0.000,0.000,0.000,0.000,0.000,0.000,0.000,0.000,0.000,0.000,0.000,-0.300,0.000,0.000,0.000,0.000,0.000,0.000,0.000,0.000,0.000,0.000","Cartoon style illustration. a yellow and blue rally car cruising in a deep jungle, uneven street, daylight, lush plants, humidity, reflective ponds.",C2_rally_b23_m0.300_krea2_seed4669201,C2_rally_b23_m0.300_krea2_seed4669201_00001_.png,euler_ancestral,simple,9,1.0,1.0,1024,1280
61,C2_rally,4669201,b23_m0.150,-0.150,"0.000,0.000,0.000,0.000,0.000,0.000,0.000,0.000,0.000,0.000,0.000,0.000,0.000,0.000,0.000,0.000,0.000,0.000,0.000,0.000,0.000,0.000,0.000,-0.150,0.000,0.000,0.000,0.000,0.000,0.000,0.000,0.000,0.000,0.000","Cartoon style illustration. a yellow and blue rally car cruising in a deep jungle, uneven street, daylight, lush plants, humidity, reflective ponds.",C2_rally_b23_m0.150_krea2_seed4669201,C2_rally_b23_m0.150_krea2_seed4669201_00001_.png,euler_ancestral,simple,9,1.0,1.0,1024,1280
62,C2_rally,4669201,b23_p0.150,0.150,"0.000,0.000,0.000,0.000,0.000,0.000,0.000,0.000,0.000,0.000,0.000,0.000,0.000,0.000,0.000,0.000,0.000,0.000,0.000,0.000,0.000,0.000,0.000,0.150,0.000,0.000,0.000,0.000,0.000,0.000,0.000,0.000,0.000,0.000","Cartoon style illustration. a yellow and blue rally car cruising in a deep jungle, uneven street, daylight, lush plants, humidity, reflective ponds.",C2_rally_b23_p0.150_krea2_seed4669201,C2_rally_b23_p0.150_krea2_seed4669201_00001_.png,euler_ancestral,simple,9,1.0,1.0,1024,1280
63,C2_rally,4669201,b23_p0.300,0.300,"0.000,0.000,0.000,0.000,0.000,0.000,0.000,0.000,0.000,0.000,0.000,0.000,0.000,0.000,0.000,0.000,0.000,0.000,0.000,0.000,0.000,0.000,0.000,0.300,0.000,0.000,0.000,0.000,0.000,0.000,0.000,0.000,0.000,0.000","Cartoon style illustration. a yellow and blue rally car cruising in a deep jungle, uneven street, daylight, lush plants, humidity, reflective ponds.",C2_rally_b23_p0.300_krea2_seed4669201,C2_rally_b23_p0.300_krea2_seed4669201_00001_.png,euler_ancestral,simple,9,1.0,1.0,1024,1280
64,C3_fox,2718281,baseline,,,"Cartoon style illustration. a red fox sitting in fresh snow at the edge of a birch forest, facing the viewer, bushy tail curled around its paws, clear winter morning light.",C3_fox_baseline_krea2_seed2718281,C3_fox_baseline_krea2_seed2718281_00001_.png,euler_ancestral,simple,9,1.0,1.0,1024,1280
65,C3_fox,2718281,txtpos,,,"Cartoon style illustration. a red fox sitting in fresh snow at the edge of a birch forest, facing the viewer, bushy tail curled around its paws, clear winter morning light. colorful, vivid highly saturated colors",C3_fox_txtpos_krea2_seed2718281,C3_fox_txtpos_krea2_seed2718281_00001_.png,euler_ancestral,simple,9,1.0,1.0,1024,1280
66,C3_fox,2718281,txtneg,,,"Cartoon style illustration. a red fox sitting in fresh snow at the edge of a birch forest, facing the viewer, bushy tail curled around its paws, clear winter morning light. muted colors, desaturated, low saturation",C3_fox_txtneg_krea2_seed2718281,C3_fox_txtneg_krea2_seed2718281_00001_.png,euler_ancestral,simple,9,1.0,1.0,1024,1280
67,C3_fox,2718281,b23_m0.450,-0.450,"0.000,0.000,0.000,0.000,0.000,0.000,0.000,0.000,0.000,0.000,0.000,0.000,0.000,0.000,0.000,0.000,0.000,0.000,0.000,0.000,0.000,0.000,0.000,-0.450,0.000,0.000,0.000,0.000,0.000,0.000,0.000,0.000,0.000,0.000","Cartoon style illustration. a red fox sitting in fresh snow at the edge of a birch forest, facing the viewer, bushy tail curled around its paws, clear winter morning light.",C3_fox_b23_m0.450_krea2_seed2718281,C3_fox_b23_m0.450_krea2_seed2718281_00001_.png,euler_ancestral,simple,9,1.0,1.0,1024,1280
68,C3_fox,2718281,b23_m0.300,-0.300,"0.000,0.000,0.000,0.000,0.000,0.000,0.000,0.000,0.000,0.000,0.000,0.000,0.000,0.000,0.000,0.000,0.000,0.000,0.000,0.000,0.000,0.000,0.000,-0.300,0.000,0.000,0.000,0.000,0.000,0.000,0.000,0.000,0.000,0.000","Cartoon style illustration. a red fox sitting in fresh snow at the edge of a birch forest, facing the viewer, bushy tail curled around its paws, clear winter morning light.",C3_fox_b23_m0.300_krea2_seed2718281,C3_fox_b23_m0.300_krea2_seed2718281_00001_.png,euler_ancestral,simple,9,1.0,1.0,1024,1280
69,C3_fox,2718281,b23_m0.150,-0.150,"0.000,0.000,0.000,0.000,0.000,0.000,0.000,0.000,0.000,0.000,0.000,0.000,0.000,0.000,0.000,0.000,0.000,0.000,0.000,0.000,0.000,0.000,0.000,-0.150,0.000,0.000,0.000,0.000,0.000,0.000,0.000,0.000,0.000,0.000","Cartoon style illustration. a red fox sitting in fresh snow at the edge of a birch forest, facing the viewer, bushy tail curled around its paws, clear winter morning light.",C3_fox_b23_m0.150_krea2_seed2718281,C3_fox_b23_m0.150_krea2_seed2718281_00001_.png,euler_ancestral,simple,9,1.0,1.0,1024,1280
70,C3_fox,2718281,b23_p0.150,0.150,"0.000,0.000,0.000,0.000,0.000,0.000,0.000,0.000,0.000,0.000,0.000,0.000,0.000,0.000,0.000,0.000,0.000,0.000,0.000,0.000,0.000,0.000,0.000,0.150,0.000,0.000,0.000,0.000,0.000,0.000,0.000,0.000,0.000,0.000","Cartoon style illustration. a red fox sitting in fresh snow at the edge of a birch forest, facing the viewer, bushy tail curled around its paws, clear winter morning light.",C3_fox_b23_p0.150_krea2_seed2718281,C3_fox_b23_p0.150_krea2_seed2718281_00001_.png,euler_ancestral,simple,9,1.0,1.0,1024,1280
71,C3_fox,2718281,b23_p0.300,0.300,"0.000,0.000,0.000,0.000,0.000,0.000,0.000,0.000,0.000,0.000,0.000,0.000,0.000,0.000,0.000,0.000,0.000,0.000,0.000,0.000,0.000,0.000,0.000,0.300,0.000,0.000,0.000,0.000,0.000,0.000,0.000,0.000,0.000,0.000","Cartoon style illustration. a red fox sitting in fresh snow at the edge of a birch forest, facing the viewer, bushy tail curled around its paws, clear winter morning light.",C3_fox_b23_p0.300_krea2_seed2718281,C3_fox_b23_p0.300_krea2_seed2718281_00001_.png,euler_ancestral,simple,9,1.0,1.0,1024,1280
72,C3_fox,4669201,baseline,,,"Cartoon style illustration. a red fox sitting in fresh snow at the edge of a birch forest, facing the viewer, bushy tail curled around its paws, clear winter morning light.",C3_fox_baseline_krea2_seed4669201,C3_fox_baseline_krea2_seed4669201_00001_.png,euler_ancestral,simple,9,1.0,1.0,1024,1280
73,C3_fox,4669201,txtpos,,,"Cartoon style illustration. a red fox sitting in fresh snow at the edge of a birch forest, facing the viewer, bushy tail curled around its paws, clear winter morning light. colorful, vivid highly saturated colors",C3_fox_txtpos_krea2_seed4669201,C3_fox_txtpos_krea2_seed4669201_00001_.png,euler_ancestral,simple,9,1.0,1.0,1024,1280
74,C3_fox,4669201,txtneg,,,"Cartoon style illustration. a red fox sitting in fresh snow at the edge of a birch forest, facing the viewer, bushy tail curled around its paws, clear winter morning light. muted colors, desaturated, low saturation",C3_fox_txtneg_krea2_seed4669201,C3_fox_txtneg_krea2_seed4669201_00001_.png,euler_ancestral,simple,9,1.0,1.0,1024,1280
75,C3_fox,4669201,b23_m0.450,-0.450,"0.000,0.000,0.000,0.000,0.000,0.000,0.000,0.000,0.000,0.000,0.000,0.000,0.000,0.000,0.000,0.000,0.000,0.000,0.000,0.000,0.000,0.000,0.000,-0.450,0.000,0.000,0.000,0.000,0.000,0.000,0.000,0.000,0.000,0.000","Cartoon style illustration. a red fox sitting in fresh snow at the edge of a birch forest, facing the viewer, bushy tail curled around its paws, clear winter morning light.",C3_fox_b23_m0.450_krea2_seed4669201,C3_fox_b23_m0.450_krea2_seed4669201_00001_.png,euler_ancestral,simple,9,1.0,1.0,1024,1280
76,C3_fox,4669201,b23_m0.300,-0.300,"0.000,0.000,0.000,0.000,0.000,0.000,0.000,0.000,0.000,0.000,0.000,0.000,0.000,0.000,0.000,0.000,0.000,0.000,0.000,0.000,0.000,0.000,0.000,-0.300,0.000,0.000,0.000,0.000,0.000,0.000,0.000,0.000,0.000,0.000","Cartoon style illustration. a red fox sitting in fresh snow at the edge of a birch forest, facing the viewer, bushy tail curled around its paws, clear winter morning light.",C3_fox_b23_m0.300_krea2_seed4669201,C3_fox_b23_m0.300_krea2_seed4669201_00001_.png,euler_ancestral,simple,9,1.0,1.0,1024,1280
77,C3_fox,4669201,b23_m0.150,-0.150,"0.000,0.000,0.000,0.000,0.000,0.000,0.000,0.000,0.000,0.000,0.000,0.000,0.000,0.000,0.000,0.000,0.000,0.000,0.000,0.000,0.000,0.000,0.000,-0.150,0.000,0.000,0.000,0.000,0.000,0.000,0.000,0.000,0.000,0.000","Cartoon style illustration. a red fox sitting in fresh snow at the edge of a birch forest, facing the viewer, bushy tail curled around its paws, clear winter morning light.",C3_fox_b23_m0.150_krea2_seed4669201,C3_fox_b23_m0.150_krea2_seed4669201_00001_.png,euler_ancestral,simple,9,1.0,1.0,1024,1280
78,C3_fox,4669201,b23_p0.150,0.150,"0.000,0.000,0.000,0.000,0.000,0.000,0.000,0.000,0.000,0.000,0.000,0.000,0.000,0.000,0.000,0.000,0.000,0.000,0.000,0.000,0.000,0.000,0.000,0.150,0.000,0.000,0.000,0.000,0.000,0.000,0.000,0.000,0.000,0.000","Cartoon style illustration. a red fox sitting in fresh snow at the edge of a birch forest, facing the viewer, bushy tail curled around its paws, clear winter morning light.",C3_fox_b23_p0.150_krea2_seed4669201,C3_fox_b23_p0.150_krea2_seed4669201_00001_.png,euler_ancestral,simple,9,1.0,1.0,1024,1280
79,C3_fox,4669201,b23_p0.300,0.300,"0.000,0.000,0.000,0.000,0.000,0.000,0.000,0.000,0.000,0.000,0.000,0.000,0.000,0.000,0.000,0.000,0.000,0.000,0.000,0.000,0.000,0.000,0.000,0.300,0.000,0.000,0.000,0.000,0.000,0.000,0.000,0.000,0.000,0.000","Cartoon style illustration. a red fox sitting in fresh snow at the edge of a birch forest, facing the viewer, bushy tail curled around its paws, clear winter morning light.",C3_fox_b23_p0.300_krea2_seed4669201,C3_fox_b23_p0.300_krea2_seed4669201_00001_.png,euler_ancestral,simple,9,1.0,1.0,1024,1280
80,C4_stilllife,2718281,baseline,,,"Cartoon style illustration. a still life on a wooden kitchen table: a white ceramic teapot, two lemons and a glass of water, soft window light from the left, plain wall behind.",C4_stilllife_baseline_krea2_seed2718281,C4_stilllife_baseline_krea2_seed2718281_00001_.png,euler_ancestral,simple,9,1.0,1.0,1024,1280
81,C4_stilllife,2718281,txtpos,,,"Cartoon style illustration. a still life on a wooden kitchen table: a white ceramic teapot, two lemons and a glass of water, soft window light from the left, plain wall behind. colorful, vivid highly saturated colors",C4_stilllife_txtpos_krea2_seed2718281,C4_stilllife_txtpos_krea2_seed2718281_00001_.png,euler_ancestral,simple,9,1.0,1.0,1024,1280
82,C4_stilllife,2718281,txtneg,,,"Cartoon style illustration. a still life on a wooden kitchen table: a white ceramic teapot, two lemons and a glass of water, soft window light from the left, plain wall behind. muted colors, desaturated, low saturation",C4_stilllife_txtneg_krea2_seed2718281,C4_stilllife_txtneg_krea2_seed2718281_00001_.png,euler_ancestral,simple,9,1.0,1.0,1024,1280
83,C4_stilllife,2718281,b23_m0.450,-0.450,"0.000,0.000,0.000,0.000,0.000,0.000,0.000,0.000,0.000,0.000,0.000,0.000,0.000,0.000,0.000,0.000,0.000,0.000,0.000,0.000,0.000,0.000,0.000,-0.450,0.000,0.000,0.000,0.000,0.000,0.000,0.000,0.000,0.000,0.000","Cartoon style illustration. a still life on a wooden kitchen table: a white ceramic teapot, two lemons and a glass of water, soft window light from the left, plain wall behind.",C4_stilllife_b23_m0.450_krea2_seed2718281,C4_stilllife_b23_m0.450_krea2_seed2718281_00001_.png,euler_ancestral,simple,9,1.0,1.0,1024,1280
84,C4_stilllife,2718281,b23_m0.300,-0.300,"0.000,0.000,0.000,0.000,0.000,0.000,0.000,0.000,0.000,0.000,0.000,0.000,0.000,0.000,0.000,0.000,0.000,0.000,0.000,0.000,0.000,0.000,0.000,-0.300,0.000,0.000,0.000,0.000,0.000,0.000,0.000,0.000,0.000,0.000","Cartoon style illustration. a still life on a wooden kitchen table: a white ceramic teapot, two lemons and a glass of water, soft window light from the left, plain wall behind.",C4_stilllife_b23_m0.300_krea2_seed2718281,C4_stilllife_b23_m0.300_krea2_seed2718281_00001_.png,euler_ancestral,simple,9,1.0,1.0,1024,1280
85,C4_stilllife,2718281,b23_m0.150,-0.150,"0.000,0.000,0.000,0.000,0.000,0.000,0.000,0.000,0.000,0.000,0.000,0.000,0.000,0.000,0.000,0.000,0.000,0.000,0.000,0.000,0.000,0.000,0.000,-0.150,0.000,0.000,0.000,0.000,0.000,0.000,0.000,0.000,0.000,0.000","Cartoon style illustration. a still life on a wooden kitchen table: a white ceramic teapot, two lemons and a glass of water, soft window light from the left, plain wall behind.",C4_stilllife_b23_m0.150_krea2_seed2718281,C4_stilllife_b23_m0.150_krea2_seed2718281_00001_.png,euler_ancestral,simple,9,1.0,1.0,1024,1280
86,C4_stilllife,2718281,b23_p0.150,0.150,"0.000,0.000,0.000,0.000,0.000,0.000,0.000,0.000,0.000,0.000,0.000,0.000,0.000,0.000,0.000,0.000,0.000,0.000,0.000,0.000,0.000,0.000,0.000,0.150,0.000,0.000,0.000,0.000,0.000,0.000,0.000,0.000,0.000,0.000","Cartoon style illustration. a still life on a wooden kitchen table: a white ceramic teapot, two lemons and a glass of water, soft window light from the left, plain wall behind.",C4_stilllife_b23_p0.150_krea2_seed2718281,C4_stilllife_b23_p0.150_krea2_seed2718281_00001_.png,euler_ancestral,simple,9,1.0,1.0,1024,1280
87,C4_stilllife,2718281,b23_p0.300,0.300,"0.000,0.000,0.000,0.000,0.000,0.000,0.000,0.000,0.000,0.000,0.000,0.000,0.000,0.000,0.000,0.000,0.000,0.000,0.000,0.000,0.000,0.000,0.000,0.300,0.000,0.000,0.000,0.000,0.000,0.000,0.000,0.000,0.000,0.000","Cartoon style illustration. a still life on a wooden kitchen table: a white ceramic teapot, two lemons and a glass of water, soft window light from the left, plain wall behind.",C4_stilllife_b23_p0.300_krea2_seed2718281,C4_stilllife_b23_p0.300_krea2_seed2718281_00001_.png,euler_ancestral,simple,9,1.0,1.0,1024,1280
88,C4_stilllife,4669201,baseline,,,"Cartoon style illustration. a still life on a wooden kitchen table: a white ceramic teapot, two lemons and a glass of water, soft window light from the left, plain wall behind.",C4_stilllife_baseline_krea2_seed4669201,C4_stilllife_baseline_krea2_seed4669201_00001_.png,euler_ancestral,simple,9,1.0,1.0,1024,1280
89,C4_stilllife,4669201,txtpos,,,"Cartoon style illustration. a still life on a wooden kitchen table: a white ceramic teapot, two lemons and a glass of water, soft window light from the left, plain wall behind. colorful, vivid highly saturated colors",C4_stilllife_txtpos_krea2_seed4669201,C4_stilllife_txtpos_krea2_seed4669201_00001_.png,euler_ancestral,simple,9,1.0,1.0,1024,1280
90,C4_stilllife,4669201,txtneg,,,"Cartoon style illustration. a still life on a wooden kitchen table: a white ceramic teapot, two lemons and a glass of water, soft window light from the left, plain wall behind. muted colors, desaturated, low saturation",C4_stilllife_txtneg_krea2_seed4669201,C4_stilllife_txtneg_krea2_seed4669201_00001_.png,euler_ancestral,simple,9,1.0,1.0,1024,1280
91,C4_stilllife,4669201,b23_m0.450,-0.450,"0.000,0.000,0.000,0.000,0.000,0.000,0.000,0.000,0.000,0.000,0.000,0.000,0.000,0.000,0.000,0.000,0.000,0.000,0.000,0.000,0.000,0.000,0.000,-0.450,0.000,0.000,0.000,0.000,0.000,0.000,0.000,0.000,0.000,0.000","Cartoon style illustration. a still life on a wooden kitchen table: a white ceramic teapot, two lemons and a glass of water, soft window light from the left, plain wall behind.",C4_stilllife_b23_m0.450_krea2_seed4669201,C4_stilllife_b23_m0.450_krea2_seed4669201_00001_.png,euler_ancestral,simple,9,1.0,1.0,1024,1280
92,C4_stilllife,4669201,b23_m0.300,-0.300,"0.000,0.000,0.000,0.000,0.000,0.000,0.000,0.000,0.000,0.000,0.000,0.000,0.000,0.000,0.000,0.000,0.000,0.000,0.000,0.000,0.000,0.000,0.000,-0.300,0.000,0.000,0.000,0.000,0.000,0.000,0.000,0.000,0.000,0.000","Cartoon style illustration. a still life on a wooden kitchen table: a white ceramic teapot, two lemons and a glass of water, soft window light from the left, plain wall behind.",C4_stilllife_b23_m0.300_krea2_seed4669201,C4_stilllife_b23_m0.300_krea2_seed4669201_00001_.png,euler_ancestral,simple,9,1.0,1.0,1024,1280
93,C4_stilllife,4669201,b23_m0.150,-0.150,"0.000,0.000,0.000,0.000,0.000,0.000,0.000,0.000,0.000,0.000,0.000,0.000,0.000,0.000,0.000,0.000,0.000,0.000,0.000,0.000,0.000,0.000,0.000,-0.150,0.000,0.000,0.000,0.000,0.000,0.000,0.000,0.000,0.000,0.000","Cartoon style illustration. a still life on a wooden kitchen table: a white ceramic teapot, two lemons and a glass of water, soft window light from the left, plain wall behind.",C4_stilllife_b23_m0.150_krea2_seed4669201,C4_stilllife_b23_m0.150_krea2_seed4669201_00001_.png,euler_ancestral,simple,9,1.0,1.0,1024,1280
94,C4_stilllife,4669201,b23_p0.150,0.150,"0.000,0.000,0.000,0.000,0.000,0.000,0.000,0.000,0.000,0.000,0.000,0.000,0.000,0.000,0.000,0.000,0.000,0.000,0.000,0.000,0.000,0.000,0.000,0.150,0.000,0.000,0.000,0.000,0.000,0.000,0.000,0.000,0.000,0.000","Cartoon style illustration. a still life on a wooden kitchen table: a white ceramic teapot, two lemons and a glass of water, soft window light from the left, plain wall behind.",C4_stilllife_b23_p0.150_krea2_seed4669201,C4_stilllife_b23_p0.150_krea2_seed4669201_00001_.png,euler_ancestral,simple,9,1.0,1.0,1024,1280
95,C4_stilllife,4669201,b23_p0.300,0.300,"0.000,0.000,0.000,0.000,0.000,0.000,0.000,0.000,0.000,0.000,0.000,0.000,0.000,0.000,0.000,0.000,0.000,0.000,0.000,0.000,0.000,0.000,0.000,0.300,0.000,0.000,0.000,0.000,0.000,0.000,0.000,0.000,0.000,0.000","Cartoon style illustration. a still life on a wooden kitchen table: a white ceramic teapot, two lemons and a glass of water, soft window light from the left, plain wall behind.",C4_stilllife_b23_p0.300_krea2_seed4669201,C4_stilllife_b23_p0.300_krea2_seed4669201_00001_.png,euler_ancestral,simple,9,1.0,1.0,1024,1280
96,P3_archerforest,3141592,baseline,,,"A young adult female, appearing of Caucasian ethnicity, with brown hair and piercing, focused eyes, crouches low amidst dense evergreen foliage. She wears a dark grey hood obscuring some of her hair, a vibrant crimson cloak draped over her shoulders, and earthy brown trousers. Her attire includes a dark tunic and leather bracers on her forearms, adorned with metal studs. Dirt smudges mark her arms and face, suggesting a wilderness survivalist. She firmly grips a wooden bow, an arrow nocked and its feather fletching visible, her posture tense and alert. Her expression is one of intense concentration and stealth. The environment is a dark, natural forest setting, with thick pine branches and textured bark in the foreground and background. The lighting is dim and dappled, creating dramatic shadows and highlighting her form with a subtle, mystical glow. The overall mood is suspenseful and wild, with a realistic, painterly style reminiscent of fantasy concept art. The composition is a medium close-up, capturing her action and intense gaze, viewed from a slightly low angle. The texture is pronounced, with visible brushstrokes and traces of paint that imitate the painting process using layered tones. Loose, energetic brushstrokes create a sense of movement and action. A sense of depth is achieved through varying densities of brushstrokes. The painting style resembles abstract realism and impressionism. Soft shadows and highlights reflect every detail and give the scene volume.",P3_archerforest_baseline_krea2_seed3141592,P3_archerforest_baseline_krea2_seed3141592_00001_.png,euler_ancestral,simple,9,1.0,1.0,1024,1280
97,P3_archerforest,3141592,txtpos,,,"A young adult female, appearing of Caucasian ethnicity, with brown hair and piercing, focused eyes, crouches low amidst dense evergreen foliage. She wears a dark grey hood obscuring some of her hair, a vibrant crimson cloak draped over her shoulders, and earthy brown trousers. Her attire includes a dark tunic and leather bracers on her forearms, adorned with metal studs. Dirt smudges mark her arms and face, suggesting a wilderness survivalist. She firmly grips a wooden bow, an arrow nocked and its feather fletching visible, her posture tense and alert. Her expression is one of intense concentration and stealth. The environment is a dark, natural forest setting, with thick pine branches and textured bark in the foreground and background. The lighting is dim and dappled, creating dramatic shadows and highlighting her form with a subtle, mystical glow. The overall mood is suspenseful and wild, with a realistic, painterly style reminiscent of fantasy concept art. The composition is a medium close-up, capturing her action and intense gaze, viewed from a slightly low angle. The texture is pronounced, with visible brushstrokes and traces of paint that imitate the painting process using layered tones. Loose, energetic brushstrokes create a sense of movement and action. A sense of depth is achieved through varying densities of brushstrokes. The painting style resembles abstract realism and impressionism. Soft shadows and highlights reflect every detail and give the scene volume. colorful, vivid highly saturated colors",P3_archerforest_txtpos_krea2_seed3141592,P3_archerforest_txtpos_krea2_seed3141592_00001_.png,euler_ancestral,simple,9,1.0,1.0,1024,1280
98,P3_archerforest,3141592,txtneg,,,"A young adult female, appearing of Caucasian ethnicity, with brown hair and piercing, focused eyes, crouches low amidst dense evergreen foliage. She wears a dark grey hood obscuring some of her hair, a vibrant crimson cloak draped over her shoulders, and earthy brown trousers. Her attire includes a dark tunic and leather bracers on her forearms, adorned with metal studs. Dirt smudges mark her arms and face, suggesting a wilderness survivalist. She firmly grips a wooden bow, an arrow nocked and its feather fletching visible, her posture tense and alert. Her expression is one of intense concentration and stealth. The environment is a dark, natural forest setting, with thick pine branches and textured bark in the foreground and background. The lighting is dim and dappled, creating dramatic shadows and highlighting her form with a subtle, mystical glow. The overall mood is suspenseful and wild, with a realistic, painterly style reminiscent of fantasy concept art. The composition is a medium close-up, capturing her action and intense gaze, viewed from a slightly low angle. The texture is pronounced, with visible brushstrokes and traces of paint that imitate the painting process using layered tones. Loose, energetic brushstrokes create a sense of movement and action. A sense of depth is achieved through varying densities of brushstrokes. The painting style resembles abstract realism and impressionism. Soft shadows and highlights reflect every detail and give the scene volume. muted colors, desaturated, low saturation",P3_archerforest_txtneg_krea2_seed3141592,P3_archerforest_txtneg_krea2_seed3141592_00001_.png,euler_ancestral,simple,9,1.0,1.0,1024,1280
99,P3_archerforest,3141592,b23_m0.450,-0.450,"0.000,0.000,0.000,0.000,0.000,0.000,0.000,0.000,0.000,0.000,0.000,0.000,0.000,0.000,0.000,0.000,0.000,0.000,0.000,0.000,0.000,0.000,0.000,-0.450,0.000,0.000,0.000,0.000,0.000,0.000,0.000,0.000,0.000,0.000","A young adult female, appearing of Caucasian ethnicity, with brown hair and piercing, focused eyes, crouches low amidst dense evergreen foliage. She wears a dark grey hood obscuring some of her hair, a vibrant crimson cloak draped over her shoulders, and earthy brown trousers. Her attire includes a dark tunic and leather bracers on her forearms, adorned with metal studs. Dirt smudges mark her arms and face, suggesting a wilderness survivalist. She firmly grips a wooden bow, an arrow nocked and its feather fletching visible, her posture tense and alert. Her expression is one of intense concentration and stealth. The environment is a dark, natural forest setting, with thick pine branches and textured bark in the foreground and background. The lighting is dim and dappled, creating dramatic shadows and highlighting her form with a subtle, mystical glow. The overall mood is suspenseful and wild, with a realistic, painterly style reminiscent of fantasy concept art. The composition is a medium close-up, capturing her action and intense gaze, viewed from a slightly low angle. The texture is pronounced, with visible brushstrokes and traces of paint that imitate the painting process using layered tones. Loose, energetic brushstrokes create a sense of movement and action. A sense of depth is achieved through varying densities of brushstrokes. The painting style resembles abstract realism and impressionism. Soft shadows and highlights reflect every detail and give the scene volume.",P3_archerforest_b23_m0.450_krea2_seed3141592,P3_archerforest_b23_m0.450_krea2_seed3141592_00001_.png,euler_ancestral,simple,9,1.0,1.0,1024,1280
100,P3_archerforest,3141592,b23_m0.300,-0.300,"0.000,0.000,0.000,0.000,0.000,0.000,0.000,0.000,0.000,0.000,0.000,0.000,0.000,0.000,0.000,0.000,0.000,0.000,0.000,0.000,0.000,0.000,0.000,-0.300,0.000,0.000,0.000,0.000,0.000,0.000,0.000,0.000,0.000,0.000","A young adult female, appearing of Caucasian ethnicity, with brown hair and piercing, focused eyes, crouches low amidst dense evergreen foliage. She wears a dark grey hood obscuring some of her hair, a vibrant crimson cloak draped over her shoulders, and earthy brown trousers. Her attire includes a dark tunic and leather bracers on her forearms, adorned with metal studs. Dirt smudges mark her arms and face, suggesting a wilderness survivalist. She firmly grips a wooden bow, an arrow nocked and its feather fletching visible, her posture tense and alert. Her expression is one of intense concentration and stealth. The environment is a dark, natural forest setting, with thick pine branches and textured bark in the foreground and background. The lighting is dim and dappled, creating dramatic shadows and highlighting her form with a subtle, mystical glow. The overall mood is suspenseful and wild, with a realistic, painterly style reminiscent of fantasy concept art. The composition is a medium close-up, capturing her action and intense gaze, viewed from a slightly low angle. The texture is pronounced, with visible brushstrokes and traces of paint that imitate the painting process using layered tones. Loose, energetic brushstrokes create a sense of movement and action. A sense of depth is achieved through varying densities of brushstrokes. The painting style resembles abstract realism and impressionism. Soft shadows and highlights reflect every detail and give the scene volume.",P3_archerforest_b23_m0.300_krea2_seed3141592,P3_archerforest_b23_m0.300_krea2_seed3141592_00001_.png,euler_ancestral,simple,9,1.0,1.0,1024,1280
101,P3_archerforest,3141592,b23_m0.150,-0.150,"0.000,0.000,0.000,0.000,0.000,0.000,0.000,0.000,0.000,0.000,0.000,0.000,0.000,0.000,0.000,0.000,0.000,0.000,0.000,0.000,0.000,0.000,0.000,-0.150,0.000,0.000,0.000,0.000,0.000,0.000,0.000,0.000,0.000,0.000","A young adult female, appearing of Caucasian ethnicity, with brown hair and piercing, focused eyes, crouches low amidst dense evergreen foliage. She wears a dark grey hood obscuring some of her hair, a vibrant crimson cloak draped over her shoulders, and earthy brown trousers. Her attire includes a dark tunic and leather bracers on her forearms, adorned with metal studs. Dirt smudges mark her arms and face, suggesting a wilderness survivalist. She firmly grips a wooden bow, an arrow nocked and its feather fletching visible, her posture tense and alert. Her expression is one of intense concentration and stealth. The environment is a dark, natural forest setting, with thick pine branches and textured bark in the foreground and background. The lighting is dim and dappled, creating dramatic shadows and highlighting her form with a subtle, mystical glow. The overall mood is suspenseful and wild, with a realistic, painterly style reminiscent of fantasy concept art. The composition is a medium close-up, capturing her action and intense gaze, viewed from a slightly low angle. The texture is pronounced, with visible brushstrokes and traces of paint that imitate the painting process using layered tones. Loose, energetic brushstrokes create a sense of movement and action. A sense of depth is achieved through varying densities of brushstrokes. The painting style resembles abstract realism and impressionism. Soft shadows and highlights reflect every detail and give the scene volume.",P3_archerforest_b23_m0.150_krea2_seed3141592,P3_archerforest_b23_m0.150_krea2_seed3141592_00001_.png,euler_ancestral,simple,9,1.0,1.0,1024,1280
102,P3_archerforest,3141592,b23_p0.150,0.150,"0.000,0.000,0.000,0.000,0.000,0.000,0.000,0.000,0.000,0.000,0.000,0.000,0.000,0.000,0.000,0.000,0.000,0.000,0.000,0.000,0.000,0.000,0.000,0.150,0.000,0.000,0.000,0.000,0.000,0.000,0.000,0.000,0.000,0.000","A young adult female, appearing of Caucasian ethnicity, with brown hair and piercing, focused eyes, crouches low amidst dense evergreen foliage. She wears a dark grey hood obscuring some of her hair, a vibrant crimson cloak draped over her shoulders, and earthy brown trousers. Her attire includes a dark tunic and leather bracers on her forearms, adorned with metal studs. Dirt smudges mark her arms and face, suggesting a wilderness survivalist. She firmly grips a wooden bow, an arrow nocked and its feather fletching visible, her posture tense and alert. Her expression is one of intense concentration and stealth. The environment is a dark, natural forest setting, with thick pine branches and textured bark in the foreground and background. The lighting is dim and dappled, creating dramatic shadows and highlighting her form with a subtle, mystical glow. The overall mood is suspenseful and wild, with a realistic, painterly style reminiscent of fantasy concept art. The composition is a medium close-up, capturing her action and intense gaze, viewed from a slightly low angle. The texture is pronounced, with visible brushstrokes and traces of paint that imitate the painting process using layered tones. Loose, energetic brushstrokes create a sense of movement and action. A sense of depth is achieved through varying densities of brushstrokes. The painting style resembles abstract realism and impressionism. Soft shadows and highlights reflect every detail and give the scene volume.",P3_archerforest_b23_p0.150_krea2_seed3141592,P3_archerforest_b23_p0.150_krea2_seed3141592_00001_.png,euler_ancestral,simple,9,1.0,1.0,1024,1280
103,P3_archerforest,3141592,b23_p0.300,0.300,"0.000,0.000,0.000,0.000,0.000,0.000,0.000,0.000,0.000,0.000,0.000,0.000,0.000,0.000,0.000,0.000,0.000,0.000,0.000,0.000,0.000,0.000,0.000,0.300,0.000,0.000,0.000,0.000,0.000,0.000,0.000,0.000,0.000,0.000","A young adult female, appearing of Caucasian ethnicity, with brown hair and piercing, focused eyes, crouches low amidst dense evergreen foliage. She wears a dark grey hood obscuring some of her hair, a vibrant crimson cloak draped over her shoulders, and earthy brown trousers. Her attire includes a dark tunic and leather bracers on her forearms, adorned with metal studs. Dirt smudges mark her arms and face, suggesting a wilderness survivalist. She firmly grips a wooden bow, an arrow nocked and its feather fletching visible, her posture tense and alert. Her expression is one of intense concentration and stealth. The environment is a dark, natural forest setting, with thick pine branches and textured bark in the foreground and background. The lighting is dim and dappled, creating dramatic shadows and highlighting her form with a subtle, mystical glow. The overall mood is suspenseful and wild, with a realistic, painterly style reminiscent of fantasy concept art. The composition is a medium close-up, capturing her action and intense gaze, viewed from a slightly low angle. The texture is pronounced, with visible brushstrokes and traces of paint that imitate the painting process using layered tones. Loose, energetic brushstrokes create a sense of movement and action. A sense of depth is achieved through varying densities of brushstrokes. The painting style resembles abstract realism and impressionism. Soft shadows and highlights reflect every detail and give the scene volume.",P3_archerforest_b23_p0.300_krea2_seed3141592,P3_archerforest_b23_p0.300_krea2_seed3141592_00001_.png,euler_ancestral,simple,9,1.0,1.0,1024,1280
104,P3_archerforest,4669201,baseline,,,"A young adult female, appearing of Caucasian ethnicity, with brown hair and piercing, focused eyes, crouches low amidst dense evergreen foliage. She wears a dark grey hood obscuring some of her hair, a vibrant crimson cloak draped over her shoulders, and earthy brown trousers. Her attire includes a dark tunic and leather bracers on her forearms, adorned with metal studs. Dirt smudges mark her arms and face, suggesting a wilderness survivalist. She firmly grips a wooden bow, an arrow nocked and its feather fletching visible, her posture tense and alert. Her expression is one of intense concentration and stealth. The environment is a dark, natural forest setting, with thick pine branches and textured bark in the foreground and background. The lighting is dim and dappled, creating dramatic shadows and highlighting her form with a subtle, mystical glow. The overall mood is suspenseful and wild, with a realistic, painterly style reminiscent of fantasy concept art. The composition is a medium close-up, capturing her action and intense gaze, viewed from a slightly low angle. The texture is pronounced, with visible brushstrokes and traces of paint that imitate the painting process using layered tones. Loose, energetic brushstrokes create a sense of movement and action. A sense of depth is achieved through varying densities of brushstrokes. The painting style resembles abstract realism and impressionism. Soft shadows and highlights reflect every detail and give the scene volume.",P3_archerforest_baseline_krea2_seed4669201,P3_archerforest_baseline_krea2_seed4669201_00001_.png,euler_ancestral,simple,9,1.0,1.0,1024,1280
105,P3_archerforest,4669201,txtpos,,,"A young adult female, appearing of Caucasian ethnicity, with brown hair and piercing, focused eyes, crouches low amidst dense evergreen foliage. She wears a dark grey hood obscuring some of her hair, a vibrant crimson cloak draped over her shoulders, and earthy brown trousers. Her attire includes a dark tunic and leather bracers on her forearms, adorned with metal studs. Dirt smudges mark her arms and face, suggesting a wilderness survivalist. She firmly grips a wooden bow, an arrow nocked and its feather fletching visible, her posture tense and alert. Her expression is one of intense concentration and stealth. The environment is a dark, natural forest setting, with thick pine branches and textured bark in the foreground and background. The lighting is dim and dappled, creating dramatic shadows and highlighting her form with a subtle, mystical glow. The overall mood is suspenseful and wild, with a realistic, painterly style reminiscent of fantasy concept art. The composition is a medium close-up, capturing her action and intense gaze, viewed from a slightly low angle. The texture is pronounced, with visible brushstrokes and traces of paint that imitate the painting process using layered tones. Loose, energetic brushstrokes create a sense of movement and action. A sense of depth is achieved through varying densities of brushstrokes. The painting style resembles abstract realism and impressionism. Soft shadows and highlights reflect every detail and give the scene volume. colorful, vivid highly saturated colors",P3_archerforest_txtpos_krea2_seed4669201,P3_archerforest_txtpos_krea2_seed4669201_00001_.png,euler_ancestral,simple,9,1.0,1.0,1024,1280
106,P3_archerforest,4669201,txtneg,,,"A young adult female, appearing of Caucasian ethnicity, with brown hair and piercing, focused eyes, crouches low amidst dense evergreen foliage. She wears a dark grey hood obscuring some of her hair, a vibrant crimson cloak draped over her shoulders, and earthy brown trousers. Her attire includes a dark tunic and leather bracers on her forearms, adorned with metal studs. Dirt smudges mark her arms and face, suggesting a wilderness survivalist. She firmly grips a wooden bow, an arrow nocked and its feather fletching visible, her posture tense and alert. Her expression is one of intense concentration and stealth. The environment is a dark, natural forest setting, with thick pine branches and textured bark in the foreground and background. The lighting is dim and dappled, creating dramatic shadows and highlighting her form with a subtle, mystical glow. The overall mood is suspenseful and wild, with a realistic, painterly style reminiscent of fantasy concept art. The composition is a medium close-up, capturing her action and intense gaze, viewed from a slightly low angle. The texture is pronounced, with visible brushstrokes and traces of paint that imitate the painting process using layered tones. Loose, energetic brushstrokes create a sense of movement and action. A sense of depth is achieved through varying densities of brushstrokes. The painting style resembles abstract realism and impressionism. Soft shadows and highlights reflect every detail and give the scene volume. muted colors, desaturated, low saturation",P3_archerforest_txtneg_krea2_seed4669201,P3_archerforest_txtneg_krea2_seed4669201_00001_.png,euler_ancestral,simple,9,1.0,1.0,1024,1280
107,P3_archerforest,4669201,b23_m0.450,-0.450,"0.000,0.000,0.000,0.000,0.000,0.000,0.000,0.000,0.000,0.000,0.000,0.000,0.000,0.000,0.000,0.000,0.000,0.000,0.000,0.000,0.000,0.000,0.000,-0.450,0.000,0.000,0.000,0.000,0.000,0.000,0.000,0.000,0.000,0.000","A young adult female, appearing of Caucasian ethnicity, with brown hair and piercing, focused eyes, crouches low amidst dense evergreen foliage. She wears a dark grey hood obscuring some of her hair, a vibrant crimson cloak draped over her shoulders, and earthy brown trousers. Her attire includes a dark tunic and leather bracers on her forearms, adorned with metal studs. Dirt smudges mark her arms and face, suggesting a wilderness survivalist. She firmly grips a wooden bow, an arrow nocked and its feather fletching visible, her posture tense and alert. Her expression is one of intense concentration and stealth. The environment is a dark, natural forest setting, with thick pine branches and textured bark in the foreground and background. The lighting is dim and dappled, creating dramatic shadows and highlighting her form with a subtle, mystical glow. The overall mood is suspenseful and wild, with a realistic, painterly style reminiscent of fantasy concept art. The composition is a medium close-up, capturing her action and intense gaze, viewed from a slightly low angle. The texture is pronounced, with visible brushstrokes and traces of paint that imitate the painting process using layered tones. Loose, energetic brushstrokes create a sense of movement and action. A sense of depth is achieved through varying densities of brushstrokes. The painting style resembles abstract realism and impressionism. Soft shadows and highlights reflect every detail and give the scene volume.",P3_archerforest_b23_m0.450_krea2_seed4669201,P3_archerforest_b23_m0.450_krea2_seed4669201_00001_.png,euler_ancestral,simple,9,1.0,1.0,1024,1280
108,P3_archerforest,4669201,b23_m0.300,-0.300,"0.000,0.000,0.000,0.000,0.000,0.000,0.000,0.000,0.000,0.000,0.000,0.000,0.000,0.000,0.000,0.000,0.000,0.000,0.000,0.000,0.000,0.000,0.000,-0.300,0.000,0.000,0.000,0.000,0.000,0.000,0.000,0.000,0.000,0.000","A young adult female, appearing of Caucasian ethnicity, with brown hair and piercing, focused eyes, crouches low amidst dense evergreen foliage. She wears a dark grey hood obscuring some of her hair, a vibrant crimson cloak draped over her shoulders, and earthy brown trousers. Her attire includes a dark tunic and leather bracers on her forearms, adorned with metal studs. Dirt smudges mark her arms and face, suggesting a wilderness survivalist. She firmly grips a wooden bow, an arrow nocked and its feather fletching visible, her posture tense and alert. Her expression is one of intense concentration and stealth. The environment is a dark, natural forest setting, with thick pine branches and textured bark in the foreground and background. The lighting is dim and dappled, creating dramatic shadows and highlighting her form with a subtle, mystical glow. The overall mood is suspenseful and wild, with a realistic, painterly style reminiscent of fantasy concept art. The composition is a medium close-up, capturing her action and intense gaze, viewed from a slightly low angle. The texture is pronounced, with visible brushstrokes and traces of paint that imitate the painting process using layered tones. Loose, energetic brushstrokes create a sense of movement and action. A sense of depth is achieved through varying densities of brushstrokes. The painting style resembles abstract realism and impressionism. Soft shadows and highlights reflect every detail and give the scene volume.",P3_archerforest_b23_m0.300_krea2_seed4669201,P3_archerforest_b23_m0.300_krea2_seed4669201_00001_.png,euler_ancestral,simple,9,1.0,1.0,1024,1280
109,P3_archerforest,4669201,b23_m0.150,-0.150,"0.000,0.000,0.000,0.000,0.000,0.000,0.000,0.000,0.000,0.000,0.000,0.000,0.000,0.000,0.000,0.000,0.000,0.000,0.000,0.000,0.000,0.000,0.000,-0.150,0.000,0.000,0.000,0.000,0.000,0.000,0.000,0.000,0.000,0.000","A young adult female, appearing of Caucasian ethnicity, with brown hair and piercing, focused eyes, crouches low amidst dense evergreen foliage. She wears a dark grey hood obscuring some of her hair, a vibrant crimson cloak draped over her shoulders, and earthy brown trousers. Her attire includes a dark tunic and leather bracers on her forearms, adorned with metal studs. Dirt smudges mark her arms and face, suggesting a wilderness survivalist. She firmly grips a wooden bow, an arrow nocked and its feather fletching visible, her posture tense and alert. Her expression is one of intense concentration and stealth. The environment is a dark, natural forest setting, with thick pine branches and textured bark in the foreground and background. The lighting is dim and dappled, creating dramatic shadows and highlighting her form with a subtle, mystical glow. The overall mood is suspenseful and wild, with a realistic, painterly style reminiscent of fantasy concept art. The composition is a medium close-up, capturing her action and intense gaze, viewed from a slightly low angle. The texture is pronounced, with visible brushstrokes and traces of paint that imitate the painting process using layered tones. Loose, energetic brushstrokes create a sense of movement and action. A sense of depth is achieved through varying densities of brushstrokes. The painting style resembles abstract realism and impressionism. Soft shadows and highlights reflect every detail and give the scene volume.",P3_archerforest_b23_m0.150_krea2_seed4669201,P3_archerforest_b23_m0.150_krea2_seed4669201_00001_.png,euler_ancestral,simple,9,1.0,1.0,1024,1280
110,P3_archerforest,4669201,b23_p0.150,0.150,"0.000,0.000,0.000,0.000,0.000,0.000,0.000,0.000,0.000,0.000,0.000,0.000,0.000,0.000,0.000,0.000,0.000,0.000,0.000,0.000,0.000,0.000,0.000,0.150,0.000,0.000,0.000,0.000,0.000,0.000,0.000,0.000,0.000,0.000","A young adult female, appearing of Caucasian ethnicity, with brown hair and piercing, focused eyes, crouches low amidst dense evergreen foliage. She wears a dark grey hood obscuring some of her hair, a vibrant crimson cloak draped over her shoulders, and earthy brown trousers. Her attire includes a dark tunic and leather bracers on her forearms, adorned with metal studs. Dirt smudges mark her arms and face, suggesting a wilderness survivalist. She firmly grips a wooden bow, an arrow nocked and its feather fletching visible, her posture tense and alert. Her expression is one of intense concentration and stealth. The environment is a dark, natural forest setting, with thick pine branches and textured bark in the foreground and background. The lighting is dim and dappled, creating dramatic shadows and highlighting her form with a subtle, mystical glow. The overall mood is suspenseful and wild, with a realistic, painterly style reminiscent of fantasy concept art. The composition is a medium close-up, capturing her action and intense gaze, viewed from a slightly low angle. The texture is pronounced, with visible brushstrokes and traces of paint that imitate the painting process using layered tones. Loose, energetic brushstrokes create a sense of movement and action. A sense of depth is achieved through varying densities of brushstrokes. The painting style resembles abstract realism and impressionism. Soft shadows and highlights reflect every detail and give the scene volume.",P3_archerforest_b23_p0.150_krea2_seed4669201,P3_archerforest_b23_p0.150_krea2_seed4669201_00001_.png,euler_ancestral,simple,9,1.0,1.0,1024,1280
111,P3_archerforest,4669201,b23_p0.300,0.300,"0.000,0.000,0.000,0.000,0.000,0.000,0.000,0.000,0.000,0.000,0.000,0.000,0.000,0.000,0.000,0.000,0.000,0.000,0.000,0.000,0.000,0.000,0.000,0.300,0.000,0.000,0.000,0.000,0.000,0.000,0.000,0.000,0.000,0.000","A young adult female, appearing of Caucasian ethnicity, with brown hair and piercing, focused eyes, crouches low amidst dense evergreen foliage. She wears a dark grey hood obscuring some of her hair, a vibrant crimson cloak draped over her shoulders, and earthy brown trousers. Her attire includes a dark tunic and leather bracers on her forearms, adorned with metal studs. Dirt smudges mark her arms and face, suggesting a wilderness survivalist. She firmly grips a wooden bow, an arrow nocked and its feather fletching visible, her posture tense and alert. Her expression is one of intense concentration and stealth. The environment is a dark, natural forest setting, with thick pine branches and textured bark in the foreground and background. The lighting is dim and dappled, creating dramatic shadows and highlighting her form with a subtle, mystical glow. The overall mood is suspenseful and wild, with a realistic, painterly style reminiscent of fantasy concept art. The composition is a medium close-up, capturing her action and intense gaze, viewed from a slightly low angle. The texture is pronounced, with visible brushstrokes and traces of paint that imitate the painting process using layered tones. Loose, energetic brushstrokes create a sense of movement and action. A sense of depth is achieved through varying densities of brushstrokes. The painting style resembles abstract realism and impressionism. Soft shadows and highlights reflect every detail and give the scene volume.",P3_archerforest_b23_p0.300_krea2_seed4669201,P3_archerforest_b23_p0.300_krea2_seed4669201_00001_.png,euler_ancestral,simple,9,1.0,1.0,1024,1280
112,P4_selfie,1618033,baseline,,,"A young woman poses for a playful outdoor selfie under a clear blue sky, holding a large iced green drink with a straw. Her dark curly hair is styled loosely with strands framing her face, and she wears a light cream textured top, a delicate necklace, and a statement ring. Her dotted manicure and winking expression add a fun, carefree touch, while the bright sunlight and low-angle perspective give the image a fresh, summery, candid feel.",P4_selfie_baseline_krea2_seed1618033,P4_selfie_baseline_krea2_seed1618033_00001_.png,euler_ancestral,simple,9,1.0,1.0,1024,1280
113,P4_selfie,1618033,txtpos,,,"A young woman poses for a playful outdoor selfie under a clear blue sky, holding a large iced green drink with a straw. Her dark curly hair is styled loosely with strands framing her face, and she wears a light cream textured top, a delicate necklace, and a statement ring. Her dotted manicure and winking expression add a fun, carefree touch, while the bright sunlight and low-angle perspective give the image a fresh, summery, candid feel. colorful, vivid highly saturated colors",P4_selfie_txtpos_krea2_seed1618033,P4_selfie_txtpos_krea2_seed1618033_00001_.png,euler_ancestral,simple,9,1.0,1.0,1024,1280
114,P4_selfie,1618033,txtneg,,,"A young woman poses for a playful outdoor selfie under a clear blue sky, holding a large iced green drink with a straw. Her dark curly hair is styled loosely with strands framing her face, and she wears a light cream textured top, a delicate necklace, and a statement ring. Her dotted manicure and winking expression add a fun, carefree touch, while the bright sunlight and low-angle perspective give the image a fresh, summery, candid feel. muted colors, desaturated, low saturation",P4_selfie_txtneg_krea2_seed1618033,P4_selfie_txtneg_krea2_seed1618033_00001_.png,euler_ancestral,simple,9,1.0,1.0,1024,1280
115,P4_selfie,1618033,b23_m0.450,-0.450,"0.000,0.000,0.000,0.000,0.000,0.000,0.000,0.000,0.000,0.000,0.000,0.000,0.000,0.000,0.000,0.000,0.000,0.000,0.000,0.000,0.000,0.000,0.000,-0.450,0.000,0.000,0.000,0.000,0.000,0.000,0.000,0.000,0.000,0.000","A young woman poses for a playful outdoor selfie under a clear blue sky, holding a large iced green drink with a straw. Her dark curly hair is styled loosely with strands framing her face, and she wears a light cream textured top, a delicate necklace, and a statement ring. Her dotted manicure and winking expression add a fun, carefree touch, while the bright sunlight and low-angle perspective give the image a fresh, summery, candid feel.",P4_selfie_b23_m0.450_krea2_seed1618033,P4_selfie_b23_m0.450_krea2_seed1618033_00001_.png,euler_ancestral,simple,9,1.0,1.0,1024,1280
116,P4_selfie,1618033,b23_m0.300,-0.300,"0.000,0.000,0.000,0.000,0.000,0.000,0.000,0.000,0.000,0.000,0.000,0.000,0.000,0.000,0.000,0.000,0.000,0.000,0.000,0.000,0.000,0.000,0.000,-0.300,0.000,0.000,0.000,0.000,0.000,0.000,0.000,0.000,0.000,0.000","A young woman poses for a playful outdoor selfie under a clear blue sky, holding a large iced green drink with a straw. Her dark curly hair is styled loosely with strands framing her face, and she wears a light cream textured top, a delicate necklace, and a statement ring. Her dotted manicure and winking expression add a fun, carefree touch, while the bright sunlight and low-angle perspective give the image a fresh, summery, candid feel.",P4_selfie_b23_m0.300_krea2_seed1618033,P4_selfie_b23_m0.300_krea2_seed1618033_00001_.png,euler_ancestral,simple,9,1.0,1.0,1024,1280
117,P4_selfie,1618033,b23_m0.150,-0.150,"0.000,0.000,0.000,0.000,0.000,0.000,0.000,0.000,0.000,0.000,0.000,0.000,0.000,0.000,0.000,0.000,0.000,0.000,0.000,0.000,0.000,0.000,0.000,-0.150,0.000,0.000,0.000,0.000,0.000,0.000,0.000,0.000,0.000,0.000","A young woman poses for a playful outdoor selfie under a clear blue sky, holding a large iced green drink with a straw. Her dark curly hair is styled loosely with strands framing her face, and she wears a light cream textured top, a delicate necklace, and a statement ring. Her dotted manicure and winking expression add a fun, carefree touch, while the bright sunlight and low-angle perspective give the image a fresh, summery, candid feel.",P4_selfie_b23_m0.150_krea2_seed1618033,P4_selfie_b23_m0.150_krea2_seed1618033_00001_.png,euler_ancestral,simple,9,1.0,1.0,1024,1280
118,P4_selfie,1618033,b23_p0.150,0.150,"0.000,0.000,0.000,0.000,0.000,0.000,0.000,0.000,0.000,0.000,0.000,0.000,0.000,0.000,0.000,0.000,0.000,0.000,0.000,0.000,0.000,0.000,0.000,0.150,0.000,0.000,0.000,0.000,0.000,0.000,0.000,0.000,0.000,0.000","A young woman poses for a playful outdoor selfie under a clear blue sky, holding a large iced green drink with a straw. Her dark curly hair is styled loosely with strands framing her face, and she wears a light cream textured top, a delicate necklace, and a statement ring. Her dotted manicure and winking expression add a fun, carefree touch, while the bright sunlight and low-angle perspective give the image a fresh, summery, candid feel.",P4_selfie_b23_p0.150_krea2_seed1618033,P4_selfie_b23_p0.150_krea2_seed1618033_00001_.png,euler_ancestral,simple,9,1.0,1.0,1024,1280
119,P4_selfie,1618033,b23_p0.300,0.300,"0.000,0.000,0.000,0.000,0.000,0.000,0.000,0.000,0.000,0.000,0.000,0.000,0.000,0.000,0.000,0.000,0.000,0.000,0.000,0.000,0.000,0.000,0.000,0.300,0.000,0.000,0.000,0.000,0.000,0.000,0.000,0.000,0.000,0.000","A young woman poses for a playful outdoor selfie under a clear blue sky, holding a large iced green drink with a straw. Her dark curly hair is styled loosely with strands framing her face, and she wears a light cream textured top, a delicate necklace, and a statement ring. Her dotted manicure and winking expression add a fun, carefree touch, while the bright sunlight and low-angle perspective give the image a fresh, summery, candid feel.",P4_selfie_b23_p0.300_krea2_seed1618033,P4_selfie_b23_p0.300_krea2_seed1618033_00001_.png,euler_ancestral,simple,9,1.0,1.0,1024,1280
120,P4_selfie,4669201,baseline,,,"A young woman poses for a playful outdoor selfie under a clear blue sky, holding a large iced green drink with a straw. Her dark curly hair is styled loosely with strands framing her face, and she wears a light cream textured top, a delicate necklace, and a statement ring. Her dotted manicure and winking expression add a fun, carefree touch, while the bright sunlight and low-angle perspective give the image a fresh, summery, candid feel.",P4_selfie_baseline_krea2_seed4669201,P4_selfie_baseline_krea2_seed4669201_00001_.png,euler_ancestral,simple,9,1.0,1.0,1024,1280
121,P4_selfie,4669201,txtpos,,,"A young woman poses for a playful outdoor selfie under a clear blue sky, holding a large iced green drink with a straw. Her dark curly hair is styled loosely with strands framing her face, and she wears a light cream textured top, a delicate necklace, and a statement ring. Her dotted manicure and winking expression add a fun, carefree touch, while the bright sunlight and low-angle perspective give the image a fresh, summery, candid feel. colorful, vivid highly saturated colors",P4_selfie_txtpos_krea2_seed4669201,P4_selfie_txtpos_krea2_seed4669201_00001_.png,euler_ancestral,simple,9,1.0,1.0,1024,1280
122,P4_selfie,4669201,txtneg,,,"A young woman poses for a playful outdoor selfie under a clear blue sky, holding a large iced green drink with a straw. Her dark curly hair is styled loosely with strands framing her face, and she wears a light cream textured top, a delicate necklace, and a statement ring. Her dotted manicure and winking expression add a fun, carefree touch, while the bright sunlight and low-angle perspective give the image a fresh, summery, candid feel. muted colors, desaturated, low saturation",P4_selfie_txtneg_krea2_seed4669201,P4_selfie_txtneg_krea2_seed4669201_00001_.png,euler_ancestral,simple,9,1.0,1.0,1024,1280
123,P4_selfie,4669201,b23_m0.450,-0.450,"0.000,0.000,0.000,0.000,0.000,0.000,0.000,0.000,0.000,0.000,0.000,0.000,0.000,0.000,0.000,0.000,0.000,0.000,0.000,0.000,0.000,0.000,0.000,-0.450,0.000,0.000,0.000,0.000,0.000,0.000,0.000,0.000,0.000,0.000","A young woman poses for a playful outdoor selfie under a clear blue sky, holding a large iced green drink with a straw. Her dark curly hair is styled loosely with strands framing her face, and she wears a light cream textured top, a delicate necklace, and a statement ring. Her dotted manicure and winking expression add a fun, carefree touch, while the bright sunlight and low-angle perspective give the image a fresh, summery, candid feel.",P4_selfie_b23_m0.450_krea2_seed4669201,P4_selfie_b23_m0.450_krea2_seed4669201_00001_.png,euler_ancestral,simple,9,1.0,1.0,1024,1280
124,P4_selfie,4669201,b23_m0.300,-0.300,"0.000,0.000,0.000,0.000,0.000,0.000,0.000,0.000,0.000,0.000,0.000,0.000,0.000,0.000,0.000,0.000,0.000,0.000,0.000,0.000,0.000,0.000,0.000,-0.300,0.000,0.000,0.000,0.000,0.000,0.000,0.000,0.000,0.000,0.000","A young woman poses for a playful outdoor selfie under a clear blue sky, holding a large iced green drink with a straw. Her dark curly hair is styled loosely with strands framing her face, and she wears a light cream textured top, a delicate necklace, and a statement ring. Her dotted manicure and winking expression add a fun, carefree touch, while the bright sunlight and low-angle perspective give the image a fresh, summery, candid feel.",P4_selfie_b23_m0.300_krea2_seed4669201,P4_selfie_b23_m0.300_krea2_seed4669201_00001_.png,euler_ancestral,simple,9,1.0,1.0,1024,1280
125,P4_selfie,4669201,b23_m0.150,-0.150,"0.000,0.000,0.000,0.000,0.000,0.000,0.000,0.000,0.000,0.000,0.000,0.000,0.000,0.000,0.000,0.000,0.000,0.000,0.000,0.000,0.000,0.000,0.000,-0.150,0.000,0.000,0.000,0.000,0.000,0.000,0.000,0.000,0.000,0.000","A young woman poses for a playful outdoor selfie under a clear blue sky, holding a large iced green drink with a straw. Her dark curly hair is styled loosely with strands framing her face, and she wears a light cream textured top, a delicate necklace, and a statement ring. Her dotted manicure and winking expression add a fun, carefree touch, while the bright sunlight and low-angle perspective give the image a fresh, summery, candid feel.",P4_selfie_b23_m0.150_krea2_seed4669201,P4_selfie_b23_m0.150_krea2_seed4669201_00001_.png,euler_ancestral,simple,9,1.0,1.0,1024,1280
126,P4_selfie,4669201,b23_p0.150,0.150,"0.000,0.000,0.000,0.000,0.000,0.000,0.000,0.000,0.000,0.000,0.000,0.000,0.000,0.000,0.000,0.000,0.000,0.000,0.000,0.000,0.000,0.000,0.000,0.150,0.000,0.000,0.000,0.000,0.000,0.000,0.000,0.000,0.000,0.000","A young woman poses for a playful outdoor selfie under a clear blue sky, holding a large iced green drink with a straw. Her dark curly hair is styled loosely with strands framing her face, and she wears a light cream textured top, a delicate necklace, and a statement ring. Her dotted manicure and winking expression add a fun, carefree touch, while the bright sunlight and low-angle perspective give the image a fresh, summery, candid feel.",P4_selfie_b23_p0.150_krea2_seed4669201,P4_selfie_b23_p0.150_krea2_seed4669201_00001_.png,euler_ancestral,simple,9,1.0,1.0,1024,1280
127,P4_selfie,4669201,b23_p0.300,0.300,"0.000,0.000,0.000,0.000,0.000,0.000,0.000,0.000,0.000,0.000,0.000,0.000,0.000,0.000,0.000,0.000,0.000,0.000,0.000,0.000,0.000,0.000,0.000,0.300,0.000,0.000,0.000,0.000,0.000,0.000,0.000,0.000,0.000,0.000","A young woman poses for a playful outdoor selfie under a clear blue sky, holding a large iced green drink with a straw. Her dark curly hair is styled loosely with strands framing her face, and she wears a light cream textured top, a delicate necklace, and a statement ring. Her dotted manicure and winking expression add a fun, carefree touch, while the bright sunlight and low-angle perspective give the image a fresh, summery, candid feel.",P4_selfie_b23_p0.300_krea2_seed4669201,P4_selfie_b23_p0.300_krea2_seed4669201_00001_.png,euler_ancestral,simple,9,1.0,1.0,1024,1280
