row_index,arm,prompt_id,seed,treatment,block_input,gain,mode,vectors_override,granular_json,sampler,scheduler,steps,cfg,denoise,width,height,output_prefix,expected_filename,prompt_sha1,prompt_text
1,determinism,P01,42,Block_3=0.200,Block_3,0.200,Real Value,,,euler_ancestral,simple,9,1.0,1.0,1024,1280,P01_Block_3pos_0.200_krea2_seed42,P01_Block_3pos_0.200_krea2_seed42_00001_.png,52e5b19ca6,"Western comics style, bold ink outlines, hatched shadows, medium wide shot, static centred composition, eye-level camera, subject centred and filling the middle third of the frame. A blacksmith woman stands behind a heavy oak workbench, facing the viewer, both hands resting flat on the wood. She has coarse dark curls tied back, weathered brown skin, a leather apron over a coarse linen shirt, and a polished steel gauntlet on her left forearm. On the bench lie a hammered copper bowl, a coil of frayed rope, and three rough granite offcuts. Behind her on the left a forge fire glows with a warm orange to deep red gradient, and thin smoke rises against a flat dark stone wall on the right. Cold blue window light falls from the upper left across the steel."
2,baseline,P01,2718281,none,,,Real Value,,,euler_ancestral,simple,9,1.0,1.0,1024,1280,P01_baseline_krea2_seed2718281,P01_baseline_krea2_seed2718281_00001_.png,52e5b19ca6,"Western comics style, bold ink outlines, hatched shadows, medium wide shot, static centred composition, eye-level camera, subject centred and filling the middle third of the frame. A blacksmith woman stands behind a heavy oak workbench, facing the viewer, both hands resting flat on the wood. She has coarse dark curls tied back, weathered brown skin, a leather apron over a coarse linen shirt, and a polished steel gauntlet on her left forearm. On the bench lie a hammered copper bowl, a coil of frayed rope, and three rough granite offcuts. Behind her on the left a forge fire glows with a warm orange to deep red gradient, and thin smoke rises against a flat dark stone wall on the right. Cold blue window light falls from the upper left across the steel."
3,baseline,P01,3141592,none,,,Real Value,,,euler_ancestral,simple,9,1.0,1.0,1024,1280,P01_baseline_krea2_seed3141592,P01_baseline_krea2_seed3141592_00001_.png,52e5b19ca6,"Western comics style, bold ink outlines, hatched shadows, medium wide shot, static centred composition, eye-level camera, subject centred and filling the middle third of the frame. A blacksmith woman stands behind a heavy oak workbench, facing the viewer, both hands resting flat on the wood. She has coarse dark curls tied back, weathered brown skin, a leather apron over a coarse linen shirt, and a polished steel gauntlet on her left forearm. On the bench lie a hammered copper bowl, a coil of frayed rope, and three rough granite offcuts. Behind her on the left a forge fire glows with a warm orange to deep red gradient, and thin smoke rises against a flat dark stone wall on the right. Cold blue window light falls from the upper left across the steel."
4,baseline,P01,1618033,none,,,Real Value,,,euler_ancestral,simple,9,1.0,1.0,1024,1280,P01_baseline_krea2_seed1618033,P01_baseline_krea2_seed1618033_00001_.png,52e5b19ca6,"Western comics style, bold ink outlines, hatched shadows, medium wide shot, static centred composition, eye-level camera, subject centred and filling the middle third of the frame. A blacksmith woman stands behind a heavy oak workbench, facing the viewer, both hands resting flat on the wood. She has coarse dark curls tied back, weathered brown skin, a leather apron over a coarse linen shirt, and a polished steel gauntlet on her left forearm. On the bench lie a hammered copper bowl, a coil of frayed rope, and three rough granite offcuts. Behind her on the left a forge fire glows with a warm orange to deep red gradient, and thin smoke rises against a flat dark stone wall on the right. Cold blue window light falls from the upper left across the steel."
5,baseline,P02,2718281,none,,,Real Value,,,euler_ancestral,simple,9,1.0,1.0,1024,1280,P02_baseline_krea2_seed2718281,P02_baseline_krea2_seed2718281_00001_.png,7919c95fcf,"Western comics style, bold ink outlines, hatched shadows, medium wide shot, static centred composition, eye-level camera, subject centred and filling the middle third of the frame. A botanist man stands among potting benches, facing the viewer, one hand on a terracotta pot. He has straight pale hair, freckled fair skin, a knitted wool cardigan over a cotton shirt, and small round glasses. Broad waxy monstera leaves crowd the left of the frame and fine ferns the right. A glass carafe half full of water sits on the bench in front of him, beside damp dark soil and a brass watering can. Behind him the greenhouse panes show a pale cyan to warm cream sky gradient, with condensation beading on the glass."
6,baseline,P02,3141592,none,,,Real Value,,,euler_ancestral,simple,9,1.0,1.0,1024,1280,P02_baseline_krea2_seed3141592,P02_baseline_krea2_seed3141592_00001_.png,7919c95fcf,"Western comics style, bold ink outlines, hatched shadows, medium wide shot, static centred composition, eye-level camera, subject centred and filling the middle third of the frame. A botanist man stands among potting benches, facing the viewer, one hand on a terracotta pot. He has straight pale hair, freckled fair skin, a knitted wool cardigan over a cotton shirt, and small round glasses. Broad waxy monstera leaves crowd the left of the frame and fine ferns the right. A glass carafe half full of water sits on the bench in front of him, beside damp dark soil and a brass watering can. Behind him the greenhouse panes show a pale cyan to warm cream sky gradient, with condensation beading on the glass."
7,baseline,P02,1618033,none,,,Real Value,,,euler_ancestral,simple,9,1.0,1.0,1024,1280,P02_baseline_krea2_seed1618033,P02_baseline_krea2_seed1618033_00001_.png,7919c95fcf,"Western comics style, bold ink outlines, hatched shadows, medium wide shot, static centred composition, eye-level camera, subject centred and filling the middle third of the frame. A botanist man stands among potting benches, facing the viewer, one hand on a terracotta pot. He has straight pale hair, freckled fair skin, a knitted wool cardigan over a cotton shirt, and small round glasses. Broad waxy monstera leaves crowd the left of the frame and fine ferns the right. A glass carafe half full of water sits on the bench in front of him, beside damp dark soil and a brass watering can. Behind him the greenhouse panes show a pale cyan to warm cream sky gradient, with condensation beading on the glass."
8,push,P01,2718281,Block_1=0.080,Block_1,0.080,Real Value,,,euler_ancestral,simple,9,1.0,1.0,1024,1280,P01_Block_1pos_0.080_krea2_seed2718281,P01_Block_1pos_0.080_krea2_seed2718281_00001_.png,52e5b19ca6,"Western comics style, bold ink outlines, hatched shadows, medium wide shot, static centred composition, eye-level camera, subject centred and filling the middle third of the frame. A blacksmith woman stands behind a heavy oak workbench, facing the viewer, both hands resting flat on the wood. She has coarse dark curls tied back, weathered brown skin, a leather apron over a coarse linen shirt, and a polished steel gauntlet on her left forearm. On the bench lie a hammered copper bowl, a coil of frayed rope, and three rough granite offcuts. Behind her on the left a forge fire glows with a warm orange to deep red gradient, and thin smoke rises against a flat dark stone wall on the right. Cold blue window light falls from the upper left across the steel."
9,push,P01,2718281,Block_1=0.200,Block_1,0.200,Real Value,,,euler_ancestral,simple,9,1.0,1.0,1024,1280,P01_Block_1pos_0.200_krea2_seed2718281,P01_Block_1pos_0.200_krea2_seed2718281_00001_.png,52e5b19ca6,"Western comics style, bold ink outlines, hatched shadows, medium wide shot, static centred composition, eye-level camera, subject centred and filling the middle third of the frame. A blacksmith woman stands behind a heavy oak workbench, facing the viewer, both hands resting flat on the wood. She has coarse dark curls tied back, weathered brown skin, a leather apron over a coarse linen shirt, and a polished steel gauntlet on her left forearm. On the bench lie a hammered copper bowl, a coil of frayed rope, and three rough granite offcuts. Behind her on the left a forge fire glows with a warm orange to deep red gradient, and thin smoke rises against a flat dark stone wall on the right. Cold blue window light falls from the upper left across the steel."
10,push,P01,2718281,Block_1=0.350,Block_1,0.350,Real Value,,,euler_ancestral,simple,9,1.0,1.0,1024,1280,P01_Block_1pos_0.350_krea2_seed2718281,P01_Block_1pos_0.350_krea2_seed2718281_00001_.png,52e5b19ca6,"Western comics style, bold ink outlines, hatched shadows, medium wide shot, static centred composition, eye-level camera, subject centred and filling the middle third of the frame. A blacksmith woman stands behind a heavy oak workbench, facing the viewer, both hands resting flat on the wood. She has coarse dark curls tied back, weathered brown skin, a leather apron over a coarse linen shirt, and a polished steel gauntlet on her left forearm. On the bench lie a hammered copper bowl, a coil of frayed rope, and three rough granite offcuts. Behind her on the left a forge fire glows with a warm orange to deep red gradient, and thin smoke rises against a flat dark stone wall on the right. Cold blue window light falls from the upper left across the steel."
11,push,P01,2718281,Block_1=0.500,Block_1,0.500,Real Value,,,euler_ancestral,simple,9,1.0,1.0,1024,1280,P01_Block_1pos_0.500_krea2_seed2718281,P01_Block_1pos_0.500_krea2_seed2718281_00001_.png,52e5b19ca6,"Western comics style, bold ink outlines, hatched shadows, medium wide shot, static centred composition, eye-level camera, subject centred and filling the middle third of the frame. A blacksmith woman stands behind a heavy oak workbench, facing the viewer, both hands resting flat on the wood. She has coarse dark curls tied back, weathered brown skin, a leather apron over a coarse linen shirt, and a polished steel gauntlet on her left forearm. On the bench lie a hammered copper bowl, a coil of frayed rope, and three rough granite offcuts. Behind her on the left a forge fire glows with a warm orange to deep red gradient, and thin smoke rises against a flat dark stone wall on the right. Cold blue window light falls from the upper left across the steel."
12,push,P01,2718281,Block_1=-0.080,Block_1,-0.080,Real Value,,,euler_ancestral,simple,9,1.0,1.0,1024,1280,P01_Block_1neg_0.080_krea2_seed2718281,P01_Block_1neg_0.080_krea2_seed2718281_00001_.png,52e5b19ca6,"Western comics style, bold ink outlines, hatched shadows, medium wide shot, static centred composition, eye-level camera, subject centred and filling the middle third of the frame. A blacksmith woman stands behind a heavy oak workbench, facing the viewer, both hands resting flat on the wood. She has coarse dark curls tied back, weathered brown skin, a leather apron over a coarse linen shirt, and a polished steel gauntlet on her left forearm. On the bench lie a hammered copper bowl, a coil of frayed rope, and three rough granite offcuts. Behind her on the left a forge fire glows with a warm orange to deep red gradient, and thin smoke rises against a flat dark stone wall on the right. Cold blue window light falls from the upper left across the steel."
13,push,P01,2718281,Block_1=-0.200,Block_1,-0.200,Real Value,,,euler_ancestral,simple,9,1.0,1.0,1024,1280,P01_Block_1neg_0.200_krea2_seed2718281,P01_Block_1neg_0.200_krea2_seed2718281_00001_.png,52e5b19ca6,"Western comics style, bold ink outlines, hatched shadows, medium wide shot, static centred composition, eye-level camera, subject centred and filling the middle third of the frame. A blacksmith woman stands behind a heavy oak workbench, facing the viewer, both hands resting flat on the wood. She has coarse dark curls tied back, weathered brown skin, a leather apron over a coarse linen shirt, and a polished steel gauntlet on her left forearm. On the bench lie a hammered copper bowl, a coil of frayed rope, and three rough granite offcuts. Behind her on the left a forge fire glows with a warm orange to deep red gradient, and thin smoke rises against a flat dark stone wall on the right. Cold blue window light falls from the upper left across the steel."
14,push,P01,2718281,Block_1=-0.350,Block_1,-0.350,Real Value,,,euler_ancestral,simple,9,1.0,1.0,1024,1280,P01_Block_1neg_0.350_krea2_seed2718281,P01_Block_1neg_0.350_krea2_seed2718281_00001_.png,52e5b19ca6,"Western comics style, bold ink outlines, hatched shadows, medium wide shot, static centred composition, eye-level camera, subject centred and filling the middle third of the frame. A blacksmith woman stands behind a heavy oak workbench, facing the viewer, both hands resting flat on the wood. She has coarse dark curls tied back, weathered brown skin, a leather apron over a coarse linen shirt, and a polished steel gauntlet on her left forearm. On the bench lie a hammered copper bowl, a coil of frayed rope, and three rough granite offcuts. Behind her on the left a forge fire glows with a warm orange to deep red gradient, and thin smoke rises against a flat dark stone wall on the right. Cold blue window light falls from the upper left across the steel."
15,push,P01,2718281,Block_1=-0.500,Block_1,-0.500,Real Value,,,euler_ancestral,simple,9,1.0,1.0,1024,1280,P01_Block_1neg_0.500_krea2_seed2718281,P01_Block_1neg_0.500_krea2_seed2718281_00001_.png,52e5b19ca6,"Western comics style, bold ink outlines, hatched shadows, medium wide shot, static centred composition, eye-level camera, subject centred and filling the middle third of the frame. A blacksmith woman stands behind a heavy oak workbench, facing the viewer, both hands resting flat on the wood. She has coarse dark curls tied back, weathered brown skin, a leather apron over a coarse linen shirt, and a polished steel gauntlet on her left forearm. On the bench lie a hammered copper bowl, a coil of frayed rope, and three rough granite offcuts. Behind her on the left a forge fire glows with a warm orange to deep red gradient, and thin smoke rises against a flat dark stone wall on the right. Cold blue window light falls from the upper left across the steel."
16,push,P01,2718281,Block_2=0.080,Block_2,0.080,Real Value,,,euler_ancestral,simple,9,1.0,1.0,1024,1280,P01_Block_2pos_0.080_krea2_seed2718281,P01_Block_2pos_0.080_krea2_seed2718281_00001_.png,52e5b19ca6,"Western comics style, bold ink outlines, hatched shadows, medium wide shot, static centred composition, eye-level camera, subject centred and filling the middle third of the frame. A blacksmith woman stands behind a heavy oak workbench, facing the viewer, both hands resting flat on the wood. She has coarse dark curls tied back, weathered brown skin, a leather apron over a coarse linen shirt, and a polished steel gauntlet on her left forearm. On the bench lie a hammered copper bowl, a coil of frayed rope, and three rough granite offcuts. Behind her on the left a forge fire glows with a warm orange to deep red gradient, and thin smoke rises against a flat dark stone wall on the right. Cold blue window light falls from the upper left across the steel."
17,push,P01,2718281,Block_2=0.200,Block_2,0.200,Real Value,,,euler_ancestral,simple,9,1.0,1.0,1024,1280,P01_Block_2pos_0.200_krea2_seed2718281,P01_Block_2pos_0.200_krea2_seed2718281_00001_.png,52e5b19ca6,"Western comics style, bold ink outlines, hatched shadows, medium wide shot, static centred composition, eye-level camera, subject centred and filling the middle third of the frame. A blacksmith woman stands behind a heavy oak workbench, facing the viewer, both hands resting flat on the wood. She has coarse dark curls tied back, weathered brown skin, a leather apron over a coarse linen shirt, and a polished steel gauntlet on her left forearm. On the bench lie a hammered copper bowl, a coil of frayed rope, and three rough granite offcuts. Behind her on the left a forge fire glows with a warm orange to deep red gradient, and thin smoke rises against a flat dark stone wall on the right. Cold blue window light falls from the upper left across the steel."
18,push,P01,2718281,Block_2=0.350,Block_2,0.350,Real Value,,,euler_ancestral,simple,9,1.0,1.0,1024,1280,P01_Block_2pos_0.350_krea2_seed2718281,P01_Block_2pos_0.350_krea2_seed2718281_00001_.png,52e5b19ca6,"Western comics style, bold ink outlines, hatched shadows, medium wide shot, static centred composition, eye-level camera, subject centred and filling the middle third of the frame. A blacksmith woman stands behind a heavy oak workbench, facing the viewer, both hands resting flat on the wood. She has coarse dark curls tied back, weathered brown skin, a leather apron over a coarse linen shirt, and a polished steel gauntlet on her left forearm. On the bench lie a hammered copper bowl, a coil of frayed rope, and three rough granite offcuts. Behind her on the left a forge fire glows with a warm orange to deep red gradient, and thin smoke rises against a flat dark stone wall on the right. Cold blue window light falls from the upper left across the steel."
19,push,P01,2718281,Block_2=0.500,Block_2,0.500,Real Value,,,euler_ancestral,simple,9,1.0,1.0,1024,1280,P01_Block_2pos_0.500_krea2_seed2718281,P01_Block_2pos_0.500_krea2_seed2718281_00001_.png,52e5b19ca6,"Western comics style, bold ink outlines, hatched shadows, medium wide shot, static centred composition, eye-level camera, subject centred and filling the middle third of the frame. A blacksmith woman stands behind a heavy oak workbench, facing the viewer, both hands resting flat on the wood. She has coarse dark curls tied back, weathered brown skin, a leather apron over a coarse linen shirt, and a polished steel gauntlet on her left forearm. On the bench lie a hammered copper bowl, a coil of frayed rope, and three rough granite offcuts. Behind her on the left a forge fire glows with a warm orange to deep red gradient, and thin smoke rises against a flat dark stone wall on the right. Cold blue window light falls from the upper left across the steel."
20,push,P01,2718281,Block_2=-0.080,Block_2,-0.080,Real Value,,,euler_ancestral,simple,9,1.0,1.0,1024,1280,P01_Block_2neg_0.080_krea2_seed2718281,P01_Block_2neg_0.080_krea2_seed2718281_00001_.png,52e5b19ca6,"Western comics style, bold ink outlines, hatched shadows, medium wide shot, static centred composition, eye-level camera, subject centred and filling the middle third of the frame. A blacksmith woman stands behind a heavy oak workbench, facing the viewer, both hands resting flat on the wood. She has coarse dark curls tied back, weathered brown skin, a leather apron over a coarse linen shirt, and a polished steel gauntlet on her left forearm. On the bench lie a hammered copper bowl, a coil of frayed rope, and three rough granite offcuts. Behind her on the left a forge fire glows with a warm orange to deep red gradient, and thin smoke rises against a flat dark stone wall on the right. Cold blue window light falls from the upper left across the steel."
21,push,P01,2718281,Block_2=-0.200,Block_2,-0.200,Real Value,,,euler_ancestral,simple,9,1.0,1.0,1024,1280,P01_Block_2neg_0.200_krea2_seed2718281,P01_Block_2neg_0.200_krea2_seed2718281_00001_.png,52e5b19ca6,"Western comics style, bold ink outlines, hatched shadows, medium wide shot, static centred composition, eye-level camera, subject centred and filling the middle third of the frame. A blacksmith woman stands behind a heavy oak workbench, facing the viewer, both hands resting flat on the wood. She has coarse dark curls tied back, weathered brown skin, a leather apron over a coarse linen shirt, and a polished steel gauntlet on her left forearm. On the bench lie a hammered copper bowl, a coil of frayed rope, and three rough granite offcuts. Behind her on the left a forge fire glows with a warm orange to deep red gradient, and thin smoke rises against a flat dark stone wall on the right. Cold blue window light falls from the upper left across the steel."
22,push,P01,2718281,Block_2=-0.350,Block_2,-0.350,Real Value,,,euler_ancestral,simple,9,1.0,1.0,1024,1280,P01_Block_2neg_0.350_krea2_seed2718281,P01_Block_2neg_0.350_krea2_seed2718281_00001_.png,52e5b19ca6,"Western comics style, bold ink outlines, hatched shadows, medium wide shot, static centred composition, eye-level camera, subject centred and filling the middle third of the frame. A blacksmith woman stands behind a heavy oak workbench, facing the viewer, both hands resting flat on the wood. She has coarse dark curls tied back, weathered brown skin, a leather apron over a coarse linen shirt, and a polished steel gauntlet on her left forearm. On the bench lie a hammered copper bowl, a coil of frayed rope, and three rough granite offcuts. Behind her on the left a forge fire glows with a warm orange to deep red gradient, and thin smoke rises against a flat dark stone wall on the right. Cold blue window light falls from the upper left across the steel."
23,push,P01,2718281,Block_2=-0.500,Block_2,-0.500,Real Value,,,euler_ancestral,simple,9,1.0,1.0,1024,1280,P01_Block_2neg_0.500_krea2_seed2718281,P01_Block_2neg_0.500_krea2_seed2718281_00001_.png,52e5b19ca6,"Western comics style, bold ink outlines, hatched shadows, medium wide shot, static centred composition, eye-level camera, subject centred and filling the middle third of the frame. A blacksmith woman stands behind a heavy oak workbench, facing the viewer, both hands resting flat on the wood. She has coarse dark curls tied back, weathered brown skin, a leather apron over a coarse linen shirt, and a polished steel gauntlet on her left forearm. On the bench lie a hammered copper bowl, a coil of frayed rope, and three rough granite offcuts. Behind her on the left a forge fire glows with a warm orange to deep red gradient, and thin smoke rises against a flat dark stone wall on the right. Cold blue window light falls from the upper left across the steel."
24,push,P01,2718281,Block_3=0.080,Block_3,0.080,Real Value,,,euler_ancestral,simple,9,1.0,1.0,1024,1280,P01_Block_3pos_0.080_krea2_seed2718281,P01_Block_3pos_0.080_krea2_seed2718281_00001_.png,52e5b19ca6,"Western comics style, bold ink outlines, hatched shadows, medium wide shot, static centred composition, eye-level camera, subject centred and filling the middle third of the frame. A blacksmith woman stands behind a heavy oak workbench, facing the viewer, both hands resting flat on the wood. She has coarse dark curls tied back, weathered brown skin, a leather apron over a coarse linen shirt, and a polished steel gauntlet on her left forearm. On the bench lie a hammered copper bowl, a coil of frayed rope, and three rough granite offcuts. Behind her on the left a forge fire glows with a warm orange to deep red gradient, and thin smoke rises against a flat dark stone wall on the right. Cold blue window light falls from the upper left across the steel."
25,push,P01,2718281,Block_3=0.200,Block_3,0.200,Real Value,,,euler_ancestral,simple,9,1.0,1.0,1024,1280,P01_Block_3pos_0.200_krea2_seed2718281,P01_Block_3pos_0.200_krea2_seed2718281_00001_.png,52e5b19ca6,"Western comics style, bold ink outlines, hatched shadows, medium wide shot, static centred composition, eye-level camera, subject centred and filling the middle third of the frame. A blacksmith woman stands behind a heavy oak workbench, facing the viewer, both hands resting flat on the wood. She has coarse dark curls tied back, weathered brown skin, a leather apron over a coarse linen shirt, and a polished steel gauntlet on her left forearm. On the bench lie a hammered copper bowl, a coil of frayed rope, and three rough granite offcuts. Behind her on the left a forge fire glows with a warm orange to deep red gradient, and thin smoke rises against a flat dark stone wall on the right. Cold blue window light falls from the upper left across the steel."
26,push,P01,2718281,Block_3=0.350,Block_3,0.350,Real Value,,,euler_ancestral,simple,9,1.0,1.0,1024,1280,P01_Block_3pos_0.350_krea2_seed2718281,P01_Block_3pos_0.350_krea2_seed2718281_00001_.png,52e5b19ca6,"Western comics style, bold ink outlines, hatched shadows, medium wide shot, static centred composition, eye-level camera, subject centred and filling the middle third of the frame. A blacksmith woman stands behind a heavy oak workbench, facing the viewer, both hands resting flat on the wood. She has coarse dark curls tied back, weathered brown skin, a leather apron over a coarse linen shirt, and a polished steel gauntlet on her left forearm. On the bench lie a hammered copper bowl, a coil of frayed rope, and three rough granite offcuts. Behind her on the left a forge fire glows with a warm orange to deep red gradient, and thin smoke rises against a flat dark stone wall on the right. Cold blue window light falls from the upper left across the steel."
27,push,P01,2718281,Block_3=0.500,Block_3,0.500,Real Value,,,euler_ancestral,simple,9,1.0,1.0,1024,1280,P01_Block_3pos_0.500_krea2_seed2718281,P01_Block_3pos_0.500_krea2_seed2718281_00001_.png,52e5b19ca6,"Western comics style, bold ink outlines, hatched shadows, medium wide shot, static centred composition, eye-level camera, subject centred and filling the middle third of the frame. A blacksmith woman stands behind a heavy oak workbench, facing the viewer, both hands resting flat on the wood. She has coarse dark curls tied back, weathered brown skin, a leather apron over a coarse linen shirt, and a polished steel gauntlet on her left forearm. On the bench lie a hammered copper bowl, a coil of frayed rope, and three rough granite offcuts. Behind her on the left a forge fire glows with a warm orange to deep red gradient, and thin smoke rises against a flat dark stone wall on the right. Cold blue window light falls from the upper left across the steel."
28,push,P01,2718281,Block_3=-0.080,Block_3,-0.080,Real Value,,,euler_ancestral,simple,9,1.0,1.0,1024,1280,P01_Block_3neg_0.080_krea2_seed2718281,P01_Block_3neg_0.080_krea2_seed2718281_00001_.png,52e5b19ca6,"Western comics style, bold ink outlines, hatched shadows, medium wide shot, static centred composition, eye-level camera, subject centred and filling the middle third of the frame. A blacksmith woman stands behind a heavy oak workbench, facing the viewer, both hands resting flat on the wood. She has coarse dark curls tied back, weathered brown skin, a leather apron over a coarse linen shirt, and a polished steel gauntlet on her left forearm. On the bench lie a hammered copper bowl, a coil of frayed rope, and three rough granite offcuts. Behind her on the left a forge fire glows with a warm orange to deep red gradient, and thin smoke rises against a flat dark stone wall on the right. Cold blue window light falls from the upper left across the steel."
29,push,P01,2718281,Block_3=-0.200,Block_3,-0.200,Real Value,,,euler_ancestral,simple,9,1.0,1.0,1024,1280,P01_Block_3neg_0.200_krea2_seed2718281,P01_Block_3neg_0.200_krea2_seed2718281_00001_.png,52e5b19ca6,"Western comics style, bold ink outlines, hatched shadows, medium wide shot, static centred composition, eye-level camera, subject centred and filling the middle third of the frame. A blacksmith woman stands behind a heavy oak workbench, facing the viewer, both hands resting flat on the wood. She has coarse dark curls tied back, weathered brown skin, a leather apron over a coarse linen shirt, and a polished steel gauntlet on her left forearm. On the bench lie a hammered copper bowl, a coil of frayed rope, and three rough granite offcuts. Behind her on the left a forge fire glows with a warm orange to deep red gradient, and thin smoke rises against a flat dark stone wall on the right. Cold blue window light falls from the upper left across the steel."
30,push,P01,2718281,Block_3=-0.350,Block_3,-0.350,Real Value,,,euler_ancestral,simple,9,1.0,1.0,1024,1280,P01_Block_3neg_0.350_krea2_seed2718281,P01_Block_3neg_0.350_krea2_seed2718281_00001_.png,52e5b19ca6,"Western comics style, bold ink outlines, hatched shadows, medium wide shot, static centred composition, eye-level camera, subject centred and filling the middle third of the frame. A blacksmith woman stands behind a heavy oak workbench, facing the viewer, both hands resting flat on the wood. She has coarse dark curls tied back, weathered brown skin, a leather apron over a coarse linen shirt, and a polished steel gauntlet on her left forearm. On the bench lie a hammered copper bowl, a coil of frayed rope, and three rough granite offcuts. Behind her on the left a forge fire glows with a warm orange to deep red gradient, and thin smoke rises against a flat dark stone wall on the right. Cold blue window light falls from the upper left across the steel."
31,push,P01,2718281,Block_3=-0.500,Block_3,-0.500,Real Value,,,euler_ancestral,simple,9,1.0,1.0,1024,1280,P01_Block_3neg_0.500_krea2_seed2718281,P01_Block_3neg_0.500_krea2_seed2718281_00001_.png,52e5b19ca6,"Western comics style, bold ink outlines, hatched shadows, medium wide shot, static centred composition, eye-level camera, subject centred and filling the middle third of the frame. A blacksmith woman stands behind a heavy oak workbench, facing the viewer, both hands resting flat on the wood. She has coarse dark curls tied back, weathered brown skin, a leather apron over a coarse linen shirt, and a polished steel gauntlet on her left forearm. On the bench lie a hammered copper bowl, a coil of frayed rope, and three rough granite offcuts. Behind her on the left a forge fire glows with a warm orange to deep red gradient, and thin smoke rises against a flat dark stone wall on the right. Cold blue window light falls from the upper left across the steel."
32,push,P01,2718281,Block_4=0.080,Block_4,0.080,Real Value,,,euler_ancestral,simple,9,1.0,1.0,1024,1280,P01_Block_4pos_0.080_krea2_seed2718281,P01_Block_4pos_0.080_krea2_seed2718281_00001_.png,52e5b19ca6,"Western comics style, bold ink outlines, hatched shadows, medium wide shot, static centred composition, eye-level camera, subject centred and filling the middle third of the frame. A blacksmith woman stands behind a heavy oak workbench, facing the viewer, both hands resting flat on the wood. She has coarse dark curls tied back, weathered brown skin, a leather apron over a coarse linen shirt, and a polished steel gauntlet on her left forearm. On the bench lie a hammered copper bowl, a coil of frayed rope, and three rough granite offcuts. Behind her on the left a forge fire glows with a warm orange to deep red gradient, and thin smoke rises against a flat dark stone wall on the right. Cold blue window light falls from the upper left across the steel."
33,push,P01,2718281,Block_4=0.200,Block_4,0.200,Real Value,,,euler_ancestral,simple,9,1.0,1.0,1024,1280,P01_Block_4pos_0.200_krea2_seed2718281,P01_Block_4pos_0.200_krea2_seed2718281_00001_.png,52e5b19ca6,"Western comics style, bold ink outlines, hatched shadows, medium wide shot, static centred composition, eye-level camera, subject centred and filling the middle third of the frame. A blacksmith woman stands behind a heavy oak workbench, facing the viewer, both hands resting flat on the wood. She has coarse dark curls tied back, weathered brown skin, a leather apron over a coarse linen shirt, and a polished steel gauntlet on her left forearm. On the bench lie a hammered copper bowl, a coil of frayed rope, and three rough granite offcuts. Behind her on the left a forge fire glows with a warm orange to deep red gradient, and thin smoke rises against a flat dark stone wall on the right. Cold blue window light falls from the upper left across the steel."
34,push,P01,2718281,Block_4=0.350,Block_4,0.350,Real Value,,,euler_ancestral,simple,9,1.0,1.0,1024,1280,P01_Block_4pos_0.350_krea2_seed2718281,P01_Block_4pos_0.350_krea2_seed2718281_00001_.png,52e5b19ca6,"Western comics style, bold ink outlines, hatched shadows, medium wide shot, static centred composition, eye-level camera, subject centred and filling the middle third of the frame. A blacksmith woman stands behind a heavy oak workbench, facing the viewer, both hands resting flat on the wood. She has coarse dark curls tied back, weathered brown skin, a leather apron over a coarse linen shirt, and a polished steel gauntlet on her left forearm. On the bench lie a hammered copper bowl, a coil of frayed rope, and three rough granite offcuts. Behind her on the left a forge fire glows with a warm orange to deep red gradient, and thin smoke rises against a flat dark stone wall on the right. Cold blue window light falls from the upper left across the steel."
35,push,P01,2718281,Block_4=0.500,Block_4,0.500,Real Value,,,euler_ancestral,simple,9,1.0,1.0,1024,1280,P01_Block_4pos_0.500_krea2_seed2718281,P01_Block_4pos_0.500_krea2_seed2718281_00001_.png,52e5b19ca6,"Western comics style, bold ink outlines, hatched shadows, medium wide shot, static centred composition, eye-level camera, subject centred and filling the middle third of the frame. A blacksmith woman stands behind a heavy oak workbench, facing the viewer, both hands resting flat on the wood. She has coarse dark curls tied back, weathered brown skin, a leather apron over a coarse linen shirt, and a polished steel gauntlet on her left forearm. On the bench lie a hammered copper bowl, a coil of frayed rope, and three rough granite offcuts. Behind her on the left a forge fire glows with a warm orange to deep red gradient, and thin smoke rises against a flat dark stone wall on the right. Cold blue window light falls from the upper left across the steel."
36,push,P01,2718281,Block_4=-0.080,Block_4,-0.080,Real Value,,,euler_ancestral,simple,9,1.0,1.0,1024,1280,P01_Block_4neg_0.080_krea2_seed2718281,P01_Block_4neg_0.080_krea2_seed2718281_00001_.png,52e5b19ca6,"Western comics style, bold ink outlines, hatched shadows, medium wide shot, static centred composition, eye-level camera, subject centred and filling the middle third of the frame. A blacksmith woman stands behind a heavy oak workbench, facing the viewer, both hands resting flat on the wood. She has coarse dark curls tied back, weathered brown skin, a leather apron over a coarse linen shirt, and a polished steel gauntlet on her left forearm. On the bench lie a hammered copper bowl, a coil of frayed rope, and three rough granite offcuts. Behind her on the left a forge fire glows with a warm orange to deep red gradient, and thin smoke rises against a flat dark stone wall on the right. Cold blue window light falls from the upper left across the steel."
37,push,P01,2718281,Block_4=-0.200,Block_4,-0.200,Real Value,,,euler_ancestral,simple,9,1.0,1.0,1024,1280,P01_Block_4neg_0.200_krea2_seed2718281,P01_Block_4neg_0.200_krea2_seed2718281_00001_.png,52e5b19ca6,"Western comics style, bold ink outlines, hatched shadows, medium wide shot, static centred composition, eye-level camera, subject centred and filling the middle third of the frame. A blacksmith woman stands behind a heavy oak workbench, facing the viewer, both hands resting flat on the wood. She has coarse dark curls tied back, weathered brown skin, a leather apron over a coarse linen shirt, and a polished steel gauntlet on her left forearm. On the bench lie a hammered copper bowl, a coil of frayed rope, and three rough granite offcuts. Behind her on the left a forge fire glows with a warm orange to deep red gradient, and thin smoke rises against a flat dark stone wall on the right. Cold blue window light falls from the upper left across the steel."
38,push,P01,2718281,Block_4=-0.350,Block_4,-0.350,Real Value,,,euler_ancestral,simple,9,1.0,1.0,1024,1280,P01_Block_4neg_0.350_krea2_seed2718281,P01_Block_4neg_0.350_krea2_seed2718281_00001_.png,52e5b19ca6,"Western comics style, bold ink outlines, hatched shadows, medium wide shot, static centred composition, eye-level camera, subject centred and filling the middle third of the frame. A blacksmith woman stands behind a heavy oak workbench, facing the viewer, both hands resting flat on the wood. She has coarse dark curls tied back, weathered brown skin, a leather apron over a coarse linen shirt, and a polished steel gauntlet on her left forearm. On the bench lie a hammered copper bowl, a coil of frayed rope, and three rough granite offcuts. Behind her on the left a forge fire glows with a warm orange to deep red gradient, and thin smoke rises against a flat dark stone wall on the right. Cold blue window light falls from the upper left across the steel."
39,push,P01,2718281,Block_4=-0.500,Block_4,-0.500,Real Value,,,euler_ancestral,simple,9,1.0,1.0,1024,1280,P01_Block_4neg_0.500_krea2_seed2718281,P01_Block_4neg_0.500_krea2_seed2718281_00001_.png,52e5b19ca6,"Western comics style, bold ink outlines, hatched shadows, medium wide shot, static centred composition, eye-level camera, subject centred and filling the middle third of the frame. A blacksmith woman stands behind a heavy oak workbench, facing the viewer, both hands resting flat on the wood. She has coarse dark curls tied back, weathered brown skin, a leather apron over a coarse linen shirt, and a polished steel gauntlet on her left forearm. On the bench lie a hammered copper bowl, a coil of frayed rope, and three rough granite offcuts. Behind her on the left a forge fire glows with a warm orange to deep red gradient, and thin smoke rises against a flat dark stone wall on the right. Cold blue window light falls from the upper left across the steel."
40,push,P01,2718281,Block_5=0.080,Block_5,0.080,Real Value,,,euler_ancestral,simple,9,1.0,1.0,1024,1280,P01_Block_5pos_0.080_krea2_seed2718281,P01_Block_5pos_0.080_krea2_seed2718281_00001_.png,52e5b19ca6,"Western comics style, bold ink outlines, hatched shadows, medium wide shot, static centred composition, eye-level camera, subject centred and filling the middle third of the frame. A blacksmith woman stands behind a heavy oak workbench, facing the viewer, both hands resting flat on the wood. She has coarse dark curls tied back, weathered brown skin, a leather apron over a coarse linen shirt, and a polished steel gauntlet on her left forearm. On the bench lie a hammered copper bowl, a coil of frayed rope, and three rough granite offcuts. Behind her on the left a forge fire glows with a warm orange to deep red gradient, and thin smoke rises against a flat dark stone wall on the right. Cold blue window light falls from the upper left across the steel."
41,push,P01,2718281,Block_5=0.200,Block_5,0.200,Real Value,,,euler_ancestral,simple,9,1.0,1.0,1024,1280,P01_Block_5pos_0.200_krea2_seed2718281,P01_Block_5pos_0.200_krea2_seed2718281_00001_.png,52e5b19ca6,"Western comics style, bold ink outlines, hatched shadows, medium wide shot, static centred composition, eye-level camera, subject centred and filling the middle third of the frame. A blacksmith woman stands behind a heavy oak workbench, facing the viewer, both hands resting flat on the wood. She has coarse dark curls tied back, weathered brown skin, a leather apron over a coarse linen shirt, and a polished steel gauntlet on her left forearm. On the bench lie a hammered copper bowl, a coil of frayed rope, and three rough granite offcuts. Behind her on the left a forge fire glows with a warm orange to deep red gradient, and thin smoke rises against a flat dark stone wall on the right. Cold blue window light falls from the upper left across the steel."
42,push,P01,2718281,Block_5=0.350,Block_5,0.350,Real Value,,,euler_ancestral,simple,9,1.0,1.0,1024,1280,P01_Block_5pos_0.350_krea2_seed2718281,P01_Block_5pos_0.350_krea2_seed2718281_00001_.png,52e5b19ca6,"Western comics style, bold ink outlines, hatched shadows, medium wide shot, static centred composition, eye-level camera, subject centred and filling the middle third of the frame. A blacksmith woman stands behind a heavy oak workbench, facing the viewer, both hands resting flat on the wood. She has coarse dark curls tied back, weathered brown skin, a leather apron over a coarse linen shirt, and a polished steel gauntlet on her left forearm. On the bench lie a hammered copper bowl, a coil of frayed rope, and three rough granite offcuts. Behind her on the left a forge fire glows with a warm orange to deep red gradient, and thin smoke rises against a flat dark stone wall on the right. Cold blue window light falls from the upper left across the steel."
43,push,P01,2718281,Block_5=0.500,Block_5,0.500,Real Value,,,euler_ancestral,simple,9,1.0,1.0,1024,1280,P01_Block_5pos_0.500_krea2_seed2718281,P01_Block_5pos_0.500_krea2_seed2718281_00001_.png,52e5b19ca6,"Western comics style, bold ink outlines, hatched shadows, medium wide shot, static centred composition, eye-level camera, subject centred and filling the middle third of the frame. A blacksmith woman stands behind a heavy oak workbench, facing the viewer, both hands resting flat on the wood. She has coarse dark curls tied back, weathered brown skin, a leather apron over a coarse linen shirt, and a polished steel gauntlet on her left forearm. On the bench lie a hammered copper bowl, a coil of frayed rope, and three rough granite offcuts. Behind her on the left a forge fire glows with a warm orange to deep red gradient, and thin smoke rises against a flat dark stone wall on the right. Cold blue window light falls from the upper left across the steel."
44,push,P01,2718281,Block_5=-0.080,Block_5,-0.080,Real Value,,,euler_ancestral,simple,9,1.0,1.0,1024,1280,P01_Block_5neg_0.080_krea2_seed2718281,P01_Block_5neg_0.080_krea2_seed2718281_00001_.png,52e5b19ca6,"Western comics style, bold ink outlines, hatched shadows, medium wide shot, static centred composition, eye-level camera, subject centred and filling the middle third of the frame. A blacksmith woman stands behind a heavy oak workbench, facing the viewer, both hands resting flat on the wood. She has coarse dark curls tied back, weathered brown skin, a leather apron over a coarse linen shirt, and a polished steel gauntlet on her left forearm. On the bench lie a hammered copper bowl, a coil of frayed rope, and three rough granite offcuts. Behind her on the left a forge fire glows with a warm orange to deep red gradient, and thin smoke rises against a flat dark stone wall on the right. Cold blue window light falls from the upper left across the steel."
45,push,P01,2718281,Block_5=-0.200,Block_5,-0.200,Real Value,,,euler_ancestral,simple,9,1.0,1.0,1024,1280,P01_Block_5neg_0.200_krea2_seed2718281,P01_Block_5neg_0.200_krea2_seed2718281_00001_.png,52e5b19ca6,"Western comics style, bold ink outlines, hatched shadows, medium wide shot, static centred composition, eye-level camera, subject centred and filling the middle third of the frame. A blacksmith woman stands behind a heavy oak workbench, facing the viewer, both hands resting flat on the wood. She has coarse dark curls tied back, weathered brown skin, a leather apron over a coarse linen shirt, and a polished steel gauntlet on her left forearm. On the bench lie a hammered copper bowl, a coil of frayed rope, and three rough granite offcuts. Behind her on the left a forge fire glows with a warm orange to deep red gradient, and thin smoke rises against a flat dark stone wall on the right. Cold blue window light falls from the upper left across the steel."
46,push,P01,2718281,Block_5=-0.350,Block_5,-0.350,Real Value,,,euler_ancestral,simple,9,1.0,1.0,1024,1280,P01_Block_5neg_0.350_krea2_seed2718281,P01_Block_5neg_0.350_krea2_seed2718281_00001_.png,52e5b19ca6,"Western comics style, bold ink outlines, hatched shadows, medium wide shot, static centred composition, eye-level camera, subject centred and filling the middle third of the frame. A blacksmith woman stands behind a heavy oak workbench, facing the viewer, both hands resting flat on the wood. She has coarse dark curls tied back, weathered brown skin, a leather apron over a coarse linen shirt, and a polished steel gauntlet on her left forearm. On the bench lie a hammered copper bowl, a coil of frayed rope, and three rough granite offcuts. Behind her on the left a forge fire glows with a warm orange to deep red gradient, and thin smoke rises against a flat dark stone wall on the right. Cold blue window light falls from the upper left across the steel."
47,push,P01,2718281,Block_5=-0.500,Block_5,-0.500,Real Value,,,euler_ancestral,simple,9,1.0,1.0,1024,1280,P01_Block_5neg_0.500_krea2_seed2718281,P01_Block_5neg_0.500_krea2_seed2718281_00001_.png,52e5b19ca6,"Western comics style, bold ink outlines, hatched shadows, medium wide shot, static centred composition, eye-level camera, subject centred and filling the middle third of the frame. A blacksmith woman stands behind a heavy oak workbench, facing the viewer, both hands resting flat on the wood. She has coarse dark curls tied back, weathered brown skin, a leather apron over a coarse linen shirt, and a polished steel gauntlet on her left forearm. On the bench lie a hammered copper bowl, a coil of frayed rope, and three rough granite offcuts. Behind her on the left a forge fire glows with a warm orange to deep red gradient, and thin smoke rises against a flat dark stone wall on the right. Cold blue window light falls from the upper left across the steel."
48,push,P01,2718281,Block_6=0.080,Block_6,0.080,Real Value,,,euler_ancestral,simple,9,1.0,1.0,1024,1280,P01_Block_6pos_0.080_krea2_seed2718281,P01_Block_6pos_0.080_krea2_seed2718281_00001_.png,52e5b19ca6,"Western comics style, bold ink outlines, hatched shadows, medium wide shot, static centred composition, eye-level camera, subject centred and filling the middle third of the frame. A blacksmith woman stands behind a heavy oak workbench, facing the viewer, both hands resting flat on the wood. She has coarse dark curls tied back, weathered brown skin, a leather apron over a coarse linen shirt, and a polished steel gauntlet on her left forearm. On the bench lie a hammered copper bowl, a coil of frayed rope, and three rough granite offcuts. Behind her on the left a forge fire glows with a warm orange to deep red gradient, and thin smoke rises against a flat dark stone wall on the right. Cold blue window light falls from the upper left across the steel."
49,push,P01,2718281,Block_6=0.200,Block_6,0.200,Real Value,,,euler_ancestral,simple,9,1.0,1.0,1024,1280,P01_Block_6pos_0.200_krea2_seed2718281,P01_Block_6pos_0.200_krea2_seed2718281_00001_.png,52e5b19ca6,"Western comics style, bold ink outlines, hatched shadows, medium wide shot, static centred composition, eye-level camera, subject centred and filling the middle third of the frame. A blacksmith woman stands behind a heavy oak workbench, facing the viewer, both hands resting flat on the wood. She has coarse dark curls tied back, weathered brown skin, a leather apron over a coarse linen shirt, and a polished steel gauntlet on her left forearm. On the bench lie a hammered copper bowl, a coil of frayed rope, and three rough granite offcuts. Behind her on the left a forge fire glows with a warm orange to deep red gradient, and thin smoke rises against a flat dark stone wall on the right. Cold blue window light falls from the upper left across the steel."
50,push,P01,2718281,Block_6=0.350,Block_6,0.350,Real Value,,,euler_ancestral,simple,9,1.0,1.0,1024,1280,P01_Block_6pos_0.350_krea2_seed2718281,P01_Block_6pos_0.350_krea2_seed2718281_00001_.png,52e5b19ca6,"Western comics style, bold ink outlines, hatched shadows, medium wide shot, static centred composition, eye-level camera, subject centred and filling the middle third of the frame. A blacksmith woman stands behind a heavy oak workbench, facing the viewer, both hands resting flat on the wood. She has coarse dark curls tied back, weathered brown skin, a leather apron over a coarse linen shirt, and a polished steel gauntlet on her left forearm. On the bench lie a hammered copper bowl, a coil of frayed rope, and three rough granite offcuts. Behind her on the left a forge fire glows with a warm orange to deep red gradient, and thin smoke rises against a flat dark stone wall on the right. Cold blue window light falls from the upper left across the steel."
51,push,P01,2718281,Block_6=0.500,Block_6,0.500,Real Value,,,euler_ancestral,simple,9,1.0,1.0,1024,1280,P01_Block_6pos_0.500_krea2_seed2718281,P01_Block_6pos_0.500_krea2_seed2718281_00001_.png,52e5b19ca6,"Western comics style, bold ink outlines, hatched shadows, medium wide shot, static centred composition, eye-level camera, subject centred and filling the middle third of the frame. A blacksmith woman stands behind a heavy oak workbench, facing the viewer, both hands resting flat on the wood. She has coarse dark curls tied back, weathered brown skin, a leather apron over a coarse linen shirt, and a polished steel gauntlet on her left forearm. On the bench lie a hammered copper bowl, a coil of frayed rope, and three rough granite offcuts. Behind her on the left a forge fire glows with a warm orange to deep red gradient, and thin smoke rises against a flat dark stone wall on the right. Cold blue window light falls from the upper left across the steel."
52,push,P01,2718281,Block_6=-0.080,Block_6,-0.080,Real Value,,,euler_ancestral,simple,9,1.0,1.0,1024,1280,P01_Block_6neg_0.080_krea2_seed2718281,P01_Block_6neg_0.080_krea2_seed2718281_00001_.png,52e5b19ca6,"Western comics style, bold ink outlines, hatched shadows, medium wide shot, static centred composition, eye-level camera, subject centred and filling the middle third of the frame. A blacksmith woman stands behind a heavy oak workbench, facing the viewer, both hands resting flat on the wood. She has coarse dark curls tied back, weathered brown skin, a leather apron over a coarse linen shirt, and a polished steel gauntlet on her left forearm. On the bench lie a hammered copper bowl, a coil of frayed rope, and three rough granite offcuts. Behind her on the left a forge fire glows with a warm orange to deep red gradient, and thin smoke rises against a flat dark stone wall on the right. Cold blue window light falls from the upper left across the steel."
53,push,P01,2718281,Block_6=-0.200,Block_6,-0.200,Real Value,,,euler_ancestral,simple,9,1.0,1.0,1024,1280,P01_Block_6neg_0.200_krea2_seed2718281,P01_Block_6neg_0.200_krea2_seed2718281_00001_.png,52e5b19ca6,"Western comics style, bold ink outlines, hatched shadows, medium wide shot, static centred composition, eye-level camera, subject centred and filling the middle third of the frame. A blacksmith woman stands behind a heavy oak workbench, facing the viewer, both hands resting flat on the wood. She has coarse dark curls tied back, weathered brown skin, a leather apron over a coarse linen shirt, and a polished steel gauntlet on her left forearm. On the bench lie a hammered copper bowl, a coil of frayed rope, and three rough granite offcuts. Behind her on the left a forge fire glows with a warm orange to deep red gradient, and thin smoke rises against a flat dark stone wall on the right. Cold blue window light falls from the upper left across the steel."
54,push,P01,2718281,Block_6=-0.350,Block_6,-0.350,Real Value,,,euler_ancestral,simple,9,1.0,1.0,1024,1280,P01_Block_6neg_0.350_krea2_seed2718281,P01_Block_6neg_0.350_krea2_seed2718281_00001_.png,52e5b19ca6,"Western comics style, bold ink outlines, hatched shadows, medium wide shot, static centred composition, eye-level camera, subject centred and filling the middle third of the frame. A blacksmith woman stands behind a heavy oak workbench, facing the viewer, both hands resting flat on the wood. She has coarse dark curls tied back, weathered brown skin, a leather apron over a coarse linen shirt, and a polished steel gauntlet on her left forearm. On the bench lie a hammered copper bowl, a coil of frayed rope, and three rough granite offcuts. Behind her on the left a forge fire glows with a warm orange to deep red gradient, and thin smoke rises against a flat dark stone wall on the right. Cold blue window light falls from the upper left across the steel."
55,push,P01,2718281,Block_6=-0.500,Block_6,-0.500,Real Value,,,euler_ancestral,simple,9,1.0,1.0,1024,1280,P01_Block_6neg_0.500_krea2_seed2718281,P01_Block_6neg_0.500_krea2_seed2718281_00001_.png,52e5b19ca6,"Western comics style, bold ink outlines, hatched shadows, medium wide shot, static centred composition, eye-level camera, subject centred and filling the middle third of the frame. A blacksmith woman stands behind a heavy oak workbench, facing the viewer, both hands resting flat on the wood. She has coarse dark curls tied back, weathered brown skin, a leather apron over a coarse linen shirt, and a polished steel gauntlet on her left forearm. On the bench lie a hammered copper bowl, a coil of frayed rope, and three rough granite offcuts. Behind her on the left a forge fire glows with a warm orange to deep red gradient, and thin smoke rises against a flat dark stone wall on the right. Cold blue window light falls from the upper left across the steel."
56,push,P01,3141592,Block_1=0.080,Block_1,0.080,Real Value,,,euler_ancestral,simple,9,1.0,1.0,1024,1280,P01_Block_1pos_0.080_krea2_seed3141592,P01_Block_1pos_0.080_krea2_seed3141592_00001_.png,52e5b19ca6,"Western comics style, bold ink outlines, hatched shadows, medium wide shot, static centred composition, eye-level camera, subject centred and filling the middle third of the frame. A blacksmith woman stands behind a heavy oak workbench, facing the viewer, both hands resting flat on the wood. She has coarse dark curls tied back, weathered brown skin, a leather apron over a coarse linen shirt, and a polished steel gauntlet on her left forearm. On the bench lie a hammered copper bowl, a coil of frayed rope, and three rough granite offcuts. Behind her on the left a forge fire glows with a warm orange to deep red gradient, and thin smoke rises against a flat dark stone wall on the right. Cold blue window light falls from the upper left across the steel."
57,push,P01,3141592,Block_1=0.200,Block_1,0.200,Real Value,,,euler_ancestral,simple,9,1.0,1.0,1024,1280,P01_Block_1pos_0.200_krea2_seed3141592,P01_Block_1pos_0.200_krea2_seed3141592_00001_.png,52e5b19ca6,"Western comics style, bold ink outlines, hatched shadows, medium wide shot, static centred composition, eye-level camera, subject centred and filling the middle third of the frame. A blacksmith woman stands behind a heavy oak workbench, facing the viewer, both hands resting flat on the wood. She has coarse dark curls tied back, weathered brown skin, a leather apron over a coarse linen shirt, and a polished steel gauntlet on her left forearm. On the bench lie a hammered copper bowl, a coil of frayed rope, and three rough granite offcuts. Behind her on the left a forge fire glows with a warm orange to deep red gradient, and thin smoke rises against a flat dark stone wall on the right. Cold blue window light falls from the upper left across the steel."
58,push,P01,3141592,Block_1=0.350,Block_1,0.350,Real Value,,,euler_ancestral,simple,9,1.0,1.0,1024,1280,P01_Block_1pos_0.350_krea2_seed3141592,P01_Block_1pos_0.350_krea2_seed3141592_00001_.png,52e5b19ca6,"Western comics style, bold ink outlines, hatched shadows, medium wide shot, static centred composition, eye-level camera, subject centred and filling the middle third of the frame. A blacksmith woman stands behind a heavy oak workbench, facing the viewer, both hands resting flat on the wood. She has coarse dark curls tied back, weathered brown skin, a leather apron over a coarse linen shirt, and a polished steel gauntlet on her left forearm. On the bench lie a hammered copper bowl, a coil of frayed rope, and three rough granite offcuts. Behind her on the left a forge fire glows with a warm orange to deep red gradient, and thin smoke rises against a flat dark stone wall on the right. Cold blue window light falls from the upper left across the steel."
59,push,P01,3141592,Block_1=0.500,Block_1,0.500,Real Value,,,euler_ancestral,simple,9,1.0,1.0,1024,1280,P01_Block_1pos_0.500_krea2_seed3141592,P01_Block_1pos_0.500_krea2_seed3141592_00001_.png,52e5b19ca6,"Western comics style, bold ink outlines, hatched shadows, medium wide shot, static centred composition, eye-level camera, subject centred and filling the middle third of the frame. A blacksmith woman stands behind a heavy oak workbench, facing the viewer, both hands resting flat on the wood. She has coarse dark curls tied back, weathered brown skin, a leather apron over a coarse linen shirt, and a polished steel gauntlet on her left forearm. On the bench lie a hammered copper bowl, a coil of frayed rope, and three rough granite offcuts. Behind her on the left a forge fire glows with a warm orange to deep red gradient, and thin smoke rises against a flat dark stone wall on the right. Cold blue window light falls from the upper left across the steel."
60,push,P01,3141592,Block_1=-0.080,Block_1,-0.080,Real Value,,,euler_ancestral,simple,9,1.0,1.0,1024,1280,P01_Block_1neg_0.080_krea2_seed3141592,P01_Block_1neg_0.080_krea2_seed3141592_00001_.png,52e5b19ca6,"Western comics style, bold ink outlines, hatched shadows, medium wide shot, static centred composition, eye-level camera, subject centred and filling the middle third of the frame. A blacksmith woman stands behind a heavy oak workbench, facing the viewer, both hands resting flat on the wood. She has coarse dark curls tied back, weathered brown skin, a leather apron over a coarse linen shirt, and a polished steel gauntlet on her left forearm. On the bench lie a hammered copper bowl, a coil of frayed rope, and three rough granite offcuts. Behind her on the left a forge fire glows with a warm orange to deep red gradient, and thin smoke rises against a flat dark stone wall on the right. Cold blue window light falls from the upper left across the steel."
61,push,P01,3141592,Block_1=-0.200,Block_1,-0.200,Real Value,,,euler_ancestral,simple,9,1.0,1.0,1024,1280,P01_Block_1neg_0.200_krea2_seed3141592,P01_Block_1neg_0.200_krea2_seed3141592_00001_.png,52e5b19ca6,"Western comics style, bold ink outlines, hatched shadows, medium wide shot, static centred composition, eye-level camera, subject centred and filling the middle third of the frame. A blacksmith woman stands behind a heavy oak workbench, facing the viewer, both hands resting flat on the wood. She has coarse dark curls tied back, weathered brown skin, a leather apron over a coarse linen shirt, and a polished steel gauntlet on her left forearm. On the bench lie a hammered copper bowl, a coil of frayed rope, and three rough granite offcuts. Behind her on the left a forge fire glows with a warm orange to deep red gradient, and thin smoke rises against a flat dark stone wall on the right. Cold blue window light falls from the upper left across the steel."
62,push,P01,3141592,Block_1=-0.350,Block_1,-0.350,Real Value,,,euler_ancestral,simple,9,1.0,1.0,1024,1280,P01_Block_1neg_0.350_krea2_seed3141592,P01_Block_1neg_0.350_krea2_seed3141592_00001_.png,52e5b19ca6,"Western comics style, bold ink outlines, hatched shadows, medium wide shot, static centred composition, eye-level camera, subject centred and filling the middle third of the frame. A blacksmith woman stands behind a heavy oak workbench, facing the viewer, both hands resting flat on the wood. She has coarse dark curls tied back, weathered brown skin, a leather apron over a coarse linen shirt, and a polished steel gauntlet on her left forearm. On the bench lie a hammered copper bowl, a coil of frayed rope, and three rough granite offcuts. Behind her on the left a forge fire glows with a warm orange to deep red gradient, and thin smoke rises against a flat dark stone wall on the right. Cold blue window light falls from the upper left across the steel."
63,push,P01,3141592,Block_1=-0.500,Block_1,-0.500,Real Value,,,euler_ancestral,simple,9,1.0,1.0,1024,1280,P01_Block_1neg_0.500_krea2_seed3141592,P01_Block_1neg_0.500_krea2_seed3141592_00001_.png,52e5b19ca6,"Western comics style, bold ink outlines, hatched shadows, medium wide shot, static centred composition, eye-level camera, subject centred and filling the middle third of the frame. A blacksmith woman stands behind a heavy oak workbench, facing the viewer, both hands resting flat on the wood. She has coarse dark curls tied back, weathered brown skin, a leather apron over a coarse linen shirt, and a polished steel gauntlet on her left forearm. On the bench lie a hammered copper bowl, a coil of frayed rope, and three rough granite offcuts. Behind her on the left a forge fire glows with a warm orange to deep red gradient, and thin smoke rises against a flat dark stone wall on the right. Cold blue window light falls from the upper left across the steel."
64,push,P01,3141592,Block_2=0.080,Block_2,0.080,Real Value,,,euler_ancestral,simple,9,1.0,1.0,1024,1280,P01_Block_2pos_0.080_krea2_seed3141592,P01_Block_2pos_0.080_krea2_seed3141592_00001_.png,52e5b19ca6,"Western comics style, bold ink outlines, hatched shadows, medium wide shot, static centred composition, eye-level camera, subject centred and filling the middle third of the frame. A blacksmith woman stands behind a heavy oak workbench, facing the viewer, both hands resting flat on the wood. She has coarse dark curls tied back, weathered brown skin, a leather apron over a coarse linen shirt, and a polished steel gauntlet on her left forearm. On the bench lie a hammered copper bowl, a coil of frayed rope, and three rough granite offcuts. Behind her on the left a forge fire glows with a warm orange to deep red gradient, and thin smoke rises against a flat dark stone wall on the right. Cold blue window light falls from the upper left across the steel."
65,push,P01,3141592,Block_2=0.200,Block_2,0.200,Real Value,,,euler_ancestral,simple,9,1.0,1.0,1024,1280,P01_Block_2pos_0.200_krea2_seed3141592,P01_Block_2pos_0.200_krea2_seed3141592_00001_.png,52e5b19ca6,"Western comics style, bold ink outlines, hatched shadows, medium wide shot, static centred composition, eye-level camera, subject centred and filling the middle third of the frame. A blacksmith woman stands behind a heavy oak workbench, facing the viewer, both hands resting flat on the wood. She has coarse dark curls tied back, weathered brown skin, a leather apron over a coarse linen shirt, and a polished steel gauntlet on her left forearm. On the bench lie a hammered copper bowl, a coil of frayed rope, and three rough granite offcuts. Behind her on the left a forge fire glows with a warm orange to deep red gradient, and thin smoke rises against a flat dark stone wall on the right. Cold blue window light falls from the upper left across the steel."
66,push,P01,3141592,Block_2=0.350,Block_2,0.350,Real Value,,,euler_ancestral,simple,9,1.0,1.0,1024,1280,P01_Block_2pos_0.350_krea2_seed3141592,P01_Block_2pos_0.350_krea2_seed3141592_00001_.png,52e5b19ca6,"Western comics style, bold ink outlines, hatched shadows, medium wide shot, static centred composition, eye-level camera, subject centred and filling the middle third of the frame. A blacksmith woman stands behind a heavy oak workbench, facing the viewer, both hands resting flat on the wood. She has coarse dark curls tied back, weathered brown skin, a leather apron over a coarse linen shirt, and a polished steel gauntlet on her left forearm. On the bench lie a hammered copper bowl, a coil of frayed rope, and three rough granite offcuts. Behind her on the left a forge fire glows with a warm orange to deep red gradient, and thin smoke rises against a flat dark stone wall on the right. Cold blue window light falls from the upper left across the steel."
67,push,P01,3141592,Block_2=0.500,Block_2,0.500,Real Value,,,euler_ancestral,simple,9,1.0,1.0,1024,1280,P01_Block_2pos_0.500_krea2_seed3141592,P01_Block_2pos_0.500_krea2_seed3141592_00001_.png,52e5b19ca6,"Western comics style, bold ink outlines, hatched shadows, medium wide shot, static centred composition, eye-level camera, subject centred and filling the middle third of the frame. A blacksmith woman stands behind a heavy oak workbench, facing the viewer, both hands resting flat on the wood. She has coarse dark curls tied back, weathered brown skin, a leather apron over a coarse linen shirt, and a polished steel gauntlet on her left forearm. On the bench lie a hammered copper bowl, a coil of frayed rope, and three rough granite offcuts. Behind her on the left a forge fire glows with a warm orange to deep red gradient, and thin smoke rises against a flat dark stone wall on the right. Cold blue window light falls from the upper left across the steel."
68,push,P01,3141592,Block_2=-0.080,Block_2,-0.080,Real Value,,,euler_ancestral,simple,9,1.0,1.0,1024,1280,P01_Block_2neg_0.080_krea2_seed3141592,P01_Block_2neg_0.080_krea2_seed3141592_00001_.png,52e5b19ca6,"Western comics style, bold ink outlines, hatched shadows, medium wide shot, static centred composition, eye-level camera, subject centred and filling the middle third of the frame. A blacksmith woman stands behind a heavy oak workbench, facing the viewer, both hands resting flat on the wood. She has coarse dark curls tied back, weathered brown skin, a leather apron over a coarse linen shirt, and a polished steel gauntlet on her left forearm. On the bench lie a hammered copper bowl, a coil of frayed rope, and three rough granite offcuts. Behind her on the left a forge fire glows with a warm orange to deep red gradient, and thin smoke rises against a flat dark stone wall on the right. Cold blue window light falls from the upper left across the steel."
69,push,P01,3141592,Block_2=-0.200,Block_2,-0.200,Real Value,,,euler_ancestral,simple,9,1.0,1.0,1024,1280,P01_Block_2neg_0.200_krea2_seed3141592,P01_Block_2neg_0.200_krea2_seed3141592_00001_.png,52e5b19ca6,"Western comics style, bold ink outlines, hatched shadows, medium wide shot, static centred composition, eye-level camera, subject centred and filling the middle third of the frame. A blacksmith woman stands behind a heavy oak workbench, facing the viewer, both hands resting flat on the wood. She has coarse dark curls tied back, weathered brown skin, a leather apron over a coarse linen shirt, and a polished steel gauntlet on her left forearm. On the bench lie a hammered copper bowl, a coil of frayed rope, and three rough granite offcuts. Behind her on the left a forge fire glows with a warm orange to deep red gradient, and thin smoke rises against a flat dark stone wall on the right. Cold blue window light falls from the upper left across the steel."
70,push,P01,3141592,Block_2=-0.350,Block_2,-0.350,Real Value,,,euler_ancestral,simple,9,1.0,1.0,1024,1280,P01_Block_2neg_0.350_krea2_seed3141592,P01_Block_2neg_0.350_krea2_seed3141592_00001_.png,52e5b19ca6,"Western comics style, bold ink outlines, hatched shadows, medium wide shot, static centred composition, eye-level camera, subject centred and filling the middle third of the frame. A blacksmith woman stands behind a heavy oak workbench, facing the viewer, both hands resting flat on the wood. She has coarse dark curls tied back, weathered brown skin, a leather apron over a coarse linen shirt, and a polished steel gauntlet on her left forearm. On the bench lie a hammered copper bowl, a coil of frayed rope, and three rough granite offcuts. Behind her on the left a forge fire glows with a warm orange to deep red gradient, and thin smoke rises against a flat dark stone wall on the right. Cold blue window light falls from the upper left across the steel."
71,push,P01,3141592,Block_2=-0.500,Block_2,-0.500,Real Value,,,euler_ancestral,simple,9,1.0,1.0,1024,1280,P01_Block_2neg_0.500_krea2_seed3141592,P01_Block_2neg_0.500_krea2_seed3141592_00001_.png,52e5b19ca6,"Western comics style, bold ink outlines, hatched shadows, medium wide shot, static centred composition, eye-level camera, subject centred and filling the middle third of the frame. A blacksmith woman stands behind a heavy oak workbench, facing the viewer, both hands resting flat on the wood. She has coarse dark curls tied back, weathered brown skin, a leather apron over a coarse linen shirt, and a polished steel gauntlet on her left forearm. On the bench lie a hammered copper bowl, a coil of frayed rope, and three rough granite offcuts. Behind her on the left a forge fire glows with a warm orange to deep red gradient, and thin smoke rises against a flat dark stone wall on the right. Cold blue window light falls from the upper left across the steel."
72,push,P01,3141592,Block_3=0.080,Block_3,0.080,Real Value,,,euler_ancestral,simple,9,1.0,1.0,1024,1280,P01_Block_3pos_0.080_krea2_seed3141592,P01_Block_3pos_0.080_krea2_seed3141592_00001_.png,52e5b19ca6,"Western comics style, bold ink outlines, hatched shadows, medium wide shot, static centred composition, eye-level camera, subject centred and filling the middle third of the frame. A blacksmith woman stands behind a heavy oak workbench, facing the viewer, both hands resting flat on the wood. She has coarse dark curls tied back, weathered brown skin, a leather apron over a coarse linen shirt, and a polished steel gauntlet on her left forearm. On the bench lie a hammered copper bowl, a coil of frayed rope, and three rough granite offcuts. Behind her on the left a forge fire glows with a warm orange to deep red gradient, and thin smoke rises against a flat dark stone wall on the right. Cold blue window light falls from the upper left across the steel."
73,push,P01,3141592,Block_3=0.200,Block_3,0.200,Real Value,,,euler_ancestral,simple,9,1.0,1.0,1024,1280,P01_Block_3pos_0.200_krea2_seed3141592,P01_Block_3pos_0.200_krea2_seed3141592_00001_.png,52e5b19ca6,"Western comics style, bold ink outlines, hatched shadows, medium wide shot, static centred composition, eye-level camera, subject centred and filling the middle third of the frame. A blacksmith woman stands behind a heavy oak workbench, facing the viewer, both hands resting flat on the wood. She has coarse dark curls tied back, weathered brown skin, a leather apron over a coarse linen shirt, and a polished steel gauntlet on her left forearm. On the bench lie a hammered copper bowl, a coil of frayed rope, and three rough granite offcuts. Behind her on the left a forge fire glows with a warm orange to deep red gradient, and thin smoke rises against a flat dark stone wall on the right. Cold blue window light falls from the upper left across the steel."
74,push,P01,3141592,Block_3=0.350,Block_3,0.350,Real Value,,,euler_ancestral,simple,9,1.0,1.0,1024,1280,P01_Block_3pos_0.350_krea2_seed3141592,P01_Block_3pos_0.350_krea2_seed3141592_00001_.png,52e5b19ca6,"Western comics style, bold ink outlines, hatched shadows, medium wide shot, static centred composition, eye-level camera, subject centred and filling the middle third of the frame. A blacksmith woman stands behind a heavy oak workbench, facing the viewer, both hands resting flat on the wood. She has coarse dark curls tied back, weathered brown skin, a leather apron over a coarse linen shirt, and a polished steel gauntlet on her left forearm. On the bench lie a hammered copper bowl, a coil of frayed rope, and three rough granite offcuts. Behind her on the left a forge fire glows with a warm orange to deep red gradient, and thin smoke rises against a flat dark stone wall on the right. Cold blue window light falls from the upper left across the steel."
75,push,P01,3141592,Block_3=0.500,Block_3,0.500,Real Value,,,euler_ancestral,simple,9,1.0,1.0,1024,1280,P01_Block_3pos_0.500_krea2_seed3141592,P01_Block_3pos_0.500_krea2_seed3141592_00001_.png,52e5b19ca6,"Western comics style, bold ink outlines, hatched shadows, medium wide shot, static centred composition, eye-level camera, subject centred and filling the middle third of the frame. A blacksmith woman stands behind a heavy oak workbench, facing the viewer, both hands resting flat on the wood. She has coarse dark curls tied back, weathered brown skin, a leather apron over a coarse linen shirt, and a polished steel gauntlet on her left forearm. On the bench lie a hammered copper bowl, a coil of frayed rope, and three rough granite offcuts. Behind her on the left a forge fire glows with a warm orange to deep red gradient, and thin smoke rises against a flat dark stone wall on the right. Cold blue window light falls from the upper left across the steel."
76,push,P01,3141592,Block_3=-0.080,Block_3,-0.080,Real Value,,,euler_ancestral,simple,9,1.0,1.0,1024,1280,P01_Block_3neg_0.080_krea2_seed3141592,P01_Block_3neg_0.080_krea2_seed3141592_00001_.png,52e5b19ca6,"Western comics style, bold ink outlines, hatched shadows, medium wide shot, static centred composition, eye-level camera, subject centred and filling the middle third of the frame. A blacksmith woman stands behind a heavy oak workbench, facing the viewer, both hands resting flat on the wood. She has coarse dark curls tied back, weathered brown skin, a leather apron over a coarse linen shirt, and a polished steel gauntlet on her left forearm. On the bench lie a hammered copper bowl, a coil of frayed rope, and three rough granite offcuts. Behind her on the left a forge fire glows with a warm orange to deep red gradient, and thin smoke rises against a flat dark stone wall on the right. Cold blue window light falls from the upper left across the steel."
77,push,P01,3141592,Block_3=-0.200,Block_3,-0.200,Real Value,,,euler_ancestral,simple,9,1.0,1.0,1024,1280,P01_Block_3neg_0.200_krea2_seed3141592,P01_Block_3neg_0.200_krea2_seed3141592_00001_.png,52e5b19ca6,"Western comics style, bold ink outlines, hatched shadows, medium wide shot, static centred composition, eye-level camera, subject centred and filling the middle third of the frame. A blacksmith woman stands behind a heavy oak workbench, facing the viewer, both hands resting flat on the wood. She has coarse dark curls tied back, weathered brown skin, a leather apron over a coarse linen shirt, and a polished steel gauntlet on her left forearm. On the bench lie a hammered copper bowl, a coil of frayed rope, and three rough granite offcuts. Behind her on the left a forge fire glows with a warm orange to deep red gradient, and thin smoke rises against a flat dark stone wall on the right. Cold blue window light falls from the upper left across the steel."
78,push,P01,3141592,Block_3=-0.350,Block_3,-0.350,Real Value,,,euler_ancestral,simple,9,1.0,1.0,1024,1280,P01_Block_3neg_0.350_krea2_seed3141592,P01_Block_3neg_0.350_krea2_seed3141592_00001_.png,52e5b19ca6,"Western comics style, bold ink outlines, hatched shadows, medium wide shot, static centred composition, eye-level camera, subject centred and filling the middle third of the frame. A blacksmith woman stands behind a heavy oak workbench, facing the viewer, both hands resting flat on the wood. She has coarse dark curls tied back, weathered brown skin, a leather apron over a coarse linen shirt, and a polished steel gauntlet on her left forearm. On the bench lie a hammered copper bowl, a coil of frayed rope, and three rough granite offcuts. Behind her on the left a forge fire glows with a warm orange to deep red gradient, and thin smoke rises against a flat dark stone wall on the right. Cold blue window light falls from the upper left across the steel."
79,push,P01,3141592,Block_3=-0.500,Block_3,-0.500,Real Value,,,euler_ancestral,simple,9,1.0,1.0,1024,1280,P01_Block_3neg_0.500_krea2_seed3141592,P01_Block_3neg_0.500_krea2_seed3141592_00001_.png,52e5b19ca6,"Western comics style, bold ink outlines, hatched shadows, medium wide shot, static centred composition, eye-level camera, subject centred and filling the middle third of the frame. A blacksmith woman stands behind a heavy oak workbench, facing the viewer, both hands resting flat on the wood. She has coarse dark curls tied back, weathered brown skin, a leather apron over a coarse linen shirt, and a polished steel gauntlet on her left forearm. On the bench lie a hammered copper bowl, a coil of frayed rope, and three rough granite offcuts. Behind her on the left a forge fire glows with a warm orange to deep red gradient, and thin smoke rises against a flat dark stone wall on the right. Cold blue window light falls from the upper left across the steel."
80,push,P01,3141592,Block_4=0.080,Block_4,0.080,Real Value,,,euler_ancestral,simple,9,1.0,1.0,1024,1280,P01_Block_4pos_0.080_krea2_seed3141592,P01_Block_4pos_0.080_krea2_seed3141592_00001_.png,52e5b19ca6,"Western comics style, bold ink outlines, hatched shadows, medium wide shot, static centred composition, eye-level camera, subject centred and filling the middle third of the frame. A blacksmith woman stands behind a heavy oak workbench, facing the viewer, both hands resting flat on the wood. She has coarse dark curls tied back, weathered brown skin, a leather apron over a coarse linen shirt, and a polished steel gauntlet on her left forearm. On the bench lie a hammered copper bowl, a coil of frayed rope, and three rough granite offcuts. Behind her on the left a forge fire glows with a warm orange to deep red gradient, and thin smoke rises against a flat dark stone wall on the right. Cold blue window light falls from the upper left across the steel."
81,push,P01,3141592,Block_4=0.200,Block_4,0.200,Real Value,,,euler_ancestral,simple,9,1.0,1.0,1024,1280,P01_Block_4pos_0.200_krea2_seed3141592,P01_Block_4pos_0.200_krea2_seed3141592_00001_.png,52e5b19ca6,"Western comics style, bold ink outlines, hatched shadows, medium wide shot, static centred composition, eye-level camera, subject centred and filling the middle third of the frame. A blacksmith woman stands behind a heavy oak workbench, facing the viewer, both hands resting flat on the wood. She has coarse dark curls tied back, weathered brown skin, a leather apron over a coarse linen shirt, and a polished steel gauntlet on her left forearm. On the bench lie a hammered copper bowl, a coil of frayed rope, and three rough granite offcuts. Behind her on the left a forge fire glows with a warm orange to deep red gradient, and thin smoke rises against a flat dark stone wall on the right. Cold blue window light falls from the upper left across the steel."
82,push,P01,3141592,Block_4=0.350,Block_4,0.350,Real Value,,,euler_ancestral,simple,9,1.0,1.0,1024,1280,P01_Block_4pos_0.350_krea2_seed3141592,P01_Block_4pos_0.350_krea2_seed3141592_00001_.png,52e5b19ca6,"Western comics style, bold ink outlines, hatched shadows, medium wide shot, static centred composition, eye-level camera, subject centred and filling the middle third of the frame. A blacksmith woman stands behind a heavy oak workbench, facing the viewer, both hands resting flat on the wood. She has coarse dark curls tied back, weathered brown skin, a leather apron over a coarse linen shirt, and a polished steel gauntlet on her left forearm. On the bench lie a hammered copper bowl, a coil of frayed rope, and three rough granite offcuts. Behind her on the left a forge fire glows with a warm orange to deep red gradient, and thin smoke rises against a flat dark stone wall on the right. Cold blue window light falls from the upper left across the steel."
83,push,P01,3141592,Block_4=0.500,Block_4,0.500,Real Value,,,euler_ancestral,simple,9,1.0,1.0,1024,1280,P01_Block_4pos_0.500_krea2_seed3141592,P01_Block_4pos_0.500_krea2_seed3141592_00001_.png,52e5b19ca6,"Western comics style, bold ink outlines, hatched shadows, medium wide shot, static centred composition, eye-level camera, subject centred and filling the middle third of the frame. A blacksmith woman stands behind a heavy oak workbench, facing the viewer, both hands resting flat on the wood. She has coarse dark curls tied back, weathered brown skin, a leather apron over a coarse linen shirt, and a polished steel gauntlet on her left forearm. On the bench lie a hammered copper bowl, a coil of frayed rope, and three rough granite offcuts. Behind her on the left a forge fire glows with a warm orange to deep red gradient, and thin smoke rises against a flat dark stone wall on the right. Cold blue window light falls from the upper left across the steel."
84,push,P01,3141592,Block_4=-0.080,Block_4,-0.080,Real Value,,,euler_ancestral,simple,9,1.0,1.0,1024,1280,P01_Block_4neg_0.080_krea2_seed3141592,P01_Block_4neg_0.080_krea2_seed3141592_00001_.png,52e5b19ca6,"Western comics style, bold ink outlines, hatched shadows, medium wide shot, static centred composition, eye-level camera, subject centred and filling the middle third of the frame. A blacksmith woman stands behind a heavy oak workbench, facing the viewer, both hands resting flat on the wood. She has coarse dark curls tied back, weathered brown skin, a leather apron over a coarse linen shirt, and a polished steel gauntlet on her left forearm. On the bench lie a hammered copper bowl, a coil of frayed rope, and three rough granite offcuts. Behind her on the left a forge fire glows with a warm orange to deep red gradient, and thin smoke rises against a flat dark stone wall on the right. Cold blue window light falls from the upper left across the steel."
85,push,P01,3141592,Block_4=-0.200,Block_4,-0.200,Real Value,,,euler_ancestral,simple,9,1.0,1.0,1024,1280,P01_Block_4neg_0.200_krea2_seed3141592,P01_Block_4neg_0.200_krea2_seed3141592_00001_.png,52e5b19ca6,"Western comics style, bold ink outlines, hatched shadows, medium wide shot, static centred composition, eye-level camera, subject centred and filling the middle third of the frame. A blacksmith woman stands behind a heavy oak workbench, facing the viewer, both hands resting flat on the wood. She has coarse dark curls tied back, weathered brown skin, a leather apron over a coarse linen shirt, and a polished steel gauntlet on her left forearm. On the bench lie a hammered copper bowl, a coil of frayed rope, and three rough granite offcuts. Behind her on the left a forge fire glows with a warm orange to deep red gradient, and thin smoke rises against a flat dark stone wall on the right. Cold blue window light falls from the upper left across the steel."
86,push,P01,3141592,Block_4=-0.350,Block_4,-0.350,Real Value,,,euler_ancestral,simple,9,1.0,1.0,1024,1280,P01_Block_4neg_0.350_krea2_seed3141592,P01_Block_4neg_0.350_krea2_seed3141592_00001_.png,52e5b19ca6,"Western comics style, bold ink outlines, hatched shadows, medium wide shot, static centred composition, eye-level camera, subject centred and filling the middle third of the frame. A blacksmith woman stands behind a heavy oak workbench, facing the viewer, both hands resting flat on the wood. She has coarse dark curls tied back, weathered brown skin, a leather apron over a coarse linen shirt, and a polished steel gauntlet on her left forearm. On the bench lie a hammered copper bowl, a coil of frayed rope, and three rough granite offcuts. Behind her on the left a forge fire glows with a warm orange to deep red gradient, and thin smoke rises against a flat dark stone wall on the right. Cold blue window light falls from the upper left across the steel."
87,push,P01,3141592,Block_4=-0.500,Block_4,-0.500,Real Value,,,euler_ancestral,simple,9,1.0,1.0,1024,1280,P01_Block_4neg_0.500_krea2_seed3141592,P01_Block_4neg_0.500_krea2_seed3141592_00001_.png,52e5b19ca6,"Western comics style, bold ink outlines, hatched shadows, medium wide shot, static centred composition, eye-level camera, subject centred and filling the middle third of the frame. A blacksmith woman stands behind a heavy oak workbench, facing the viewer, both hands resting flat on the wood. She has coarse dark curls tied back, weathered brown skin, a leather apron over a coarse linen shirt, and a polished steel gauntlet on her left forearm. On the bench lie a hammered copper bowl, a coil of frayed rope, and three rough granite offcuts. Behind her on the left a forge fire glows with a warm orange to deep red gradient, and thin smoke rises against a flat dark stone wall on the right. Cold blue window light falls from the upper left across the steel."
88,push,P01,3141592,Block_5=0.080,Block_5,0.080,Real Value,,,euler_ancestral,simple,9,1.0,1.0,1024,1280,P01_Block_5pos_0.080_krea2_seed3141592,P01_Block_5pos_0.080_krea2_seed3141592_00001_.png,52e5b19ca6,"Western comics style, bold ink outlines, hatched shadows, medium wide shot, static centred composition, eye-level camera, subject centred and filling the middle third of the frame. A blacksmith woman stands behind a heavy oak workbench, facing the viewer, both hands resting flat on the wood. She has coarse dark curls tied back, weathered brown skin, a leather apron over a coarse linen shirt, and a polished steel gauntlet on her left forearm. On the bench lie a hammered copper bowl, a coil of frayed rope, and three rough granite offcuts. Behind her on the left a forge fire glows with a warm orange to deep red gradient, and thin smoke rises against a flat dark stone wall on the right. Cold blue window light falls from the upper left across the steel."
89,push,P01,3141592,Block_5=0.200,Block_5,0.200,Real Value,,,euler_ancestral,simple,9,1.0,1.0,1024,1280,P01_Block_5pos_0.200_krea2_seed3141592,P01_Block_5pos_0.200_krea2_seed3141592_00001_.png,52e5b19ca6,"Western comics style, bold ink outlines, hatched shadows, medium wide shot, static centred composition, eye-level camera, subject centred and filling the middle third of the frame. A blacksmith woman stands behind a heavy oak workbench, facing the viewer, both hands resting flat on the wood. She has coarse dark curls tied back, weathered brown skin, a leather apron over a coarse linen shirt, and a polished steel gauntlet on her left forearm. On the bench lie a hammered copper bowl, a coil of frayed rope, and three rough granite offcuts. Behind her on the left a forge fire glows with a warm orange to deep red gradient, and thin smoke rises against a flat dark stone wall on the right. Cold blue window light falls from the upper left across the steel."
90,push,P01,3141592,Block_5=0.350,Block_5,0.350,Real Value,,,euler_ancestral,simple,9,1.0,1.0,1024,1280,P01_Block_5pos_0.350_krea2_seed3141592,P01_Block_5pos_0.350_krea2_seed3141592_00001_.png,52e5b19ca6,"Western comics style, bold ink outlines, hatched shadows, medium wide shot, static centred composition, eye-level camera, subject centred and filling the middle third of the frame. A blacksmith woman stands behind a heavy oak workbench, facing the viewer, both hands resting flat on the wood. She has coarse dark curls tied back, weathered brown skin, a leather apron over a coarse linen shirt, and a polished steel gauntlet on her left forearm. On the bench lie a hammered copper bowl, a coil of frayed rope, and three rough granite offcuts. Behind her on the left a forge fire glows with a warm orange to deep red gradient, and thin smoke rises against a flat dark stone wall on the right. Cold blue window light falls from the upper left across the steel."
91,push,P01,3141592,Block_5=0.500,Block_5,0.500,Real Value,,,euler_ancestral,simple,9,1.0,1.0,1024,1280,P01_Block_5pos_0.500_krea2_seed3141592,P01_Block_5pos_0.500_krea2_seed3141592_00001_.png,52e5b19ca6,"Western comics style, bold ink outlines, hatched shadows, medium wide shot, static centred composition, eye-level camera, subject centred and filling the middle third of the frame. A blacksmith woman stands behind a heavy oak workbench, facing the viewer, both hands resting flat on the wood. She has coarse dark curls tied back, weathered brown skin, a leather apron over a coarse linen shirt, and a polished steel gauntlet on her left forearm. On the bench lie a hammered copper bowl, a coil of frayed rope, and three rough granite offcuts. Behind her on the left a forge fire glows with a warm orange to deep red gradient, and thin smoke rises against a flat dark stone wall on the right. Cold blue window light falls from the upper left across the steel."
92,push,P01,3141592,Block_5=-0.080,Block_5,-0.080,Real Value,,,euler_ancestral,simple,9,1.0,1.0,1024,1280,P01_Block_5neg_0.080_krea2_seed3141592,P01_Block_5neg_0.080_krea2_seed3141592_00001_.png,52e5b19ca6,"Western comics style, bold ink outlines, hatched shadows, medium wide shot, static centred composition, eye-level camera, subject centred and filling the middle third of the frame. A blacksmith woman stands behind a heavy oak workbench, facing the viewer, both hands resting flat on the wood. She has coarse dark curls tied back, weathered brown skin, a leather apron over a coarse linen shirt, and a polished steel gauntlet on her left forearm. On the bench lie a hammered copper bowl, a coil of frayed rope, and three rough granite offcuts. Behind her on the left a forge fire glows with a warm orange to deep red gradient, and thin smoke rises against a flat dark stone wall on the right. Cold blue window light falls from the upper left across the steel."
93,push,P01,3141592,Block_5=-0.200,Block_5,-0.200,Real Value,,,euler_ancestral,simple,9,1.0,1.0,1024,1280,P01_Block_5neg_0.200_krea2_seed3141592,P01_Block_5neg_0.200_krea2_seed3141592_00001_.png,52e5b19ca6,"Western comics style, bold ink outlines, hatched shadows, medium wide shot, static centred composition, eye-level camera, subject centred and filling the middle third of the frame. A blacksmith woman stands behind a heavy oak workbench, facing the viewer, both hands resting flat on the wood. She has coarse dark curls tied back, weathered brown skin, a leather apron over a coarse linen shirt, and a polished steel gauntlet on her left forearm. On the bench lie a hammered copper bowl, a coil of frayed rope, and three rough granite offcuts. Behind her on the left a forge fire glows with a warm orange to deep red gradient, and thin smoke rises against a flat dark stone wall on the right. Cold blue window light falls from the upper left across the steel."
94,push,P01,3141592,Block_5=-0.350,Block_5,-0.350,Real Value,,,euler_ancestral,simple,9,1.0,1.0,1024,1280,P01_Block_5neg_0.350_krea2_seed3141592,P01_Block_5neg_0.350_krea2_seed3141592_00001_.png,52e5b19ca6,"Western comics style, bold ink outlines, hatched shadows, medium wide shot, static centred composition, eye-level camera, subject centred and filling the middle third of the frame. A blacksmith woman stands behind a heavy oak workbench, facing the viewer, both hands resting flat on the wood. She has coarse dark curls tied back, weathered brown skin, a leather apron over a coarse linen shirt, and a polished steel gauntlet on her left forearm. On the bench lie a hammered copper bowl, a coil of frayed rope, and three rough granite offcuts. Behind her on the left a forge fire glows with a warm orange to deep red gradient, and thin smoke rises against a flat dark stone wall on the right. Cold blue window light falls from the upper left across the steel."
95,push,P01,3141592,Block_5=-0.500,Block_5,-0.500,Real Value,,,euler_ancestral,simple,9,1.0,1.0,1024,1280,P01_Block_5neg_0.500_krea2_seed3141592,P01_Block_5neg_0.500_krea2_seed3141592_00001_.png,52e5b19ca6,"Western comics style, bold ink outlines, hatched shadows, medium wide shot, static centred composition, eye-level camera, subject centred and filling the middle third of the frame. A blacksmith woman stands behind a heavy oak workbench, facing the viewer, both hands resting flat on the wood. She has coarse dark curls tied back, weathered brown skin, a leather apron over a coarse linen shirt, and a polished steel gauntlet on her left forearm. On the bench lie a hammered copper bowl, a coil of frayed rope, and three rough granite offcuts. Behind her on the left a forge fire glows with a warm orange to deep red gradient, and thin smoke rises against a flat dark stone wall on the right. Cold blue window light falls from the upper left across the steel."
96,push,P01,3141592,Block_6=0.080,Block_6,0.080,Real Value,,,euler_ancestral,simple,9,1.0,1.0,1024,1280,P01_Block_6pos_0.080_krea2_seed3141592,P01_Block_6pos_0.080_krea2_seed3141592_00001_.png,52e5b19ca6,"Western comics style, bold ink outlines, hatched shadows, medium wide shot, static centred composition, eye-level camera, subject centred and filling the middle third of the frame. A blacksmith woman stands behind a heavy oak workbench, facing the viewer, both hands resting flat on the wood. She has coarse dark curls tied back, weathered brown skin, a leather apron over a coarse linen shirt, and a polished steel gauntlet on her left forearm. On the bench lie a hammered copper bowl, a coil of frayed rope, and three rough granite offcuts. Behind her on the left a forge fire glows with a warm orange to deep red gradient, and thin smoke rises against a flat dark stone wall on the right. Cold blue window light falls from the upper left across the steel."
97,push,P01,3141592,Block_6=0.200,Block_6,0.200,Real Value,,,euler_ancestral,simple,9,1.0,1.0,1024,1280,P01_Block_6pos_0.200_krea2_seed3141592,P01_Block_6pos_0.200_krea2_seed3141592_00001_.png,52e5b19ca6,"Western comics style, bold ink outlines, hatched shadows, medium wide shot, static centred composition, eye-level camera, subject centred and filling the middle third of the frame. A blacksmith woman stands behind a heavy oak workbench, facing the viewer, both hands resting flat on the wood. She has coarse dark curls tied back, weathered brown skin, a leather apron over a coarse linen shirt, and a polished steel gauntlet on her left forearm. On the bench lie a hammered copper bowl, a coil of frayed rope, and three rough granite offcuts. Behind her on the left a forge fire glows with a warm orange to deep red gradient, and thin smoke rises against a flat dark stone wall on the right. Cold blue window light falls from the upper left across the steel."
98,push,P01,3141592,Block_6=0.350,Block_6,0.350,Real Value,,,euler_ancestral,simple,9,1.0,1.0,1024,1280,P01_Block_6pos_0.350_krea2_seed3141592,P01_Block_6pos_0.350_krea2_seed3141592_00001_.png,52e5b19ca6,"Western comics style, bold ink outlines, hatched shadows, medium wide shot, static centred composition, eye-level camera, subject centred and filling the middle third of the frame. A blacksmith woman stands behind a heavy oak workbench, facing the viewer, both hands resting flat on the wood. She has coarse dark curls tied back, weathered brown skin, a leather apron over a coarse linen shirt, and a polished steel gauntlet on her left forearm. On the bench lie a hammered copper bowl, a coil of frayed rope, and three rough granite offcuts. Behind her on the left a forge fire glows with a warm orange to deep red gradient, and thin smoke rises against a flat dark stone wall on the right. Cold blue window light falls from the upper left across the steel."
99,push,P01,3141592,Block_6=0.500,Block_6,0.500,Real Value,,,euler_ancestral,simple,9,1.0,1.0,1024,1280,P01_Block_6pos_0.500_krea2_seed3141592,P01_Block_6pos_0.500_krea2_seed3141592_00001_.png,52e5b19ca6,"Western comics style, bold ink outlines, hatched shadows, medium wide shot, static centred composition, eye-level camera, subject centred and filling the middle third of the frame. A blacksmith woman stands behind a heavy oak workbench, facing the viewer, both hands resting flat on the wood. She has coarse dark curls tied back, weathered brown skin, a leather apron over a coarse linen shirt, and a polished steel gauntlet on her left forearm. On the bench lie a hammered copper bowl, a coil of frayed rope, and three rough granite offcuts. Behind her on the left a forge fire glows with a warm orange to deep red gradient, and thin smoke rises against a flat dark stone wall on the right. Cold blue window light falls from the upper left across the steel."
100,push,P01,3141592,Block_6=-0.080,Block_6,-0.080,Real Value,,,euler_ancestral,simple,9,1.0,1.0,1024,1280,P01_Block_6neg_0.080_krea2_seed3141592,P01_Block_6neg_0.080_krea2_seed3141592_00001_.png,52e5b19ca6,"Western comics style, bold ink outlines, hatched shadows, medium wide shot, static centred composition, eye-level camera, subject centred and filling the middle third of the frame. A blacksmith woman stands behind a heavy oak workbench, facing the viewer, both hands resting flat on the wood. She has coarse dark curls tied back, weathered brown skin, a leather apron over a coarse linen shirt, and a polished steel gauntlet on her left forearm. On the bench lie a hammered copper bowl, a coil of frayed rope, and three rough granite offcuts. Behind her on the left a forge fire glows with a warm orange to deep red gradient, and thin smoke rises against a flat dark stone wall on the right. Cold blue window light falls from the upper left across the steel."
101,push,P01,3141592,Block_6=-0.200,Block_6,-0.200,Real Value,,,euler_ancestral,simple,9,1.0,1.0,1024,1280,P01_Block_6neg_0.200_krea2_seed3141592,P01_Block_6neg_0.200_krea2_seed3141592_00001_.png,52e5b19ca6,"Western comics style, bold ink outlines, hatched shadows, medium wide shot, static centred composition, eye-level camera, subject centred and filling the middle third of the frame. A blacksmith woman stands behind a heavy oak workbench, facing the viewer, both hands resting flat on the wood. She has coarse dark curls tied back, weathered brown skin, a leather apron over a coarse linen shirt, and a polished steel gauntlet on her left forearm. On the bench lie a hammered copper bowl, a coil of frayed rope, and three rough granite offcuts. Behind her on the left a forge fire glows with a warm orange to deep red gradient, and thin smoke rises against a flat dark stone wall on the right. Cold blue window light falls from the upper left across the steel."
102,push,P01,3141592,Block_6=-0.350,Block_6,-0.350,Real Value,,,euler_ancestral,simple,9,1.0,1.0,1024,1280,P01_Block_6neg_0.350_krea2_seed3141592,P01_Block_6neg_0.350_krea2_seed3141592_00001_.png,52e5b19ca6,"Western comics style, bold ink outlines, hatched shadows, medium wide shot, static centred composition, eye-level camera, subject centred and filling the middle third of the frame. A blacksmith woman stands behind a heavy oak workbench, facing the viewer, both hands resting flat on the wood. She has coarse dark curls tied back, weathered brown skin, a leather apron over a coarse linen shirt, and a polished steel gauntlet on her left forearm. On the bench lie a hammered copper bowl, a coil of frayed rope, and three rough granite offcuts. Behind her on the left a forge fire glows with a warm orange to deep red gradient, and thin smoke rises against a flat dark stone wall on the right. Cold blue window light falls from the upper left across the steel."
103,push,P01,3141592,Block_6=-0.500,Block_6,-0.500,Real Value,,,euler_ancestral,simple,9,1.0,1.0,1024,1280,P01_Block_6neg_0.500_krea2_seed3141592,P01_Block_6neg_0.500_krea2_seed3141592_00001_.png,52e5b19ca6,"Western comics style, bold ink outlines, hatched shadows, medium wide shot, static centred composition, eye-level camera, subject centred and filling the middle third of the frame. A blacksmith woman stands behind a heavy oak workbench, facing the viewer, both hands resting flat on the wood. She has coarse dark curls tied back, weathered brown skin, a leather apron over a coarse linen shirt, and a polished steel gauntlet on her left forearm. On the bench lie a hammered copper bowl, a coil of frayed rope, and three rough granite offcuts. Behind her on the left a forge fire glows with a warm orange to deep red gradient, and thin smoke rises against a flat dark stone wall on the right. Cold blue window light falls from the upper left across the steel."
104,push,P01,1618033,Block_1=0.080,Block_1,0.080,Real Value,,,euler_ancestral,simple,9,1.0,1.0,1024,1280,P01_Block_1pos_0.080_krea2_seed1618033,P01_Block_1pos_0.080_krea2_seed1618033_00001_.png,52e5b19ca6,"Western comics style, bold ink outlines, hatched shadows, medium wide shot, static centred composition, eye-level camera, subject centred and filling the middle third of the frame. A blacksmith woman stands behind a heavy oak workbench, facing the viewer, both hands resting flat on the wood. She has coarse dark curls tied back, weathered brown skin, a leather apron over a coarse linen shirt, and a polished steel gauntlet on her left forearm. On the bench lie a hammered copper bowl, a coil of frayed rope, and three rough granite offcuts. Behind her on the left a forge fire glows with a warm orange to deep red gradient, and thin smoke rises against a flat dark stone wall on the right. Cold blue window light falls from the upper left across the steel."
105,push,P01,1618033,Block_1=0.200,Block_1,0.200,Real Value,,,euler_ancestral,simple,9,1.0,1.0,1024,1280,P01_Block_1pos_0.200_krea2_seed1618033,P01_Block_1pos_0.200_krea2_seed1618033_00001_.png,52e5b19ca6,"Western comics style, bold ink outlines, hatched shadows, medium wide shot, static centred composition, eye-level camera, subject centred and filling the middle third of the frame. A blacksmith woman stands behind a heavy oak workbench, facing the viewer, both hands resting flat on the wood. She has coarse dark curls tied back, weathered brown skin, a leather apron over a coarse linen shirt, and a polished steel gauntlet on her left forearm. On the bench lie a hammered copper bowl, a coil of frayed rope, and three rough granite offcuts. Behind her on the left a forge fire glows with a warm orange to deep red gradient, and thin smoke rises against a flat dark stone wall on the right. Cold blue window light falls from the upper left across the steel."
106,push,P01,1618033,Block_1=0.350,Block_1,0.350,Real Value,,,euler_ancestral,simple,9,1.0,1.0,1024,1280,P01_Block_1pos_0.350_krea2_seed1618033,P01_Block_1pos_0.350_krea2_seed1618033_00001_.png,52e5b19ca6,"Western comics style, bold ink outlines, hatched shadows, medium wide shot, static centred composition, eye-level camera, subject centred and filling the middle third of the frame. A blacksmith woman stands behind a heavy oak workbench, facing the viewer, both hands resting flat on the wood. She has coarse dark curls tied back, weathered brown skin, a leather apron over a coarse linen shirt, and a polished steel gauntlet on her left forearm. On the bench lie a hammered copper bowl, a coil of frayed rope, and three rough granite offcuts. Behind her on the left a forge fire glows with a warm orange to deep red gradient, and thin smoke rises against a flat dark stone wall on the right. Cold blue window light falls from the upper left across the steel."
107,push,P01,1618033,Block_1=0.500,Block_1,0.500,Real Value,,,euler_ancestral,simple,9,1.0,1.0,1024,1280,P01_Block_1pos_0.500_krea2_seed1618033,P01_Block_1pos_0.500_krea2_seed1618033_00001_.png,52e5b19ca6,"Western comics style, bold ink outlines, hatched shadows, medium wide shot, static centred composition, eye-level camera, subject centred and filling the middle third of the frame. A blacksmith woman stands behind a heavy oak workbench, facing the viewer, both hands resting flat on the wood. She has coarse dark curls tied back, weathered brown skin, a leather apron over a coarse linen shirt, and a polished steel gauntlet on her left forearm. On the bench lie a hammered copper bowl, a coil of frayed rope, and three rough granite offcuts. Behind her on the left a forge fire glows with a warm orange to deep red gradient, and thin smoke rises against a flat dark stone wall on the right. Cold blue window light falls from the upper left across the steel."
108,push,P01,1618033,Block_1=-0.080,Block_1,-0.080,Real Value,,,euler_ancestral,simple,9,1.0,1.0,1024,1280,P01_Block_1neg_0.080_krea2_seed1618033,P01_Block_1neg_0.080_krea2_seed1618033_00001_.png,52e5b19ca6,"Western comics style, bold ink outlines, hatched shadows, medium wide shot, static centred composition, eye-level camera, subject centred and filling the middle third of the frame. A blacksmith woman stands behind a heavy oak workbench, facing the viewer, both hands resting flat on the wood. She has coarse dark curls tied back, weathered brown skin, a leather apron over a coarse linen shirt, and a polished steel gauntlet on her left forearm. On the bench lie a hammered copper bowl, a coil of frayed rope, and three rough granite offcuts. Behind her on the left a forge fire glows with a warm orange to deep red gradient, and thin smoke rises against a flat dark stone wall on the right. Cold blue window light falls from the upper left across the steel."
109,push,P01,1618033,Block_1=-0.200,Block_1,-0.200,Real Value,,,euler_ancestral,simple,9,1.0,1.0,1024,1280,P01_Block_1neg_0.200_krea2_seed1618033,P01_Block_1neg_0.200_krea2_seed1618033_00001_.png,52e5b19ca6,"Western comics style, bold ink outlines, hatched shadows, medium wide shot, static centred composition, eye-level camera, subject centred and filling the middle third of the frame. A blacksmith woman stands behind a heavy oak workbench, facing the viewer, both hands resting flat on the wood. She has coarse dark curls tied back, weathered brown skin, a leather apron over a coarse linen shirt, and a polished steel gauntlet on her left forearm. On the bench lie a hammered copper bowl, a coil of frayed rope, and three rough granite offcuts. Behind her on the left a forge fire glows with a warm orange to deep red gradient, and thin smoke rises against a flat dark stone wall on the right. Cold blue window light falls from the upper left across the steel."
110,push,P01,1618033,Block_1=-0.350,Block_1,-0.350,Real Value,,,euler_ancestral,simple,9,1.0,1.0,1024,1280,P01_Block_1neg_0.350_krea2_seed1618033,P01_Block_1neg_0.350_krea2_seed1618033_00001_.png,52e5b19ca6,"Western comics style, bold ink outlines, hatched shadows, medium wide shot, static centred composition, eye-level camera, subject centred and filling the middle third of the frame. A blacksmith woman stands behind a heavy oak workbench, facing the viewer, both hands resting flat on the wood. She has coarse dark curls tied back, weathered brown skin, a leather apron over a coarse linen shirt, and a polished steel gauntlet on her left forearm. On the bench lie a hammered copper bowl, a coil of frayed rope, and three rough granite offcuts. Behind her on the left a forge fire glows with a warm orange to deep red gradient, and thin smoke rises against a flat dark stone wall on the right. Cold blue window light falls from the upper left across the steel."
111,push,P01,1618033,Block_1=-0.500,Block_1,-0.500,Real Value,,,euler_ancestral,simple,9,1.0,1.0,1024,1280,P01_Block_1neg_0.500_krea2_seed1618033,P01_Block_1neg_0.500_krea2_seed1618033_00001_.png,52e5b19ca6,"Western comics style, bold ink outlines, hatched shadows, medium wide shot, static centred composition, eye-level camera, subject centred and filling the middle third of the frame. A blacksmith woman stands behind a heavy oak workbench, facing the viewer, both hands resting flat on the wood. She has coarse dark curls tied back, weathered brown skin, a leather apron over a coarse linen shirt, and a polished steel gauntlet on her left forearm. On the bench lie a hammered copper bowl, a coil of frayed rope, and three rough granite offcuts. Behind her on the left a forge fire glows with a warm orange to deep red gradient, and thin smoke rises against a flat dark stone wall on the right. Cold blue window light falls from the upper left across the steel."
112,push,P01,1618033,Block_2=0.080,Block_2,0.080,Real Value,,,euler_ancestral,simple,9,1.0,1.0,1024,1280,P01_Block_2pos_0.080_krea2_seed1618033,P01_Block_2pos_0.080_krea2_seed1618033_00001_.png,52e5b19ca6,"Western comics style, bold ink outlines, hatched shadows, medium wide shot, static centred composition, eye-level camera, subject centred and filling the middle third of the frame. A blacksmith woman stands behind a heavy oak workbench, facing the viewer, both hands resting flat on the wood. She has coarse dark curls tied back, weathered brown skin, a leather apron over a coarse linen shirt, and a polished steel gauntlet on her left forearm. On the bench lie a hammered copper bowl, a coil of frayed rope, and three rough granite offcuts. Behind her on the left a forge fire glows with a warm orange to deep red gradient, and thin smoke rises against a flat dark stone wall on the right. Cold blue window light falls from the upper left across the steel."
113,push,P01,1618033,Block_2=0.200,Block_2,0.200,Real Value,,,euler_ancestral,simple,9,1.0,1.0,1024,1280,P01_Block_2pos_0.200_krea2_seed1618033,P01_Block_2pos_0.200_krea2_seed1618033_00001_.png,52e5b19ca6,"Western comics style, bold ink outlines, hatched shadows, medium wide shot, static centred composition, eye-level camera, subject centred and filling the middle third of the frame. A blacksmith woman stands behind a heavy oak workbench, facing the viewer, both hands resting flat on the wood. She has coarse dark curls tied back, weathered brown skin, a leather apron over a coarse linen shirt, and a polished steel gauntlet on her left forearm. On the bench lie a hammered copper bowl, a coil of frayed rope, and three rough granite offcuts. Behind her on the left a forge fire glows with a warm orange to deep red gradient, and thin smoke rises against a flat dark stone wall on the right. Cold blue window light falls from the upper left across the steel."
114,push,P01,1618033,Block_2=0.350,Block_2,0.350,Real Value,,,euler_ancestral,simple,9,1.0,1.0,1024,1280,P01_Block_2pos_0.350_krea2_seed1618033,P01_Block_2pos_0.350_krea2_seed1618033_00001_.png,52e5b19ca6,"Western comics style, bold ink outlines, hatched shadows, medium wide shot, static centred composition, eye-level camera, subject centred and filling the middle third of the frame. A blacksmith woman stands behind a heavy oak workbench, facing the viewer, both hands resting flat on the wood. She has coarse dark curls tied back, weathered brown skin, a leather apron over a coarse linen shirt, and a polished steel gauntlet on her left forearm. On the bench lie a hammered copper bowl, a coil of frayed rope, and three rough granite offcuts. Behind her on the left a forge fire glows with a warm orange to deep red gradient, and thin smoke rises against a flat dark stone wall on the right. Cold blue window light falls from the upper left across the steel."
115,push,P01,1618033,Block_2=0.500,Block_2,0.500,Real Value,,,euler_ancestral,simple,9,1.0,1.0,1024,1280,P01_Block_2pos_0.500_krea2_seed1618033,P01_Block_2pos_0.500_krea2_seed1618033_00001_.png,52e5b19ca6,"Western comics style, bold ink outlines, hatched shadows, medium wide shot, static centred composition, eye-level camera, subject centred and filling the middle third of the frame. A blacksmith woman stands behind a heavy oak workbench, facing the viewer, both hands resting flat on the wood. She has coarse dark curls tied back, weathered brown skin, a leather apron over a coarse linen shirt, and a polished steel gauntlet on her left forearm. On the bench lie a hammered copper bowl, a coil of frayed rope, and three rough granite offcuts. Behind her on the left a forge fire glows with a warm orange to deep red gradient, and thin smoke rises against a flat dark stone wall on the right. Cold blue window light falls from the upper left across the steel."
116,push,P01,1618033,Block_2=-0.080,Block_2,-0.080,Real Value,,,euler_ancestral,simple,9,1.0,1.0,1024,1280,P01_Block_2neg_0.080_krea2_seed1618033,P01_Block_2neg_0.080_krea2_seed1618033_00001_.png,52e5b19ca6,"Western comics style, bold ink outlines, hatched shadows, medium wide shot, static centred composition, eye-level camera, subject centred and filling the middle third of the frame. A blacksmith woman stands behind a heavy oak workbench, facing the viewer, both hands resting flat on the wood. She has coarse dark curls tied back, weathered brown skin, a leather apron over a coarse linen shirt, and a polished steel gauntlet on her left forearm. On the bench lie a hammered copper bowl, a coil of frayed rope, and three rough granite offcuts. Behind her on the left a forge fire glows with a warm orange to deep red gradient, and thin smoke rises against a flat dark stone wall on the right. Cold blue window light falls from the upper left across the steel."
117,push,P01,1618033,Block_2=-0.200,Block_2,-0.200,Real Value,,,euler_ancestral,simple,9,1.0,1.0,1024,1280,P01_Block_2neg_0.200_krea2_seed1618033,P01_Block_2neg_0.200_krea2_seed1618033_00001_.png,52e5b19ca6,"Western comics style, bold ink outlines, hatched shadows, medium wide shot, static centred composition, eye-level camera, subject centred and filling the middle third of the frame. A blacksmith woman stands behind a heavy oak workbench, facing the viewer, both hands resting flat on the wood. She has coarse dark curls tied back, weathered brown skin, a leather apron over a coarse linen shirt, and a polished steel gauntlet on her left forearm. On the bench lie a hammered copper bowl, a coil of frayed rope, and three rough granite offcuts. Behind her on the left a forge fire glows with a warm orange to deep red gradient, and thin smoke rises against a flat dark stone wall on the right. Cold blue window light falls from the upper left across the steel."
118,push,P01,1618033,Block_2=-0.350,Block_2,-0.350,Real Value,,,euler_ancestral,simple,9,1.0,1.0,1024,1280,P01_Block_2neg_0.350_krea2_seed1618033,P01_Block_2neg_0.350_krea2_seed1618033_00001_.png,52e5b19ca6,"Western comics style, bold ink outlines, hatched shadows, medium wide shot, static centred composition, eye-level camera, subject centred and filling the middle third of the frame. A blacksmith woman stands behind a heavy oak workbench, facing the viewer, both hands resting flat on the wood. She has coarse dark curls tied back, weathered brown skin, a leather apron over a coarse linen shirt, and a polished steel gauntlet on her left forearm. On the bench lie a hammered copper bowl, a coil of frayed rope, and three rough granite offcuts. Behind her on the left a forge fire glows with a warm orange to deep red gradient, and thin smoke rises against a flat dark stone wall on the right. Cold blue window light falls from the upper left across the steel."
119,push,P01,1618033,Block_2=-0.500,Block_2,-0.500,Real Value,,,euler_ancestral,simple,9,1.0,1.0,1024,1280,P01_Block_2neg_0.500_krea2_seed1618033,P01_Block_2neg_0.500_krea2_seed1618033_00001_.png,52e5b19ca6,"Western comics style, bold ink outlines, hatched shadows, medium wide shot, static centred composition, eye-level camera, subject centred and filling the middle third of the frame. A blacksmith woman stands behind a heavy oak workbench, facing the viewer, both hands resting flat on the wood. She has coarse dark curls tied back, weathered brown skin, a leather apron over a coarse linen shirt, and a polished steel gauntlet on her left forearm. On the bench lie a hammered copper bowl, a coil of frayed rope, and three rough granite offcuts. Behind her on the left a forge fire glows with a warm orange to deep red gradient, and thin smoke rises against a flat dark stone wall on the right. Cold blue window light falls from the upper left across the steel."
120,push,P01,1618033,Block_3=0.080,Block_3,0.080,Real Value,,,euler_ancestral,simple,9,1.0,1.0,1024,1280,P01_Block_3pos_0.080_krea2_seed1618033,P01_Block_3pos_0.080_krea2_seed1618033_00001_.png,52e5b19ca6,"Western comics style, bold ink outlines, hatched shadows, medium wide shot, static centred composition, eye-level camera, subject centred and filling the middle third of the frame. A blacksmith woman stands behind a heavy oak workbench, facing the viewer, both hands resting flat on the wood. She has coarse dark curls tied back, weathered brown skin, a leather apron over a coarse linen shirt, and a polished steel gauntlet on her left forearm. On the bench lie a hammered copper bowl, a coil of frayed rope, and three rough granite offcuts. Behind her on the left a forge fire glows with a warm orange to deep red gradient, and thin smoke rises against a flat dark stone wall on the right. Cold blue window light falls from the upper left across the steel."
121,push,P01,1618033,Block_3=0.200,Block_3,0.200,Real Value,,,euler_ancestral,simple,9,1.0,1.0,1024,1280,P01_Block_3pos_0.200_krea2_seed1618033,P01_Block_3pos_0.200_krea2_seed1618033_00001_.png,52e5b19ca6,"Western comics style, bold ink outlines, hatched shadows, medium wide shot, static centred composition, eye-level camera, subject centred and filling the middle third of the frame. A blacksmith woman stands behind a heavy oak workbench, facing the viewer, both hands resting flat on the wood. She has coarse dark curls tied back, weathered brown skin, a leather apron over a coarse linen shirt, and a polished steel gauntlet on her left forearm. On the bench lie a hammered copper bowl, a coil of frayed rope, and three rough granite offcuts. Behind her on the left a forge fire glows with a warm orange to deep red gradient, and thin smoke rises against a flat dark stone wall on the right. Cold blue window light falls from the upper left across the steel."
122,push,P01,1618033,Block_3=0.350,Block_3,0.350,Real Value,,,euler_ancestral,simple,9,1.0,1.0,1024,1280,P01_Block_3pos_0.350_krea2_seed1618033,P01_Block_3pos_0.350_krea2_seed1618033_00001_.png,52e5b19ca6,"Western comics style, bold ink outlines, hatched shadows, medium wide shot, static centred composition, eye-level camera, subject centred and filling the middle third of the frame. A blacksmith woman stands behind a heavy oak workbench, facing the viewer, both hands resting flat on the wood. She has coarse dark curls tied back, weathered brown skin, a leather apron over a coarse linen shirt, and a polished steel gauntlet on her left forearm. On the bench lie a hammered copper bowl, a coil of frayed rope, and three rough granite offcuts. Behind her on the left a forge fire glows with a warm orange to deep red gradient, and thin smoke rises against a flat dark stone wall on the right. Cold blue window light falls from the upper left across the steel."
123,push,P01,1618033,Block_3=0.500,Block_3,0.500,Real Value,,,euler_ancestral,simple,9,1.0,1.0,1024,1280,P01_Block_3pos_0.500_krea2_seed1618033,P01_Block_3pos_0.500_krea2_seed1618033_00001_.png,52e5b19ca6,"Western comics style, bold ink outlines, hatched shadows, medium wide shot, static centred composition, eye-level camera, subject centred and filling the middle third of the frame. A blacksmith woman stands behind a heavy oak workbench, facing the viewer, both hands resting flat on the wood. She has coarse dark curls tied back, weathered brown skin, a leather apron over a coarse linen shirt, and a polished steel gauntlet on her left forearm. On the bench lie a hammered copper bowl, a coil of frayed rope, and three rough granite offcuts. Behind her on the left a forge fire glows with a warm orange to deep red gradient, and thin smoke rises against a flat dark stone wall on the right. Cold blue window light falls from the upper left across the steel."
124,push,P01,1618033,Block_3=-0.080,Block_3,-0.080,Real Value,,,euler_ancestral,simple,9,1.0,1.0,1024,1280,P01_Block_3neg_0.080_krea2_seed1618033,P01_Block_3neg_0.080_krea2_seed1618033_00001_.png,52e5b19ca6,"Western comics style, bold ink outlines, hatched shadows, medium wide shot, static centred composition, eye-level camera, subject centred and filling the middle third of the frame. A blacksmith woman stands behind a heavy oak workbench, facing the viewer, both hands resting flat on the wood. She has coarse dark curls tied back, weathered brown skin, a leather apron over a coarse linen shirt, and a polished steel gauntlet on her left forearm. On the bench lie a hammered copper bowl, a coil of frayed rope, and three rough granite offcuts. Behind her on the left a forge fire glows with a warm orange to deep red gradient, and thin smoke rises against a flat dark stone wall on the right. Cold blue window light falls from the upper left across the steel."
125,push,P01,1618033,Block_3=-0.200,Block_3,-0.200,Real Value,,,euler_ancestral,simple,9,1.0,1.0,1024,1280,P01_Block_3neg_0.200_krea2_seed1618033,P01_Block_3neg_0.200_krea2_seed1618033_00001_.png,52e5b19ca6,"Western comics style, bold ink outlines, hatched shadows, medium wide shot, static centred composition, eye-level camera, subject centred and filling the middle third of the frame. A blacksmith woman stands behind a heavy oak workbench, facing the viewer, both hands resting flat on the wood. She has coarse dark curls tied back, weathered brown skin, a leather apron over a coarse linen shirt, and a polished steel gauntlet on her left forearm. On the bench lie a hammered copper bowl, a coil of frayed rope, and three rough granite offcuts. Behind her on the left a forge fire glows with a warm orange to deep red gradient, and thin smoke rises against a flat dark stone wall on the right. Cold blue window light falls from the upper left across the steel."
126,push,P01,1618033,Block_3=-0.350,Block_3,-0.350,Real Value,,,euler_ancestral,simple,9,1.0,1.0,1024,1280,P01_Block_3neg_0.350_krea2_seed1618033,P01_Block_3neg_0.350_krea2_seed1618033_00001_.png,52e5b19ca6,"Western comics style, bold ink outlines, hatched shadows, medium wide shot, static centred composition, eye-level camera, subject centred and filling the middle third of the frame. A blacksmith woman stands behind a heavy oak workbench, facing the viewer, both hands resting flat on the wood. She has coarse dark curls tied back, weathered brown skin, a leather apron over a coarse linen shirt, and a polished steel gauntlet on her left forearm. On the bench lie a hammered copper bowl, a coil of frayed rope, and three rough granite offcuts. Behind her on the left a forge fire glows with a warm orange to deep red gradient, and thin smoke rises against a flat dark stone wall on the right. Cold blue window light falls from the upper left across the steel."
127,push,P01,1618033,Block_3=-0.500,Block_3,-0.500,Real Value,,,euler_ancestral,simple,9,1.0,1.0,1024,1280,P01_Block_3neg_0.500_krea2_seed1618033,P01_Block_3neg_0.500_krea2_seed1618033_00001_.png,52e5b19ca6,"Western comics style, bold ink outlines, hatched shadows, medium wide shot, static centred composition, eye-level camera, subject centred and filling the middle third of the frame. A blacksmith woman stands behind a heavy oak workbench, facing the viewer, both hands resting flat on the wood. She has coarse dark curls tied back, weathered brown skin, a leather apron over a coarse linen shirt, and a polished steel gauntlet on her left forearm. On the bench lie a hammered copper bowl, a coil of frayed rope, and three rough granite offcuts. Behind her on the left a forge fire glows with a warm orange to deep red gradient, and thin smoke rises against a flat dark stone wall on the right. Cold blue window light falls from the upper left across the steel."
128,push,P01,1618033,Block_4=0.080,Block_4,0.080,Real Value,,,euler_ancestral,simple,9,1.0,1.0,1024,1280,P01_Block_4pos_0.080_krea2_seed1618033,P01_Block_4pos_0.080_krea2_seed1618033_00001_.png,52e5b19ca6,"Western comics style, bold ink outlines, hatched shadows, medium wide shot, static centred composition, eye-level camera, subject centred and filling the middle third of the frame. A blacksmith woman stands behind a heavy oak workbench, facing the viewer, both hands resting flat on the wood. She has coarse dark curls tied back, weathered brown skin, a leather apron over a coarse linen shirt, and a polished steel gauntlet on her left forearm. On the bench lie a hammered copper bowl, a coil of frayed rope, and three rough granite offcuts. Behind her on the left a forge fire glows with a warm orange to deep red gradient, and thin smoke rises against a flat dark stone wall on the right. Cold blue window light falls from the upper left across the steel."
129,push,P01,1618033,Block_4=0.200,Block_4,0.200,Real Value,,,euler_ancestral,simple,9,1.0,1.0,1024,1280,P01_Block_4pos_0.200_krea2_seed1618033,P01_Block_4pos_0.200_krea2_seed1618033_00001_.png,52e5b19ca6,"Western comics style, bold ink outlines, hatched shadows, medium wide shot, static centred composition, eye-level camera, subject centred and filling the middle third of the frame. A blacksmith woman stands behind a heavy oak workbench, facing the viewer, both hands resting flat on the wood. She has coarse dark curls tied back, weathered brown skin, a leather apron over a coarse linen shirt, and a polished steel gauntlet on her left forearm. On the bench lie a hammered copper bowl, a coil of frayed rope, and three rough granite offcuts. Behind her on the left a forge fire glows with a warm orange to deep red gradient, and thin smoke rises against a flat dark stone wall on the right. Cold blue window light falls from the upper left across the steel."
130,push,P01,1618033,Block_4=0.350,Block_4,0.350,Real Value,,,euler_ancestral,simple,9,1.0,1.0,1024,1280,P01_Block_4pos_0.350_krea2_seed1618033,P01_Block_4pos_0.350_krea2_seed1618033_00001_.png,52e5b19ca6,"Western comics style, bold ink outlines, hatched shadows, medium wide shot, static centred composition, eye-level camera, subject centred and filling the middle third of the frame. A blacksmith woman stands behind a heavy oak workbench, facing the viewer, both hands resting flat on the wood. She has coarse dark curls tied back, weathered brown skin, a leather apron over a coarse linen shirt, and a polished steel gauntlet on her left forearm. On the bench lie a hammered copper bowl, a coil of frayed rope, and three rough granite offcuts. Behind her on the left a forge fire glows with a warm orange to deep red gradient, and thin smoke rises against a flat dark stone wall on the right. Cold blue window light falls from the upper left across the steel."
131,push,P01,1618033,Block_4=0.500,Block_4,0.500,Real Value,,,euler_ancestral,simple,9,1.0,1.0,1024,1280,P01_Block_4pos_0.500_krea2_seed1618033,P01_Block_4pos_0.500_krea2_seed1618033_00001_.png,52e5b19ca6,"Western comics style, bold ink outlines, hatched shadows, medium wide shot, static centred composition, eye-level camera, subject centred and filling the middle third of the frame. A blacksmith woman stands behind a heavy oak workbench, facing the viewer, both hands resting flat on the wood. She has coarse dark curls tied back, weathered brown skin, a leather apron over a coarse linen shirt, and a polished steel gauntlet on her left forearm. On the bench lie a hammered copper bowl, a coil of frayed rope, and three rough granite offcuts. Behind her on the left a forge fire glows with a warm orange to deep red gradient, and thin smoke rises against a flat dark stone wall on the right. Cold blue window light falls from the upper left across the steel."
132,push,P01,1618033,Block_4=-0.080,Block_4,-0.080,Real Value,,,euler_ancestral,simple,9,1.0,1.0,1024,1280,P01_Block_4neg_0.080_krea2_seed1618033,P01_Block_4neg_0.080_krea2_seed1618033_00001_.png,52e5b19ca6,"Western comics style, bold ink outlines, hatched shadows, medium wide shot, static centred composition, eye-level camera, subject centred and filling the middle third of the frame. A blacksmith woman stands behind a heavy oak workbench, facing the viewer, both hands resting flat on the wood. She has coarse dark curls tied back, weathered brown skin, a leather apron over a coarse linen shirt, and a polished steel gauntlet on her left forearm. On the bench lie a hammered copper bowl, a coil of frayed rope, and three rough granite offcuts. Behind her on the left a forge fire glows with a warm orange to deep red gradient, and thin smoke rises against a flat dark stone wall on the right. Cold blue window light falls from the upper left across the steel."
133,push,P01,1618033,Block_4=-0.200,Block_4,-0.200,Real Value,,,euler_ancestral,simple,9,1.0,1.0,1024,1280,P01_Block_4neg_0.200_krea2_seed1618033,P01_Block_4neg_0.200_krea2_seed1618033_00001_.png,52e5b19ca6,"Western comics style, bold ink outlines, hatched shadows, medium wide shot, static centred composition, eye-level camera, subject centred and filling the middle third of the frame. A blacksmith woman stands behind a heavy oak workbench, facing the viewer, both hands resting flat on the wood. She has coarse dark curls tied back, weathered brown skin, a leather apron over a coarse linen shirt, and a polished steel gauntlet on her left forearm. On the bench lie a hammered copper bowl, a coil of frayed rope, and three rough granite offcuts. Behind her on the left a forge fire glows with a warm orange to deep red gradient, and thin smoke rises against a flat dark stone wall on the right. Cold blue window light falls from the upper left across the steel."
134,push,P01,1618033,Block_4=-0.350,Block_4,-0.350,Real Value,,,euler_ancestral,simple,9,1.0,1.0,1024,1280,P01_Block_4neg_0.350_krea2_seed1618033,P01_Block_4neg_0.350_krea2_seed1618033_00001_.png,52e5b19ca6,"Western comics style, bold ink outlines, hatched shadows, medium wide shot, static centred composition, eye-level camera, subject centred and filling the middle third of the frame. A blacksmith woman stands behind a heavy oak workbench, facing the viewer, both hands resting flat on the wood. She has coarse dark curls tied back, weathered brown skin, a leather apron over a coarse linen shirt, and a polished steel gauntlet on her left forearm. On the bench lie a hammered copper bowl, a coil of frayed rope, and three rough granite offcuts. Behind her on the left a forge fire glows with a warm orange to deep red gradient, and thin smoke rises against a flat dark stone wall on the right. Cold blue window light falls from the upper left across the steel."
135,push,P01,1618033,Block_4=-0.500,Block_4,-0.500,Real Value,,,euler_ancestral,simple,9,1.0,1.0,1024,1280,P01_Block_4neg_0.500_krea2_seed1618033,P01_Block_4neg_0.500_krea2_seed1618033_00001_.png,52e5b19ca6,"Western comics style, bold ink outlines, hatched shadows, medium wide shot, static centred composition, eye-level camera, subject centred and filling the middle third of the frame. A blacksmith woman stands behind a heavy oak workbench, facing the viewer, both hands resting flat on the wood. She has coarse dark curls tied back, weathered brown skin, a leather apron over a coarse linen shirt, and a polished steel gauntlet on her left forearm. On the bench lie a hammered copper bowl, a coil of frayed rope, and three rough granite offcuts. Behind her on the left a forge fire glows with a warm orange to deep red gradient, and thin smoke rises against a flat dark stone wall on the right. Cold blue window light falls from the upper left across the steel."
136,push,P01,1618033,Block_5=0.080,Block_5,0.080,Real Value,,,euler_ancestral,simple,9,1.0,1.0,1024,1280,P01_Block_5pos_0.080_krea2_seed1618033,P01_Block_5pos_0.080_krea2_seed1618033_00001_.png,52e5b19ca6,"Western comics style, bold ink outlines, hatched shadows, medium wide shot, static centred composition, eye-level camera, subject centred and filling the middle third of the frame. A blacksmith woman stands behind a heavy oak workbench, facing the viewer, both hands resting flat on the wood. She has coarse dark curls tied back, weathered brown skin, a leather apron over a coarse linen shirt, and a polished steel gauntlet on her left forearm. On the bench lie a hammered copper bowl, a coil of frayed rope, and three rough granite offcuts. Behind her on the left a forge fire glows with a warm orange to deep red gradient, and thin smoke rises against a flat dark stone wall on the right. Cold blue window light falls from the upper left across the steel."
137,push,P01,1618033,Block_5=0.200,Block_5,0.200,Real Value,,,euler_ancestral,simple,9,1.0,1.0,1024,1280,P01_Block_5pos_0.200_krea2_seed1618033,P01_Block_5pos_0.200_krea2_seed1618033_00001_.png,52e5b19ca6,"Western comics style, bold ink outlines, hatched shadows, medium wide shot, static centred composition, eye-level camera, subject centred and filling the middle third of the frame. A blacksmith woman stands behind a heavy oak workbench, facing the viewer, both hands resting flat on the wood. She has coarse dark curls tied back, weathered brown skin, a leather apron over a coarse linen shirt, and a polished steel gauntlet on her left forearm. On the bench lie a hammered copper bowl, a coil of frayed rope, and three rough granite offcuts. Behind her on the left a forge fire glows with a warm orange to deep red gradient, and thin smoke rises against a flat dark stone wall on the right. Cold blue window light falls from the upper left across the steel."
138,push,P01,1618033,Block_5=0.350,Block_5,0.350,Real Value,,,euler_ancestral,simple,9,1.0,1.0,1024,1280,P01_Block_5pos_0.350_krea2_seed1618033,P01_Block_5pos_0.350_krea2_seed1618033_00001_.png,52e5b19ca6,"Western comics style, bold ink outlines, hatched shadows, medium wide shot, static centred composition, eye-level camera, subject centred and filling the middle third of the frame. A blacksmith woman stands behind a heavy oak workbench, facing the viewer, both hands resting flat on the wood. She has coarse dark curls tied back, weathered brown skin, a leather apron over a coarse linen shirt, and a polished steel gauntlet on her left forearm. On the bench lie a hammered copper bowl, a coil of frayed rope, and three rough granite offcuts. Behind her on the left a forge fire glows with a warm orange to deep red gradient, and thin smoke rises against a flat dark stone wall on the right. Cold blue window light falls from the upper left across the steel."
139,push,P01,1618033,Block_5=0.500,Block_5,0.500,Real Value,,,euler_ancestral,simple,9,1.0,1.0,1024,1280,P01_Block_5pos_0.500_krea2_seed1618033,P01_Block_5pos_0.500_krea2_seed1618033_00001_.png,52e5b19ca6,"Western comics style, bold ink outlines, hatched shadows, medium wide shot, static centred composition, eye-level camera, subject centred and filling the middle third of the frame. A blacksmith woman stands behind a heavy oak workbench, facing the viewer, both hands resting flat on the wood. She has coarse dark curls tied back, weathered brown skin, a leather apron over a coarse linen shirt, and a polished steel gauntlet on her left forearm. On the bench lie a hammered copper bowl, a coil of frayed rope, and three rough granite offcuts. Behind her on the left a forge fire glows with a warm orange to deep red gradient, and thin smoke rises against a flat dark stone wall on the right. Cold blue window light falls from the upper left across the steel."
140,push,P01,1618033,Block_5=-0.080,Block_5,-0.080,Real Value,,,euler_ancestral,simple,9,1.0,1.0,1024,1280,P01_Block_5neg_0.080_krea2_seed1618033,P01_Block_5neg_0.080_krea2_seed1618033_00001_.png,52e5b19ca6,"Western comics style, bold ink outlines, hatched shadows, medium wide shot, static centred composition, eye-level camera, subject centred and filling the middle third of the frame. A blacksmith woman stands behind a heavy oak workbench, facing the viewer, both hands resting flat on the wood. She has coarse dark curls tied back, weathered brown skin, a leather apron over a coarse linen shirt, and a polished steel gauntlet on her left forearm. On the bench lie a hammered copper bowl, a coil of frayed rope, and three rough granite offcuts. Behind her on the left a forge fire glows with a warm orange to deep red gradient, and thin smoke rises against a flat dark stone wall on the right. Cold blue window light falls from the upper left across the steel."
141,push,P01,1618033,Block_5=-0.200,Block_5,-0.200,Real Value,,,euler_ancestral,simple,9,1.0,1.0,1024,1280,P01_Block_5neg_0.200_krea2_seed1618033,P01_Block_5neg_0.200_krea2_seed1618033_00001_.png,52e5b19ca6,"Western comics style, bold ink outlines, hatched shadows, medium wide shot, static centred composition, eye-level camera, subject centred and filling the middle third of the frame. A blacksmith woman stands behind a heavy oak workbench, facing the viewer, both hands resting flat on the wood. She has coarse dark curls tied back, weathered brown skin, a leather apron over a coarse linen shirt, and a polished steel gauntlet on her left forearm. On the bench lie a hammered copper bowl, a coil of frayed rope, and three rough granite offcuts. Behind her on the left a forge fire glows with a warm orange to deep red gradient, and thin smoke rises against a flat dark stone wall on the right. Cold blue window light falls from the upper left across the steel."
142,push,P01,1618033,Block_5=-0.350,Block_5,-0.350,Real Value,,,euler_ancestral,simple,9,1.0,1.0,1024,1280,P01_Block_5neg_0.350_krea2_seed1618033,P01_Block_5neg_0.350_krea2_seed1618033_00001_.png,52e5b19ca6,"Western comics style, bold ink outlines, hatched shadows, medium wide shot, static centred composition, eye-level camera, subject centred and filling the middle third of the frame. A blacksmith woman stands behind a heavy oak workbench, facing the viewer, both hands resting flat on the wood. She has coarse dark curls tied back, weathered brown skin, a leather apron over a coarse linen shirt, and a polished steel gauntlet on her left forearm. On the bench lie a hammered copper bowl, a coil of frayed rope, and three rough granite offcuts. Behind her on the left a forge fire glows with a warm orange to deep red gradient, and thin smoke rises against a flat dark stone wall on the right. Cold blue window light falls from the upper left across the steel."
143,push,P01,1618033,Block_5=-0.500,Block_5,-0.500,Real Value,,,euler_ancestral,simple,9,1.0,1.0,1024,1280,P01_Block_5neg_0.500_krea2_seed1618033,P01_Block_5neg_0.500_krea2_seed1618033_00001_.png,52e5b19ca6,"Western comics style, bold ink outlines, hatched shadows, medium wide shot, static centred composition, eye-level camera, subject centred and filling the middle third of the frame. A blacksmith woman stands behind a heavy oak workbench, facing the viewer, both hands resting flat on the wood. She has coarse dark curls tied back, weathered brown skin, a leather apron over a coarse linen shirt, and a polished steel gauntlet on her left forearm. On the bench lie a hammered copper bowl, a coil of frayed rope, and three rough granite offcuts. Behind her on the left a forge fire glows with a warm orange to deep red gradient, and thin smoke rises against a flat dark stone wall on the right. Cold blue window light falls from the upper left across the steel."
144,push,P01,1618033,Block_6=0.080,Block_6,0.080,Real Value,,,euler_ancestral,simple,9,1.0,1.0,1024,1280,P01_Block_6pos_0.080_krea2_seed1618033,P01_Block_6pos_0.080_krea2_seed1618033_00001_.png,52e5b19ca6,"Western comics style, bold ink outlines, hatched shadows, medium wide shot, static centred composition, eye-level camera, subject centred and filling the middle third of the frame. A blacksmith woman stands behind a heavy oak workbench, facing the viewer, both hands resting flat on the wood. She has coarse dark curls tied back, weathered brown skin, a leather apron over a coarse linen shirt, and a polished steel gauntlet on her left forearm. On the bench lie a hammered copper bowl, a coil of frayed rope, and three rough granite offcuts. Behind her on the left a forge fire glows with a warm orange to deep red gradient, and thin smoke rises against a flat dark stone wall on the right. Cold blue window light falls from the upper left across the steel."
145,push,P01,1618033,Block_6=0.200,Block_6,0.200,Real Value,,,euler_ancestral,simple,9,1.0,1.0,1024,1280,P01_Block_6pos_0.200_krea2_seed1618033,P01_Block_6pos_0.200_krea2_seed1618033_00001_.png,52e5b19ca6,"Western comics style, bold ink outlines, hatched shadows, medium wide shot, static centred composition, eye-level camera, subject centred and filling the middle third of the frame. A blacksmith woman stands behind a heavy oak workbench, facing the viewer, both hands resting flat on the wood. She has coarse dark curls tied back, weathered brown skin, a leather apron over a coarse linen shirt, and a polished steel gauntlet on her left forearm. On the bench lie a hammered copper bowl, a coil of frayed rope, and three rough granite offcuts. Behind her on the left a forge fire glows with a warm orange to deep red gradient, and thin smoke rises against a flat dark stone wall on the right. Cold blue window light falls from the upper left across the steel."
146,push,P01,1618033,Block_6=0.350,Block_6,0.350,Real Value,,,euler_ancestral,simple,9,1.0,1.0,1024,1280,P01_Block_6pos_0.350_krea2_seed1618033,P01_Block_6pos_0.350_krea2_seed1618033_00001_.png,52e5b19ca6,"Western comics style, bold ink outlines, hatched shadows, medium wide shot, static centred composition, eye-level camera, subject centred and filling the middle third of the frame. A blacksmith woman stands behind a heavy oak workbench, facing the viewer, both hands resting flat on the wood. She has coarse dark curls tied back, weathered brown skin, a leather apron over a coarse linen shirt, and a polished steel gauntlet on her left forearm. On the bench lie a hammered copper bowl, a coil of frayed rope, and three rough granite offcuts. Behind her on the left a forge fire glows with a warm orange to deep red gradient, and thin smoke rises against a flat dark stone wall on the right. Cold blue window light falls from the upper left across the steel."
147,push,P01,1618033,Block_6=0.500,Block_6,0.500,Real Value,,,euler_ancestral,simple,9,1.0,1.0,1024,1280,P01_Block_6pos_0.500_krea2_seed1618033,P01_Block_6pos_0.500_krea2_seed1618033_00001_.png,52e5b19ca6,"Western comics style, bold ink outlines, hatched shadows, medium wide shot, static centred composition, eye-level camera, subject centred and filling the middle third of the frame. A blacksmith woman stands behind a heavy oak workbench, facing the viewer, both hands resting flat on the wood. She has coarse dark curls tied back, weathered brown skin, a leather apron over a coarse linen shirt, and a polished steel gauntlet on her left forearm. On the bench lie a hammered copper bowl, a coil of frayed rope, and three rough granite offcuts. Behind her on the left a forge fire glows with a warm orange to deep red gradient, and thin smoke rises against a flat dark stone wall on the right. Cold blue window light falls from the upper left across the steel."
148,push,P01,1618033,Block_6=-0.080,Block_6,-0.080,Real Value,,,euler_ancestral,simple,9,1.0,1.0,1024,1280,P01_Block_6neg_0.080_krea2_seed1618033,P01_Block_6neg_0.080_krea2_seed1618033_00001_.png,52e5b19ca6,"Western comics style, bold ink outlines, hatched shadows, medium wide shot, static centred composition, eye-level camera, subject centred and filling the middle third of the frame. A blacksmith woman stands behind a heavy oak workbench, facing the viewer, both hands resting flat on the wood. She has coarse dark curls tied back, weathered brown skin, a leather apron over a coarse linen shirt, and a polished steel gauntlet on her left forearm. On the bench lie a hammered copper bowl, a coil of frayed rope, and three rough granite offcuts. Behind her on the left a forge fire glows with a warm orange to deep red gradient, and thin smoke rises against a flat dark stone wall on the right. Cold blue window light falls from the upper left across the steel."
149,push,P01,1618033,Block_6=-0.200,Block_6,-0.200,Real Value,,,euler_ancestral,simple,9,1.0,1.0,1024,1280,P01_Block_6neg_0.200_krea2_seed1618033,P01_Block_6neg_0.200_krea2_seed1618033_00001_.png,52e5b19ca6,"Western comics style, bold ink outlines, hatched shadows, medium wide shot, static centred composition, eye-level camera, subject centred and filling the middle third of the frame. A blacksmith woman stands behind a heavy oak workbench, facing the viewer, both hands resting flat on the wood. She has coarse dark curls tied back, weathered brown skin, a leather apron over a coarse linen shirt, and a polished steel gauntlet on her left forearm. On the bench lie a hammered copper bowl, a coil of frayed rope, and three rough granite offcuts. Behind her on the left a forge fire glows with a warm orange to deep red gradient, and thin smoke rises against a flat dark stone wall on the right. Cold blue window light falls from the upper left across the steel."
150,push,P01,1618033,Block_6=-0.350,Block_6,-0.350,Real Value,,,euler_ancestral,simple,9,1.0,1.0,1024,1280,P01_Block_6neg_0.350_krea2_seed1618033,P01_Block_6neg_0.350_krea2_seed1618033_00001_.png,52e5b19ca6,"Western comics style, bold ink outlines, hatched shadows, medium wide shot, static centred composition, eye-level camera, subject centred and filling the middle third of the frame. A blacksmith woman stands behind a heavy oak workbench, facing the viewer, both hands resting flat on the wood. She has coarse dark curls tied back, weathered brown skin, a leather apron over a coarse linen shirt, and a polished steel gauntlet on her left forearm. On the bench lie a hammered copper bowl, a coil of frayed rope, and three rough granite offcuts. Behind her on the left a forge fire glows with a warm orange to deep red gradient, and thin smoke rises against a flat dark stone wall on the right. Cold blue window light falls from the upper left across the steel."
151,push,P01,1618033,Block_6=-0.500,Block_6,-0.500,Real Value,,,euler_ancestral,simple,9,1.0,1.0,1024,1280,P01_Block_6neg_0.500_krea2_seed1618033,P01_Block_6neg_0.500_krea2_seed1618033_00001_.png,52e5b19ca6,"Western comics style, bold ink outlines, hatched shadows, medium wide shot, static centred composition, eye-level camera, subject centred and filling the middle third of the frame. A blacksmith woman stands behind a heavy oak workbench, facing the viewer, both hands resting flat on the wood. She has coarse dark curls tied back, weathered brown skin, a leather apron over a coarse linen shirt, and a polished steel gauntlet on her left forearm. On the bench lie a hammered copper bowl, a coil of frayed rope, and three rough granite offcuts. Behind her on the left a forge fire glows with a warm orange to deep red gradient, and thin smoke rises against a flat dark stone wall on the right. Cold blue window light falls from the upper left across the steel."
152,push,P02,2718281,Block_1=0.080,Block_1,0.080,Real Value,,,euler_ancestral,simple,9,1.0,1.0,1024,1280,P02_Block_1pos_0.080_krea2_seed2718281,P02_Block_1pos_0.080_krea2_seed2718281_00001_.png,7919c95fcf,"Western comics style, bold ink outlines, hatched shadows, medium wide shot, static centred composition, eye-level camera, subject centred and filling the middle third of the frame. A botanist man stands among potting benches, facing the viewer, one hand on a terracotta pot. He has straight pale hair, freckled fair skin, a knitted wool cardigan over a cotton shirt, and small round glasses. Broad waxy monstera leaves crowd the left of the frame and fine ferns the right. A glass carafe half full of water sits on the bench in front of him, beside damp dark soil and a brass watering can. Behind him the greenhouse panes show a pale cyan to warm cream sky gradient, with condensation beading on the glass."
153,push,P02,2718281,Block_1=0.200,Block_1,0.200,Real Value,,,euler_ancestral,simple,9,1.0,1.0,1024,1280,P02_Block_1pos_0.200_krea2_seed2718281,P02_Block_1pos_0.200_krea2_seed2718281_00001_.png,7919c95fcf,"Western comics style, bold ink outlines, hatched shadows, medium wide shot, static centred composition, eye-level camera, subject centred and filling the middle third of the frame. A botanist man stands among potting benches, facing the viewer, one hand on a terracotta pot. He has straight pale hair, freckled fair skin, a knitted wool cardigan over a cotton shirt, and small round glasses. Broad waxy monstera leaves crowd the left of the frame and fine ferns the right. A glass carafe half full of water sits on the bench in front of him, beside damp dark soil and a brass watering can. Behind him the greenhouse panes show a pale cyan to warm cream sky gradient, with condensation beading on the glass."
154,push,P02,2718281,Block_1=0.350,Block_1,0.350,Real Value,,,euler_ancestral,simple,9,1.0,1.0,1024,1280,P02_Block_1pos_0.350_krea2_seed2718281,P02_Block_1pos_0.350_krea2_seed2718281_00001_.png,7919c95fcf,"Western comics style, bold ink outlines, hatched shadows, medium wide shot, static centred composition, eye-level camera, subject centred and filling the middle third of the frame. A botanist man stands among potting benches, facing the viewer, one hand on a terracotta pot. He has straight pale hair, freckled fair skin, a knitted wool cardigan over a cotton shirt, and small round glasses. Broad waxy monstera leaves crowd the left of the frame and fine ferns the right. A glass carafe half full of water sits on the bench in front of him, beside damp dark soil and a brass watering can. Behind him the greenhouse panes show a pale cyan to warm cream sky gradient, with condensation beading on the glass."
155,push,P02,2718281,Block_1=0.500,Block_1,0.500,Real Value,,,euler_ancestral,simple,9,1.0,1.0,1024,1280,P02_Block_1pos_0.500_krea2_seed2718281,P02_Block_1pos_0.500_krea2_seed2718281_00001_.png,7919c95fcf,"Western comics style, bold ink outlines, hatched shadows, medium wide shot, static centred composition, eye-level camera, subject centred and filling the middle third of the frame. A botanist man stands among potting benches, facing the viewer, one hand on a terracotta pot. He has straight pale hair, freckled fair skin, a knitted wool cardigan over a cotton shirt, and small round glasses. Broad waxy monstera leaves crowd the left of the frame and fine ferns the right. A glass carafe half full of water sits on the bench in front of him, beside damp dark soil and a brass watering can. Behind him the greenhouse panes show a pale cyan to warm cream sky gradient, with condensation beading on the glass."
156,push,P02,2718281,Block_1=-0.080,Block_1,-0.080,Real Value,,,euler_ancestral,simple,9,1.0,1.0,1024,1280,P02_Block_1neg_0.080_krea2_seed2718281,P02_Block_1neg_0.080_krea2_seed2718281_00001_.png,7919c95fcf,"Western comics style, bold ink outlines, hatched shadows, medium wide shot, static centred composition, eye-level camera, subject centred and filling the middle third of the frame. A botanist man stands among potting benches, facing the viewer, one hand on a terracotta pot. He has straight pale hair, freckled fair skin, a knitted wool cardigan over a cotton shirt, and small round glasses. Broad waxy monstera leaves crowd the left of the frame and fine ferns the right. A glass carafe half full of water sits on the bench in front of him, beside damp dark soil and a brass watering can. Behind him the greenhouse panes show a pale cyan to warm cream sky gradient, with condensation beading on the glass."
157,push,P02,2718281,Block_1=-0.200,Block_1,-0.200,Real Value,,,euler_ancestral,simple,9,1.0,1.0,1024,1280,P02_Block_1neg_0.200_krea2_seed2718281,P02_Block_1neg_0.200_krea2_seed2718281_00001_.png,7919c95fcf,"Western comics style, bold ink outlines, hatched shadows, medium wide shot, static centred composition, eye-level camera, subject centred and filling the middle third of the frame. A botanist man stands among potting benches, facing the viewer, one hand on a terracotta pot. He has straight pale hair, freckled fair skin, a knitted wool cardigan over a cotton shirt, and small round glasses. Broad waxy monstera leaves crowd the left of the frame and fine ferns the right. A glass carafe half full of water sits on the bench in front of him, beside damp dark soil and a brass watering can. Behind him the greenhouse panes show a pale cyan to warm cream sky gradient, with condensation beading on the glass."
158,push,P02,2718281,Block_1=-0.350,Block_1,-0.350,Real Value,,,euler_ancestral,simple,9,1.0,1.0,1024,1280,P02_Block_1neg_0.350_krea2_seed2718281,P02_Block_1neg_0.350_krea2_seed2718281_00001_.png,7919c95fcf,"Western comics style, bold ink outlines, hatched shadows, medium wide shot, static centred composition, eye-level camera, subject centred and filling the middle third of the frame. A botanist man stands among potting benches, facing the viewer, one hand on a terracotta pot. He has straight pale hair, freckled fair skin, a knitted wool cardigan over a cotton shirt, and small round glasses. Broad waxy monstera leaves crowd the left of the frame and fine ferns the right. A glass carafe half full of water sits on the bench in front of him, beside damp dark soil and a brass watering can. Behind him the greenhouse panes show a pale cyan to warm cream sky gradient, with condensation beading on the glass."
159,push,P02,2718281,Block_1=-0.500,Block_1,-0.500,Real Value,,,euler_ancestral,simple,9,1.0,1.0,1024,1280,P02_Block_1neg_0.500_krea2_seed2718281,P02_Block_1neg_0.500_krea2_seed2718281_00001_.png,7919c95fcf,"Western comics style, bold ink outlines, hatched shadows, medium wide shot, static centred composition, eye-level camera, subject centred and filling the middle third of the frame. A botanist man stands among potting benches, facing the viewer, one hand on a terracotta pot. He has straight pale hair, freckled fair skin, a knitted wool cardigan over a cotton shirt, and small round glasses. Broad waxy monstera leaves crowd the left of the frame and fine ferns the right. A glass carafe half full of water sits on the bench in front of him, beside damp dark soil and a brass watering can. Behind him the greenhouse panes show a pale cyan to warm cream sky gradient, with condensation beading on the glass."
160,push,P02,2718281,Block_2=0.080,Block_2,0.080,Real Value,,,euler_ancestral,simple,9,1.0,1.0,1024,1280,P02_Block_2pos_0.080_krea2_seed2718281,P02_Block_2pos_0.080_krea2_seed2718281_00001_.png,7919c95fcf,"Western comics style, bold ink outlines, hatched shadows, medium wide shot, static centred composition, eye-level camera, subject centred and filling the middle third of the frame. A botanist man stands among potting benches, facing the viewer, one hand on a terracotta pot. He has straight pale hair, freckled fair skin, a knitted wool cardigan over a cotton shirt, and small round glasses. Broad waxy monstera leaves crowd the left of the frame and fine ferns the right. A glass carafe half full of water sits on the bench in front of him, beside damp dark soil and a brass watering can. Behind him the greenhouse panes show a pale cyan to warm cream sky gradient, with condensation beading on the glass."
161,push,P02,2718281,Block_2=0.200,Block_2,0.200,Real Value,,,euler_ancestral,simple,9,1.0,1.0,1024,1280,P02_Block_2pos_0.200_krea2_seed2718281,P02_Block_2pos_0.200_krea2_seed2718281_00001_.png,7919c95fcf,"Western comics style, bold ink outlines, hatched shadows, medium wide shot, static centred composition, eye-level camera, subject centred and filling the middle third of the frame. A botanist man stands among potting benches, facing the viewer, one hand on a terracotta pot. He has straight pale hair, freckled fair skin, a knitted wool cardigan over a cotton shirt, and small round glasses. Broad waxy monstera leaves crowd the left of the frame and fine ferns the right. A glass carafe half full of water sits on the bench in front of him, beside damp dark soil and a brass watering can. Behind him the greenhouse panes show a pale cyan to warm cream sky gradient, with condensation beading on the glass."
162,push,P02,2718281,Block_2=0.350,Block_2,0.350,Real Value,,,euler_ancestral,simple,9,1.0,1.0,1024,1280,P02_Block_2pos_0.350_krea2_seed2718281,P02_Block_2pos_0.350_krea2_seed2718281_00001_.png,7919c95fcf,"Western comics style, bold ink outlines, hatched shadows, medium wide shot, static centred composition, eye-level camera, subject centred and filling the middle third of the frame. A botanist man stands among potting benches, facing the viewer, one hand on a terracotta pot. He has straight pale hair, freckled fair skin, a knitted wool cardigan over a cotton shirt, and small round glasses. Broad waxy monstera leaves crowd the left of the frame and fine ferns the right. A glass carafe half full of water sits on the bench in front of him, beside damp dark soil and a brass watering can. Behind him the greenhouse panes show a pale cyan to warm cream sky gradient, with condensation beading on the glass."
163,push,P02,2718281,Block_2=0.500,Block_2,0.500,Real Value,,,euler_ancestral,simple,9,1.0,1.0,1024,1280,P02_Block_2pos_0.500_krea2_seed2718281,P02_Block_2pos_0.500_krea2_seed2718281_00001_.png,7919c95fcf,"Western comics style, bold ink outlines, hatched shadows, medium wide shot, static centred composition, eye-level camera, subject centred and filling the middle third of the frame. A botanist man stands among potting benches, facing the viewer, one hand on a terracotta pot. He has straight pale hair, freckled fair skin, a knitted wool cardigan over a cotton shirt, and small round glasses. Broad waxy monstera leaves crowd the left of the frame and fine ferns the right. A glass carafe half full of water sits on the bench in front of him, beside damp dark soil and a brass watering can. Behind him the greenhouse panes show a pale cyan to warm cream sky gradient, with condensation beading on the glass."
164,push,P02,2718281,Block_2=-0.080,Block_2,-0.080,Real Value,,,euler_ancestral,simple,9,1.0,1.0,1024,1280,P02_Block_2neg_0.080_krea2_seed2718281,P02_Block_2neg_0.080_krea2_seed2718281_00001_.png,7919c95fcf,"Western comics style, bold ink outlines, hatched shadows, medium wide shot, static centred composition, eye-level camera, subject centred and filling the middle third of the frame. A botanist man stands among potting benches, facing the viewer, one hand on a terracotta pot. He has straight pale hair, freckled fair skin, a knitted wool cardigan over a cotton shirt, and small round glasses. Broad waxy monstera leaves crowd the left of the frame and fine ferns the right. A glass carafe half full of water sits on the bench in front of him, beside damp dark soil and a brass watering can. Behind him the greenhouse panes show a pale cyan to warm cream sky gradient, with condensation beading on the glass."
165,push,P02,2718281,Block_2=-0.200,Block_2,-0.200,Real Value,,,euler_ancestral,simple,9,1.0,1.0,1024,1280,P02_Block_2neg_0.200_krea2_seed2718281,P02_Block_2neg_0.200_krea2_seed2718281_00001_.png,7919c95fcf,"Western comics style, bold ink outlines, hatched shadows, medium wide shot, static centred composition, eye-level camera, subject centred and filling the middle third of the frame. A botanist man stands among potting benches, facing the viewer, one hand on a terracotta pot. He has straight pale hair, freckled fair skin, a knitted wool cardigan over a cotton shirt, and small round glasses. Broad waxy monstera leaves crowd the left of the frame and fine ferns the right. A glass carafe half full of water sits on the bench in front of him, beside damp dark soil and a brass watering can. Behind him the greenhouse panes show a pale cyan to warm cream sky gradient, with condensation beading on the glass."
166,push,P02,2718281,Block_2=-0.350,Block_2,-0.350,Real Value,,,euler_ancestral,simple,9,1.0,1.0,1024,1280,P02_Block_2neg_0.350_krea2_seed2718281,P02_Block_2neg_0.350_krea2_seed2718281_00001_.png,7919c95fcf,"Western comics style, bold ink outlines, hatched shadows, medium wide shot, static centred composition, eye-level camera, subject centred and filling the middle third of the frame. A botanist man stands among potting benches, facing the viewer, one hand on a terracotta pot. He has straight pale hair, freckled fair skin, a knitted wool cardigan over a cotton shirt, and small round glasses. Broad waxy monstera leaves crowd the left of the frame and fine ferns the right. A glass carafe half full of water sits on the bench in front of him, beside damp dark soil and a brass watering can. Behind him the greenhouse panes show a pale cyan to warm cream sky gradient, with condensation beading on the glass."
167,push,P02,2718281,Block_2=-0.500,Block_2,-0.500,Real Value,,,euler_ancestral,simple,9,1.0,1.0,1024,1280,P02_Block_2neg_0.500_krea2_seed2718281,P02_Block_2neg_0.500_krea2_seed2718281_00001_.png,7919c95fcf,"Western comics style, bold ink outlines, hatched shadows, medium wide shot, static centred composition, eye-level camera, subject centred and filling the middle third of the frame. A botanist man stands among potting benches, facing the viewer, one hand on a terracotta pot. He has straight pale hair, freckled fair skin, a knitted wool cardigan over a cotton shirt, and small round glasses. Broad waxy monstera leaves crowd the left of the frame and fine ferns the right. A glass carafe half full of water sits on the bench in front of him, beside damp dark soil and a brass watering can. Behind him the greenhouse panes show a pale cyan to warm cream sky gradient, with condensation beading on the glass."
168,push,P02,2718281,Block_3=0.080,Block_3,0.080,Real Value,,,euler_ancestral,simple,9,1.0,1.0,1024,1280,P02_Block_3pos_0.080_krea2_seed2718281,P02_Block_3pos_0.080_krea2_seed2718281_00001_.png,7919c95fcf,"Western comics style, bold ink outlines, hatched shadows, medium wide shot, static centred composition, eye-level camera, subject centred and filling the middle third of the frame. A botanist man stands among potting benches, facing the viewer, one hand on a terracotta pot. He has straight pale hair, freckled fair skin, a knitted wool cardigan over a cotton shirt, and small round glasses. Broad waxy monstera leaves crowd the left of the frame and fine ferns the right. A glass carafe half full of water sits on the bench in front of him, beside damp dark soil and a brass watering can. Behind him the greenhouse panes show a pale cyan to warm cream sky gradient, with condensation beading on the glass."
169,push,P02,2718281,Block_3=0.200,Block_3,0.200,Real Value,,,euler_ancestral,simple,9,1.0,1.0,1024,1280,P02_Block_3pos_0.200_krea2_seed2718281,P02_Block_3pos_0.200_krea2_seed2718281_00001_.png,7919c95fcf,"Western comics style, bold ink outlines, hatched shadows, medium wide shot, static centred composition, eye-level camera, subject centred and filling the middle third of the frame. A botanist man stands among potting benches, facing the viewer, one hand on a terracotta pot. He has straight pale hair, freckled fair skin, a knitted wool cardigan over a cotton shirt, and small round glasses. Broad waxy monstera leaves crowd the left of the frame and fine ferns the right. A glass carafe half full of water sits on the bench in front of him, beside damp dark soil and a brass watering can. Behind him the greenhouse panes show a pale cyan to warm cream sky gradient, with condensation beading on the glass."
170,push,P02,2718281,Block_3=0.350,Block_3,0.350,Real Value,,,euler_ancestral,simple,9,1.0,1.0,1024,1280,P02_Block_3pos_0.350_krea2_seed2718281,P02_Block_3pos_0.350_krea2_seed2718281_00001_.png,7919c95fcf,"Western comics style, bold ink outlines, hatched shadows, medium wide shot, static centred composition, eye-level camera, subject centred and filling the middle third of the frame. A botanist man stands among potting benches, facing the viewer, one hand on a terracotta pot. He has straight pale hair, freckled fair skin, a knitted wool cardigan over a cotton shirt, and small round glasses. Broad waxy monstera leaves crowd the left of the frame and fine ferns the right. A glass carafe half full of water sits on the bench in front of him, beside damp dark soil and a brass watering can. Behind him the greenhouse panes show a pale cyan to warm cream sky gradient, with condensation beading on the glass."
171,push,P02,2718281,Block_3=0.500,Block_3,0.500,Real Value,,,euler_ancestral,simple,9,1.0,1.0,1024,1280,P02_Block_3pos_0.500_krea2_seed2718281,P02_Block_3pos_0.500_krea2_seed2718281_00001_.png,7919c95fcf,"Western comics style, bold ink outlines, hatched shadows, medium wide shot, static centred composition, eye-level camera, subject centred and filling the middle third of the frame. A botanist man stands among potting benches, facing the viewer, one hand on a terracotta pot. He has straight pale hair, freckled fair skin, a knitted wool cardigan over a cotton shirt, and small round glasses. Broad waxy monstera leaves crowd the left of the frame and fine ferns the right. A glass carafe half full of water sits on the bench in front of him, beside damp dark soil and a brass watering can. Behind him the greenhouse panes show a pale cyan to warm cream sky gradient, with condensation beading on the glass."
172,push,P02,2718281,Block_3=-0.080,Block_3,-0.080,Real Value,,,euler_ancestral,simple,9,1.0,1.0,1024,1280,P02_Block_3neg_0.080_krea2_seed2718281,P02_Block_3neg_0.080_krea2_seed2718281_00001_.png,7919c95fcf,"Western comics style, bold ink outlines, hatched shadows, medium wide shot, static centred composition, eye-level camera, subject centred and filling the middle third of the frame. A botanist man stands among potting benches, facing the viewer, one hand on a terracotta pot. He has straight pale hair, freckled fair skin, a knitted wool cardigan over a cotton shirt, and small round glasses. Broad waxy monstera leaves crowd the left of the frame and fine ferns the right. A glass carafe half full of water sits on the bench in front of him, beside damp dark soil and a brass watering can. Behind him the greenhouse panes show a pale cyan to warm cream sky gradient, with condensation beading on the glass."
173,push,P02,2718281,Block_3=-0.200,Block_3,-0.200,Real Value,,,euler_ancestral,simple,9,1.0,1.0,1024,1280,P02_Block_3neg_0.200_krea2_seed2718281,P02_Block_3neg_0.200_krea2_seed2718281_00001_.png,7919c95fcf,"Western comics style, bold ink outlines, hatched shadows, medium wide shot, static centred composition, eye-level camera, subject centred and filling the middle third of the frame. A botanist man stands among potting benches, facing the viewer, one hand on a terracotta pot. He has straight pale hair, freckled fair skin, a knitted wool cardigan over a cotton shirt, and small round glasses. Broad waxy monstera leaves crowd the left of the frame and fine ferns the right. A glass carafe half full of water sits on the bench in front of him, beside damp dark soil and a brass watering can. Behind him the greenhouse panes show a pale cyan to warm cream sky gradient, with condensation beading on the glass."
174,push,P02,2718281,Block_3=-0.350,Block_3,-0.350,Real Value,,,euler_ancestral,simple,9,1.0,1.0,1024,1280,P02_Block_3neg_0.350_krea2_seed2718281,P02_Block_3neg_0.350_krea2_seed2718281_00001_.png,7919c95fcf,"Western comics style, bold ink outlines, hatched shadows, medium wide shot, static centred composition, eye-level camera, subject centred and filling the middle third of the frame. A botanist man stands among potting benches, facing the viewer, one hand on a terracotta pot. He has straight pale hair, freckled fair skin, a knitted wool cardigan over a cotton shirt, and small round glasses. Broad waxy monstera leaves crowd the left of the frame and fine ferns the right. A glass carafe half full of water sits on the bench in front of him, beside damp dark soil and a brass watering can. Behind him the greenhouse panes show a pale cyan to warm cream sky gradient, with condensation beading on the glass."
175,push,P02,2718281,Block_3=-0.500,Block_3,-0.500,Real Value,,,euler_ancestral,simple,9,1.0,1.0,1024,1280,P02_Block_3neg_0.500_krea2_seed2718281,P02_Block_3neg_0.500_krea2_seed2718281_00001_.png,7919c95fcf,"Western comics style, bold ink outlines, hatched shadows, medium wide shot, static centred composition, eye-level camera, subject centred and filling the middle third of the frame. A botanist man stands among potting benches, facing the viewer, one hand on a terracotta pot. He has straight pale hair, freckled fair skin, a knitted wool cardigan over a cotton shirt, and small round glasses. Broad waxy monstera leaves crowd the left of the frame and fine ferns the right. A glass carafe half full of water sits on the bench in front of him, beside damp dark soil and a brass watering can. Behind him the greenhouse panes show a pale cyan to warm cream sky gradient, with condensation beading on the glass."
176,push,P02,2718281,Block_4=0.080,Block_4,0.080,Real Value,,,euler_ancestral,simple,9,1.0,1.0,1024,1280,P02_Block_4pos_0.080_krea2_seed2718281,P02_Block_4pos_0.080_krea2_seed2718281_00001_.png,7919c95fcf,"Western comics style, bold ink outlines, hatched shadows, medium wide shot, static centred composition, eye-level camera, subject centred and filling the middle third of the frame. A botanist man stands among potting benches, facing the viewer, one hand on a terracotta pot. He has straight pale hair, freckled fair skin, a knitted wool cardigan over a cotton shirt, and small round glasses. Broad waxy monstera leaves crowd the left of the frame and fine ferns the right. A glass carafe half full of water sits on the bench in front of him, beside damp dark soil and a brass watering can. Behind him the greenhouse panes show a pale cyan to warm cream sky gradient, with condensation beading on the glass."
177,push,P02,2718281,Block_4=0.200,Block_4,0.200,Real Value,,,euler_ancestral,simple,9,1.0,1.0,1024,1280,P02_Block_4pos_0.200_krea2_seed2718281,P02_Block_4pos_0.200_krea2_seed2718281_00001_.png,7919c95fcf,"Western comics style, bold ink outlines, hatched shadows, medium wide shot, static centred composition, eye-level camera, subject centred and filling the middle third of the frame. A botanist man stands among potting benches, facing the viewer, one hand on a terracotta pot. He has straight pale hair, freckled fair skin, a knitted wool cardigan over a cotton shirt, and small round glasses. Broad waxy monstera leaves crowd the left of the frame and fine ferns the right. A glass carafe half full of water sits on the bench in front of him, beside damp dark soil and a brass watering can. Behind him the greenhouse panes show a pale cyan to warm cream sky gradient, with condensation beading on the glass."
178,push,P02,2718281,Block_4=0.350,Block_4,0.350,Real Value,,,euler_ancestral,simple,9,1.0,1.0,1024,1280,P02_Block_4pos_0.350_krea2_seed2718281,P02_Block_4pos_0.350_krea2_seed2718281_00001_.png,7919c95fcf,"Western comics style, bold ink outlines, hatched shadows, medium wide shot, static centred composition, eye-level camera, subject centred and filling the middle third of the frame. A botanist man stands among potting benches, facing the viewer, one hand on a terracotta pot. He has straight pale hair, freckled fair skin, a knitted wool cardigan over a cotton shirt, and small round glasses. Broad waxy monstera leaves crowd the left of the frame and fine ferns the right. A glass carafe half full of water sits on the bench in front of him, beside damp dark soil and a brass watering can. Behind him the greenhouse panes show a pale cyan to warm cream sky gradient, with condensation beading on the glass."
179,push,P02,2718281,Block_4=0.500,Block_4,0.500,Real Value,,,euler_ancestral,simple,9,1.0,1.0,1024,1280,P02_Block_4pos_0.500_krea2_seed2718281,P02_Block_4pos_0.500_krea2_seed2718281_00001_.png,7919c95fcf,"Western comics style, bold ink outlines, hatched shadows, medium wide shot, static centred composition, eye-level camera, subject centred and filling the middle third of the frame. A botanist man stands among potting benches, facing the viewer, one hand on a terracotta pot. He has straight pale hair, freckled fair skin, a knitted wool cardigan over a cotton shirt, and small round glasses. Broad waxy monstera leaves crowd the left of the frame and fine ferns the right. A glass carafe half full of water sits on the bench in front of him, beside damp dark soil and a brass watering can. Behind him the greenhouse panes show a pale cyan to warm cream sky gradient, with condensation beading on the glass."
180,push,P02,2718281,Block_4=-0.080,Block_4,-0.080,Real Value,,,euler_ancestral,simple,9,1.0,1.0,1024,1280,P02_Block_4neg_0.080_krea2_seed2718281,P02_Block_4neg_0.080_krea2_seed2718281_00001_.png,7919c95fcf,"Western comics style, bold ink outlines, hatched shadows, medium wide shot, static centred composition, eye-level camera, subject centred and filling the middle third of the frame. A botanist man stands among potting benches, facing the viewer, one hand on a terracotta pot. He has straight pale hair, freckled fair skin, a knitted wool cardigan over a cotton shirt, and small round glasses. Broad waxy monstera leaves crowd the left of the frame and fine ferns the right. A glass carafe half full of water sits on the bench in front of him, beside damp dark soil and a brass watering can. Behind him the greenhouse panes show a pale cyan to warm cream sky gradient, with condensation beading on the glass."
181,push,P02,2718281,Block_4=-0.200,Block_4,-0.200,Real Value,,,euler_ancestral,simple,9,1.0,1.0,1024,1280,P02_Block_4neg_0.200_krea2_seed2718281,P02_Block_4neg_0.200_krea2_seed2718281_00001_.png,7919c95fcf,"Western comics style, bold ink outlines, hatched shadows, medium wide shot, static centred composition, eye-level camera, subject centred and filling the middle third of the frame. A botanist man stands among potting benches, facing the viewer, one hand on a terracotta pot. He has straight pale hair, freckled fair skin, a knitted wool cardigan over a cotton shirt, and small round glasses. Broad waxy monstera leaves crowd the left of the frame and fine ferns the right. A glass carafe half full of water sits on the bench in front of him, beside damp dark soil and a brass watering can. Behind him the greenhouse panes show a pale cyan to warm cream sky gradient, with condensation beading on the glass."
182,push,P02,2718281,Block_4=-0.350,Block_4,-0.350,Real Value,,,euler_ancestral,simple,9,1.0,1.0,1024,1280,P02_Block_4neg_0.350_krea2_seed2718281,P02_Block_4neg_0.350_krea2_seed2718281_00001_.png,7919c95fcf,"Western comics style, bold ink outlines, hatched shadows, medium wide shot, static centred composition, eye-level camera, subject centred and filling the middle third of the frame. A botanist man stands among potting benches, facing the viewer, one hand on a terracotta pot. He has straight pale hair, freckled fair skin, a knitted wool cardigan over a cotton shirt, and small round glasses. Broad waxy monstera leaves crowd the left of the frame and fine ferns the right. A glass carafe half full of water sits on the bench in front of him, beside damp dark soil and a brass watering can. Behind him the greenhouse panes show a pale cyan to warm cream sky gradient, with condensation beading on the glass."
183,push,P02,2718281,Block_4=-0.500,Block_4,-0.500,Real Value,,,euler_ancestral,simple,9,1.0,1.0,1024,1280,P02_Block_4neg_0.500_krea2_seed2718281,P02_Block_4neg_0.500_krea2_seed2718281_00001_.png,7919c95fcf,"Western comics style, bold ink outlines, hatched shadows, medium wide shot, static centred composition, eye-level camera, subject centred and filling the middle third of the frame. A botanist man stands among potting benches, facing the viewer, one hand on a terracotta pot. He has straight pale hair, freckled fair skin, a knitted wool cardigan over a cotton shirt, and small round glasses. Broad waxy monstera leaves crowd the left of the frame and fine ferns the right. A glass carafe half full of water sits on the bench in front of him, beside damp dark soil and a brass watering can. Behind him the greenhouse panes show a pale cyan to warm cream sky gradient, with condensation beading on the glass."
184,push,P02,2718281,Block_5=0.080,Block_5,0.080,Real Value,,,euler_ancestral,simple,9,1.0,1.0,1024,1280,P02_Block_5pos_0.080_krea2_seed2718281,P02_Block_5pos_0.080_krea2_seed2718281_00001_.png,7919c95fcf,"Western comics style, bold ink outlines, hatched shadows, medium wide shot, static centred composition, eye-level camera, subject centred and filling the middle third of the frame. A botanist man stands among potting benches, facing the viewer, one hand on a terracotta pot. He has straight pale hair, freckled fair skin, a knitted wool cardigan over a cotton shirt, and small round glasses. Broad waxy monstera leaves crowd the left of the frame and fine ferns the right. A glass carafe half full of water sits on the bench in front of him, beside damp dark soil and a brass watering can. Behind him the greenhouse panes show a pale cyan to warm cream sky gradient, with condensation beading on the glass."
185,push,P02,2718281,Block_5=0.200,Block_5,0.200,Real Value,,,euler_ancestral,simple,9,1.0,1.0,1024,1280,P02_Block_5pos_0.200_krea2_seed2718281,P02_Block_5pos_0.200_krea2_seed2718281_00001_.png,7919c95fcf,"Western comics style, bold ink outlines, hatched shadows, medium wide shot, static centred composition, eye-level camera, subject centred and filling the middle third of the frame. A botanist man stands among potting benches, facing the viewer, one hand on a terracotta pot. He has straight pale hair, freckled fair skin, a knitted wool cardigan over a cotton shirt, and small round glasses. Broad waxy monstera leaves crowd the left of the frame and fine ferns the right. A glass carafe half full of water sits on the bench in front of him, beside damp dark soil and a brass watering can. Behind him the greenhouse panes show a pale cyan to warm cream sky gradient, with condensation beading on the glass."
186,push,P02,2718281,Block_5=0.350,Block_5,0.350,Real Value,,,euler_ancestral,simple,9,1.0,1.0,1024,1280,P02_Block_5pos_0.350_krea2_seed2718281,P02_Block_5pos_0.350_krea2_seed2718281_00001_.png,7919c95fcf,"Western comics style, bold ink outlines, hatched shadows, medium wide shot, static centred composition, eye-level camera, subject centred and filling the middle third of the frame. A botanist man stands among potting benches, facing the viewer, one hand on a terracotta pot. He has straight pale hair, freckled fair skin, a knitted wool cardigan over a cotton shirt, and small round glasses. Broad waxy monstera leaves crowd the left of the frame and fine ferns the right. A glass carafe half full of water sits on the bench in front of him, beside damp dark soil and a brass watering can. Behind him the greenhouse panes show a pale cyan to warm cream sky gradient, with condensation beading on the glass."
187,push,P02,2718281,Block_5=0.500,Block_5,0.500,Real Value,,,euler_ancestral,simple,9,1.0,1.0,1024,1280,P02_Block_5pos_0.500_krea2_seed2718281,P02_Block_5pos_0.500_krea2_seed2718281_00001_.png,7919c95fcf,"Western comics style, bold ink outlines, hatched shadows, medium wide shot, static centred composition, eye-level camera, subject centred and filling the middle third of the frame. A botanist man stands among potting benches, facing the viewer, one hand on a terracotta pot. He has straight pale hair, freckled fair skin, a knitted wool cardigan over a cotton shirt, and small round glasses. Broad waxy monstera leaves crowd the left of the frame and fine ferns the right. A glass carafe half full of water sits on the bench in front of him, beside damp dark soil and a brass watering can. Behind him the greenhouse panes show a pale cyan to warm cream sky gradient, with condensation beading on the glass."
188,push,P02,2718281,Block_5=-0.080,Block_5,-0.080,Real Value,,,euler_ancestral,simple,9,1.0,1.0,1024,1280,P02_Block_5neg_0.080_krea2_seed2718281,P02_Block_5neg_0.080_krea2_seed2718281_00001_.png,7919c95fcf,"Western comics style, bold ink outlines, hatched shadows, medium wide shot, static centred composition, eye-level camera, subject centred and filling the middle third of the frame. A botanist man stands among potting benches, facing the viewer, one hand on a terracotta pot. He has straight pale hair, freckled fair skin, a knitted wool cardigan over a cotton shirt, and small round glasses. Broad waxy monstera leaves crowd the left of the frame and fine ferns the right. A glass carafe half full of water sits on the bench in front of him, beside damp dark soil and a brass watering can. Behind him the greenhouse panes show a pale cyan to warm cream sky gradient, with condensation beading on the glass."
189,push,P02,2718281,Block_5=-0.200,Block_5,-0.200,Real Value,,,euler_ancestral,simple,9,1.0,1.0,1024,1280,P02_Block_5neg_0.200_krea2_seed2718281,P02_Block_5neg_0.200_krea2_seed2718281_00001_.png,7919c95fcf,"Western comics style, bold ink outlines, hatched shadows, medium wide shot, static centred composition, eye-level camera, subject centred and filling the middle third of the frame. A botanist man stands among potting benches, facing the viewer, one hand on a terracotta pot. He has straight pale hair, freckled fair skin, a knitted wool cardigan over a cotton shirt, and small round glasses. Broad waxy monstera leaves crowd the left of the frame and fine ferns the right. A glass carafe half full of water sits on the bench in front of him, beside damp dark soil and a brass watering can. Behind him the greenhouse panes show a pale cyan to warm cream sky gradient, with condensation beading on the glass."
190,push,P02,2718281,Block_5=-0.350,Block_5,-0.350,Real Value,,,euler_ancestral,simple,9,1.0,1.0,1024,1280,P02_Block_5neg_0.350_krea2_seed2718281,P02_Block_5neg_0.350_krea2_seed2718281_00001_.png,7919c95fcf,"Western comics style, bold ink outlines, hatched shadows, medium wide shot, static centred composition, eye-level camera, subject centred and filling the middle third of the frame. A botanist man stands among potting benches, facing the viewer, one hand on a terracotta pot. He has straight pale hair, freckled fair skin, a knitted wool cardigan over a cotton shirt, and small round glasses. Broad waxy monstera leaves crowd the left of the frame and fine ferns the right. A glass carafe half full of water sits on the bench in front of him, beside damp dark soil and a brass watering can. Behind him the greenhouse panes show a pale cyan to warm cream sky gradient, with condensation beading on the glass."
191,push,P02,2718281,Block_5=-0.500,Block_5,-0.500,Real Value,,,euler_ancestral,simple,9,1.0,1.0,1024,1280,P02_Block_5neg_0.500_krea2_seed2718281,P02_Block_5neg_0.500_krea2_seed2718281_00001_.png,7919c95fcf,"Western comics style, bold ink outlines, hatched shadows, medium wide shot, static centred composition, eye-level camera, subject centred and filling the middle third of the frame. A botanist man stands among potting benches, facing the viewer, one hand on a terracotta pot. He has straight pale hair, freckled fair skin, a knitted wool cardigan over a cotton shirt, and small round glasses. Broad waxy monstera leaves crowd the left of the frame and fine ferns the right. A glass carafe half full of water sits on the bench in front of him, beside damp dark soil and a brass watering can. Behind him the greenhouse panes show a pale cyan to warm cream sky gradient, with condensation beading on the glass."
192,push,P02,2718281,Block_6=0.080,Block_6,0.080,Real Value,,,euler_ancestral,simple,9,1.0,1.0,1024,1280,P02_Block_6pos_0.080_krea2_seed2718281,P02_Block_6pos_0.080_krea2_seed2718281_00001_.png,7919c95fcf,"Western comics style, bold ink outlines, hatched shadows, medium wide shot, static centred composition, eye-level camera, subject centred and filling the middle third of the frame. A botanist man stands among potting benches, facing the viewer, one hand on a terracotta pot. He has straight pale hair, freckled fair skin, a knitted wool cardigan over a cotton shirt, and small round glasses. Broad waxy monstera leaves crowd the left of the frame and fine ferns the right. A glass carafe half full of water sits on the bench in front of him, beside damp dark soil and a brass watering can. Behind him the greenhouse panes show a pale cyan to warm cream sky gradient, with condensation beading on the glass."
193,push,P02,2718281,Block_6=0.200,Block_6,0.200,Real Value,,,euler_ancestral,simple,9,1.0,1.0,1024,1280,P02_Block_6pos_0.200_krea2_seed2718281,P02_Block_6pos_0.200_krea2_seed2718281_00001_.png,7919c95fcf,"Western comics style, bold ink outlines, hatched shadows, medium wide shot, static centred composition, eye-level camera, subject centred and filling the middle third of the frame. A botanist man stands among potting benches, facing the viewer, one hand on a terracotta pot. He has straight pale hair, freckled fair skin, a knitted wool cardigan over a cotton shirt, and small round glasses. Broad waxy monstera leaves crowd the left of the frame and fine ferns the right. A glass carafe half full of water sits on the bench in front of him, beside damp dark soil and a brass watering can. Behind him the greenhouse panes show a pale cyan to warm cream sky gradient, with condensation beading on the glass."
194,push,P02,2718281,Block_6=0.350,Block_6,0.350,Real Value,,,euler_ancestral,simple,9,1.0,1.0,1024,1280,P02_Block_6pos_0.350_krea2_seed2718281,P02_Block_6pos_0.350_krea2_seed2718281_00001_.png,7919c95fcf,"Western comics style, bold ink outlines, hatched shadows, medium wide shot, static centred composition, eye-level camera, subject centred and filling the middle third of the frame. A botanist man stands among potting benches, facing the viewer, one hand on a terracotta pot. He has straight pale hair, freckled fair skin, a knitted wool cardigan over a cotton shirt, and small round glasses. Broad waxy monstera leaves crowd the left of the frame and fine ferns the right. A glass carafe half full of water sits on the bench in front of him, beside damp dark soil and a brass watering can. Behind him the greenhouse panes show a pale cyan to warm cream sky gradient, with condensation beading on the glass."
195,push,P02,2718281,Block_6=0.500,Block_6,0.500,Real Value,,,euler_ancestral,simple,9,1.0,1.0,1024,1280,P02_Block_6pos_0.500_krea2_seed2718281,P02_Block_6pos_0.500_krea2_seed2718281_00001_.png,7919c95fcf,"Western comics style, bold ink outlines, hatched shadows, medium wide shot, static centred composition, eye-level camera, subject centred and filling the middle third of the frame. A botanist man stands among potting benches, facing the viewer, one hand on a terracotta pot. He has straight pale hair, freckled fair skin, a knitted wool cardigan over a cotton shirt, and small round glasses. Broad waxy monstera leaves crowd the left of the frame and fine ferns the right. A glass carafe half full of water sits on the bench in front of him, beside damp dark soil and a brass watering can. Behind him the greenhouse panes show a pale cyan to warm cream sky gradient, with condensation beading on the glass."
196,push,P02,2718281,Block_6=-0.080,Block_6,-0.080,Real Value,,,euler_ancestral,simple,9,1.0,1.0,1024,1280,P02_Block_6neg_0.080_krea2_seed2718281,P02_Block_6neg_0.080_krea2_seed2718281_00001_.png,7919c95fcf,"Western comics style, bold ink outlines, hatched shadows, medium wide shot, static centred composition, eye-level camera, subject centred and filling the middle third of the frame. A botanist man stands among potting benches, facing the viewer, one hand on a terracotta pot. He has straight pale hair, freckled fair skin, a knitted wool cardigan over a cotton shirt, and small round glasses. Broad waxy monstera leaves crowd the left of the frame and fine ferns the right. A glass carafe half full of water sits on the bench in front of him, beside damp dark soil and a brass watering can. Behind him the greenhouse panes show a pale cyan to warm cream sky gradient, with condensation beading on the glass."
197,push,P02,2718281,Block_6=-0.200,Block_6,-0.200,Real Value,,,euler_ancestral,simple,9,1.0,1.0,1024,1280,P02_Block_6neg_0.200_krea2_seed2718281,P02_Block_6neg_0.200_krea2_seed2718281_00001_.png,7919c95fcf,"Western comics style, bold ink outlines, hatched shadows, medium wide shot, static centred composition, eye-level camera, subject centred and filling the middle third of the frame. A botanist man stands among potting benches, facing the viewer, one hand on a terracotta pot. He has straight pale hair, freckled fair skin, a knitted wool cardigan over a cotton shirt, and small round glasses. Broad waxy monstera leaves crowd the left of the frame and fine ferns the right. A glass carafe half full of water sits on the bench in front of him, beside damp dark soil and a brass watering can. Behind him the greenhouse panes show a pale cyan to warm cream sky gradient, with condensation beading on the glass."
198,push,P02,2718281,Block_6=-0.350,Block_6,-0.350,Real Value,,,euler_ancestral,simple,9,1.0,1.0,1024,1280,P02_Block_6neg_0.350_krea2_seed2718281,P02_Block_6neg_0.350_krea2_seed2718281_00001_.png,7919c95fcf,"Western comics style, bold ink outlines, hatched shadows, medium wide shot, static centred composition, eye-level camera, subject centred and filling the middle third of the frame. A botanist man stands among potting benches, facing the viewer, one hand on a terracotta pot. He has straight pale hair, freckled fair skin, a knitted wool cardigan over a cotton shirt, and small round glasses. Broad waxy monstera leaves crowd the left of the frame and fine ferns the right. A glass carafe half full of water sits on the bench in front of him, beside damp dark soil and a brass watering can. Behind him the greenhouse panes show a pale cyan to warm cream sky gradient, with condensation beading on the glass."
199,push,P02,2718281,Block_6=-0.500,Block_6,-0.500,Real Value,,,euler_ancestral,simple,9,1.0,1.0,1024,1280,P02_Block_6neg_0.500_krea2_seed2718281,P02_Block_6neg_0.500_krea2_seed2718281_00001_.png,7919c95fcf,"Western comics style, bold ink outlines, hatched shadows, medium wide shot, static centred composition, eye-level camera, subject centred and filling the middle third of the frame. A botanist man stands among potting benches, facing the viewer, one hand on a terracotta pot. He has straight pale hair, freckled fair skin, a knitted wool cardigan over a cotton shirt, and small round glasses. Broad waxy monstera leaves crowd the left of the frame and fine ferns the right. A glass carafe half full of water sits on the bench in front of him, beside damp dark soil and a brass watering can. Behind him the greenhouse panes show a pale cyan to warm cream sky gradient, with condensation beading on the glass."
200,push,P02,3141592,Block_1=0.080,Block_1,0.080,Real Value,,,euler_ancestral,simple,9,1.0,1.0,1024,1280,P02_Block_1pos_0.080_krea2_seed3141592,P02_Block_1pos_0.080_krea2_seed3141592_00001_.png,7919c95fcf,"Western comics style, bold ink outlines, hatched shadows, medium wide shot, static centred composition, eye-level camera, subject centred and filling the middle third of the frame. A botanist man stands among potting benches, facing the viewer, one hand on a terracotta pot. He has straight pale hair, freckled fair skin, a knitted wool cardigan over a cotton shirt, and small round glasses. Broad waxy monstera leaves crowd the left of the frame and fine ferns the right. A glass carafe half full of water sits on the bench in front of him, beside damp dark soil and a brass watering can. Behind him the greenhouse panes show a pale cyan to warm cream sky gradient, with condensation beading on the glass."
201,push,P02,3141592,Block_1=0.200,Block_1,0.200,Real Value,,,euler_ancestral,simple,9,1.0,1.0,1024,1280,P02_Block_1pos_0.200_krea2_seed3141592,P02_Block_1pos_0.200_krea2_seed3141592_00001_.png,7919c95fcf,"Western comics style, bold ink outlines, hatched shadows, medium wide shot, static centred composition, eye-level camera, subject centred and filling the middle third of the frame. A botanist man stands among potting benches, facing the viewer, one hand on a terracotta pot. He has straight pale hair, freckled fair skin, a knitted wool cardigan over a cotton shirt, and small round glasses. Broad waxy monstera leaves crowd the left of the frame and fine ferns the right. A glass carafe half full of water sits on the bench in front of him, beside damp dark soil and a brass watering can. Behind him the greenhouse panes show a pale cyan to warm cream sky gradient, with condensation beading on the glass."
202,push,P02,3141592,Block_1=0.350,Block_1,0.350,Real Value,,,euler_ancestral,simple,9,1.0,1.0,1024,1280,P02_Block_1pos_0.350_krea2_seed3141592,P02_Block_1pos_0.350_krea2_seed3141592_00001_.png,7919c95fcf,"Western comics style, bold ink outlines, hatched shadows, medium wide shot, static centred composition, eye-level camera, subject centred and filling the middle third of the frame. A botanist man stands among potting benches, facing the viewer, one hand on a terracotta pot. He has straight pale hair, freckled fair skin, a knitted wool cardigan over a cotton shirt, and small round glasses. Broad waxy monstera leaves crowd the left of the frame and fine ferns the right. A glass carafe half full of water sits on the bench in front of him, beside damp dark soil and a brass watering can. Behind him the greenhouse panes show a pale cyan to warm cream sky gradient, with condensation beading on the glass."
203,push,P02,3141592,Block_1=0.500,Block_1,0.500,Real Value,,,euler_ancestral,simple,9,1.0,1.0,1024,1280,P02_Block_1pos_0.500_krea2_seed3141592,P02_Block_1pos_0.500_krea2_seed3141592_00001_.png,7919c95fcf,"Western comics style, bold ink outlines, hatched shadows, medium wide shot, static centred composition, eye-level camera, subject centred and filling the middle third of the frame. A botanist man stands among potting benches, facing the viewer, one hand on a terracotta pot. He has straight pale hair, freckled fair skin, a knitted wool cardigan over a cotton shirt, and small round glasses. Broad waxy monstera leaves crowd the left of the frame and fine ferns the right. A glass carafe half full of water sits on the bench in front of him, beside damp dark soil and a brass watering can. Behind him the greenhouse panes show a pale cyan to warm cream sky gradient, with condensation beading on the glass."
204,push,P02,3141592,Block_1=-0.080,Block_1,-0.080,Real Value,,,euler_ancestral,simple,9,1.0,1.0,1024,1280,P02_Block_1neg_0.080_krea2_seed3141592,P02_Block_1neg_0.080_krea2_seed3141592_00001_.png,7919c95fcf,"Western comics style, bold ink outlines, hatched shadows, medium wide shot, static centred composition, eye-level camera, subject centred and filling the middle third of the frame. A botanist man stands among potting benches, facing the viewer, one hand on a terracotta pot. He has straight pale hair, freckled fair skin, a knitted wool cardigan over a cotton shirt, and small round glasses. Broad waxy monstera leaves crowd the left of the frame and fine ferns the right. A glass carafe half full of water sits on the bench in front of him, beside damp dark soil and a brass watering can. Behind him the greenhouse panes show a pale cyan to warm cream sky gradient, with condensation beading on the glass."
205,push,P02,3141592,Block_1=-0.200,Block_1,-0.200,Real Value,,,euler_ancestral,simple,9,1.0,1.0,1024,1280,P02_Block_1neg_0.200_krea2_seed3141592,P02_Block_1neg_0.200_krea2_seed3141592_00001_.png,7919c95fcf,"Western comics style, bold ink outlines, hatched shadows, medium wide shot, static centred composition, eye-level camera, subject centred and filling the middle third of the frame. A botanist man stands among potting benches, facing the viewer, one hand on a terracotta pot. He has straight pale hair, freckled fair skin, a knitted wool cardigan over a cotton shirt, and small round glasses. Broad waxy monstera leaves crowd the left of the frame and fine ferns the right. A glass carafe half full of water sits on the bench in front of him, beside damp dark soil and a brass watering can. Behind him the greenhouse panes show a pale cyan to warm cream sky gradient, with condensation beading on the glass."
206,push,P02,3141592,Block_1=-0.350,Block_1,-0.350,Real Value,,,euler_ancestral,simple,9,1.0,1.0,1024,1280,P02_Block_1neg_0.350_krea2_seed3141592,P02_Block_1neg_0.350_krea2_seed3141592_00001_.png,7919c95fcf,"Western comics style, bold ink outlines, hatched shadows, medium wide shot, static centred composition, eye-level camera, subject centred and filling the middle third of the frame. A botanist man stands among potting benches, facing the viewer, one hand on a terracotta pot. He has straight pale hair, freckled fair skin, a knitted wool cardigan over a cotton shirt, and small round glasses. Broad waxy monstera leaves crowd the left of the frame and fine ferns the right. A glass carafe half full of water sits on the bench in front of him, beside damp dark soil and a brass watering can. Behind him the greenhouse panes show a pale cyan to warm cream sky gradient, with condensation beading on the glass."
207,push,P02,3141592,Block_1=-0.500,Block_1,-0.500,Real Value,,,euler_ancestral,simple,9,1.0,1.0,1024,1280,P02_Block_1neg_0.500_krea2_seed3141592,P02_Block_1neg_0.500_krea2_seed3141592_00001_.png,7919c95fcf,"Western comics style, bold ink outlines, hatched shadows, medium wide shot, static centred composition, eye-level camera, subject centred and filling the middle third of the frame. A botanist man stands among potting benches, facing the viewer, one hand on a terracotta pot. He has straight pale hair, freckled fair skin, a knitted wool cardigan over a cotton shirt, and small round glasses. Broad waxy monstera leaves crowd the left of the frame and fine ferns the right. A glass carafe half full of water sits on the bench in front of him, beside damp dark soil and a brass watering can. Behind him the greenhouse panes show a pale cyan to warm cream sky gradient, with condensation beading on the glass."
208,push,P02,3141592,Block_2=0.080,Block_2,0.080,Real Value,,,euler_ancestral,simple,9,1.0,1.0,1024,1280,P02_Block_2pos_0.080_krea2_seed3141592,P02_Block_2pos_0.080_krea2_seed3141592_00001_.png,7919c95fcf,"Western comics style, bold ink outlines, hatched shadows, medium wide shot, static centred composition, eye-level camera, subject centred and filling the middle third of the frame. A botanist man stands among potting benches, facing the viewer, one hand on a terracotta pot. He has straight pale hair, freckled fair skin, a knitted wool cardigan over a cotton shirt, and small round glasses. Broad waxy monstera leaves crowd the left of the frame and fine ferns the right. A glass carafe half full of water sits on the bench in front of him, beside damp dark soil and a brass watering can. Behind him the greenhouse panes show a pale cyan to warm cream sky gradient, with condensation beading on the glass."
209,push,P02,3141592,Block_2=0.200,Block_2,0.200,Real Value,,,euler_ancestral,simple,9,1.0,1.0,1024,1280,P02_Block_2pos_0.200_krea2_seed3141592,P02_Block_2pos_0.200_krea2_seed3141592_00001_.png,7919c95fcf,"Western comics style, bold ink outlines, hatched shadows, medium wide shot, static centred composition, eye-level camera, subject centred and filling the middle third of the frame. A botanist man stands among potting benches, facing the viewer, one hand on a terracotta pot. He has straight pale hair, freckled fair skin, a knitted wool cardigan over a cotton shirt, and small round glasses. Broad waxy monstera leaves crowd the left of the frame and fine ferns the right. A glass carafe half full of water sits on the bench in front of him, beside damp dark soil and a brass watering can. Behind him the greenhouse panes show a pale cyan to warm cream sky gradient, with condensation beading on the glass."
210,push,P02,3141592,Block_2=0.350,Block_2,0.350,Real Value,,,euler_ancestral,simple,9,1.0,1.0,1024,1280,P02_Block_2pos_0.350_krea2_seed3141592,P02_Block_2pos_0.350_krea2_seed3141592_00001_.png,7919c95fcf,"Western comics style, bold ink outlines, hatched shadows, medium wide shot, static centred composition, eye-level camera, subject centred and filling the middle third of the frame. A botanist man stands among potting benches, facing the viewer, one hand on a terracotta pot. He has straight pale hair, freckled fair skin, a knitted wool cardigan over a cotton shirt, and small round glasses. Broad waxy monstera leaves crowd the left of the frame and fine ferns the right. A glass carafe half full of water sits on the bench in front of him, beside damp dark soil and a brass watering can. Behind him the greenhouse panes show a pale cyan to warm cream sky gradient, with condensation beading on the glass."
211,push,P02,3141592,Block_2=0.500,Block_2,0.500,Real Value,,,euler_ancestral,simple,9,1.0,1.0,1024,1280,P02_Block_2pos_0.500_krea2_seed3141592,P02_Block_2pos_0.500_krea2_seed3141592_00001_.png,7919c95fcf,"Western comics style, bold ink outlines, hatched shadows, medium wide shot, static centred composition, eye-level camera, subject centred and filling the middle third of the frame. A botanist man stands among potting benches, facing the viewer, one hand on a terracotta pot. He has straight pale hair, freckled fair skin, a knitted wool cardigan over a cotton shirt, and small round glasses. Broad waxy monstera leaves crowd the left of the frame and fine ferns the right. A glass carafe half full of water sits on the bench in front of him, beside damp dark soil and a brass watering can. Behind him the greenhouse panes show a pale cyan to warm cream sky gradient, with condensation beading on the glass."
212,push,P02,3141592,Block_2=-0.080,Block_2,-0.080,Real Value,,,euler_ancestral,simple,9,1.0,1.0,1024,1280,P02_Block_2neg_0.080_krea2_seed3141592,P02_Block_2neg_0.080_krea2_seed3141592_00001_.png,7919c95fcf,"Western comics style, bold ink outlines, hatched shadows, medium wide shot, static centred composition, eye-level camera, subject centred and filling the middle third of the frame. A botanist man stands among potting benches, facing the viewer, one hand on a terracotta pot. He has straight pale hair, freckled fair skin, a knitted wool cardigan over a cotton shirt, and small round glasses. Broad waxy monstera leaves crowd the left of the frame and fine ferns the right. A glass carafe half full of water sits on the bench in front of him, beside damp dark soil and a brass watering can. Behind him the greenhouse panes show a pale cyan to warm cream sky gradient, with condensation beading on the glass."
213,push,P02,3141592,Block_2=-0.200,Block_2,-0.200,Real Value,,,euler_ancestral,simple,9,1.0,1.0,1024,1280,P02_Block_2neg_0.200_krea2_seed3141592,P02_Block_2neg_0.200_krea2_seed3141592_00001_.png,7919c95fcf,"Western comics style, bold ink outlines, hatched shadows, medium wide shot, static centred composition, eye-level camera, subject centred and filling the middle third of the frame. A botanist man stands among potting benches, facing the viewer, one hand on a terracotta pot. He has straight pale hair, freckled fair skin, a knitted wool cardigan over a cotton shirt, and small round glasses. Broad waxy monstera leaves crowd the left of the frame and fine ferns the right. A glass carafe half full of water sits on the bench in front of him, beside damp dark soil and a brass watering can. Behind him the greenhouse panes show a pale cyan to warm cream sky gradient, with condensation beading on the glass."
214,push,P02,3141592,Block_2=-0.350,Block_2,-0.350,Real Value,,,euler_ancestral,simple,9,1.0,1.0,1024,1280,P02_Block_2neg_0.350_krea2_seed3141592,P02_Block_2neg_0.350_krea2_seed3141592_00001_.png,7919c95fcf,"Western comics style, bold ink outlines, hatched shadows, medium wide shot, static centred composition, eye-level camera, subject centred and filling the middle third of the frame. A botanist man stands among potting benches, facing the viewer, one hand on a terracotta pot. He has straight pale hair, freckled fair skin, a knitted wool cardigan over a cotton shirt, and small round glasses. Broad waxy monstera leaves crowd the left of the frame and fine ferns the right. A glass carafe half full of water sits on the bench in front of him, beside damp dark soil and a brass watering can. Behind him the greenhouse panes show a pale cyan to warm cream sky gradient, with condensation beading on the glass."
215,push,P02,3141592,Block_2=-0.500,Block_2,-0.500,Real Value,,,euler_ancestral,simple,9,1.0,1.0,1024,1280,P02_Block_2neg_0.500_krea2_seed3141592,P02_Block_2neg_0.500_krea2_seed3141592_00001_.png,7919c95fcf,"Western comics style, bold ink outlines, hatched shadows, medium wide shot, static centred composition, eye-level camera, subject centred and filling the middle third of the frame. A botanist man stands among potting benches, facing the viewer, one hand on a terracotta pot. He has straight pale hair, freckled fair skin, a knitted wool cardigan over a cotton shirt, and small round glasses. Broad waxy monstera leaves crowd the left of the frame and fine ferns the right. A glass carafe half full of water sits on the bench in front of him, beside damp dark soil and a brass watering can. Behind him the greenhouse panes show a pale cyan to warm cream sky gradient, with condensation beading on the glass."
216,push,P02,3141592,Block_3=0.080,Block_3,0.080,Real Value,,,euler_ancestral,simple,9,1.0,1.0,1024,1280,P02_Block_3pos_0.080_krea2_seed3141592,P02_Block_3pos_0.080_krea2_seed3141592_00001_.png,7919c95fcf,"Western comics style, bold ink outlines, hatched shadows, medium wide shot, static centred composition, eye-level camera, subject centred and filling the middle third of the frame. A botanist man stands among potting benches, facing the viewer, one hand on a terracotta pot. He has straight pale hair, freckled fair skin, a knitted wool cardigan over a cotton shirt, and small round glasses. Broad waxy monstera leaves crowd the left of the frame and fine ferns the right. A glass carafe half full of water sits on the bench in front of him, beside damp dark soil and a brass watering can. Behind him the greenhouse panes show a pale cyan to warm cream sky gradient, with condensation beading on the glass."
217,push,P02,3141592,Block_3=0.200,Block_3,0.200,Real Value,,,euler_ancestral,simple,9,1.0,1.0,1024,1280,P02_Block_3pos_0.200_krea2_seed3141592,P02_Block_3pos_0.200_krea2_seed3141592_00001_.png,7919c95fcf,"Western comics style, bold ink outlines, hatched shadows, medium wide shot, static centred composition, eye-level camera, subject centred and filling the middle third of the frame. A botanist man stands among potting benches, facing the viewer, one hand on a terracotta pot. He has straight pale hair, freckled fair skin, a knitted wool cardigan over a cotton shirt, and small round glasses. Broad waxy monstera leaves crowd the left of the frame and fine ferns the right. A glass carafe half full of water sits on the bench in front of him, beside damp dark soil and a brass watering can. Behind him the greenhouse panes show a pale cyan to warm cream sky gradient, with condensation beading on the glass."
218,push,P02,3141592,Block_3=0.350,Block_3,0.350,Real Value,,,euler_ancestral,simple,9,1.0,1.0,1024,1280,P02_Block_3pos_0.350_krea2_seed3141592,P02_Block_3pos_0.350_krea2_seed3141592_00001_.png,7919c95fcf,"Western comics style, bold ink outlines, hatched shadows, medium wide shot, static centred composition, eye-level camera, subject centred and filling the middle third of the frame. A botanist man stands among potting benches, facing the viewer, one hand on a terracotta pot. He has straight pale hair, freckled fair skin, a knitted wool cardigan over a cotton shirt, and small round glasses. Broad waxy monstera leaves crowd the left of the frame and fine ferns the right. A glass carafe half full of water sits on the bench in front of him, beside damp dark soil and a brass watering can. Behind him the greenhouse panes show a pale cyan to warm cream sky gradient, with condensation beading on the glass."
219,push,P02,3141592,Block_3=0.500,Block_3,0.500,Real Value,,,euler_ancestral,simple,9,1.0,1.0,1024,1280,P02_Block_3pos_0.500_krea2_seed3141592,P02_Block_3pos_0.500_krea2_seed3141592_00001_.png,7919c95fcf,"Western comics style, bold ink outlines, hatched shadows, medium wide shot, static centred composition, eye-level camera, subject centred and filling the middle third of the frame. A botanist man stands among potting benches, facing the viewer, one hand on a terracotta pot. He has straight pale hair, freckled fair skin, a knitted wool cardigan over a cotton shirt, and small round glasses. Broad waxy monstera leaves crowd the left of the frame and fine ferns the right. A glass carafe half full of water sits on the bench in front of him, beside damp dark soil and a brass watering can. Behind him the greenhouse panes show a pale cyan to warm cream sky gradient, with condensation beading on the glass."
220,push,P02,3141592,Block_3=-0.080,Block_3,-0.080,Real Value,,,euler_ancestral,simple,9,1.0,1.0,1024,1280,P02_Block_3neg_0.080_krea2_seed3141592,P02_Block_3neg_0.080_krea2_seed3141592_00001_.png,7919c95fcf,"Western comics style, bold ink outlines, hatched shadows, medium wide shot, static centred composition, eye-level camera, subject centred and filling the middle third of the frame. A botanist man stands among potting benches, facing the viewer, one hand on a terracotta pot. He has straight pale hair, freckled fair skin, a knitted wool cardigan over a cotton shirt, and small round glasses. Broad waxy monstera leaves crowd the left of the frame and fine ferns the right. A glass carafe half full of water sits on the bench in front of him, beside damp dark soil and a brass watering can. Behind him the greenhouse panes show a pale cyan to warm cream sky gradient, with condensation beading on the glass."
221,push,P02,3141592,Block_3=-0.200,Block_3,-0.200,Real Value,,,euler_ancestral,simple,9,1.0,1.0,1024,1280,P02_Block_3neg_0.200_krea2_seed3141592,P02_Block_3neg_0.200_krea2_seed3141592_00001_.png,7919c95fcf,"Western comics style, bold ink outlines, hatched shadows, medium wide shot, static centred composition, eye-level camera, subject centred and filling the middle third of the frame. A botanist man stands among potting benches, facing the viewer, one hand on a terracotta pot. He has straight pale hair, freckled fair skin, a knitted wool cardigan over a cotton shirt, and small round glasses. Broad waxy monstera leaves crowd the left of the frame and fine ferns the right. A glass carafe half full of water sits on the bench in front of him, beside damp dark soil and a brass watering can. Behind him the greenhouse panes show a pale cyan to warm cream sky gradient, with condensation beading on the glass."
222,push,P02,3141592,Block_3=-0.350,Block_3,-0.350,Real Value,,,euler_ancestral,simple,9,1.0,1.0,1024,1280,P02_Block_3neg_0.350_krea2_seed3141592,P02_Block_3neg_0.350_krea2_seed3141592_00001_.png,7919c95fcf,"Western comics style, bold ink outlines, hatched shadows, medium wide shot, static centred composition, eye-level camera, subject centred and filling the middle third of the frame. A botanist man stands among potting benches, facing the viewer, one hand on a terracotta pot. He has straight pale hair, freckled fair skin, a knitted wool cardigan over a cotton shirt, and small round glasses. Broad waxy monstera leaves crowd the left of the frame and fine ferns the right. A glass carafe half full of water sits on the bench in front of him, beside damp dark soil and a brass watering can. Behind him the greenhouse panes show a pale cyan to warm cream sky gradient, with condensation beading on the glass."
223,push,P02,3141592,Block_3=-0.500,Block_3,-0.500,Real Value,,,euler_ancestral,simple,9,1.0,1.0,1024,1280,P02_Block_3neg_0.500_krea2_seed3141592,P02_Block_3neg_0.500_krea2_seed3141592_00001_.png,7919c95fcf,"Western comics style, bold ink outlines, hatched shadows, medium wide shot, static centred composition, eye-level camera, subject centred and filling the middle third of the frame. A botanist man stands among potting benches, facing the viewer, one hand on a terracotta pot. He has straight pale hair, freckled fair skin, a knitted wool cardigan over a cotton shirt, and small round glasses. Broad waxy monstera leaves crowd the left of the frame and fine ferns the right. A glass carafe half full of water sits on the bench in front of him, beside damp dark soil and a brass watering can. Behind him the greenhouse panes show a pale cyan to warm cream sky gradient, with condensation beading on the glass."
224,push,P02,3141592,Block_4=0.080,Block_4,0.080,Real Value,,,euler_ancestral,simple,9,1.0,1.0,1024,1280,P02_Block_4pos_0.080_krea2_seed3141592,P02_Block_4pos_0.080_krea2_seed3141592_00001_.png,7919c95fcf,"Western comics style, bold ink outlines, hatched shadows, medium wide shot, static centred composition, eye-level camera, subject centred and filling the middle third of the frame. A botanist man stands among potting benches, facing the viewer, one hand on a terracotta pot. He has straight pale hair, freckled fair skin, a knitted wool cardigan over a cotton shirt, and small round glasses. Broad waxy monstera leaves crowd the left of the frame and fine ferns the right. A glass carafe half full of water sits on the bench in front of him, beside damp dark soil and a brass watering can. Behind him the greenhouse panes show a pale cyan to warm cream sky gradient, with condensation beading on the glass."
225,push,P02,3141592,Block_4=0.200,Block_4,0.200,Real Value,,,euler_ancestral,simple,9,1.0,1.0,1024,1280,P02_Block_4pos_0.200_krea2_seed3141592,P02_Block_4pos_0.200_krea2_seed3141592_00001_.png,7919c95fcf,"Western comics style, bold ink outlines, hatched shadows, medium wide shot, static centred composition, eye-level camera, subject centred and filling the middle third of the frame. A botanist man stands among potting benches, facing the viewer, one hand on a terracotta pot. He has straight pale hair, freckled fair skin, a knitted wool cardigan over a cotton shirt, and small round glasses. Broad waxy monstera leaves crowd the left of the frame and fine ferns the right. A glass carafe half full of water sits on the bench in front of him, beside damp dark soil and a brass watering can. Behind him the greenhouse panes show a pale cyan to warm cream sky gradient, with condensation beading on the glass."
226,push,P02,3141592,Block_4=0.350,Block_4,0.350,Real Value,,,euler_ancestral,simple,9,1.0,1.0,1024,1280,P02_Block_4pos_0.350_krea2_seed3141592,P02_Block_4pos_0.350_krea2_seed3141592_00001_.png,7919c95fcf,"Western comics style, bold ink outlines, hatched shadows, medium wide shot, static centred composition, eye-level camera, subject centred and filling the middle third of the frame. A botanist man stands among potting benches, facing the viewer, one hand on a terracotta pot. He has straight pale hair, freckled fair skin, a knitted wool cardigan over a cotton shirt, and small round glasses. Broad waxy monstera leaves crowd the left of the frame and fine ferns the right. A glass carafe half full of water sits on the bench in front of him, beside damp dark soil and a brass watering can. Behind him the greenhouse panes show a pale cyan to warm cream sky gradient, with condensation beading on the glass."
227,push,P02,3141592,Block_4=0.500,Block_4,0.500,Real Value,,,euler_ancestral,simple,9,1.0,1.0,1024,1280,P02_Block_4pos_0.500_krea2_seed3141592,P02_Block_4pos_0.500_krea2_seed3141592_00001_.png,7919c95fcf,"Western comics style, bold ink outlines, hatched shadows, medium wide shot, static centred composition, eye-level camera, subject centred and filling the middle third of the frame. A botanist man stands among potting benches, facing the viewer, one hand on a terracotta pot. He has straight pale hair, freckled fair skin, a knitted wool cardigan over a cotton shirt, and small round glasses. Broad waxy monstera leaves crowd the left of the frame and fine ferns the right. A glass carafe half full of water sits on the bench in front of him, beside damp dark soil and a brass watering can. Behind him the greenhouse panes show a pale cyan to warm cream sky gradient, with condensation beading on the glass."
228,push,P02,3141592,Block_4=-0.080,Block_4,-0.080,Real Value,,,euler_ancestral,simple,9,1.0,1.0,1024,1280,P02_Block_4neg_0.080_krea2_seed3141592,P02_Block_4neg_0.080_krea2_seed3141592_00001_.png,7919c95fcf,"Western comics style, bold ink outlines, hatched shadows, medium wide shot, static centred composition, eye-level camera, subject centred and filling the middle third of the frame. A botanist man stands among potting benches, facing the viewer, one hand on a terracotta pot. He has straight pale hair, freckled fair skin, a knitted wool cardigan over a cotton shirt, and small round glasses. Broad waxy monstera leaves crowd the left of the frame and fine ferns the right. A glass carafe half full of water sits on the bench in front of him, beside damp dark soil and a brass watering can. Behind him the greenhouse panes show a pale cyan to warm cream sky gradient, with condensation beading on the glass."
229,push,P02,3141592,Block_4=-0.200,Block_4,-0.200,Real Value,,,euler_ancestral,simple,9,1.0,1.0,1024,1280,P02_Block_4neg_0.200_krea2_seed3141592,P02_Block_4neg_0.200_krea2_seed3141592_00001_.png,7919c95fcf,"Western comics style, bold ink outlines, hatched shadows, medium wide shot, static centred composition, eye-level camera, subject centred and filling the middle third of the frame. A botanist man stands among potting benches, facing the viewer, one hand on a terracotta pot. He has straight pale hair, freckled fair skin, a knitted wool cardigan over a cotton shirt, and small round glasses. Broad waxy monstera leaves crowd the left of the frame and fine ferns the right. A glass carafe half full of water sits on the bench in front of him, beside damp dark soil and a brass watering can. Behind him the greenhouse panes show a pale cyan to warm cream sky gradient, with condensation beading on the glass."
230,push,P02,3141592,Block_4=-0.350,Block_4,-0.350,Real Value,,,euler_ancestral,simple,9,1.0,1.0,1024,1280,P02_Block_4neg_0.350_krea2_seed3141592,P02_Block_4neg_0.350_krea2_seed3141592_00001_.png,7919c95fcf,"Western comics style, bold ink outlines, hatched shadows, medium wide shot, static centred composition, eye-level camera, subject centred and filling the middle third of the frame. A botanist man stands among potting benches, facing the viewer, one hand on a terracotta pot. He has straight pale hair, freckled fair skin, a knitted wool cardigan over a cotton shirt, and small round glasses. Broad waxy monstera leaves crowd the left of the frame and fine ferns the right. A glass carafe half full of water sits on the bench in front of him, beside damp dark soil and a brass watering can. Behind him the greenhouse panes show a pale cyan to warm cream sky gradient, with condensation beading on the glass."
231,push,P02,3141592,Block_4=-0.500,Block_4,-0.500,Real Value,,,euler_ancestral,simple,9,1.0,1.0,1024,1280,P02_Block_4neg_0.500_krea2_seed3141592,P02_Block_4neg_0.500_krea2_seed3141592_00001_.png,7919c95fcf,"Western comics style, bold ink outlines, hatched shadows, medium wide shot, static centred composition, eye-level camera, subject centred and filling the middle third of the frame. A botanist man stands among potting benches, facing the viewer, one hand on a terracotta pot. He has straight pale hair, freckled fair skin, a knitted wool cardigan over a cotton shirt, and small round glasses. Broad waxy monstera leaves crowd the left of the frame and fine ferns the right. A glass carafe half full of water sits on the bench in front of him, beside damp dark soil and a brass watering can. Behind him the greenhouse panes show a pale cyan to warm cream sky gradient, with condensation beading on the glass."
232,push,P02,3141592,Block_5=0.080,Block_5,0.080,Real Value,,,euler_ancestral,simple,9,1.0,1.0,1024,1280,P02_Block_5pos_0.080_krea2_seed3141592,P02_Block_5pos_0.080_krea2_seed3141592_00001_.png,7919c95fcf,"Western comics style, bold ink outlines, hatched shadows, medium wide shot, static centred composition, eye-level camera, subject centred and filling the middle third of the frame. A botanist man stands among potting benches, facing the viewer, one hand on a terracotta pot. He has straight pale hair, freckled fair skin, a knitted wool cardigan over a cotton shirt, and small round glasses. Broad waxy monstera leaves crowd the left of the frame and fine ferns the right. A glass carafe half full of water sits on the bench in front of him, beside damp dark soil and a brass watering can. Behind him the greenhouse panes show a pale cyan to warm cream sky gradient, with condensation beading on the glass."
233,push,P02,3141592,Block_5=0.200,Block_5,0.200,Real Value,,,euler_ancestral,simple,9,1.0,1.0,1024,1280,P02_Block_5pos_0.200_krea2_seed3141592,P02_Block_5pos_0.200_krea2_seed3141592_00001_.png,7919c95fcf,"Western comics style, bold ink outlines, hatched shadows, medium wide shot, static centred composition, eye-level camera, subject centred and filling the middle third of the frame. A botanist man stands among potting benches, facing the viewer, one hand on a terracotta pot. He has straight pale hair, freckled fair skin, a knitted wool cardigan over a cotton shirt, and small round glasses. Broad waxy monstera leaves crowd the left of the frame and fine ferns the right. A glass carafe half full of water sits on the bench in front of him, beside damp dark soil and a brass watering can. Behind him the greenhouse panes show a pale cyan to warm cream sky gradient, with condensation beading on the glass."
234,push,P02,3141592,Block_5=0.350,Block_5,0.350,Real Value,,,euler_ancestral,simple,9,1.0,1.0,1024,1280,P02_Block_5pos_0.350_krea2_seed3141592,P02_Block_5pos_0.350_krea2_seed3141592_00001_.png,7919c95fcf,"Western comics style, bold ink outlines, hatched shadows, medium wide shot, static centred composition, eye-level camera, subject centred and filling the middle third of the frame. A botanist man stands among potting benches, facing the viewer, one hand on a terracotta pot. He has straight pale hair, freckled fair skin, a knitted wool cardigan over a cotton shirt, and small round glasses. Broad waxy monstera leaves crowd the left of the frame and fine ferns the right. A glass carafe half full of water sits on the bench in front of him, beside damp dark soil and a brass watering can. Behind him the greenhouse panes show a pale cyan to warm cream sky gradient, with condensation beading on the glass."
235,push,P02,3141592,Block_5=0.500,Block_5,0.500,Real Value,,,euler_ancestral,simple,9,1.0,1.0,1024,1280,P02_Block_5pos_0.500_krea2_seed3141592,P02_Block_5pos_0.500_krea2_seed3141592_00001_.png,7919c95fcf,"Western comics style, bold ink outlines, hatched shadows, medium wide shot, static centred composition, eye-level camera, subject centred and filling the middle third of the frame. A botanist man stands among potting benches, facing the viewer, one hand on a terracotta pot. He has straight pale hair, freckled fair skin, a knitted wool cardigan over a cotton shirt, and small round glasses. Broad waxy monstera leaves crowd the left of the frame and fine ferns the right. A glass carafe half full of water sits on the bench in front of him, beside damp dark soil and a brass watering can. Behind him the greenhouse panes show a pale cyan to warm cream sky gradient, with condensation beading on the glass."
236,push,P02,3141592,Block_5=-0.080,Block_5,-0.080,Real Value,,,euler_ancestral,simple,9,1.0,1.0,1024,1280,P02_Block_5neg_0.080_krea2_seed3141592,P02_Block_5neg_0.080_krea2_seed3141592_00001_.png,7919c95fcf,"Western comics style, bold ink outlines, hatched shadows, medium wide shot, static centred composition, eye-level camera, subject centred and filling the middle third of the frame. A botanist man stands among potting benches, facing the viewer, one hand on a terracotta pot. He has straight pale hair, freckled fair skin, a knitted wool cardigan over a cotton shirt, and small round glasses. Broad waxy monstera leaves crowd the left of the frame and fine ferns the right. A glass carafe half full of water sits on the bench in front of him, beside damp dark soil and a brass watering can. Behind him the greenhouse panes show a pale cyan to warm cream sky gradient, with condensation beading on the glass."
237,push,P02,3141592,Block_5=-0.200,Block_5,-0.200,Real Value,,,euler_ancestral,simple,9,1.0,1.0,1024,1280,P02_Block_5neg_0.200_krea2_seed3141592,P02_Block_5neg_0.200_krea2_seed3141592_00001_.png,7919c95fcf,"Western comics style, bold ink outlines, hatched shadows, medium wide shot, static centred composition, eye-level camera, subject centred and filling the middle third of the frame. A botanist man stands among potting benches, facing the viewer, one hand on a terracotta pot. He has straight pale hair, freckled fair skin, a knitted wool cardigan over a cotton shirt, and small round glasses. Broad waxy monstera leaves crowd the left of the frame and fine ferns the right. A glass carafe half full of water sits on the bench in front of him, beside damp dark soil and a brass watering can. Behind him the greenhouse panes show a pale cyan to warm cream sky gradient, with condensation beading on the glass."
238,push,P02,3141592,Block_5=-0.350,Block_5,-0.350,Real Value,,,euler_ancestral,simple,9,1.0,1.0,1024,1280,P02_Block_5neg_0.350_krea2_seed3141592,P02_Block_5neg_0.350_krea2_seed3141592_00001_.png,7919c95fcf,"Western comics style, bold ink outlines, hatched shadows, medium wide shot, static centred composition, eye-level camera, subject centred and filling the middle third of the frame. A botanist man stands among potting benches, facing the viewer, one hand on a terracotta pot. He has straight pale hair, freckled fair skin, a knitted wool cardigan over a cotton shirt, and small round glasses. Broad waxy monstera leaves crowd the left of the frame and fine ferns the right. A glass carafe half full of water sits on the bench in front of him, beside damp dark soil and a brass watering can. Behind him the greenhouse panes show a pale cyan to warm cream sky gradient, with condensation beading on the glass."
239,push,P02,3141592,Block_5=-0.500,Block_5,-0.500,Real Value,,,euler_ancestral,simple,9,1.0,1.0,1024,1280,P02_Block_5neg_0.500_krea2_seed3141592,P02_Block_5neg_0.500_krea2_seed3141592_00001_.png,7919c95fcf,"Western comics style, bold ink outlines, hatched shadows, medium wide shot, static centred composition, eye-level camera, subject centred and filling the middle third of the frame. A botanist man stands among potting benches, facing the viewer, one hand on a terracotta pot. He has straight pale hair, freckled fair skin, a knitted wool cardigan over a cotton shirt, and small round glasses. Broad waxy monstera leaves crowd the left of the frame and fine ferns the right. A glass carafe half full of water sits on the bench in front of him, beside damp dark soil and a brass watering can. Behind him the greenhouse panes show a pale cyan to warm cream sky gradient, with condensation beading on the glass."
240,push,P02,3141592,Block_6=0.080,Block_6,0.080,Real Value,,,euler_ancestral,simple,9,1.0,1.0,1024,1280,P02_Block_6pos_0.080_krea2_seed3141592,P02_Block_6pos_0.080_krea2_seed3141592_00001_.png,7919c95fcf,"Western comics style, bold ink outlines, hatched shadows, medium wide shot, static centred composition, eye-level camera, subject centred and filling the middle third of the frame. A botanist man stands among potting benches, facing the viewer, one hand on a terracotta pot. He has straight pale hair, freckled fair skin, a knitted wool cardigan over a cotton shirt, and small round glasses. Broad waxy monstera leaves crowd the left of the frame and fine ferns the right. A glass carafe half full of water sits on the bench in front of him, beside damp dark soil and a brass watering can. Behind him the greenhouse panes show a pale cyan to warm cream sky gradient, with condensation beading on the glass."
241,push,P02,3141592,Block_6=0.200,Block_6,0.200,Real Value,,,euler_ancestral,simple,9,1.0,1.0,1024,1280,P02_Block_6pos_0.200_krea2_seed3141592,P02_Block_6pos_0.200_krea2_seed3141592_00001_.png,7919c95fcf,"Western comics style, bold ink outlines, hatched shadows, medium wide shot, static centred composition, eye-level camera, subject centred and filling the middle third of the frame. A botanist man stands among potting benches, facing the viewer, one hand on a terracotta pot. He has straight pale hair, freckled fair skin, a knitted wool cardigan over a cotton shirt, and small round glasses. Broad waxy monstera leaves crowd the left of the frame and fine ferns the right. A glass carafe half full of water sits on the bench in front of him, beside damp dark soil and a brass watering can. Behind him the greenhouse panes show a pale cyan to warm cream sky gradient, with condensation beading on the glass."
242,push,P02,3141592,Block_6=0.350,Block_6,0.350,Real Value,,,euler_ancestral,simple,9,1.0,1.0,1024,1280,P02_Block_6pos_0.350_krea2_seed3141592,P02_Block_6pos_0.350_krea2_seed3141592_00001_.png,7919c95fcf,"Western comics style, bold ink outlines, hatched shadows, medium wide shot, static centred composition, eye-level camera, subject centred and filling the middle third of the frame. A botanist man stands among potting benches, facing the viewer, one hand on a terracotta pot. He has straight pale hair, freckled fair skin, a knitted wool cardigan over a cotton shirt, and small round glasses. Broad waxy monstera leaves crowd the left of the frame and fine ferns the right. A glass carafe half full of water sits on the bench in front of him, beside damp dark soil and a brass watering can. Behind him the greenhouse panes show a pale cyan to warm cream sky gradient, with condensation beading on the glass."
243,push,P02,3141592,Block_6=0.500,Block_6,0.500,Real Value,,,euler_ancestral,simple,9,1.0,1.0,1024,1280,P02_Block_6pos_0.500_krea2_seed3141592,P02_Block_6pos_0.500_krea2_seed3141592_00001_.png,7919c95fcf,"Western comics style, bold ink outlines, hatched shadows, medium wide shot, static centred composition, eye-level camera, subject centred and filling the middle third of the frame. A botanist man stands among potting benches, facing the viewer, one hand on a terracotta pot. He has straight pale hair, freckled fair skin, a knitted wool cardigan over a cotton shirt, and small round glasses. Broad waxy monstera leaves crowd the left of the frame and fine ferns the right. A glass carafe half full of water sits on the bench in front of him, beside damp dark soil and a brass watering can. Behind him the greenhouse panes show a pale cyan to warm cream sky gradient, with condensation beading on the glass."
244,push,P02,3141592,Block_6=-0.080,Block_6,-0.080,Real Value,,,euler_ancestral,simple,9,1.0,1.0,1024,1280,P02_Block_6neg_0.080_krea2_seed3141592,P02_Block_6neg_0.080_krea2_seed3141592_00001_.png,7919c95fcf,"Western comics style, bold ink outlines, hatched shadows, medium wide shot, static centred composition, eye-level camera, subject centred and filling the middle third of the frame. A botanist man stands among potting benches, facing the viewer, one hand on a terracotta pot. He has straight pale hair, freckled fair skin, a knitted wool cardigan over a cotton shirt, and small round glasses. Broad waxy monstera leaves crowd the left of the frame and fine ferns the right. A glass carafe half full of water sits on the bench in front of him, beside damp dark soil and a brass watering can. Behind him the greenhouse panes show a pale cyan to warm cream sky gradient, with condensation beading on the glass."
245,push,P02,3141592,Block_6=-0.200,Block_6,-0.200,Real Value,,,euler_ancestral,simple,9,1.0,1.0,1024,1280,P02_Block_6neg_0.200_krea2_seed3141592,P02_Block_6neg_0.200_krea2_seed3141592_00001_.png,7919c95fcf,"Western comics style, bold ink outlines, hatched shadows, medium wide shot, static centred composition, eye-level camera, subject centred and filling the middle third of the frame. A botanist man stands among potting benches, facing the viewer, one hand on a terracotta pot. He has straight pale hair, freckled fair skin, a knitted wool cardigan over a cotton shirt, and small round glasses. Broad waxy monstera leaves crowd the left of the frame and fine ferns the right. A glass carafe half full of water sits on the bench in front of him, beside damp dark soil and a brass watering can. Behind him the greenhouse panes show a pale cyan to warm cream sky gradient, with condensation beading on the glass."
246,push,P02,3141592,Block_6=-0.350,Block_6,-0.350,Real Value,,,euler_ancestral,simple,9,1.0,1.0,1024,1280,P02_Block_6neg_0.350_krea2_seed3141592,P02_Block_6neg_0.350_krea2_seed3141592_00001_.png,7919c95fcf,"Western comics style, bold ink outlines, hatched shadows, medium wide shot, static centred composition, eye-level camera, subject centred and filling the middle third of the frame. A botanist man stands among potting benches, facing the viewer, one hand on a terracotta pot. He has straight pale hair, freckled fair skin, a knitted wool cardigan over a cotton shirt, and small round glasses. Broad waxy monstera leaves crowd the left of the frame and fine ferns the right. A glass carafe half full of water sits on the bench in front of him, beside damp dark soil and a brass watering can. Behind him the greenhouse panes show a pale cyan to warm cream sky gradient, with condensation beading on the glass."
247,push,P02,3141592,Block_6=-0.500,Block_6,-0.500,Real Value,,,euler_ancestral,simple,9,1.0,1.0,1024,1280,P02_Block_6neg_0.500_krea2_seed3141592,P02_Block_6neg_0.500_krea2_seed3141592_00001_.png,7919c95fcf,"Western comics style, bold ink outlines, hatched shadows, medium wide shot, static centred composition, eye-level camera, subject centred and filling the middle third of the frame. A botanist man stands among potting benches, facing the viewer, one hand on a terracotta pot. He has straight pale hair, freckled fair skin, a knitted wool cardigan over a cotton shirt, and small round glasses. Broad waxy monstera leaves crowd the left of the frame and fine ferns the right. A glass carafe half full of water sits on the bench in front of him, beside damp dark soil and a brass watering can. Behind him the greenhouse panes show a pale cyan to warm cream sky gradient, with condensation beading on the glass."
248,push,P02,1618033,Block_1=0.080,Block_1,0.080,Real Value,,,euler_ancestral,simple,9,1.0,1.0,1024,1280,P02_Block_1pos_0.080_krea2_seed1618033,P02_Block_1pos_0.080_krea2_seed1618033_00001_.png,7919c95fcf,"Western comics style, bold ink outlines, hatched shadows, medium wide shot, static centred composition, eye-level camera, subject centred and filling the middle third of the frame. A botanist man stands among potting benches, facing the viewer, one hand on a terracotta pot. He has straight pale hair, freckled fair skin, a knitted wool cardigan over a cotton shirt, and small round glasses. Broad waxy monstera leaves crowd the left of the frame and fine ferns the right. A glass carafe half full of water sits on the bench in front of him, beside damp dark soil and a brass watering can. Behind him the greenhouse panes show a pale cyan to warm cream sky gradient, with condensation beading on the glass."
249,push,P02,1618033,Block_1=0.200,Block_1,0.200,Real Value,,,euler_ancestral,simple,9,1.0,1.0,1024,1280,P02_Block_1pos_0.200_krea2_seed1618033,P02_Block_1pos_0.200_krea2_seed1618033_00001_.png,7919c95fcf,"Western comics style, bold ink outlines, hatched shadows, medium wide shot, static centred composition, eye-level camera, subject centred and filling the middle third of the frame. A botanist man stands among potting benches, facing the viewer, one hand on a terracotta pot. He has straight pale hair, freckled fair skin, a knitted wool cardigan over a cotton shirt, and small round glasses. Broad waxy monstera leaves crowd the left of the frame and fine ferns the right. A glass carafe half full of water sits on the bench in front of him, beside damp dark soil and a brass watering can. Behind him the greenhouse panes show a pale cyan to warm cream sky gradient, with condensation beading on the glass."
250,push,P02,1618033,Block_1=0.350,Block_1,0.350,Real Value,,,euler_ancestral,simple,9,1.0,1.0,1024,1280,P02_Block_1pos_0.350_krea2_seed1618033,P02_Block_1pos_0.350_krea2_seed1618033_00001_.png,7919c95fcf,"Western comics style, bold ink outlines, hatched shadows, medium wide shot, static centred composition, eye-level camera, subject centred and filling the middle third of the frame. A botanist man stands among potting benches, facing the viewer, one hand on a terracotta pot. He has straight pale hair, freckled fair skin, a knitted wool cardigan over a cotton shirt, and small round glasses. Broad waxy monstera leaves crowd the left of the frame and fine ferns the right. A glass carafe half full of water sits on the bench in front of him, beside damp dark soil and a brass watering can. Behind him the greenhouse panes show a pale cyan to warm cream sky gradient, with condensation beading on the glass."
251,push,P02,1618033,Block_1=0.500,Block_1,0.500,Real Value,,,euler_ancestral,simple,9,1.0,1.0,1024,1280,P02_Block_1pos_0.500_krea2_seed1618033,P02_Block_1pos_0.500_krea2_seed1618033_00001_.png,7919c95fcf,"Western comics style, bold ink outlines, hatched shadows, medium wide shot, static centred composition, eye-level camera, subject centred and filling the middle third of the frame. A botanist man stands among potting benches, facing the viewer, one hand on a terracotta pot. He has straight pale hair, freckled fair skin, a knitted wool cardigan over a cotton shirt, and small round glasses. Broad waxy monstera leaves crowd the left of the frame and fine ferns the right. A glass carafe half full of water sits on the bench in front of him, beside damp dark soil and a brass watering can. Behind him the greenhouse panes show a pale cyan to warm cream sky gradient, with condensation beading on the glass."
252,push,P02,1618033,Block_1=-0.080,Block_1,-0.080,Real Value,,,euler_ancestral,simple,9,1.0,1.0,1024,1280,P02_Block_1neg_0.080_krea2_seed1618033,P02_Block_1neg_0.080_krea2_seed1618033_00001_.png,7919c95fcf,"Western comics style, bold ink outlines, hatched shadows, medium wide shot, static centred composition, eye-level camera, subject centred and filling the middle third of the frame. A botanist man stands among potting benches, facing the viewer, one hand on a terracotta pot. He has straight pale hair, freckled fair skin, a knitted wool cardigan over a cotton shirt, and small round glasses. Broad waxy monstera leaves crowd the left of the frame and fine ferns the right. A glass carafe half full of water sits on the bench in front of him, beside damp dark soil and a brass watering can. Behind him the greenhouse panes show a pale cyan to warm cream sky gradient, with condensation beading on the glass."
253,push,P02,1618033,Block_1=-0.200,Block_1,-0.200,Real Value,,,euler_ancestral,simple,9,1.0,1.0,1024,1280,P02_Block_1neg_0.200_krea2_seed1618033,P02_Block_1neg_0.200_krea2_seed1618033_00001_.png,7919c95fcf,"Western comics style, bold ink outlines, hatched shadows, medium wide shot, static centred composition, eye-level camera, subject centred and filling the middle third of the frame. A botanist man stands among potting benches, facing the viewer, one hand on a terracotta pot. He has straight pale hair, freckled fair skin, a knitted wool cardigan over a cotton shirt, and small round glasses. Broad waxy monstera leaves crowd the left of the frame and fine ferns the right. A glass carafe half full of water sits on the bench in front of him, beside damp dark soil and a brass watering can. Behind him the greenhouse panes show a pale cyan to warm cream sky gradient, with condensation beading on the glass."
254,push,P02,1618033,Block_1=-0.350,Block_1,-0.350,Real Value,,,euler_ancestral,simple,9,1.0,1.0,1024,1280,P02_Block_1neg_0.350_krea2_seed1618033,P02_Block_1neg_0.350_krea2_seed1618033_00001_.png,7919c95fcf,"Western comics style, bold ink outlines, hatched shadows, medium wide shot, static centred composition, eye-level camera, subject centred and filling the middle third of the frame. A botanist man stands among potting benches, facing the viewer, one hand on a terracotta pot. He has straight pale hair, freckled fair skin, a knitted wool cardigan over a cotton shirt, and small round glasses. Broad waxy monstera leaves crowd the left of the frame and fine ferns the right. A glass carafe half full of water sits on the bench in front of him, beside damp dark soil and a brass watering can. Behind him the greenhouse panes show a pale cyan to warm cream sky gradient, with condensation beading on the glass."
255,push,P02,1618033,Block_1=-0.500,Block_1,-0.500,Real Value,,,euler_ancestral,simple,9,1.0,1.0,1024,1280,P02_Block_1neg_0.500_krea2_seed1618033,P02_Block_1neg_0.500_krea2_seed1618033_00001_.png,7919c95fcf,"Western comics style, bold ink outlines, hatched shadows, medium wide shot, static centred composition, eye-level camera, subject centred and filling the middle third of the frame. A botanist man stands among potting benches, facing the viewer, one hand on a terracotta pot. He has straight pale hair, freckled fair skin, a knitted wool cardigan over a cotton shirt, and small round glasses. Broad waxy monstera leaves crowd the left of the frame and fine ferns the right. A glass carafe half full of water sits on the bench in front of him, beside damp dark soil and a brass watering can. Behind him the greenhouse panes show a pale cyan to warm cream sky gradient, with condensation beading on the glass."
256,push,P02,1618033,Block_2=0.080,Block_2,0.080,Real Value,,,euler_ancestral,simple,9,1.0,1.0,1024,1280,P02_Block_2pos_0.080_krea2_seed1618033,P02_Block_2pos_0.080_krea2_seed1618033_00001_.png,7919c95fcf,"Western comics style, bold ink outlines, hatched shadows, medium wide shot, static centred composition, eye-level camera, subject centred and filling the middle third of the frame. A botanist man stands among potting benches, facing the viewer, one hand on a terracotta pot. He has straight pale hair, freckled fair skin, a knitted wool cardigan over a cotton shirt, and small round glasses. Broad waxy monstera leaves crowd the left of the frame and fine ferns the right. A glass carafe half full of water sits on the bench in front of him, beside damp dark soil and a brass watering can. Behind him the greenhouse panes show a pale cyan to warm cream sky gradient, with condensation beading on the glass."
257,push,P02,1618033,Block_2=0.200,Block_2,0.200,Real Value,,,euler_ancestral,simple,9,1.0,1.0,1024,1280,P02_Block_2pos_0.200_krea2_seed1618033,P02_Block_2pos_0.200_krea2_seed1618033_00001_.png,7919c95fcf,"Western comics style, bold ink outlines, hatched shadows, medium wide shot, static centred composition, eye-level camera, subject centred and filling the middle third of the frame. A botanist man stands among potting benches, facing the viewer, one hand on a terracotta pot. He has straight pale hair, freckled fair skin, a knitted wool cardigan over a cotton shirt, and small round glasses. Broad waxy monstera leaves crowd the left of the frame and fine ferns the right. A glass carafe half full of water sits on the bench in front of him, beside damp dark soil and a brass watering can. Behind him the greenhouse panes show a pale cyan to warm cream sky gradient, with condensation beading on the glass."
258,push,P02,1618033,Block_2=0.350,Block_2,0.350,Real Value,,,euler_ancestral,simple,9,1.0,1.0,1024,1280,P02_Block_2pos_0.350_krea2_seed1618033,P02_Block_2pos_0.350_krea2_seed1618033_00001_.png,7919c95fcf,"Western comics style, bold ink outlines, hatched shadows, medium wide shot, static centred composition, eye-level camera, subject centred and filling the middle third of the frame. A botanist man stands among potting benches, facing the viewer, one hand on a terracotta pot. He has straight pale hair, freckled fair skin, a knitted wool cardigan over a cotton shirt, and small round glasses. Broad waxy monstera leaves crowd the left of the frame and fine ferns the right. A glass carafe half full of water sits on the bench in front of him, beside damp dark soil and a brass watering can. Behind him the greenhouse panes show a pale cyan to warm cream sky gradient, with condensation beading on the glass."
259,push,P02,1618033,Block_2=0.500,Block_2,0.500,Real Value,,,euler_ancestral,simple,9,1.0,1.0,1024,1280,P02_Block_2pos_0.500_krea2_seed1618033,P02_Block_2pos_0.500_krea2_seed1618033_00001_.png,7919c95fcf,"Western comics style, bold ink outlines, hatched shadows, medium wide shot, static centred composition, eye-level camera, subject centred and filling the middle third of the frame. A botanist man stands among potting benches, facing the viewer, one hand on a terracotta pot. He has straight pale hair, freckled fair skin, a knitted wool cardigan over a cotton shirt, and small round glasses. Broad waxy monstera leaves crowd the left of the frame and fine ferns the right. A glass carafe half full of water sits on the bench in front of him, beside damp dark soil and a brass watering can. Behind him the greenhouse panes show a pale cyan to warm cream sky gradient, with condensation beading on the glass."
260,push,P02,1618033,Block_2=-0.080,Block_2,-0.080,Real Value,,,euler_ancestral,simple,9,1.0,1.0,1024,1280,P02_Block_2neg_0.080_krea2_seed1618033,P02_Block_2neg_0.080_krea2_seed1618033_00001_.png,7919c95fcf,"Western comics style, bold ink outlines, hatched shadows, medium wide shot, static centred composition, eye-level camera, subject centred and filling the middle third of the frame. A botanist man stands among potting benches, facing the viewer, one hand on a terracotta pot. He has straight pale hair, freckled fair skin, a knitted wool cardigan over a cotton shirt, and small round glasses. Broad waxy monstera leaves crowd the left of the frame and fine ferns the right. A glass carafe half full of water sits on the bench in front of him, beside damp dark soil and a brass watering can. Behind him the greenhouse panes show a pale cyan to warm cream sky gradient, with condensation beading on the glass."
261,push,P02,1618033,Block_2=-0.200,Block_2,-0.200,Real Value,,,euler_ancestral,simple,9,1.0,1.0,1024,1280,P02_Block_2neg_0.200_krea2_seed1618033,P02_Block_2neg_0.200_krea2_seed1618033_00001_.png,7919c95fcf,"Western comics style, bold ink outlines, hatched shadows, medium wide shot, static centred composition, eye-level camera, subject centred and filling the middle third of the frame. A botanist man stands among potting benches, facing the viewer, one hand on a terracotta pot. He has straight pale hair, freckled fair skin, a knitted wool cardigan over a cotton shirt, and small round glasses. Broad waxy monstera leaves crowd the left of the frame and fine ferns the right. A glass carafe half full of water sits on the bench in front of him, beside damp dark soil and a brass watering can. Behind him the greenhouse panes show a pale cyan to warm cream sky gradient, with condensation beading on the glass."
262,push,P02,1618033,Block_2=-0.350,Block_2,-0.350,Real Value,,,euler_ancestral,simple,9,1.0,1.0,1024,1280,P02_Block_2neg_0.350_krea2_seed1618033,P02_Block_2neg_0.350_krea2_seed1618033_00001_.png,7919c95fcf,"Western comics style, bold ink outlines, hatched shadows, medium wide shot, static centred composition, eye-level camera, subject centred and filling the middle third of the frame. A botanist man stands among potting benches, facing the viewer, one hand on a terracotta pot. He has straight pale hair, freckled fair skin, a knitted wool cardigan over a cotton shirt, and small round glasses. Broad waxy monstera leaves crowd the left of the frame and fine ferns the right. A glass carafe half full of water sits on the bench in front of him, beside damp dark soil and a brass watering can. Behind him the greenhouse panes show a pale cyan to warm cream sky gradient, with condensation beading on the glass."
263,push,P02,1618033,Block_2=-0.500,Block_2,-0.500,Real Value,,,euler_ancestral,simple,9,1.0,1.0,1024,1280,P02_Block_2neg_0.500_krea2_seed1618033,P02_Block_2neg_0.500_krea2_seed1618033_00001_.png,7919c95fcf,"Western comics style, bold ink outlines, hatched shadows, medium wide shot, static centred composition, eye-level camera, subject centred and filling the middle third of the frame. A botanist man stands among potting benches, facing the viewer, one hand on a terracotta pot. He has straight pale hair, freckled fair skin, a knitted wool cardigan over a cotton shirt, and small round glasses. Broad waxy monstera leaves crowd the left of the frame and fine ferns the right. A glass carafe half full of water sits on the bench in front of him, beside damp dark soil and a brass watering can. Behind him the greenhouse panes show a pale cyan to warm cream sky gradient, with condensation beading on the glass."
264,push,P02,1618033,Block_3=0.080,Block_3,0.080,Real Value,,,euler_ancestral,simple,9,1.0,1.0,1024,1280,P02_Block_3pos_0.080_krea2_seed1618033,P02_Block_3pos_0.080_krea2_seed1618033_00001_.png,7919c95fcf,"Western comics style, bold ink outlines, hatched shadows, medium wide shot, static centred composition, eye-level camera, subject centred and filling the middle third of the frame. A botanist man stands among potting benches, facing the viewer, one hand on a terracotta pot. He has straight pale hair, freckled fair skin, a knitted wool cardigan over a cotton shirt, and small round glasses. Broad waxy monstera leaves crowd the left of the frame and fine ferns the right. A glass carafe half full of water sits on the bench in front of him, beside damp dark soil and a brass watering can. Behind him the greenhouse panes show a pale cyan to warm cream sky gradient, with condensation beading on the glass."
265,push,P02,1618033,Block_3=0.200,Block_3,0.200,Real Value,,,euler_ancestral,simple,9,1.0,1.0,1024,1280,P02_Block_3pos_0.200_krea2_seed1618033,P02_Block_3pos_0.200_krea2_seed1618033_00001_.png,7919c95fcf,"Western comics style, bold ink outlines, hatched shadows, medium wide shot, static centred composition, eye-level camera, subject centred and filling the middle third of the frame. A botanist man stands among potting benches, facing the viewer, one hand on a terracotta pot. He has straight pale hair, freckled fair skin, a knitted wool cardigan over a cotton shirt, and small round glasses. Broad waxy monstera leaves crowd the left of the frame and fine ferns the right. A glass carafe half full of water sits on the bench in front of him, beside damp dark soil and a brass watering can. Behind him the greenhouse panes show a pale cyan to warm cream sky gradient, with condensation beading on the glass."
266,push,P02,1618033,Block_3=0.350,Block_3,0.350,Real Value,,,euler_ancestral,simple,9,1.0,1.0,1024,1280,P02_Block_3pos_0.350_krea2_seed1618033,P02_Block_3pos_0.350_krea2_seed1618033_00001_.png,7919c95fcf,"Western comics style, bold ink outlines, hatched shadows, medium wide shot, static centred composition, eye-level camera, subject centred and filling the middle third of the frame. A botanist man stands among potting benches, facing the viewer, one hand on a terracotta pot. He has straight pale hair, freckled fair skin, a knitted wool cardigan over a cotton shirt, and small round glasses. Broad waxy monstera leaves crowd the left of the frame and fine ferns the right. A glass carafe half full of water sits on the bench in front of him, beside damp dark soil and a brass watering can. Behind him the greenhouse panes show a pale cyan to warm cream sky gradient, with condensation beading on the glass."
267,push,P02,1618033,Block_3=0.500,Block_3,0.500,Real Value,,,euler_ancestral,simple,9,1.0,1.0,1024,1280,P02_Block_3pos_0.500_krea2_seed1618033,P02_Block_3pos_0.500_krea2_seed1618033_00001_.png,7919c95fcf,"Western comics style, bold ink outlines, hatched shadows, medium wide shot, static centred composition, eye-level camera, subject centred and filling the middle third of the frame. A botanist man stands among potting benches, facing the viewer, one hand on a terracotta pot. He has straight pale hair, freckled fair skin, a knitted wool cardigan over a cotton shirt, and small round glasses. Broad waxy monstera leaves crowd the left of the frame and fine ferns the right. A glass carafe half full of water sits on the bench in front of him, beside damp dark soil and a brass watering can. Behind him the greenhouse panes show a pale cyan to warm cream sky gradient, with condensation beading on the glass."
268,push,P02,1618033,Block_3=-0.080,Block_3,-0.080,Real Value,,,euler_ancestral,simple,9,1.0,1.0,1024,1280,P02_Block_3neg_0.080_krea2_seed1618033,P02_Block_3neg_0.080_krea2_seed1618033_00001_.png,7919c95fcf,"Western comics style, bold ink outlines, hatched shadows, medium wide shot, static centred composition, eye-level camera, subject centred and filling the middle third of the frame. A botanist man stands among potting benches, facing the viewer, one hand on a terracotta pot. He has straight pale hair, freckled fair skin, a knitted wool cardigan over a cotton shirt, and small round glasses. Broad waxy monstera leaves crowd the left of the frame and fine ferns the right. A glass carafe half full of water sits on the bench in front of him, beside damp dark soil and a brass watering can. Behind him the greenhouse panes show a pale cyan to warm cream sky gradient, with condensation beading on the glass."
269,push,P02,1618033,Block_3=-0.200,Block_3,-0.200,Real Value,,,euler_ancestral,simple,9,1.0,1.0,1024,1280,P02_Block_3neg_0.200_krea2_seed1618033,P02_Block_3neg_0.200_krea2_seed1618033_00001_.png,7919c95fcf,"Western comics style, bold ink outlines, hatched shadows, medium wide shot, static centred composition, eye-level camera, subject centred and filling the middle third of the frame. A botanist man stands among potting benches, facing the viewer, one hand on a terracotta pot. He has straight pale hair, freckled fair skin, a knitted wool cardigan over a cotton shirt, and small round glasses. Broad waxy monstera leaves crowd the left of the frame and fine ferns the right. A glass carafe half full of water sits on the bench in front of him, beside damp dark soil and a brass watering can. Behind him the greenhouse panes show a pale cyan to warm cream sky gradient, with condensation beading on the glass."
270,push,P02,1618033,Block_3=-0.350,Block_3,-0.350,Real Value,,,euler_ancestral,simple,9,1.0,1.0,1024,1280,P02_Block_3neg_0.350_krea2_seed1618033,P02_Block_3neg_0.350_krea2_seed1618033_00001_.png,7919c95fcf,"Western comics style, bold ink outlines, hatched shadows, medium wide shot, static centred composition, eye-level camera, subject centred and filling the middle third of the frame. A botanist man stands among potting benches, facing the viewer, one hand on a terracotta pot. He has straight pale hair, freckled fair skin, a knitted wool cardigan over a cotton shirt, and small round glasses. Broad waxy monstera leaves crowd the left of the frame and fine ferns the right. A glass carafe half full of water sits on the bench in front of him, beside damp dark soil and a brass watering can. Behind him the greenhouse panes show a pale cyan to warm cream sky gradient, with condensation beading on the glass."
271,push,P02,1618033,Block_3=-0.500,Block_3,-0.500,Real Value,,,euler_ancestral,simple,9,1.0,1.0,1024,1280,P02_Block_3neg_0.500_krea2_seed1618033,P02_Block_3neg_0.500_krea2_seed1618033_00001_.png,7919c95fcf,"Western comics style, bold ink outlines, hatched shadows, medium wide shot, static centred composition, eye-level camera, subject centred and filling the middle third of the frame. A botanist man stands among potting benches, facing the viewer, one hand on a terracotta pot. He has straight pale hair, freckled fair skin, a knitted wool cardigan over a cotton shirt, and small round glasses. Broad waxy monstera leaves crowd the left of the frame and fine ferns the right. A glass carafe half full of water sits on the bench in front of him, beside damp dark soil and a brass watering can. Behind him the greenhouse panes show a pale cyan to warm cream sky gradient, with condensation beading on the glass."
272,push,P02,1618033,Block_4=0.080,Block_4,0.080,Real Value,,,euler_ancestral,simple,9,1.0,1.0,1024,1280,P02_Block_4pos_0.080_krea2_seed1618033,P02_Block_4pos_0.080_krea2_seed1618033_00001_.png,7919c95fcf,"Western comics style, bold ink outlines, hatched shadows, medium wide shot, static centred composition, eye-level camera, subject centred and filling the middle third of the frame. A botanist man stands among potting benches, facing the viewer, one hand on a terracotta pot. He has straight pale hair, freckled fair skin, a knitted wool cardigan over a cotton shirt, and small round glasses. Broad waxy monstera leaves crowd the left of the frame and fine ferns the right. A glass carafe half full of water sits on the bench in front of him, beside damp dark soil and a brass watering can. Behind him the greenhouse panes show a pale cyan to warm cream sky gradient, with condensation beading on the glass."
273,push,P02,1618033,Block_4=0.200,Block_4,0.200,Real Value,,,euler_ancestral,simple,9,1.0,1.0,1024,1280,P02_Block_4pos_0.200_krea2_seed1618033,P02_Block_4pos_0.200_krea2_seed1618033_00001_.png,7919c95fcf,"Western comics style, bold ink outlines, hatched shadows, medium wide shot, static centred composition, eye-level camera, subject centred and filling the middle third of the frame. A botanist man stands among potting benches, facing the viewer, one hand on a terracotta pot. He has straight pale hair, freckled fair skin, a knitted wool cardigan over a cotton shirt, and small round glasses. Broad waxy monstera leaves crowd the left of the frame and fine ferns the right. A glass carafe half full of water sits on the bench in front of him, beside damp dark soil and a brass watering can. Behind him the greenhouse panes show a pale cyan to warm cream sky gradient, with condensation beading on the glass."
274,push,P02,1618033,Block_4=0.350,Block_4,0.350,Real Value,,,euler_ancestral,simple,9,1.0,1.0,1024,1280,P02_Block_4pos_0.350_krea2_seed1618033,P02_Block_4pos_0.350_krea2_seed1618033_00001_.png,7919c95fcf,"Western comics style, bold ink outlines, hatched shadows, medium wide shot, static centred composition, eye-level camera, subject centred and filling the middle third of the frame. A botanist man stands among potting benches, facing the viewer, one hand on a terracotta pot. He has straight pale hair, freckled fair skin, a knitted wool cardigan over a cotton shirt, and small round glasses. Broad waxy monstera leaves crowd the left of the frame and fine ferns the right. A glass carafe half full of water sits on the bench in front of him, beside damp dark soil and a brass watering can. Behind him the greenhouse panes show a pale cyan to warm cream sky gradient, with condensation beading on the glass."
275,push,P02,1618033,Block_4=0.500,Block_4,0.500,Real Value,,,euler_ancestral,simple,9,1.0,1.0,1024,1280,P02_Block_4pos_0.500_krea2_seed1618033,P02_Block_4pos_0.500_krea2_seed1618033_00001_.png,7919c95fcf,"Western comics style, bold ink outlines, hatched shadows, medium wide shot, static centred composition, eye-level camera, subject centred and filling the middle third of the frame. A botanist man stands among potting benches, facing the viewer, one hand on a terracotta pot. He has straight pale hair, freckled fair skin, a knitted wool cardigan over a cotton shirt, and small round glasses. Broad waxy monstera leaves crowd the left of the frame and fine ferns the right. A glass carafe half full of water sits on the bench in front of him, beside damp dark soil and a brass watering can. Behind him the greenhouse panes show a pale cyan to warm cream sky gradient, with condensation beading on the glass."
276,push,P02,1618033,Block_4=-0.080,Block_4,-0.080,Real Value,,,euler_ancestral,simple,9,1.0,1.0,1024,1280,P02_Block_4neg_0.080_krea2_seed1618033,P02_Block_4neg_0.080_krea2_seed1618033_00001_.png,7919c95fcf,"Western comics style, bold ink outlines, hatched shadows, medium wide shot, static centred composition, eye-level camera, subject centred and filling the middle third of the frame. A botanist man stands among potting benches, facing the viewer, one hand on a terracotta pot. He has straight pale hair, freckled fair skin, a knitted wool cardigan over a cotton shirt, and small round glasses. Broad waxy monstera leaves crowd the left of the frame and fine ferns the right. A glass carafe half full of water sits on the bench in front of him, beside damp dark soil and a brass watering can. Behind him the greenhouse panes show a pale cyan to warm cream sky gradient, with condensation beading on the glass."
277,push,P02,1618033,Block_4=-0.200,Block_4,-0.200,Real Value,,,euler_ancestral,simple,9,1.0,1.0,1024,1280,P02_Block_4neg_0.200_krea2_seed1618033,P02_Block_4neg_0.200_krea2_seed1618033_00001_.png,7919c95fcf,"Western comics style, bold ink outlines, hatched shadows, medium wide shot, static centred composition, eye-level camera, subject centred and filling the middle third of the frame. A botanist man stands among potting benches, facing the viewer, one hand on a terracotta pot. He has straight pale hair, freckled fair skin, a knitted wool cardigan over a cotton shirt, and small round glasses. Broad waxy monstera leaves crowd the left of the frame and fine ferns the right. A glass carafe half full of water sits on the bench in front of him, beside damp dark soil and a brass watering can. Behind him the greenhouse panes show a pale cyan to warm cream sky gradient, with condensation beading on the glass."
278,push,P02,1618033,Block_4=-0.350,Block_4,-0.350,Real Value,,,euler_ancestral,simple,9,1.0,1.0,1024,1280,P02_Block_4neg_0.350_krea2_seed1618033,P02_Block_4neg_0.350_krea2_seed1618033_00001_.png,7919c95fcf,"Western comics style, bold ink outlines, hatched shadows, medium wide shot, static centred composition, eye-level camera, subject centred and filling the middle third of the frame. A botanist man stands among potting benches, facing the viewer, one hand on a terracotta pot. He has straight pale hair, freckled fair skin, a knitted wool cardigan over a cotton shirt, and small round glasses. Broad waxy monstera leaves crowd the left of the frame and fine ferns the right. A glass carafe half full of water sits on the bench in front of him, beside damp dark soil and a brass watering can. Behind him the greenhouse panes show a pale cyan to warm cream sky gradient, with condensation beading on the glass."
279,push,P02,1618033,Block_4=-0.500,Block_4,-0.500,Real Value,,,euler_ancestral,simple,9,1.0,1.0,1024,1280,P02_Block_4neg_0.500_krea2_seed1618033,P02_Block_4neg_0.500_krea2_seed1618033_00001_.png,7919c95fcf,"Western comics style, bold ink outlines, hatched shadows, medium wide shot, static centred composition, eye-level camera, subject centred and filling the middle third of the frame. A botanist man stands among potting benches, facing the viewer, one hand on a terracotta pot. He has straight pale hair, freckled fair skin, a knitted wool cardigan over a cotton shirt, and small round glasses. Broad waxy monstera leaves crowd the left of the frame and fine ferns the right. A glass carafe half full of water sits on the bench in front of him, beside damp dark soil and a brass watering can. Behind him the greenhouse panes show a pale cyan to warm cream sky gradient, with condensation beading on the glass."
280,push,P02,1618033,Block_5=0.080,Block_5,0.080,Real Value,,,euler_ancestral,simple,9,1.0,1.0,1024,1280,P02_Block_5pos_0.080_krea2_seed1618033,P02_Block_5pos_0.080_krea2_seed1618033_00001_.png,7919c95fcf,"Western comics style, bold ink outlines, hatched shadows, medium wide shot, static centred composition, eye-level camera, subject centred and filling the middle third of the frame. A botanist man stands among potting benches, facing the viewer, one hand on a terracotta pot. He has straight pale hair, freckled fair skin, a knitted wool cardigan over a cotton shirt, and small round glasses. Broad waxy monstera leaves crowd the left of the frame and fine ferns the right. A glass carafe half full of water sits on the bench in front of him, beside damp dark soil and a brass watering can. Behind him the greenhouse panes show a pale cyan to warm cream sky gradient, with condensation beading on the glass."
281,push,P02,1618033,Block_5=0.200,Block_5,0.200,Real Value,,,euler_ancestral,simple,9,1.0,1.0,1024,1280,P02_Block_5pos_0.200_krea2_seed1618033,P02_Block_5pos_0.200_krea2_seed1618033_00001_.png,7919c95fcf,"Western comics style, bold ink outlines, hatched shadows, medium wide shot, static centred composition, eye-level camera, subject centred and filling the middle third of the frame. A botanist man stands among potting benches, facing the viewer, one hand on a terracotta pot. He has straight pale hair, freckled fair skin, a knitted wool cardigan over a cotton shirt, and small round glasses. Broad waxy monstera leaves crowd the left of the frame and fine ferns the right. A glass carafe half full of water sits on the bench in front of him, beside damp dark soil and a brass watering can. Behind him the greenhouse panes show a pale cyan to warm cream sky gradient, with condensation beading on the glass."
282,push,P02,1618033,Block_5=0.350,Block_5,0.350,Real Value,,,euler_ancestral,simple,9,1.0,1.0,1024,1280,P02_Block_5pos_0.350_krea2_seed1618033,P02_Block_5pos_0.350_krea2_seed1618033_00001_.png,7919c95fcf,"Western comics style, bold ink outlines, hatched shadows, medium wide shot, static centred composition, eye-level camera, subject centred and filling the middle third of the frame. A botanist man stands among potting benches, facing the viewer, one hand on a terracotta pot. He has straight pale hair, freckled fair skin, a knitted wool cardigan over a cotton shirt, and small round glasses. Broad waxy monstera leaves crowd the left of the frame and fine ferns the right. A glass carafe half full of water sits on the bench in front of him, beside damp dark soil and a brass watering can. Behind him the greenhouse panes show a pale cyan to warm cream sky gradient, with condensation beading on the glass."
283,push,P02,1618033,Block_5=0.500,Block_5,0.500,Real Value,,,euler_ancestral,simple,9,1.0,1.0,1024,1280,P02_Block_5pos_0.500_krea2_seed1618033,P02_Block_5pos_0.500_krea2_seed1618033_00001_.png,7919c95fcf,"Western comics style, bold ink outlines, hatched shadows, medium wide shot, static centred composition, eye-level camera, subject centred and filling the middle third of the frame. A botanist man stands among potting benches, facing the viewer, one hand on a terracotta pot. He has straight pale hair, freckled fair skin, a knitted wool cardigan over a cotton shirt, and small round glasses. Broad waxy monstera leaves crowd the left of the frame and fine ferns the right. A glass carafe half full of water sits on the bench in front of him, beside damp dark soil and a brass watering can. Behind him the greenhouse panes show a pale cyan to warm cream sky gradient, with condensation beading on the glass."
284,push,P02,1618033,Block_5=-0.080,Block_5,-0.080,Real Value,,,euler_ancestral,simple,9,1.0,1.0,1024,1280,P02_Block_5neg_0.080_krea2_seed1618033,P02_Block_5neg_0.080_krea2_seed1618033_00001_.png,7919c95fcf,"Western comics style, bold ink outlines, hatched shadows, medium wide shot, static centred composition, eye-level camera, subject centred and filling the middle third of the frame. A botanist man stands among potting benches, facing the viewer, one hand on a terracotta pot. He has straight pale hair, freckled fair skin, a knitted wool cardigan over a cotton shirt, and small round glasses. Broad waxy monstera leaves crowd the left of the frame and fine ferns the right. A glass carafe half full of water sits on the bench in front of him, beside damp dark soil and a brass watering can. Behind him the greenhouse panes show a pale cyan to warm cream sky gradient, with condensation beading on the glass."
285,push,P02,1618033,Block_5=-0.200,Block_5,-0.200,Real Value,,,euler_ancestral,simple,9,1.0,1.0,1024,1280,P02_Block_5neg_0.200_krea2_seed1618033,P02_Block_5neg_0.200_krea2_seed1618033_00001_.png,7919c95fcf,"Western comics style, bold ink outlines, hatched shadows, medium wide shot, static centred composition, eye-level camera, subject centred and filling the middle third of the frame. A botanist man stands among potting benches, facing the viewer, one hand on a terracotta pot. He has straight pale hair, freckled fair skin, a knitted wool cardigan over a cotton shirt, and small round glasses. Broad waxy monstera leaves crowd the left of the frame and fine ferns the right. A glass carafe half full of water sits on the bench in front of him, beside damp dark soil and a brass watering can. Behind him the greenhouse panes show a pale cyan to warm cream sky gradient, with condensation beading on the glass."
286,push,P02,1618033,Block_5=-0.350,Block_5,-0.350,Real Value,,,euler_ancestral,simple,9,1.0,1.0,1024,1280,P02_Block_5neg_0.350_krea2_seed1618033,P02_Block_5neg_0.350_krea2_seed1618033_00001_.png,7919c95fcf,"Western comics style, bold ink outlines, hatched shadows, medium wide shot, static centred composition, eye-level camera, subject centred and filling the middle third of the frame. A botanist man stands among potting benches, facing the viewer, one hand on a terracotta pot. He has straight pale hair, freckled fair skin, a knitted wool cardigan over a cotton shirt, and small round glasses. Broad waxy monstera leaves crowd the left of the frame and fine ferns the right. A glass carafe half full of water sits on the bench in front of him, beside damp dark soil and a brass watering can. Behind him the greenhouse panes show a pale cyan to warm cream sky gradient, with condensation beading on the glass."
287,push,P02,1618033,Block_5=-0.500,Block_5,-0.500,Real Value,,,euler_ancestral,simple,9,1.0,1.0,1024,1280,P02_Block_5neg_0.500_krea2_seed1618033,P02_Block_5neg_0.500_krea2_seed1618033_00001_.png,7919c95fcf,"Western comics style, bold ink outlines, hatched shadows, medium wide shot, static centred composition, eye-level camera, subject centred and filling the middle third of the frame. A botanist man stands among potting benches, facing the viewer, one hand on a terracotta pot. He has straight pale hair, freckled fair skin, a knitted wool cardigan over a cotton shirt, and small round glasses. Broad waxy monstera leaves crowd the left of the frame and fine ferns the right. A glass carafe half full of water sits on the bench in front of him, beside damp dark soil and a brass watering can. Behind him the greenhouse panes show a pale cyan to warm cream sky gradient, with condensation beading on the glass."
288,push,P02,1618033,Block_6=0.080,Block_6,0.080,Real Value,,,euler_ancestral,simple,9,1.0,1.0,1024,1280,P02_Block_6pos_0.080_krea2_seed1618033,P02_Block_6pos_0.080_krea2_seed1618033_00001_.png,7919c95fcf,"Western comics style, bold ink outlines, hatched shadows, medium wide shot, static centred composition, eye-level camera, subject centred and filling the middle third of the frame. A botanist man stands among potting benches, facing the viewer, one hand on a terracotta pot. He has straight pale hair, freckled fair skin, a knitted wool cardigan over a cotton shirt, and small round glasses. Broad waxy monstera leaves crowd the left of the frame and fine ferns the right. A glass carafe half full of water sits on the bench in front of him, beside damp dark soil and a brass watering can. Behind him the greenhouse panes show a pale cyan to warm cream sky gradient, with condensation beading on the glass."
289,push,P02,1618033,Block_6=0.200,Block_6,0.200,Real Value,,,euler_ancestral,simple,9,1.0,1.0,1024,1280,P02_Block_6pos_0.200_krea2_seed1618033,P02_Block_6pos_0.200_krea2_seed1618033_00001_.png,7919c95fcf,"Western comics style, bold ink outlines, hatched shadows, medium wide shot, static centred composition, eye-level camera, subject centred and filling the middle third of the frame. A botanist man stands among potting benches, facing the viewer, one hand on a terracotta pot. He has straight pale hair, freckled fair skin, a knitted wool cardigan over a cotton shirt, and small round glasses. Broad waxy monstera leaves crowd the left of the frame and fine ferns the right. A glass carafe half full of water sits on the bench in front of him, beside damp dark soil and a brass watering can. Behind him the greenhouse panes show a pale cyan to warm cream sky gradient, with condensation beading on the glass."
290,push,P02,1618033,Block_6=0.350,Block_6,0.350,Real Value,,,euler_ancestral,simple,9,1.0,1.0,1024,1280,P02_Block_6pos_0.350_krea2_seed1618033,P02_Block_6pos_0.350_krea2_seed1618033_00001_.png,7919c95fcf,"Western comics style, bold ink outlines, hatched shadows, medium wide shot, static centred composition, eye-level camera, subject centred and filling the middle third of the frame. A botanist man stands among potting benches, facing the viewer, one hand on a terracotta pot. He has straight pale hair, freckled fair skin, a knitted wool cardigan over a cotton shirt, and small round glasses. Broad waxy monstera leaves crowd the left of the frame and fine ferns the right. A glass carafe half full of water sits on the bench in front of him, beside damp dark soil and a brass watering can. Behind him the greenhouse panes show a pale cyan to warm cream sky gradient, with condensation beading on the glass."
291,push,P02,1618033,Block_6=0.500,Block_6,0.500,Real Value,,,euler_ancestral,simple,9,1.0,1.0,1024,1280,P02_Block_6pos_0.500_krea2_seed1618033,P02_Block_6pos_0.500_krea2_seed1618033_00001_.png,7919c95fcf,"Western comics style, bold ink outlines, hatched shadows, medium wide shot, static centred composition, eye-level camera, subject centred and filling the middle third of the frame. A botanist man stands among potting benches, facing the viewer, one hand on a terracotta pot. He has straight pale hair, freckled fair skin, a knitted wool cardigan over a cotton shirt, and small round glasses. Broad waxy monstera leaves crowd the left of the frame and fine ferns the right. A glass carafe half full of water sits on the bench in front of him, beside damp dark soil and a brass watering can. Behind him the greenhouse panes show a pale cyan to warm cream sky gradient, with condensation beading on the glass."
292,push,P02,1618033,Block_6=-0.080,Block_6,-0.080,Real Value,,,euler_ancestral,simple,9,1.0,1.0,1024,1280,P02_Block_6neg_0.080_krea2_seed1618033,P02_Block_6neg_0.080_krea2_seed1618033_00001_.png,7919c95fcf,"Western comics style, bold ink outlines, hatched shadows, medium wide shot, static centred composition, eye-level camera, subject centred and filling the middle third of the frame. A botanist man stands among potting benches, facing the viewer, one hand on a terracotta pot. He has straight pale hair, freckled fair skin, a knitted wool cardigan over a cotton shirt, and small round glasses. Broad waxy monstera leaves crowd the left of the frame and fine ferns the right. A glass carafe half full of water sits on the bench in front of him, beside damp dark soil and a brass watering can. Behind him the greenhouse panes show a pale cyan to warm cream sky gradient, with condensation beading on the glass."
293,push,P02,1618033,Block_6=-0.200,Block_6,-0.200,Real Value,,,euler_ancestral,simple,9,1.0,1.0,1024,1280,P02_Block_6neg_0.200_krea2_seed1618033,P02_Block_6neg_0.200_krea2_seed1618033_00001_.png,7919c95fcf,"Western comics style, bold ink outlines, hatched shadows, medium wide shot, static centred composition, eye-level camera, subject centred and filling the middle third of the frame. A botanist man stands among potting benches, facing the viewer, one hand on a terracotta pot. He has straight pale hair, freckled fair skin, a knitted wool cardigan over a cotton shirt, and small round glasses. Broad waxy monstera leaves crowd the left of the frame and fine ferns the right. A glass carafe half full of water sits on the bench in front of him, beside damp dark soil and a brass watering can. Behind him the greenhouse panes show a pale cyan to warm cream sky gradient, with condensation beading on the glass."
294,push,P02,1618033,Block_6=-0.350,Block_6,-0.350,Real Value,,,euler_ancestral,simple,9,1.0,1.0,1024,1280,P02_Block_6neg_0.350_krea2_seed1618033,P02_Block_6neg_0.350_krea2_seed1618033_00001_.png,7919c95fcf,"Western comics style, bold ink outlines, hatched shadows, medium wide shot, static centred composition, eye-level camera, subject centred and filling the middle third of the frame. A botanist man stands among potting benches, facing the viewer, one hand on a terracotta pot. He has straight pale hair, freckled fair skin, a knitted wool cardigan over a cotton shirt, and small round glasses. Broad waxy monstera leaves crowd the left of the frame and fine ferns the right. A glass carafe half full of water sits on the bench in front of him, beside damp dark soil and a brass watering can. Behind him the greenhouse panes show a pale cyan to warm cream sky gradient, with condensation beading on the glass."
295,push,P02,1618033,Block_6=-0.500,Block_6,-0.500,Real Value,,,euler_ancestral,simple,9,1.0,1.0,1024,1280,P02_Block_6neg_0.500_krea2_seed1618033,P02_Block_6neg_0.500_krea2_seed1618033_00001_.png,7919c95fcf,"Western comics style, bold ink outlines, hatched shadows, medium wide shot, static centred composition, eye-level camera, subject centred and filling the middle third of the frame. A botanist man stands among potting benches, facing the viewer, one hand on a terracotta pot. He has straight pale hair, freckled fair skin, a knitted wool cardigan over a cotton shirt, and small round glasses. Broad waxy monstera leaves crowd the left of the frame and fine ferns the right. A glass carafe half full of water sits on the bench in front of him, beside damp dark soil and a brass watering can. Behind him the greenhouse panes show a pale cyan to warm cream sky gradient, with condensation beading on the glass."
