prompt_id,arm,seed,stroke_width_median_px,stroke_width_std_px,stroke_width_cv,edge_density,contour_mean_length_px,contour_n_components,crosshatch_entropy_mean,crosshatch_entropy_p90,color_top4_cluster_share,color_cluster_entropy_norm,color_n_effective,colorfulness_hs,luminance_hist_n_peaks,shadow_edge_transition_width_px,shadow_edge_transition_width_std,glcm_contrast,glcm_homogeneity,glcm_energy,glcm_correlation,lbp_entropy,lbp_uniform_share,fft_radial_slope,fft_high_freq_share
F1cartoon_blacksmith,baseline,5772156,2.799999952316284,1.3216191530227661,0.4720068484035023,0.0780975341796875,81.8912,1250,3.357731342315674,4.042769432067871,0.5405,0.888582076861829,11.747878194490792,39.314659118652344,1,22.0,4.708668870486063,3.5987133628057544,0.7662916140055314,0.20233823370550158,0.9098601809149178,3.1675179969210983,0.8164672851562501,-3.485660764876541,1.0109017912963745e-05
F1cartoon_blacksmith,blk16_pos_d0.300,5772156,4.0,1.9677481651306152,0.4919370412826538,0.0606842041015625,103.16472114137484,771,3.0241618156433105,3.921192169189453,0.5967499999999999,0.8634688391840645,10.957717094511596,46.806888580322266,3,20.0,6.2668311931052445,3.7788859988893773,0.8176641564980167,0.22520702027733902,0.9344317398832864,2.8691477481878613,0.8965736389160157,-3.546050539707907,9.890693995372705e-06
F1cartoon_blacksmith,blk20_pos_d0.450,5772156,4.0,2.1934850215911865,0.5483712553977966,0.068927001953125,87.7126213592233,1030,3.062333822250366,3.857130289077759,0.50685,0.912459436366479,12.551933817749113,49.831443786621094,1,20.0,6.4512792805920425,3.9227594999754793,0.8057757517213497,0.19820695555512255,0.9223251027599887,3.0164617289035696,0.8657737731933594,-3.7269652230206223,6.070002852470013e-06
F1cartoon_blacksmith,blk23_neg_d0.300,5772156,2.799999952316284,1.4941210746765137,0.5336146786147301,0.08595428466796876,85.15646258503402,1323,3.263885259628296,4.045097827911377,0.5164,0.9110757036289759,12.503870307549029,48.13737869262695,2,22.0,4.765121963349615,4.401348899612294,0.7586721173001507,0.19410170428212153,0.8966499355421093,3.1657397222860117,0.8292686462402344,-3.5325002237898775,9.30305980420264e-06
F1cartoon_blacksmith,blk26_pos_d0.150,5772156,2.799999952316284,1.4844237565994263,0.5301513506710759,0.09411087036132812,67.96308539944904,1815,3.7413723468780518,4.0900421142578125,0.508,0.9094778031365716,12.448596680149326,38.27321243286133,1,24.0,4.265317359950544,3.5319331812080113,0.7206919428746452,0.17531953606528095,0.9143706691642608,3.163502255043417,0.87506103515625,-3.582003963954293,7.463547182061467e-06
F1cartoon_blacksmith,blk27_neg_d0.250,5772156,2.799999952316284,1.759919285774231,0.6285426127662422,0.026660919189453125,56.36290322580645,620,3.6714909076690674,4.053405284881592,0.6484,0.8313912527888406,10.025240984432948,44.59811019897461,1,24.0,4.5413741306435735,0.7202676273910933,0.8525323064666748,0.282616303388505,0.9827090566988375,3.0127435951259613,0.8213401794433594,-3.351377078996048,7.557365685252213e-06
F1cartoon_blacksmith,blk09_pos_d0.450,5772156,4.0,2.224696636199951,0.5561741590499878,0.048394775390625,71.59367945823928,886,3.446023464202881,4.032989501953125,0.6059,0.860921587698409,10.880601064332712,44.872772216796875,2,22.0,5.529766456707297,1.712069475476393,0.7838972465223983,0.20774201839182083,0.9666575456227813,3.129475497121259,0.8597114562988282,-3.7023784879860515,5.857637977669712e-06
F1cartoon_blacksmith,combo,5772156,4.0,2.00016713142395,0.5000417828559875,0.04095001220703125,99.58070500927644,539,3.1076314449310303,3.974255323410034,0.6059,0.8642290641497715,10.980838032300156,55.205810546875,3,21.0,5.543644811498865,1.7125895453193696,0.8382319919036605,0.24310784067256314,0.9693232748689398,2.9562948755028713,0.8578697204589845,-3.6680448450289123,5.395271183106756e-06
F1cartoon_blacksmith,blk03_pos_d0.400,5772156,2.799999952316284,1.96730375289917,0.7026084951436263,0.06468276977539063,72.58647260273973,1168,3.552367687225342,4.042312145233154,0.62405,0.8487151133507147,10.51852461414663,37.15066146850586,2,23.0,4.593367021215348,2.0826223171937697,0.7783579543264041,0.20638136908184246,0.9482264406585569,3.1684523539628633,0.8295394897460937,-3.6505286782528503,5.721948479722288e-06
F1cartoon_blacksmith,blk06_pos_d0.450,5772156,4.0,1.5077762603759766,0.37694406509399414,0.068621826171875,89.67497507477567,1003,3.339935541152954,4.051414489746094,0.5735,0.8920125358375656,11.86014829113441,43.04545974731445,2,23.0,4.546900938083656,3.371946602806658,0.7827484690171024,0.21288842430897567,0.9281353772343105,3.1421458103648057,0.8341438293457031,-3.550265061438921,7.820197563887284e-06
F1cartoon_blacksmith,blk13_neg_d0.450,5772156,4.0,1.6386090517044067,0.4096522629261017,0.06366653442382812,90.90305010893246,918,3.446000576019287,4.033804416656494,0.58105,0.8707563086422768,11.181371349488144,39.461448669433594,2,22.0,4.967582264165706,2.6309464729578567,0.789085503198465,0.21775875685867338,0.9337960321125938,3.154316330659829,0.8128692626953126,-3.5960981195433877,7.280592587082974e-06
F1cartoon_blacksmith,blk17_pos_d0.400,5772156,2.799999952316284,1.7492259740829468,0.6247235728114601,0.038409423828125,74.91666666666667,672,3.632850170135498,4.093511581420898,0.47485,0.932230740552203,13.259210430587629,40.685089111328125,1,24.0,4.678557035954965,1.2362927641993213,0.8119757340247524,0.2069323404158292,0.9700012970140311,3.171987144105066,0.8333442687988282,-3.628173711241163,4.4111743391450455e-06
F1cartoon_blacksmith,baseline,1414213,2.799999952316284,1.3933660984039307,0.49763075790457656,0.06635589599609375,82.7535680304472,1051,3.412508010864258,4.05490779876709,0.4887,0.9149026960375389,12.637251203359504,40.056304931640625,3,22.0,4.699897064309825,3.3182572065942546,0.7832034509978516,0.21605522107025324,0.9135461150675891,3.1563775195231982,0.812152099609375,-3.5258340926096565,8.682852307304175e-06
F1cartoon_blacksmith,blk16_pos_d0.300,1414213,4.0,1.5989940166473389,0.3997485041618347,0.07173538208007812,127.0608108108108,740,2.964716672897339,3.9486026763916016,0.52255,0.8943630458017229,11.937693252630899,46.228492736816406,4,19.0,6.5615696630362566,4.0804115758953134,0.8006442273620156,0.2215851980930568,0.9213663802309016,2.8900259425673096,0.9028488159179688,-3.453180714645733,1.2786911751466687e-05
F1cartoon_blacksmith,blk20_pos_d0.450,1414213,4.0,1.9813886880874634,0.49534717202186584,0.06215744018554688,90.02320441988951,905,3.088224411010742,3.8991031646728516,0.46275000000000005,0.9298064058547955,13.170385083050567,52.087615966796875,2,21.0,5.783151714247172,3.272596316732014,0.8132507151635315,0.19866544016515914,0.9242271711231635,3.046119516682592,0.8523910522460938,-3.7301869427900662,4.834611063093741e-06
F1cartoon_blacksmith,blk23_neg_d0.300,1414213,2.799999952316284,1.5093541145324707,0.5390550500845066,0.07662277221679688,84.89518174133559,1183,3.30615496635437,4.051416397094727,0.47805,0.9253967643959503,13.010342688394326,48.76068115234375,4,23.0,5.008216450399044,3.900647385666888,0.7711541682613554,0.20253075155007294,0.9056805507132565,3.155364047065423,0.8252578735351562,-3.570164155190043,8.211035113711206e-06
F1cartoon_blacksmith,blk26_pos_d0.150,1414213,2.799999952316284,1.3943443298339844,0.49798012627840255,0.08651580810546874,59.683157894736844,1900,3.732114315032959,4.095867156982422,0.48105,0.923078544999959,12.926987283801441,41.16120910644531,2,24.0,4.030058920431429,3.2610029423347693,0.732109022789507,0.18240408093234473,0.9145159979717057,3.163063378852766,0.8741569519042969,-3.535696078149473,7.999237426937043e-06
F1cartoon_blacksmith,blk27_neg_d0.250,1414213,2.799999952316284,1.3941270112991333,0.497902512514634,0.030547332763671876,69.51215277777777,576,3.542952537536621,4.006938457489014,0.48875,0.9113617850882171,12.513792139677955,47.84054183959961,2,24.0,4.258375181800413,0.7747793667971365,0.853370419402655,0.25864896419231564,0.9785580935993339,3.033120960774888,0.8109504699707031,-3.4784405322778538,5.649283810309255e-06
F1cartoon_blacksmith,blk09_pos_d0.450,1414213,4.0,1.942488670349121,0.4856221675872803,0.046260833740234375,72.18452380952381,840,3.519536018371582,4.0467023849487305,0.5539,0.8815797261009286,11.521997177484565,41.31959915161133,1,23.0,4.821361883938872,1.5676534094842678,0.7772132325889438,0.20445721329533054,0.9653093205243153,3.1488530375705075,0.8600456237792968,-3.6331857658917657,5.999013628073634e-06
F1cartoon_blacksmith,combo,1414213,4.0,1.6023401021957397,0.40058502554893494,0.05485382080078125,111.81648522550545,643,2.891432762145996,3.9314541816711426,0.54175,0.9002569820207357,12.134375261258171,54.255279541015625,3,20.0,6.631374845759117,2.77330668402571,0.8209632844189012,0.22160786521498266,0.9430343391368251,3.0002698592287778,0.8464637756347656,-3.6106455814352287,7.502264016261122e-06
F1cartoon_blacksmith,blk03_pos_d0.400,1414213,2.799999952316284,1.8686929941177368,0.667390366407639,0.07885055541992188,81.3147128245476,1271,3.3842391967773438,4.0460004806518555,0.5145,0.9060417257795714,12.330564154779843,39.86277389526367,1,23.0,4.722605340003097,3.4183540654831566,0.7571547368253566,0.1908244721670199,0.9217656649137458,3.175213597931716,0.8209281921386717,-3.5921133176753135,8.002010651298254e-06
F1cartoon_blacksmith,blk06_pos_d0.450,1414213,4.0,1.3145052194595337,0.3286263048648834,0.074041748046875,107.47286821705427,903,3.177812337875366,4.0443572998046875,0.52195,0.9067430901205502,12.354565435300618,41.8113899230957,2,22.0,4.672082374141669,3.6744908687637734,0.7758796176697752,0.20493569365934966,0.9176546696619803,3.1446936262452256,0.8289817810058594,-3.511795319144053,8.876863974345274e-06
F1cartoon_blacksmith,blk13_neg_d0.450,1414213,4.0,1.5173757076263428,0.3793439269065857,0.07067184448242188,101.56907894736842,912,3.3766098022460938,4.031519889831543,0.51585,0.8910088394507454,11.827189309303826,41.9105110168457,2,22.0,4.896169336160976,2.982938943994826,0.7766605856222653,0.216545154236355,0.9146528949156336,3.1625624832487733,0.8132164001464843,-3.5597131556704906,8.38631270513511e-06
F1cartoon_blacksmith,blk17_pos_d0.400,1414213,2.799999952316284,1.7994939088821411,0.64267640697405,0.03990325927734375,67.31274131274131,777,3.6586368083953857,4.089846134185791,0.49585,0.9302085969318643,13.185079708556817,41.51062774658203,1,24.0,5.004358948376467,1.2366402856873513,0.8141627885598968,0.21409368584554886,0.9688949234250193,3.165851998238849,0.8331428527832031,-3.6295509073146777,4.308936081859602e-06
F1cartoon_rally,baseline,5772156,2.799999952316284,1.8005294799804688,0.6430462538011799,0.11012496948242187,58.77157980456026,2456,2.996905565261841,3.907895803451538,0.48405,0.9333490388883315,13.30038549155517,45.68138122558594,4,20.0,6.178447352944683,6.970288923178259,0.7368920622452434,0.14897917263958133,0.9096983517001166,3.1476338117805214,0.8209861755371093,-3.401719632474365,9.818816743676624e-06
F1cartoon_rally,blk16_pos_d0.300,5772156,4.0,2.456817626953125,0.6142044067382812,0.08927154541015625,74.67134652201659,1567,2.762685537338257,3.805757522583008,0.38995,0.9653796135517219,14.535597331047251,68.38489532470703,7,16.0,7.301048822774748,7.891005192602955,0.797478529784365,0.18371369536149923,0.9277076899028377,2.6716830194130408,0.9367713928222656,-3.507366410033552,1.0179704187415475e-05
F1cartoon_rally,blk20_pos_d0.450,5772156,4.393799781799316,2.4553277492523193,0.5588164848619551,0.0608245849609375,144.95272727272726,550,2.7844865322113037,3.69455885887146,0.44810000000000005,0.9372676002922805,13.445676146828662,73.63380432128906,6,14.0,7.311677598083531,3.6039608849150513,0.8332133633879459,0.1586817904356247,0.9624941411432417,2.8682472387918128,0.9012046813964844,-3.8485518276605486,2.6860148380052398e-06
F1cartoon_rally,blk23_neg_d0.300,5772156,2.799999952316284,1.9189426898956299,0.6853366866339392,0.11929244995117187,58.49569771791994,2673,2.8333613872528076,3.8095388412475586,0.4496,0.9338800223127982,13.319980721675007,56.52687072753906,5,18.0,6.328621051063928,9.820039487425458,0.7308190204170026,0.1475869747591811,0.8846446070642429,3.1014033782447066,0.8434379577636719,-3.414765919889779,1.1489350551068057e-05
F1cartoon_rally,blk26_pos_d0.150,5772156,2.0,1.7034332752227783,0.8517166376113892,0.12844009399414064,45.90919007362967,3667,3.568551540374756,4.0442304611206055,0.44805,0.9426620446073568,13.648288835851286,44.269657135009766,3,23.0,4.795822867879913,6.358099897361759,0.674376968617096,0.12246734051705929,0.9239128446475982,3.178600284634054,0.8689331054687499,-3.4152709587307064,8.639834340663114e-06
F1cartoon_rally,blk27_neg_d0.250,5772156,2.0,1.4118702411651611,0.7059351205825806,0.05878143310546875,61.88433734939759,1245,3.5584614276885986,4.044816017150879,0.55185,0.9051676552390119,12.300717975318534,54.166725158691406,5,23.0,4.813459960031661,2.0484909049806483,0.7627364988573588,0.13568154192025245,0.9801392295089504,3.1866699657218174,0.8041465759277344,-3.511438823395147,4.190057332291965e-06
F1cartoon_rally,blk09_pos_d0.450,5772156,2.799999952316284,1.9746726751327515,0.7052402531290097,0.14486160278320312,45.50035945363048,4173,2.9170267581939697,3.9241373538970947,0.4574,0.9402100740470751,13.555818270761069,60.85141372680664,5,20.0,6.676084133503246,12.258069085600741,0.6897604349038013,0.1275600652381297,0.8774076231614192,3.0981129806708223,0.8502868652343749,-3.2410577933730282,2.178317652924691e-05
F1cartoon_rally,combo,5772156,4.0,2.3739542961120605,0.5934885740280151,0.06607513427734375,108.52882205513785,798,2.6844961643218994,3.759500503540039,0.47229999999999994,0.9371722017921709,13.442120224949862,82.97236633300781,6,16.0,6.657806995738165,3.814408288127744,0.8252469468361697,0.17128128010092614,0.9608777232586463,2.8123873471023897,0.8993377685546875,-3.7735150030983378,3.6872503195360733e-06
F1cartoon_rally,blk03_pos_d0.400,5772156,6.0,3.0418660640716553,0.5069776773452759,0.06611404418945313,215.56467661691542,402,2.520831346511841,3.4411163330078125,0.50795,0.9262649056044918,13.041696282933774,78.1960220336914,9,10.0,7.11022900359584,5.873970046074864,0.8383774132804231,0.171935634593549,0.9578035162633821,2.4835513803924143,0.9472412109374999,-3.7705352503859983,5.324949307265353e-06
F1cartoon_rally,blk06_pos_d0.450,5772156,4.0,2.052218437194824,0.513054609298706,0.11550445556640625,110.34548104956268,1372,2.8748154640197754,3.8362951278686523,0.49305,0.927621676209961,13.090848495682685,49.428489685058594,4,18.0,6.14193421325154,6.395023357365379,0.7334720678021036,0.13675162258336665,0.9338198144855238,3.131371155431719,0.8238006591796875,-3.553397090999726,6.858982261416156e-06
F1cartoon_rally,blk13_neg_d0.450,5772156,4.393799781799316,2.4055745601654053,0.5474929854860824,0.0633697509765625,161.28155339805826,515,2.949856758117676,3.8195996284484863,0.3986,0.9571324609069849,14.206998094988819,61.795814514160156,8,12.0,7.468196968058684,4.629431191189202,0.8280361110187198,0.16669007405725622,0.9552400166018906,3.0515469274162683,0.8139167785644531,-3.684166718557881,3.7693267892558693e-06
F1cartoon_rally,blk17_pos_d0.400,5772156,4.393799781799316,2.489495038986206,0.5665927358134482,0.05913467407226562,141.95787545787545,546,2.9601683616638184,3.8208513259887695,0.4518,0.9276592008226265,13.092210542574197,67.79667663574219,4,15.0,7.3727885052626,3.8714371929789477,0.824575866765799,0.1627816185951037,0.9636885566500737,3.0001710055710973,0.8564926147460937,-3.8460281793775897,2.85691087079437e-06
F1cartoon_rally,baseline,1414213,2.799999952316284,1.9516150951385498,0.6970054029908419,0.10330963134765625,76.9812393405344,1759,3.021747589111328,3.9094645977020264,0.44810000000000005,0.9403741701402838,13.56198717787953,52.6773681640625,4,21.0,6.088904434721087,5.825151345937161,0.745304419481083,0.1429280024130522,0.9302860505113787,3.139791281803656,0.8179122924804687,-3.560906885886115,6.154252936601345e-06
F1cartoon_rally,blk16_pos_d0.300,1414213,4.0,2.8343682289123535,0.7085920572280884,0.07992019653320312,56.470619946091645,1855,2.4821012020111084,3.5111100673675537,0.5202,0.9038185222213648,12.254791969247352,70.48481750488281,5,16.0,7.867082428543633,9.40166337126513,0.8053950902776174,0.18439957654981962,0.9347946970019493,2.554407974199706,0.940447998046875,-3.556625922480816,8.840978249555436e-06
F1cartoon_rally,blk20_pos_d0.450,1414213,4.393799781799316,2.2734673023223877,0.5174262404354197,0.06899948120117187,114.47974683544304,790,2.7035329341888428,3.665060520172119,0.44275,0.9507049277110371,13.956059137626925,72.81143951416016,5,15.0,7.146159155850672,5.008853688214119,0.811528163972272,0.15107890227412046,0.9541447039621065,2.9190818353314905,0.8986503601074219,-3.819087379812013,3.954158445291324e-06
F1cartoon_rally,blk23_neg_d0.300,1414213,4.0,2.4192652702331543,0.6048163175582886,0.08999099731445312,115.41389432485323,1022,2.80560040473938,3.7188942432403564,0.45275,0.9517465036352312,13.996420556793181,76.14049530029297,6,16.0,7.530162878667163,5.991518452895313,0.7896386890038543,0.14918512732790556,0.9373932252003483,3.034571744734782,0.8390609741210938,-3.6923231096551437,5.245830524987473e-06
F1cartoon_rally,blk26_pos_d0.150,1414213,2.799999952316284,1.971200942993164,0.7040003487723274,0.11917343139648437,64.8953053593685,2407,3.4481358528137207,4.0026445388793945,0.47024999999999995,0.92615495012971,13.037720980317864,49.944576263427734,7,21.0,5.778805223588356,6.468155582981531,0.7016078568100912,0.12716376001178858,0.9293946591375379,3.1508315889001044,0.8742782592773438,-3.5331514711928858,7.95948078788174e-06
F1cartoon_rally,blk27_neg_d0.250,1414213,2.799999952316284,2.187540292739868,0.7812644035690921,0.03712615966796875,87.36445242369838,557,3.4136011600494385,3.9995641708374023,0.5367,0.9113990474382769,12.515085046017877,60.754634857177734,4,20.0,5.516325674825396,1.6160266031557455,0.8147890166965174,0.14784217073415357,0.9865899010316288,3.139641772156272,0.8185745239257811,-3.7373233366519587,2.627703896304937e-06
F1cartoon_rally,blk09_pos_d0.450,1414213,2.799999952316284,1.9952770471572876,0.7125989575488049,0.13601608276367189,52.23527688250806,3413,3.021582841873169,3.9288170337677,0.49545000000000006,0.9321347642000671,13.255682584962928,61.41057205200195,5,19.0,6.757078858062364,10.696363113249904,0.7042171720663141,0.1302847652373979,0.8916186297087315,3.0893359384164887,0.8510963439941406,-3.21821201995324,2.2406673246084504e-05
F1cartoon_rally,combo,1414213,4.393799781799316,2.567218780517578,0.5842821493942243,0.06914825439453125,117.40155440414507,772,2.7220373153686523,3.7881405353546143,0.4931000000000001,0.9305416815022213,13.19726183995131,82.2573471069336,6,15.0,6.782214841095091,4.422213677861706,0.8129368407932607,0.16342681234661163,0.9603542737078784,2.907545188095746,0.8818397521972656,-3.8610718193410984,3.110222679150401e-06
F1cartoon_rally,blk03_pos_d0.400,1414213,5.599999904632568,2.7221319675445557,0.4860950024825335,0.08369827270507812,208.56463878326997,526,2.753574848175049,3.6280465126037598,0.47445000000000004,0.9349009581988946,13.357738143154284,64.3193359375,6,14.0,7.12689496871877,5.679110992884619,0.803876831539218,0.16660133769480667,0.9559167535905286,2.9347308404307806,0.8668853759765626,-3.712847918760967,5.599557159931703e-06
F1cartoon_rally,blk06_pos_d0.450,1414213,4.0,2.090898275375366,0.5227245688438416,0.10805282592773438,131.37940630797775,1078,2.909464120864868,3.7778849601745605,0.50705,0.9246475619945792,12.983345262218158,53.525272369384766,6,18.0,6.258425673385856,6.297100691415066,0.7406449157131829,0.1378502455222875,0.9413401193126147,3.1355860665680497,0.8180793762207031,-3.5882521545240267,6.7821109278683775e-06
F1cartoon_rally,blk13_neg_d0.450,1414213,4.0,2.3818509578704834,0.5954627394676208,0.07000350952148438,154.21008403361344,595,2.9181907176971436,3.781721591949463,0.5093500000000001,0.9241041632172695,12.963799005520686,64.15234375,7,15.0,7.166105300669809,4.731092869744247,0.8135083247140615,0.15488527963336535,0.9526416363166947,3.058686691159287,0.8161605834960938,-3.7090981780991976,4.34018977797328e-06
F1cartoon_rally,blk17_pos_d0.400,1414213,4.0,2.410158395767212,0.602539598941803,0.057292938232421875,113.78030303030303,660,3.110887050628662,3.9344353675842285,0.4375,0.9468347929390167,13.80710712606972,71.21385955810547,5,17.0,6.962138088844988,3.104392671140829,0.8128052522701097,0.14994242036631295,0.9716316634296565,3.055140634913707,0.8633895874023437,-3.894590755736423,2.0651252563705613e-06
F1cartoon_fox,baseline,5772156,4.0,2.2260117530822754,0.5565029382705688,0.07179489135742187,96.81378600823045,972,3.1942644119262695,3.9149231910705566,0.3839,0.9671372209213135,14.60660394702421,48.804969787597656,4,15.0,6.832736227661818,6.649903982007844,0.8027509835359807,0.15579989006235817,0.9415348221350247,3.082122386852182,0.7951080322265625,-3.4939474123088767,4.5201661919386965e-06
F1cartoon_fox,blk16_pos_d0.300,5772156,4.393799781799316,2.8279407024383545,0.6436207480715649,0.09233245849609376,94.47462919594066,1281,2.6880226135253906,3.6608850955963135,0.44965000000000005,0.9298145947375266,13.170684112187743,58.200538635253906,5,11.5,7.01511660184633,12.111270439084315,0.7832491942087949,0.20720926823678767,0.9318099453115501,2.692520120902311,0.9189559936523437,-3.42420519479586,9.413441263152196e-06
F1cartoon_fox,blk20_pos_d0.450,5772156,4.393799781799316,2.7856862545013428,0.6340039129777026,0.0576812744140625,121.16025641025641,624,2.854496717453003,3.611729145050049,0.345,0.9824921066115592,15.241874394806189,63.65174865722656,4,15.5,7.100591754214482,4.574865921267468,0.8344788702668929,0.15121916848594774,0.9646784156554364,2.8877599688981133,0.8949836730957033,-3.766829513114445,2.3678186897018785e-06
F1cartoon_fox,blk23_neg_d0.300,5772156,4.393799781799316,2.491889715194702,0.5671377484056048,0.07748260498046874,113.59955257270694,894,3.051751136779785,3.818617582321167,0.37934999999999997,0.9746336273382689,14.913371154785606,61.96800994873047,6,13.0,7.006054078530619,8.801314572060905,0.7986833963843858,0.15134860499236535,0.9313258709346125,3.0497048981051305,0.8173736572265625,-3.5139714854075756,5.718791255630647e-06
F1cartoon_fox,blk26_pos_d0.150,5772156,4.0,2.0439164638519287,0.5109791159629822,0.08693466186523438,77.40964673913044,1472,3.609628915786743,4.042351245880127,0.37015,0.9739553473042044,14.885351549641937,48.15140151977539,5,19.0,6.19657184161682,5.75867551334823,0.7497944158133781,0.1361436818616804,0.9453666464339466,3.171197707363364,0.8561012268066406,-3.6040964684885295,3.442591600060255e-06
F1cartoon_fox,blk27_neg_d0.250,5772156,2.799999952316284,1.9633471965789795,0.7011954392909227,0.036975860595703125,61.89655172413793,783,3.5296382904052734,3.9786922931671143,0.4407,0.9364141313284224,13.413897010246663,69.73764038085938,4,18.0,5.6205323014639665,1.4716466077407209,0.8453262032471024,0.18691358019172902,0.9864550987848348,2.9899132523944107,0.84344482421875,-3.6833691334631156,1.1869487515221924e-06
F1cartoon_fox,blk09_pos_d0.450,5772156,4.0,2.193394660949707,0.5483486652374268,0.09418258666992188,74.59033232628398,1655,2.923449993133545,3.829385280609131,0.35705,0.9790804985396998,15.098381436140308,53.13584899902344,8,14.0,6.741409234573637,10.709923602347082,0.7673347187691439,0.15345651708340094,0.9229116345383963,3.049441877472879,0.8290756225585938,-3.4217428763981093,7.899764129491798e-06
F1cartoon_fox,combo,5772156,5.599999904632568,2.702122449874878,0.4825218742663839,0.06927032470703125,137.98480243161094,658,2.5639166831970215,3.576901435852051,0.43250000000000005,0.9516722621714075,13.993539815452609,88.12641143798828,6,12.0,6.802378492159003,7.411343201550809,0.8201898970174033,0.1645212198857437,0.9567114536102773,2.6924836369684106,0.9043289184570312,-3.4282038081419506,7.080196179579613e-06
F1cartoon_fox,blk03_pos_d0.400,5772156,4.393799781799316,2.6119096279144287,0.5944534930184777,0.07921524047851562,155.6656671664168,667,2.9262869358062744,3.763423442840576,0.40654999999999997,0.9630418012540461,14.441685300311953,52.44660568237305,5,12.0,6.552448165001041,6.430416614397782,0.8019365858411948,0.14469778678686931,0.9513071028843315,3.005024731818145,0.8280708312988281,-3.597534515956097,3.78103504036444e-06
F1cartoon_fox,blk06_pos_d0.450,5772156,4.393799781799316,2.111680746078491,0.4806046818122721,0.09054489135742187,117.73710317460318,1008,3.0499868392944336,3.952775001525879,0.3906,0.970213273036154,14.731710966955452,47.354915618896484,6,15.0,6.814117022082655,8.377021351793267,0.7592343465673466,0.14638947669388902,0.9324286899639705,3.1339406337526756,0.8043739318847656,-3.5798515382724463,4.333614148892607e-06
F1cartoon_fox,blk13_neg_d0.450,5772156,4.393799781799316,2.297435760498047,0.5228813042448689,0.07697296142578125,109.66304347826087,920,3.172252893447876,3.959444761276245,0.38835000000000003,0.9742130312541668,14.895990213027682,52.39031219482422,6,15.0,7.067592650092933,6.705576587172031,0.7834067421079343,0.15239991468541064,0.9396956420338483,3.1140829698020216,0.7915336608886719,-3.5271633218293967,4.118305250761263e-06
F1cartoon_fox,blk17_pos_d0.400,5772156,4.393799781799316,2.386913537979126,0.5432458592825672,0.07765121459960937,77.28094153378892,1317,3.107393980026245,3.85758900642395,0.47455,0.9418272705588608,13.616736602202451,52.78318405151367,6,14.0,6.6077623381620185,7.041226679374695,0.7840412441420561,0.15576042655423028,0.9553781783147688,3.0586752226206495,0.8597129821777344,-3.5425311566269753,4.9051072503840326e-06
F1cartoon_fox,baseline,1414213,4.0,2.36385440826416,0.59096360206604,0.07198638916015625,113.13429256594725,834,3.0428032875061035,3.8818676471710205,0.38775,0.9729034157064568,14.842000573915541,60.436485290527344,7,13.0,7.604501882634737,7.306888953625254,0.8047984217556803,0.15232751272249984,0.9329822930672895,3.0526107145106582,0.7972801208496094,-3.514438584917683,4.5927246035730064e-06
F1cartoon_fox,blk16_pos_d0.300,1414213,5.599999904632568,2.6838245391845703,0.4792543901588983,0.08603286743164062,122.17226435536294,923,2.702624559402466,3.585679531097412,0.45039999999999997,0.9384267912209113,13.488959526305724,66.3274917602539,7,11.0,6.945266658127119,13.354330550257135,0.7997866937024498,0.17207469793061866,0.9288633546761083,2.656342661613474,0.9317619323730468,-3.5995951108336097,6.29623833921309e-06
F1cartoon_fox,blk20_pos_d0.450,1414213,4.393799781799316,2.7789788246154785,0.6324773459471227,0.0569091796875,104.9113924050633,711,2.7679598331451416,3.579369306564331,0.38060000000000005,0.9669704138209552,14.59985013739341,71.9654541015625,5,13.0,7.467685301823892,4.7049565683881704,0.8431306785554682,0.15797806798963712,0.9596548112685146,2.8086783606429457,0.9040794372558594,-3.648261839025775,3.3544416912106636e-06
F1cartoon_fox,blk23_neg_d0.300,1414213,4.393799781799316,2.504441261291504,0.5699943979390667,0.07219009399414063,133.6454802259887,708,2.902918577194214,3.7865047454833984,0.43139999999999995,0.9619173884772558,14.39673295935015,77.16238403320312,7,11.0,7.086354584868892,8.57934063479447,0.8174722583635091,0.15868988376350907,0.9345777852504613,3.001928786002097,0.8202796936035156,-3.5789762588488854,5.071761878008846e-06
F1cartoon_fox,blk26_pos_d0.150,1414213,4.393799781799316,2.2911007404327393,0.521439495245845,0.07687454223632813,94.78927563499529,1063,3.4363741874694824,4.0186920166015625,0.36985,0.9794516247916607,15.11392537145787,59.4909553527832,6,15.0,6.658203238382906,6.249918814988174,0.7696357683443316,0.13985842129950965,0.9416640970380158,3.1427921334095283,0.8609214782714845,-3.6305956042581524,3.6565200819850815e-06
F1cartoon_fox,blk27_neg_d0.250,1414213,4.0,2.3104169368743896,0.5776042342185974,0.035176849365234374,73.88942307692308,624,3.3340678215026855,3.917841911315918,0.52155,0.9082499651809423,12.406290103862087,79.46969604492188,3,17.0,5.414666697720491,1.799658770901771,0.8489478243475892,0.18805494887564617,0.9838674191774558,2.954882279957392,0.8621147155761719,-3.8713879543581378,8.182904757332214e-07
F1cartoon_fox,blk09_pos_d0.450,1414213,4.0,2.3711318969726562,0.5927829742431641,0.0879241943359375,74.93107932379714,1538,2.9969606399536133,3.882615327835083,0.37520000000000003,0.9788191964531318,15.08744687359789,58.313350677490234,7,15.0,7.055389252069262,9.244148104928582,0.7849729004383242,0.14926788518372877,0.9265089157457784,3.016337928882051,0.8268218994140626,-3.4298305456241494,6.71061668868503e-06
F1cartoon_fox,combo,1414213,5.599999904632568,2.5874173641204834,0.46203882288998915,0.06703720092773438,133.73972602739727,657,2.664628505706787,3.6141538619995117,0.3828,0.9730911730126109,14.849728941817327,82.91962432861328,7,12.0,6.417082183516119,6.783548381059477,0.8130434853050269,0.1468233374890533,0.955701080319942,2.8649025185413572,0.904882049560547,-3.5689117920019813,4.569231530873132e-06
F1cartoon_fox,blk03_pos_d0.400,1414213,4.393799781799316,2.429670810699463,0.5529771339977814,0.09184646606445312,99.00082236842105,1216,3.02724552154541,3.8191163539886475,0.437,0.9571077956455722,14.206026559549253,48.36249542236328,6,15.0,6.990824324757779,6.4081431950939685,0.774976587472858,0.13790281805593227,0.949112453635712,3.084115714611686,0.8164321899414062,-3.4936245298444777,5.074342256080947e-06
F1cartoon_fox,blk06_pos_d0.450,1414213,4.0,2.1014835834503174,0.5253708958625793,0.07412261962890625,101.73193717277486,955,3.2473385334014893,4.001284122467041,0.4251,0.9610422906125982,14.361844702520797,47.49433517456055,4,16.0,6.431578771210778,5.4037000349798125,0.7696784584971723,0.15155655706563184,0.94723583790407,3.131827631896871,0.8239250183105469,-3.579014432811191,2.8752538391206253e-06
F1cartoon_fox,blk13_neg_d0.450,1414213,4.393799781799316,2.466503858566284,0.5613600940087032,0.077532958984375,112.41592920353982,904,3.2134382724761963,3.936537027359009,0.4319,0.9609329155651417,14.357490104363432,59.25676727294922,5,15.0,6.900761685223813,5.516470276025687,0.7836977066004168,0.14629698696597793,0.9468364224161143,3.1175609894330587,0.7921348571777344,-3.556727568601922,3.6833954654077656e-06
F1cartoon_fox,blk17_pos_d0.400,1414213,4.0,2.2461318969726562,0.5615329742431641,0.05943450927734375,53.32101300479124,1461,3.3773515224456787,4.038663387298584,0.40390000000000004,0.9606769828991517,14.347305700313356,49.955902099609375,5,17.0,6.723730173668241,4.0090830506211335,0.7914587800028156,0.14025970664102766,0.9660363089948596,3.1289527563258894,0.8544853210449218,-3.568494373081858,3.109134681478663e-06
F1cartoon_stilllife,baseline,5772156,4.0,1.4937951564788818,0.37344878911972046,0.0344970703125,400.14159292035396,113,3.160658836364746,3.9756932258605957,0.5502,0.8690214638800664,11.127717970167538,47.331199645996094,6,17.0,5.808172648167934,2.4102666327639346,0.8709016482458876,0.2708851931987439,0.9680586641271918,3.0230177626704564,0.790135955810547,-3.714513315835602,1.4245325831952536e-06
F1cartoon_stilllife,blk16_pos_d0.300,5772156,4.0,1.4441035985946655,0.3610258996486664,0.0384735107421875,241.2822966507177,209,2.568028211593628,3.9925038814544678,0.5982000000000001,0.8480972760701146,10.500521714184199,48.9427604675293,6,11.0,6.486354694654812,3.7582442114814927,0.8885047565219223,0.2430048459571344,0.959383698686138,2.5194211401845488,0.9004066467285156,-3.84841174452802,1.519022923074486e-06
F1cartoon_stilllife,blk20_pos_d0.450,5772156,6.0,1.614305853843689,0.2690509756406148,0.0272796630859375,244.9041095890411,146,2.6964638233184814,3.4614548683166504,0.5617,0.8717152068128187,11.211138033402468,48.65037155151367,5,16.0,6.453880271520288,3.6644175257827216,0.9081031862229738,0.2725476439951467,0.9603074707573637,2.563507325948114,0.8711936950683593,-3.9505578439206146,1.2675974467402477e-06
F1cartoon_stilllife,blk23_neg_d0.300,5772156,5.599999904632568,1.7255951166152954,0.308141990357501,0.039556121826171874,352.70068027210885,147,2.764482021331787,3.76466965675354,0.5074000000000001,0.8952350365897555,11.966589594120917,60.89923858642578,5,15.0,6.337300492378011,3.712787977360688,0.8748492080424566,0.23551562163553907,0.9613839542590074,2.929663633361831,0.8021697998046875,-3.7404122735395204,2.0686803253405393e-06
F1cartoon_stilllife,blk26_pos_d0.150,5772156,4.0,1.684624433517456,0.421156108379364,0.046762847900390626,189.76160990712074,323,3.4100348949432373,4.03882360458374,0.47065,0.9176468090900805,12.733765853023591,47.58058166503906,6,18.0,5.794097952186332,2.6408734467926815,0.8380311149840646,0.23017606390320572,0.9679311735694198,3.0925975366789547,0.8576835632324219,-3.8164247097735093,1.442862256857591e-06
F1cartoon_stilllife,blk27_neg_d0.250,5772156,4.393799781799316,1.2881712913513184,0.2931793334524214,0.0126678466796875,368.97777777777776,45,3.013692855834961,3.5238046646118164,0.59695,0.8536588967159411,10.663695512999492,63.635223388671875,5,17.0,5.358142751924402,0.6673895746496638,0.9281096234704279,0.2890274738476771,0.9928919266283868,2.440521368511284,0.8910415649414063,-3.9326486396721636,4.4512083374135834e-07
F1cartoon_stilllife,blk09_pos_d0.450,5772156,4.0,1.4575130939483643,0.36437827348709106,0.0427703857421875,193.97923875432525,289,2.93601131439209,3.902609348297119,0.46125,0.9354874918931428,13.37947839246269,46.29322052001953,6,16.0,5.973222540862673,4.078103241100143,0.8670676370990615,0.22070144095322167,0.9499042858042885,2.997289826052622,0.7974288940429688,-3.7293972779874034,2.037343413475745e-06
F1cartoon_stilllife,combo,5772156,5.599999904632568,1.6292858123779297,0.2909439000222325,0.02155303955078125,656.9767441860465,43,2.3741323947906494,3.274871826171875,0.54205,0.9143478907107979,12.617826933202004,58.40077209472656,6,14.0,6.472613657720464,2.5027682508060236,0.9172617213802409,0.22715685203051456,0.9767257330106552,2.1905580532885787,0.9183082580566406,-3.979381286586946,8.553258408098315e-07
F1cartoon_stilllife,blk03_pos_d0.400,5772156,4.0,1.536460041999817,0.3841150104999542,0.029317474365234374,195.06091370558374,197,3.0692920684814453,3.9286670684814453,0.45245,0.9209384173881118,12.850509622940667,42.31144332885742,6,18.0,6.469008190898488,1.388131939658416,0.8682759128876847,0.20700936417225899,0.9859537743698046,3.009073682215401,0.8073570251464844,-3.787917333216032,1.355722306459708e-06
F1cartoon_stilllife,blk06_pos_d0.450,5772156,5.599999904632568,1.5521332025527954,0.2771666480331191,0.04032211303710938,455.61206896551727,116,3.0147926807403564,3.943995714187622,0.5780500000000001,0.855707751636001,10.724444426197065,46.99091720581055,7,16.0,5.661867489379158,2.3506290259718283,0.8761151962638309,0.2724808111546559,0.97340804233755,2.9677616306064354,0.8150733947753906,-3.773046096047863,1.1514295476853911e-06
F1cartoon_stilllife,blk13_neg_d0.450,5772156,4.393799781799316,1.5606645345687866,0.3551970076182385,0.0319183349609375,319.3587786259542,131,3.0567667484283447,3.9026849269866943,0.46224999999999994,0.9461988410975988,13.782783430955845,49.386470794677734,4,17.0,6.178885523574677,2.024985786642204,0.8795881372856049,0.21662390252679298,0.9753025076558818,2.9876632861458363,0.7917404174804688,-3.7766939967930533,1.2306730064811457e-06
F1cartoon_stilllife,blk17_pos_d0.400,5772156,4.0,1.5359077453613281,0.38397693634033203,0.0160858154296875,104.8955223880597,201,2.934609889984131,3.7540218830108643,0.48045000000000004,0.9312654250970989,13.223770625326472,52.1359977722168,5,20.0,5.945339988797071,1.619621297745288,0.886058601974238,0.20390415353629723,0.9821315977365597,2.9150473616328485,0.8437019348144532,-3.7751175020646173,1.076634828431784e-06
F1cartoon_stilllife,baseline,1414213,4.0,1.4948608875274658,0.37371522188186646,0.038092041015625,416.06666666666666,120,3.0094082355499268,3.9396770000457764,0.5696,0.8567307845015422,10.754906952282353,47.02650833129883,5,17.0,6.337156732404144,3.3481899640657735,0.8732804310748162,0.2520809539293538,0.9576461430226746,2.9716316891801178,0.7953048706054687,-3.6623390228309343,1.944226417331631e-06
F1cartoon_stilllife,blk16_pos_d0.300,1414213,4.0,2.401435136795044,0.600358784198761,0.03454513549804687,187.10330578512398,242,2.662172794342041,4.021180629730225,0.5387,0.8700682948556417,11.160062328126592,57.52885055541992,7,13.0,7.723474056061263,2.090659443578408,0.8961333980992275,0.22119125628416048,0.9811833309964653,2.453414831975639,0.8958984375000001,-3.7056769771723097,1.938598856130246e-06
F1cartoon_stilllife,blk20_pos_d0.450,1414213,5.599999904632568,1.6683235168457031,0.2979149187959078,0.027524566650390624,371.92783505154637,97,2.659027338027954,3.3818163871765137,0.5686,0.8784673107036245,11.422996478990662,51.183258056640625,3,17.0,6.786166049378006,2.681401114762874,0.910442285036822,0.28070340204445543,0.9546808471152849,2.523747425086659,0.8774124145507812,-3.9022088300298488,1.0882852862144666e-06
F1cartoon_stilllife,blk23_neg_d0.300,1414213,4.0,1.7798652648925781,0.44496631622314453,0.041094207763671876,288.03743315508024,187,2.871710777282715,3.9277803897857666,0.5363,0.8985689053944651,12.077714930754732,53.170387268066406,6,15.0,6.825589177812235,4.09991879757658,0.8714123272134712,0.24069108550073598,0.9532587508293333,2.9618562792737237,0.8046867370605469,-3.747527616980235,2.0096245976312902e-06
F1cartoon_stilllife,blk26_pos_d0.150,1414213,4.0,1.6248574256896973,0.4062143564224243,0.03831329345703125,158.91772151898735,316,3.5490875244140625,4.091743469238281,0.56015,0.892304346537317,11.869747876676417,45.05360412597656,5,19.0,5.512206815720123,2.591533835590612,0.8369101765891173,0.21532898260928823,0.9654792785092846,3.1144318287218686,0.8577598571777344,-3.7447015537027624,1.7112533395604708e-06
F1cartoon_stilllife,blk27_neg_d0.250,1414213,4.0,1.3720788955688477,0.3430197238922119,0.014513397216796875,257.06756756756755,74,3.018860101699829,3.507997512817383,0.6192000000000001,0.8283758307484004,9.941774104782475,63.62162399291992,4,18.0,5.930130314021948,0.6132191281438298,0.928899152887769,0.3544995501775975,0.9935153707305088,2.3897608508922845,0.893824005126953,-3.8908319512533893,8.19342197354409e-07
F1cartoon_stilllife,blk09_pos_d0.450,1414213,4.0,1.4453734159469604,0.3613433539867401,0.04493026733398438,210.325,280,2.9859766960144043,3.9824843406677246,0.5189,0.9191151512006671,12.785712066538768,43.72355651855469,6,17.0,6.094603047003346,4.4327108615540745,0.8480242279959734,0.20223022957807635,0.9400571103342784,3.048676219258621,0.8048789978027343,-3.782489667990869,1.9551766525936646e-06
F1cartoon_stilllife,combo,1414213,4.393799781799316,1.5157572031021118,0.3449763936401741,0.022198486328125,493.1525423728813,59,2.3974554538726807,3.2038917541503906,0.5259,0.9053106491342989,12.305595724945231,62.0006103515625,5,17.0,6.500959986450903,1.903643325391684,0.9130429659358611,0.2206908995065288,0.9822757564223159,2.3284856820417503,0.8933982849121094,-3.9258742612120363,1.1052006577262922e-06
F1cartoon_stilllife,blk03_pos_d0.400,1414213,4.0,1.4407793283462524,0.3601948320865631,0.03944320678710937,195.82954545454547,264,2.9528110027313232,3.9666342735290527,0.47885000000000005,0.9231528461839754,12.929650603142589,41.71492004394531,5,18.0,6.500733428429792,2.868429751060324,0.8492102423736644,0.1967912674464003,0.9689616265527343,3.025594358505773,0.8059066772460937,-3.6887118614238648,2.0713952732058276e-06
F1cartoon_stilllife,blk06_pos_d0.450,1414213,5.599999904632568,1.652140736579895,0.29502513655637225,0.03974609375,461.0265486725664,113,3.0202724933624268,3.8866753578186035,0.56295,0.8655539376924253,11.021248442886531,49.04662322998047,6,17.0,5.513779880744881,2.479351535155601,0.8739352909895473,0.26888629466983593,0.9727299056697134,2.957931255968031,0.8249374389648437,-3.765907080375245,1.3880378725503392e-06
F1cartoon_stilllife,blk13_neg_d0.450,1414213,4.0,1.4833976030349731,0.3708494007587433,0.029209136962890625,361.1792452830189,106,3.1941237449645996,3.9579966068267822,0.5489,0.8883920844425182,11.741691384495336,49.50337219238281,6,17.0,5.768215728878685,2.0847443892623634,0.872203093633575,0.2511119802285333,0.9717067562511523,3.020835071630097,0.7836677551269531,-3.694710218208871,1.4560842292474183e-06
F1cartoon_stilllife,blk17_pos_d0.400,1414213,4.0,1.9093830585479736,0.4773457646369934,0.01869354248046875,100.00816326530612,245,2.9417312145233154,3.6692252159118652,0.52885,0.8939900906313213,11.92535544547382,48.54621505737305,6,20.0,7.086018276063921,0.8667514540835684,0.8793044202335316,0.25900784316225645,0.9905820362095398,2.910685711783359,0.8433807373046875,-3.9083702232186495,9.329963773174194e-07
F1cartoon_fisherman,baseline,5772156,4.0,1.754990577697754,0.4387476444244385,0.09964752197265625,115.1763668430335,1134,3.006563901901245,4.007112503051758,0.3839,0.9753832013264021,14.944397252265475,27.875564575195312,5,18.0,6.993241268360474,8.5942223927665,0.7461605477058314,0.1421462442516166,0.9166682394732782,3.137793456766794,0.8113998413085939,-3.566745331655041,5.233522711791482e-06
F1cartoon_fisherman,blk16_pos_d0.300,5772156,4.0,2.651434898376465,0.6628587245941162,0.09029617309570312,71.46920289855072,1656,2.4004831314086914,3.3942322731018066,0.48425,0.9253740289912487,13.00952259523459,37.821815490722656,6,15.0,9.128311567448364,11.002187570810232,0.8045229283846944,0.17438947724914305,0.9127577462457883,2.5487441684822807,0.9333541870117188,-3.344948555883364,8.84810377039754e-06
F1cartoon_fisherman,blk20_pos_d0.450,5772156,4.0,2.3496525287628174,0.5874131321907043,0.07609100341796875,181.6648451730419,549,2.647387742996216,3.5836021900177,0.3577,0.9745531264074595,14.910042921839528,39.54840850830078,5,16.0,7.823072600427051,8.267096690267671,0.8038498358168488,0.1536073698824583,0.9326241485137108,2.8763297677465793,0.8896530151367187,-3.8365910999046786,2.965781516799439e-06
F1cartoon_fisherman,blk23_neg_d0.300,5772156,2.799999952316284,1.8535298109054565,0.6619749437396006,0.10573806762695312,94.15285326086956,1472,2.7816672325134277,3.9269111156463623,0.4082,0.964695985834594,14.508072384862674,37.110023498535156,4,19.0,7.57880226355062,11.931793836735215,0.7373104621584803,0.1488652965469991,0.880330501462929,3.1130320997218943,0.8350341796875,-3.5483256674286965,6.18819314428928e-06
F1cartoon_fisherman,blk26_pos_d0.150,5772156,4.0,1.9888768196105957,0.4972192049026489,0.10935211181640625,80.02791736460078,1791,3.4601755142211914,4.07380485534668,0.3394,0.9840111245565137,15.306202623946897,31.54622459411621,4,22.0,5.674733360790354,8.11891662333641,0.7019438884466132,0.13000412042046958,0.9045845233249908,3.150365064108121,0.8779197692871095,-3.592427113536676,4.873416114124292e-06
F1cartoon_fisherman,blk27_neg_d0.250,5772156,2.799999952316284,1.5408800840377808,0.5503143250995759,0.08402252197265625,69.57043588123815,1583,3.3431336879730225,3.932441234588623,0.3871,0.9610913813013329,14.3637996016798,37.101593017578125,4,24.0,5.661349082815862,3.8832643903162998,0.7495379254096091,0.1444778630633965,0.97161455235491,3.122113238119191,0.8164787292480469,-3.4897287313959264,3.6342734348377245e-06
F1cartoon_fisherman,blk09_pos_d0.450,5772156,4.0,2.256117343902588,0.564029335975647,0.12697219848632812,59.26816239316239,2808,2.6598193645477295,3.609879493713379,0.34104999999999996,0.9757187918773699,14.958308806118731,29.41166114807129,6,20.0,6.638706040097145,13.91708253226859,0.6855499647518033,0.13331429097211012,0.8687257558642226,3.1511970767669006,0.8252548217773438,-3.312194705178141,1.3005915959598542e-05
F1cartoon_fisherman,combo,5772156,4.0,3.2260143756866455,0.8065035939216614,0.06806411743164062,156.5140350877193,570,2.3733134269714355,3.3029942512512207,0.49144999999999994,0.927044357977018,13.069911180593868,51.91547393798828,6,12.0,8.163360721715973,7.014691802177749,0.8259940530336656,0.1678975181978055,0.950015722626538,2.779924387989619,0.8766525268554688,-3.7621384212370756,3.055635607791887e-06
F1cartoon_fisherman,blk03_pos_d0.400,5772156,4.393799781799316,2.5865001678466797,0.5886704666336606,0.10022430419921875,114.93088363954506,1143,2.9457569122314453,4.01442289352417,0.4279,0.9540608198984613,14.086519406289556,31.418350219726562,5,17.0,6.5806599726008566,8.329745147165953,0.740312757316862,0.15646615019939422,0.9321974075373272,3.1375053984207733,0.8093002319335938,-3.6207650084580476,4.972452770189216e-06
F1cartoon_fisherman,blk06_pos_d0.450,5772156,4.0,1.7514828443527222,0.43787071108818054,0.12769851684570313,88.13954713006845,1899,2.755256414413452,3.768247365951538,0.3955,0.96487045038733,14.515091904767479,26.103839874267578,5,21.0,6.549709440120226,11.29650799474479,0.6955555188856006,0.1389447465113976,0.8907995060214348,3.1559842952202555,0.8242080688476562,-3.4461322576203215,8.834412109535122e-06
F1cartoon_fisherman,blk13_neg_d0.450,5772156,4.0,1.9645121097564697,0.49112802743911743,0.09692153930664063,137.04099244875943,927,3.15024995803833,4.069008827209473,0.3672,0.9771510223094504,15.017826133153545,32.793792724609375,3,20.0,6.138989159018641,7.0106481536554135,0.7480535317470824,0.14542457185576385,0.9324378903764458,3.1579527422589466,0.8004447937011719,-3.5748234209308922,4.45956734203903e-06
F1cartoon_fisherman,blk17_pos_d0.400,5772156,4.393799781799316,2.902520179748535,0.6605945477469882,0.0770843505859375,134.71466666666666,750,2.8035178184509277,3.8571629524230957,0.39304999999999995,0.9698740872473772,14.71786344394273,24.440288543701172,6,13.0,6.902712781943053,6.78160446129713,0.789331043404748,0.15275201419802742,0.9304605440617619,3.094714823178709,0.8309295654296875,-3.726480065972026,3.622909943379415e-06
F1cartoon_fisherman,baseline,1414213,4.0,1.950701117515564,0.487675279378891,0.0946624755859375,139.88275084554678,887,2.9021213054656982,3.979358196258545,0.4032,0.9614123611378971,14.376588284160952,30.907995223999023,4,18.0,6.827499884740838,7.543748672952647,0.7622154906064313,0.1525434154157524,0.9282777013300926,3.109830816842553,0.8113090515136718,-3.645590011832966,4.521294747576697e-06
F1cartoon_fisherman,blk16_pos_d0.300,1414213,4.0,2.7239511013031006,0.6809877753257751,0.06773910522460938,117.13324538258576,758,2.515436887741089,4.014667987823486,0.4728,0.9312287103068025,13.222424579928465,40.05702209472656,7,13.0,9.038588015118005,6.929212829476409,0.8349552432394383,0.1891205237188454,0.9529362944061841,2.63557968994692,0.9186866760253907,-3.557823300858657,4.9021451642039155e-06
F1cartoon_fisherman,blk20_pos_d0.450,1414213,4.393799781799316,2.472870349884033,0.5628090656582813,0.07093124389648438,143.47376543209876,648,2.5835556983947754,3.5001235008239746,0.367,0.974417568846086,14.90444010426477,41.99083709716797,5,15.0,7.349290980394856,7.200317487163561,0.8122407010943804,0.15494024852264685,0.939393413285454,2.859966352146131,0.8878524780273437,-3.79584923587531,3.250792958961464e-06
F1cartoon_fisherman,blk23_neg_d0.300,1414213,4.0,2.1658802032470703,0.5414700508117676,0.09510650634765624,148.0498812351544,842,2.7270073890686035,3.8909335136413574,0.3952,0.9586809653741718,14.268125064215628,39.59857177734375,5,15.0,7.006513821973093,9.520206081270242,0.7671019241898652,0.1533914424274021,0.9105564122724543,3.0728487472854242,0.8279594421386719,-3.6270318394822443,5.2821137779968715e-06
F1cartoon_fisherman,blk26_pos_d0.150,1414213,4.0,1.7214577198028564,0.4303644299507141,0.10007400512695312,104.18506751389992,1259,3.399829149246216,4.069884300231934,0.3543,0.9794573510396412,15.114165330060933,31.670833587646484,4,20.0,5.656715237432586,7.443607729795607,0.7144743140778115,0.13463272710898638,0.9210850343388486,3.128726116004523,0.8846748352050782,-3.699323039386058,4.399503333894576e-06
F1cartoon_fisherman,blk27_neg_d0.250,1414213,4.0,1.8294991254806519,0.45737478137016296,0.0690765380859375,80.6233303650935,1123,3.2899532318115234,3.87923002243042,0.39975,0.9711529437906207,14.77014183670376,35.99109649658203,4,21.0,5.85680233817561,3.140175653520765,0.7772376802030341,0.15141023243035273,0.9790746363853886,3.0955023172909675,0.8231201171875,-3.6396660285082394,2.926581220125659e-06
F1cartoon_fisherman,blk09_pos_d0.450,1414213,2.799999952316284,2.0761594772338867,0.7414855402109545,0.129327392578125,64.79816513761467,2616,2.9667866230010986,3.768937110900879,0.37705,0.9678843640243672,14.636893188702679,38.188514709472656,4,22.0,6.127773734195805,10.668893911586146,0.6760044563192044,0.12967736616115258,0.8844940771979706,3.179415267295127,0.8179817199707031,-3.2985075804605493,1.0193107514576134e-05
F1cartoon_fisherman,combo,1414213,4.393799781799316,2.8809406757354736,0.6556831942295951,0.0557647705078125,156.17948717948718,468,2.3030338287353516,3.245225191116333,0.36995,0.9707345874469022,14.753019437207413,59.351985931396484,5,12.0,7.640514717596958,4.891174995729789,0.8439804191903804,0.16140630368088849,0.9668419477044523,2.6235979384820425,0.920293426513672,-3.947386788073888,1.7442913612256662e-06
F1cartoon_fisherman,blk03_pos_d0.400,1414213,4.0,2.4353606700897217,0.6088401675224304,0.08585586547851562,142.26675094816687,791,3.019782543182373,3.9984655380249023,0.41415,0.9551584652520692,14.129454479678841,35.12129211425781,4,16.0,6.627486695344797,5.244039953202508,0.7644043101507648,0.1438261717238901,0.9593161750807904,3.1254984470946288,0.7974998474121093,-3.5661250623544576,4.631492448927035e-06
F1cartoon_fisherman,blk06_pos_d0.450,1414213,4.0,1.837062120437622,0.4592655301094055,0.113323974609375,122.55445544554455,1212,2.7667293548583984,3.9260435104370117,0.39990000000000003,0.965396970720071,14.53629686316923,26.082538604736328,4,20.0,6.591525297801519,10.385472010943761,0.7180567643130722,0.1409221177231859,0.9067472422628446,3.1488720095180827,0.8223243713378907,-3.5711052141228943,6.37480700270579e-06
F1cartoon_fisherman,blk13_neg_d0.450,1414213,4.0,2.319049596786499,0.5797623991966248,0.08218460083007813,159.35059171597632,676,3.0009474754333496,3.976670265197754,0.39085000000000003,0.9718004633322543,14.796682569016406,31.459613800048828,3,18.0,7.267923492637025,5.7291151397846845,0.7760079499875335,0.14600137802075458,0.9486852075336165,3.1181383950996517,0.7981193542480469,-3.638963533423895,4.069180500740371e-06
F1cartoon_fisherman,blk17_pos_d0.400,1414213,4.393799781799316,2.7552032470703125,0.6270661805035691,0.0581207275390625,151.15079365079364,504,2.9581568241119385,3.7805545330047607,0.37739999999999996,0.9758667535723644,14.964446515625921,29.283885955810547,5,14.0,6.756132329588414,3.71870718753219,0.8215399798891276,0.1567741331657937,0.9658583462847841,3.056951207973453,0.8235847473144531,-3.695333714517449,2.8150296463336737e-06
F1cartoon_lighthouse,baseline,5772156,4.0,2.3080880641937256,0.5770220160484314,0.0634002685546875,100.8495145631068,824,3.3523945808410645,4.03322172164917,0.46885,0.9307957234266914,13.206560655588309,47.881874084472656,5,16.0,6.7595483981950295,4.668785476311671,0.8142353622049525,0.17722580862346926,0.9398440282603004,3.100640822764213,0.7867057800292968,-3.5103195160746012,5.564647105267014e-06
F1cartoon_lighthouse,blk16_pos_d0.300,5772156,5.599999904632568,2.6443710327148438,0.47220912102646695,0.05889434814453125,149.31141199226306,517,3.0199646949768066,3.7489190101623535,0.517,0.8985305322571492,12.076430015656761,45.170249938964844,4,12.0,6.7683073156956315,5.107826512528007,0.8579448179871056,0.27081926710382453,0.9526161766792348,2.3946605620088564,0.9484809875488281,-3.6771902781562367,4.689473031659247e-06
F1cartoon_lighthouse,blk20_pos_d0.450,5772156,5.599999904632568,2.759969711303711,0.49285174255459213,0.0467071533203125,148.59223300970874,412,2.945566177368164,3.589047908782959,0.45100000000000007,0.9350868453869748,13.364624345118061,59.71117401123047,5,13.0,7.099313524212019,4.866858026150318,0.86822282305706,0.23307846095006782,0.9518571185833294,2.7541348377847306,0.8802055358886719,-3.7479564369966702,4.689699267556155e-06
F1cartoon_lighthouse,blk23_neg_d0.300,5772156,4.393799781799316,2.814462900161743,0.6405532887092968,0.06407394409179687,136.33603896103895,616,3.0889832973480225,3.807727813720703,0.45710000000000006,0.9450049216952592,13.737234437783878,69.5750732421875,8,13.0,6.383541384537769,6.602659281126961,0.8286581737748124,0.18812008199142508,0.9192975358761448,2.99649908122546,0.8333709716796875,-3.5812890374422626,7.078218410169907e-06
F1cartoon_lighthouse,blk26_pos_d0.150,5772156,2.0,1.7285767793655396,0.8642883896827698,0.0809295654296875,45.88062283737024,2312,3.7301344871520996,4.105508804321289,0.43,0.9505476213816982,13.949973588871833,38.88069152832031,5,22.0,5.63067064458401,5.200035280864549,0.7419752170036277,0.14978772945338342,0.9218384072497707,3.171450714089412,0.8740501403808594,-3.360787150096154,8.199656571257641e-06
F1cartoon_lighthouse,blk27_neg_d0.250,5772156,2.799999952316284,2.225315809249878,0.794755659695279,0.036870574951171874,69.23638968481376,698,3.5141875743865967,3.9820265769958496,0.46120000000000005,0.93535990321266,13.374746226503662,72.08724975585938,6,20.0,5.531120409720625,1.2445507357174848,0.8498376570283482,0.18846155546540638,0.9892624628568986,2.9898819729994637,0.82147216796875,-3.5146092118879073,2.555325028326918e-06
F1cartoon_lighthouse,blk09_pos_d0.450,5772156,2.799999952316284,1.9637371301651,0.7013347012883374,0.097747802734375,43.92183750428522,2917,3.1346042156219482,3.919565439224243,0.504,0.9268575181400235,13.063142327565256,36.766944885253906,7,21.0,6.20104101676142,11.667764299747137,0.7617256815594982,0.23482984338275892,0.8513473063177583,3.0532595695021794,0.8317977905273437,-3.2411577904074256,1.2806889820347915e-05
F1cartoon_lighthouse,combo,5772156,4.393799781799316,2.6357312202453613,0.5998751311253414,0.04272613525390625,128.15102974828375,437,2.9866244792938232,3.7927603721618652,0.53115,0.896261853885619,12.00070632241415,68.21290588378906,5,15.0,6.765027622153439,3.2027882650017334,0.8634962066843646,0.19943423705202956,0.9677317765303606,2.699576388043283,0.8851188659667969,-3.823773849543408,2.8532863776636366e-06
F1cartoon_lighthouse,blk03_pos_d0.400,5772156,2.0,2.532280206680298,1.266140103340149,0.06915817260742188,86.33047619047619,1050,2.7945494651794434,3.724316120147705,0.45974999999999994,0.9386384229685024,13.496876735920592,43.25865173339844,5,19.0,6.6064638710446,4.142127048504228,0.8382663477786789,0.21458582738093981,0.9486945375911061,2.5327457053980975,0.8951011657714844,-2.932449672645107,2.509385784768051e-05
F1cartoon_lighthouse,blk06_pos_d0.450,5772156,4.393799781799316,2.4837942123413086,0.5652952650755888,0.059673309326171875,90.42196531791907,865,3.3914246559143066,3.949885845184326,0.43689999999999996,0.9484861016992514,13.870466517608433,45.35539627075195,6,15.0,6.110873069285708,4.21386315405503,0.8172562295362704,0.1942514128004355,0.9496837451944975,3.0739058111677195,0.7984962463378906,-3.5766577125390198,3.65611487021888e-06
F1cartoon_lighthouse,blk13_neg_d0.450,5772156,4.0,2.3179690837860107,0.5794922709465027,0.05503692626953125,78.58169934640523,918,3.4262888431549072,4.042457580566406,0.45630000000000004,0.9272116300298885,13.075974105472062,48.582359313964844,5,15.0,6.986836800685297,4.030838280519112,0.8311640450906355,0.18354196857145116,0.9498608687442814,3.0801788006244695,0.773503875732422,-3.414874608488787,6.14864146313187e-06
F1cartoon_lighthouse,blk17_pos_d0.400,5772156,4.0,2.195946455001831,0.5489866137504578,0.054974365234375,102.79029957203994,701,3.172044515609741,3.772304058074951,0.376,0.9679433401306012,14.63928675774654,50.783203125,4,17.0,6.299111649373294,2.838853080632437,0.8432581285802898,0.1733115443778273,0.9606900545769401,2.985395383557436,0.8436813354492188,-3.60010020443612,3.5729373809539384e-06
F1cartoon_lighthouse,baseline,1414213,2.799999952316284,2.2602930068969727,0.8072475162105478,0.07013168334960937,67.24433065106072,1367,3.407623052597046,3.99983811378479,0.49595,0.9224934677548299,12.90603440128905,38.94778823852539,5,19.0,6.642406716189734,4.173230866565698,0.800626223529686,0.1824101782632177,0.9422701439524686,3.102651111874358,0.7840835571289062,-3.301978127062586,8.292011440326936e-06
F1cartoon_lighthouse,blk16_pos_d0.300,1414213,4.0,2.678877830505371,0.6697194576263428,0.062291717529296874,75.38965835641736,1083,3.141268491744995,3.7643542289733887,0.5440999999999999,0.8949123823439844,11.95588921930158,46.465065002441406,5,17.0,7.619159206548662,5.335355155247381,0.8487875021498783,0.21744945694887974,0.9433626185333277,2.5548808945108488,0.9310012817382813,-3.410015774787015,9.031727481047469e-06
F1cartoon_lighthouse,blk20_pos_d0.450,1414213,4.0,2.5874927043914795,0.6468731760978699,0.04863052368164063,112.81592920353982,565,2.9349215030670166,3.6209752559661865,0.47509999999999997,0.9309865714742098,13.21355066581272,56.87096405029297,8,13.0,7.263488031896297,4.108778360073955,0.8721569352945011,0.21111320035492048,0.9608774507966173,2.755444119273386,0.8815063476562499,-3.7119205274650415,4.5081687298954195e-06
F1cartoon_lighthouse,blk23_neg_d0.300,1414213,4.0,2.541638135910034,0.6354095339775085,0.07277755737304688,96.74543610547667,986,3.198796033859253,3.8744819164276123,0.46835000000000004,0.9437652062461356,13.690097582393697,58.03048324584961,6,15.0,7.105368525882224,5.155126280297839,0.8148544646541424,0.17301498926106226,0.9354864013838664,3.040090734457081,0.8286659240722656,-3.514435398460143,6.225130768815004e-06
F1cartoon_lighthouse,blk26_pos_d0.150,1414213,2.0,1.6823444366455078,0.8411722183227539,0.0856689453125,47.31900547829751,2373,3.678130626678467,4.097212791442871,0.40675000000000006,0.9617021413159991,14.388143669691518,33.55145263671875,4,22.0,5.285238163087269,5.726815578996288,0.7361405058019084,0.15391703791289868,0.9220125257492603,3.1763762040078722,0.8695602416992186,-3.3588090793351104,8.370633315960971e-06
F1cartoon_lighthouse,blk27_neg_d0.250,1414213,2.0,1.7828197479248047,0.8914098739624023,0.047281646728515626,52.47502116850127,1181,3.62129545211792,4.043234348297119,0.50525,0.916240836973148,12.684223935094494,55.563758850097656,5,23.0,5.5323723396711575,1.6496283291498126,0.8211834391017933,0.17783717581466962,0.9856222908453233,3.0242225304859423,0.8117668151855469,-3.434424064502556,3.599112292101913e-06
F1cartoon_lighthouse,blk09_pos_d0.450,1414213,2.0,1.2776738405227661,0.6388369202613831,0.09588775634765626,39.76020246757355,3161,3.1730923652648926,3.953603744506836,0.4172,0.9622811692959967,14.411261039724476,35.61091613769531,5,21.0,6.146716299668225,11.621364011966469,0.7634753547920908,0.20578578791919444,0.8337224926282079,3.094712803611963,0.8188598632812499,-3.1758331461152274,1.4175393542755452e-05
F1cartoon_lighthouse,combo,1414213,4.393799781799316,2.7676708698272705,0.6299037296355535,0.040903472900390626,130.76341463414633,410,2.9628190994262695,3.747138738632202,0.43205,0.946839772130729,13.807297737961962,63.92003631591797,6,17.0,7.15693858146876,2.7616089967464945,0.8688233978337523,0.1802383345552201,0.9747697555276857,2.651566047748943,0.890509033203125,-3.8261399709431383,2.633935609066813e-06
F1cartoon_lighthouse,blk03_pos_d0.400,1414213,2.0,2.342921495437622,1.171460747718811,0.068450927734375,70.7570977917981,1268,2.8552370071411133,3.823052167892456,0.5188499999999999,0.9071594317127558,12.368835088282,34.77137756347656,4,19.5,6.7087949634513375,3.60648065730446,0.8406934229121062,0.22056849637856765,0.9597703375968809,2.5123710674471584,0.9131256103515626,-3.074128447472154,1.648874628250911e-05
F1cartoon_lighthouse,blk06_pos_d0.450,1414213,2.799999952316284,2.198259115219116,0.7850925545197309,0.06529388427734376,41.04652278177458,2085,3.3516504764556885,4.024417400360107,0.43575,0.9490423151551053,13.891873375629864,34.12458419799805,4,18.0,6.167105150514299,6.431362364040722,0.8184271469873865,0.22395271675520348,0.9224789485423217,3.099971720639737,0.8120864868164063,-3.3798832000346706,6.944646020003247e-06
F1cartoon_lighthouse,blk13_neg_d0.450,1414213,4.0,2.194406747817993,0.5486016869544983,0.05572357177734375,98.83355886332882,739,3.4151930809020996,4.027260780334473,0.5222,0.9125288398341432,12.55434938453161,44.27012252807617,4,16.0,7.01695667948914,3.0745790001120925,0.8304454572957214,0.18606278822557296,0.9600304491544329,3.0831112402077574,0.768560028076172,-3.459791353656475,4.731688413928008e-06
F1cartoon_lighthouse,blk17_pos_d0.400,1414213,4.0,1.9768996238708496,0.4942249059677124,0.0570037841796875,81.30141458106638,919,3.145134687423706,3.896247625350952,0.41625,0.9650818230169773,14.523600958340626,46.1226806640625,4,17.0,6.02805640074089,3.209724380634879,0.8366668004078465,0.1741570890044893,0.9653271679130924,2.982723370299021,0.845342254638672,-3.698569895106618,3.0627529235881836e-06
F2oil_blacksmith,baseline,5772156,4.0,2.116480588912964,0.529120147228241,0.049626922607421874,63.646771037182,1022,3.636213779449463,4.076895236968994,0.62095,0.854925766921708,10.701217710576005,33.67759323120117,1,22.0,4.815202583105923,1.620715226974913,0.7998640912144215,0.22726275470620322,0.9668393727950555,3.1477830172774808,0.8347892761230469,-3.72696531828489,5.314747617880467e-06
F2oil_blacksmith,blk16_pos_d0.300,5772156,4.0,2.1931746006011963,0.5482936501502991,0.05039520263671875,72.19016393442622,915,3.586702346801758,4.067447662353516,0.64555,0.8404844534827827,10.281207528023792,35.78690719604492,1,21.0,5.220421905672467,1.793799384404157,0.7971652953640564,0.22311292626395587,0.9667494138845513,3.135880585083637,0.841448974609375,-3.745396047223589,5.157781746990721e-06
F2oil_blacksmith,blk20_pos_d0.450,5772156,4.0,2.1870110034942627,0.5467527508735657,0.057115936279296876,69.57527881040892,1076,3.4492931365966797,4.061081886291504,0.5631,0.8892440971641609,11.76946134466375,30.76522445678711,1,21.0,5.115899094006169,2.11005217875919,0.7936896838502059,0.20502096803418285,0.9635867847901406,3.0386330554631527,0.8893943786621095,-3.824637994872218,4.142100620394585e-06
F2oil_blacksmith,blk23_neg_d0.300,5772156,4.0,2.109907865524292,0.527476966381073,0.04894943237304687,66.07518022657055,971,3.6177191734313965,4.073631286621094,0.5496,0.8979444871813813,12.056823417139409,38.42871856689453,0,23.0,4.921889864816118,1.6512103836237786,0.7888877890438976,0.21889026435385758,0.9690603015195185,3.1304592275537297,0.8634559631347656,-3.7866668548042077,4.564143038609023e-06
F2oil_blacksmith,blk26_pos_d0.150,5772156,2.799999952316284,1.7245088815689087,0.6158960396204002,0.08253936767578125,50.67259953161592,2135,3.9246623516082764,4.112268447875977,0.4988,0.9178216976781143,12.739941878536404,34.06396484375,2,24.0,4.324458637317132,2.157450200581989,0.722410149927609,0.16722876845842718,0.95446308518754,3.177378572269634,0.8776771545410157,-3.717431353667411,4.614829196764813e-06
F2oil_blacksmith,blk27_neg_d0.250,5772156,2.799999952316284,2.068804979324341,0.7388589337699573,0.02770538330078125,54.525525525525524,666,3.643435478210449,4.077528953552246,0.698,0.7918159629781989,8.983414186894267,34.08558654785156,0,22.0,4.515575960340379,0.7278521892599541,0.8672095702917656,0.4008805216496073,0.9808883583972307,2.858776721272343,0.8501152038574219,-3.4324432811822168,8.452848589365943e-06
F2oil_blacksmith,blk09_pos_d0.450,5772156,4.0,2.2071890830993652,0.5517972707748413,0.0474334716796875,66.99568965517241,928,3.5792224407196045,4.0673298835754395,0.5482,0.8823734784692737,11.547382122391053,38.03932189941406,1,22.0,4.922324801440104,1.784020094327303,0.7861026830708528,0.20821869754115913,0.9697227708169059,3.130487675017944,0.8709854125976562,-3.813940061587537,4.760770109977701e-06
F2oil_blacksmith,combo,5772156,2.799999952316284,2.1611504554748535,0.7718394615282239,0.03602142333984375,56.5437125748503,835,3.5672266483306885,4.08513069152832,0.6606000000000001,0.8340843953042474,10.100379403218154,36.80624771118164,0,23.0,4.74625154658835,1.0776532942912305,0.8332517638548756,0.28368554692881265,0.9784417996481707,3.0344713639213774,0.8440841674804687,-3.520708362507837,7.1501410242489516e-06
F2oil_blacksmith,blk03_pos_d0.400,5772156,4.0,1.9135459661483765,0.4783864915370941,0.04791717529296875,66.60233297985154,943,3.6655709743499756,4.083177089691162,0.60015,0.8640613008574646,10.975731608225974,33.138671875,1,23.0,4.744317114195811,1.557829873683527,0.7804458565303497,0.20079341820474989,0.9733545998748395,3.1242516447799513,0.875048828125,-3.7358732916462074,4.273691936373348e-06
F2oil_blacksmith,blk06_pos_d0.450,5772156,2.799999952316284,2.024608850479126,0.7230746017707178,0.04673843383789063,62.51122448979592,980,3.6447527408599854,4.067257881164551,0.5882,0.8732930515475774,11.260290998413216,40.987998962402344,1,23.0,4.926799975238512,1.5844729283081909,0.7978615657194879,0.21998619817621534,0.9691030341806377,3.1408746651501795,0.8395950317382813,-3.6228755504585646,5.808747075977668e-06
F2oil_blacksmith,blk13_neg_d0.450,5772156,2.799999952316284,1.9780504703521729,0.7064466085850615,0.05289154052734375,63.36928702010969,1094,3.781158685684204,4.0899763107299805,0.62225,0.8603682935076099,10.863922395852134,29.375959396362305,1,23.0,4.569761233772885,1.567209897380982,0.782316670961698,0.20524940346130466,0.9679324865403294,3.188468003099745,0.8301376342773438,-3.7090641886721194,5.533522627400911e-06
F2oil_blacksmith,blk17_pos_d0.400,5772156,4.0,1.9658702611923218,0.49146756529808044,0.0421630859375,71.03341902313625,778,3.6312239170074463,4.0900797843933105,0.5644499999999999,0.8970044585850031,12.025440479966333,34.438819885253906,2,23.0,4.79138152756164,1.4982221542665437,0.7983587522741733,0.20924427728802897,0.9699433444104568,3.152261469694798,0.857373046875,-3.6871507838155795,4.605945714930544e-06
F2oil_blacksmith,baseline,1414213,4.0,1.9962702989578247,0.4990675747394562,0.050557708740234374,68.74170124481327,964,3.7538938522338867,4.0854926109313965,0.58845,0.8670983470565917,11.068542745937407,31.20712661743164,2,22.0,5.02510027274697,1.548636403712361,0.7929243328417799,0.21679243641309545,0.9657800399062639,3.1721126045177406,0.8295669555664062,-3.698037262795876,5.6910721868822705e-06
F2oil_blacksmith,blk16_pos_d0.300,1414213,4.0,2.129600763320923,0.5324001908302307,0.04667510986328125,72.74435196195006,841,3.6720361709594727,4.079244613647461,0.6305999999999999,0.8569706958338673,10.762063232227764,36.24059295654297,1,22.0,4.657704419937155,1.57151544491308,0.8034617205561936,0.22530958171119275,0.9694015533170109,3.1453167985235444,0.8387344360351563,-3.7917435555837558,4.476508795615999e-06
F2oil_blacksmith,blk20_pos_d0.450,1414213,4.0,2.2079029083251953,0.5519757270812988,0.051519775390625,67.86733668341708,995,3.583643913269043,4.068570137023926,0.54755,0.8970868174867048,12.02818677111947,30.344772338867188,2,22.0,4.99393296042901,1.9290683815191088,0.7902730765779689,0.20102438460563765,0.966438338822438,3.0850230621330237,0.8822120666503906,-3.915718608227442,3.221134672449722e-06
F2oil_blacksmith,blk23_neg_d0.300,1414213,4.0,2.0991063117980957,0.5247765779495239,0.05060577392578125,68.38144329896907,970,3.6838796138763428,4.083224773406982,0.6463,0.842761238938615,10.346313851091464,37.17487335205078,1,22.0,5.073862793420691,1.616473084399991,0.7875011921785795,0.21018328156496105,0.9687817358675438,3.153645410708484,0.8543205261230469,-3.7753230066718753,4.4960800490326675e-06
F2oil_blacksmith,blk26_pos_d0.150,1414213,2.799999952316284,1.732377529144287,0.6187062709451789,0.0848480224609375,51.75058166589111,2149,3.9371628761291504,4.115241527557373,0.50985,0.9132614142285869,12.579874782758147,35.1410026550293,1,24.0,3.83138316931406,2.1292944483247087,0.7174858821377765,0.16427876660173468,0.9518281098473772,3.184115779290518,0.8751625061035156,-3.742402494022055,4.3150912927500635e-06
F2oil_blacksmith,blk27_neg_d0.250,1414213,2.799999952316284,2.1161129474639893,0.7557546369647067,0.027831268310546876,48.44488711819389,753,3.658513069152832,4.069491386413574,0.7054,0.7987140975620135,9.156881738738377,34.100955963134766,0,23.0,4.707926685606547,0.7378378968942769,0.8683113487257884,0.39831502050167206,0.98165970396789,2.8960866416833637,0.8408157348632812,-3.433493119873427,7.780642659881895e-06
F2oil_blacksmith,blk09_pos_d0.450,1414213,4.0,2.1299259662628174,0.5324814915657043,0.04477767944335938,70.37290167865707,834,3.615222930908203,4.065098285675049,0.5636,0.8667522131095095,11.05792550392098,35.01947021484375,1,22.0,5.05688458362531,1.56063474561632,0.7903721972735318,0.21147060979480653,0.9687192393600713,3.1433427230729367,0.8628883361816406,-3.751411231406991,5.460009163872878e-06
F2oil_blacksmith,combo,1414213,4.0,2.16591739654541,0.5414793491363525,0.03526382446289063,62.80027173913044,736,3.608248233795166,4.08896541595459,0.6556000000000001,0.8276427004487232,9.92158629525111,35.531707763671875,1,23.0,4.848177105656287,1.1571054791827537,0.83264158697061,0.28113695797313715,0.9766965528773468,3.054075551628006,0.8411689758300781,-3.579525590660908,6.3346379561736175e-06
F2oil_blacksmith,blk03_pos_d0.400,1414213,4.0,1.9510889053344727,0.48777222633361816,0.04652557373046875,71.32397660818714,855,3.6736881732940674,4.084298610687256,0.55125,0.8940730157164498,11.928097604502586,32.82381820678711,1,23.0,4.586972064006083,1.6085367936569774,0.779587683961411,0.19531298922470758,0.9729586045115781,3.1280664010212567,0.8766075134277344,-3.7595137068340945,4.111673309454283e-06
F2oil_blacksmith,blk06_pos_d0.450,1414213,2.799999952316284,2.0870888233184814,0.7453888781647832,0.051410675048828125,63.81155303030303,1056,3.6619696617126465,4.060566425323486,0.57555,0.8752781625960372,11.322437341325886,41.580020904541016,1,23.0,4.789028346251642,1.633626050363699,0.7946891398850201,0.21702452854400567,0.9677761166949642,3.1617704188187252,0.8201858520507812,-3.672576045332004,5.1842831326267195e-06
F2oil_blacksmith,blk13_neg_d0.450,1414213,2.799999952316284,2.0628602504730225,0.7367358162869013,0.04911041259765625,62.98434442270059,1022,3.809069871902466,4.094202995300293,0.5884499999999999,0.8666104689360843,11.053580611856617,30.481853485107422,1,23.0,4.565334612542338,1.4952581556844717,0.7849345334302813,0.2065892880822747,0.9661677909240288,3.1931079353638623,0.8251853942871094,-3.6813896913788655,5.664682611986686e-06
F2oil_blacksmith,blk17_pos_d0.400,1414213,4.0,2.0513272285461426,0.5128318071365356,0.037767791748046876,63.957364341085274,774,3.659175395965576,4.094327449798584,0.52685,0.9021762532409879,12.199118624163933,35.6739616394043,1,23.0,4.806907996234345,1.3364189587014297,0.8071692775422123,0.21287041396507977,0.9723804082758214,3.150289697012551,0.8556060791015625,-3.7371190974921102,4.044602689705402e-06
F2oil_rally,baseline,5772156,4.0,2.06868052482605,0.5171701312065125,0.10838699340820312,76.50242326332796,1857,3.7094907760620117,4.069067478179932,0.5402,0.9036635330495536,12.249526956295918,39.90351104736328,3,20.0,5.2857063516269935,3.6576051224699437,0.7007742179467003,0.14952398551867843,0.9457445809686003,3.2183335710906804,0.8243186950683593,-3.5718048515032588,8.860705810309915e-06
F2oil_rally,blk16_pos_d0.300,5772156,4.0,2.2642030715942383,0.5660507678985596,0.10128021240234375,95.57235421166307,1389,3.6160449981689453,4.040128707885742,0.5658,0.893207395302148,11.89950438387032,46.825416564941406,5,20.0,5.848640049362707,4.566689506422776,0.7342728512047382,0.15806184485974042,0.9453692386593421,3.1823745412436906,0.8273017883300782,-3.6339615793871882,7.028367387962547e-06
F2oil_rally,blk20_pos_d0.450,5772156,4.0,2.3178184032440186,0.5794546008110046,0.10303573608398438,59.258885476086,2279,3.5060954093933105,4.04267692565918,0.53655,0.8965687615607716,12.010922414517818,47.158451080322266,3,19.0,5.713035112583766,5.169533949501648,0.7175078439868171,0.1547436617910951,0.9335080436055139,3.1689212706582186,0.8618103027343751,-3.5381383458191835,1.1050140665061438e-05
F2oil_rally,blk23_neg_d0.300,5772156,4.0,2.2507588863372803,0.5626897215843201,0.12777252197265626,70.3672268907563,2380,3.6706604957580566,4.05551290512085,0.5473,0.8981881843480567,12.064972628110684,47.62504959106445,3,19.0,5.589900262398419,5.582020872041932,0.6743220748269318,0.13658416835721565,0.9254106342847308,3.2163670026750157,0.8281616210937499,-3.5319213643525234,1.2459959589763341e-05
F2oil_rally,blk26_pos_d0.150,5772156,2.799999952316284,1.7759335041046143,0.634261976553065,0.13990936279296876,60.823217247097844,3015,3.923295497894287,4.103014945983887,0.47040000000000004,0.9253885809468181,13.010047495670392,38.150596618652344,2,23.0,4.3419678974625535,3.680221977578287,0.6502261328776027,0.13283592573077427,0.9337318663685182,3.1952485118214664,0.8735748291015626,-3.678928987669116,6.207457395571347e-06
F2oil_rally,blk27_neg_d0.250,5772156,2.0,1.5116543769836426,0.7558271884918213,0.073199462890625,39.61354252683732,2422,3.9313888549804688,4.119422435760498,0.58625,0.8727775233106136,11.244207623625984,38.01251983642578,2,24.0,4.038300810675203,1.8981698815504155,0.7167425659194556,0.1731056767357851,0.9758357561565938,3.1995024563217296,0.7885040283203125,-3.1633567803492313,1.5394001246466657e-05
F2oil_rally,blk09_pos_d0.450,5772156,4.0,2.158270835876465,0.5395677089691162,0.11146316528320313,62.22189097103918,2348,3.538496494293213,4.0673604011535645,0.52265,0.9171928193078748,12.717747602184367,55.49945068359375,4,19.0,6.005169287661071,5.298045270766917,0.7052632434463144,0.14296435823403003,0.9454852613960902,3.198645806395187,0.8248634338378906,-3.54618806030262,9.128046687717922e-06
F2oil_rally,combo,5772156,2.799999952316284,2.169457197189331,0.7748061550482027,0.06884002685546875,88.02926829268293,1025,3.6423070430755615,4.090768337249756,0.59075,0.8628944683045026,10.940280880560604,48.568572998046875,3,22.0,5.279607130280375,2.2034526033064488,0.7445538637309499,0.17044187195179422,0.9743130166982299,3.2064580346681457,0.8043487548828125,-3.6092231731220896,7.152045214538652e-06
F2oil_rally,blk03_pos_d0.400,5772156,4.0,2.033512830734253,0.5083782076835632,0.10628662109375,73.24500525762356,1902,3.6988701820373535,4.072804927825928,0.53645,0.9141932865232492,12.612419412461106,38.770267486572266,3,21.0,4.862304135191987,3.40990817445658,0.6839869552433024,0.13651201141654726,0.9497613407276089,3.2299561512724586,0.8206993103027345,-3.6502658320154726,6.983223059721696e-06
F2oil_rally,blk06_pos_d0.450,5772156,4.0,2.1878223419189453,0.5469555854797363,0.09620819091796876,83.07114624505928,1518,3.4675114154815674,3.970940589904785,0.5273,0.9124955423777192,12.553190418584935,45.04270553588867,6,18.0,5.838560405646262,3.942609573319686,0.7324077635474597,0.1523000182835958,0.9486312219519795,3.1781942346165946,0.8089691162109375,-3.538893121772766,9.417545134137087e-06
F2oil_rally,blk13_neg_d0.450,5772156,4.0,2.0971078872680664,0.5242769718170166,0.10975341796875,64.27882037533512,2238,3.7523555755615234,4.081521034240723,0.5299,0.9107483297471594,12.492526029643328,40.90908432006836,3,21.0,4.972445573717676,3.425502536564435,0.6970392040668147,0.1422322223280412,0.9533851133502259,3.2248660352636924,0.8228218078613281,-3.601681097115781,8.214509517229165e-06
F2oil_rally,blk17_pos_d0.400,5772156,2.799999952316284,1.9132691621780396,0.6833104267002927,0.11011810302734375,59.104832104832106,2442,3.684091567993164,4.07402229309082,0.6017,0.8727897271274548,11.244588090926522,41.577728271484375,2,23.0,5.164291688532078,2.9981345687586547,0.6966491153599264,0.1490062624151094,0.952354398271245,3.2095573977882923,0.8518226623535157,-3.6636277883760124,5.829545486514082e-06
F2oil_rally,baseline,1414213,4.0,2.0918524265289307,0.5229631066322327,0.10242996215820313,76.23906871095969,1761,3.6464412212371826,4.050981044769287,0.5687,0.8960995318850866,11.995306593926506,40.19914627075195,3,20.0,5.91173259673823,3.430283830571303,0.7205928879724961,0.14959688397435886,0.9513324108640202,3.2025148725904553,0.8055702209472656,-3.4617049286810015,9.680497706430076e-06
F2oil_rally,blk16_pos_d0.300,1414213,4.0,2.1881136894226074,0.5470284223556519,0.09594573974609374,97.48682170542635,1290,3.6014058589935303,4.0439276695251465,0.54655,0.9074381192210422,12.378396005359926,42.103187561035156,3,19.0,5.530792864719512,3.5129730209069976,0.7395909907902147,0.15168313089736754,0.959905374800255,3.186886242948616,0.8267509460449218,-3.7210282887522794,4.621657751369351e-06
F2oil_rally,blk20_pos_d0.450,1414213,4.393799781799316,2.529360055923462,0.575665752090246,0.10768585205078125,72.49409347714432,1947,3.3835794925689697,4.014107704162598,0.5319999999999999,0.9077612287863032,12.389490159244216,51.76746368408203,4,19.0,5.9875938777362,5.900922437350044,0.711789797396539,0.1432487969470438,0.9317539731949527,3.1090398813079783,0.8845588684082031,-3.630865890990169,8.728833465113166e-06
F2oil_rally,blk23_neg_d0.300,1414213,4.0,2.3241209983825684,0.5810302495956421,0.12201461791992188,73.76706642066421,2168,3.6607186794281006,4.039849281311035,0.49239999999999995,0.9314699214666706,13.231270421960943,47.74617385864258,4,18.0,5.91439933191021,5.292675029982271,0.6857731853944511,0.13544371408337705,0.9325719178141016,3.212761318706047,0.8191436767578126,-3.489031715982314,1.1803680305803982e-05
F2oil_rally,blk26_pos_d0.150,1414213,2.799999952316284,1.810450792312622,0.6465895796944342,0.1361480712890625,59.62312061476779,2993,3.8983452320098877,4.0988006591796875,0.49334999999999996,0.9225895403390791,12.909472636522235,37.75028991699219,2,22.0,4.575554871406636,3.449824539667885,0.6578722520603704,0.12735075727696746,0.941290394339972,3.1930630791121604,0.8736297607421876,-3.69530300574421,5.233101064326067e-06
F2oil_rally,blk27_neg_d0.250,1414213,2.0,1.4690600633621216,0.7345300316810608,0.06288986206054688,47.04965753424658,1752,3.9263644218444824,4.114431858062744,0.5921000000000001,0.878851222469362,11.43516192612611,36.951988220214844,3,24.0,3.78516172207389,1.5453015634393799,0.7305542079482845,0.1751876286352393,0.9826846456222126,3.1909996902165716,0.7837699890136718,-3.2183857083947864,1.1812336086278922e-05
F2oil_rally,blk09_pos_d0.450,1414213,4.0,2.2853877544403076,0.5713469386100769,0.11497039794921875,60.71474617244158,2482,3.4747371673583984,4.0552473068237305,0.5042,0.9196947390191649,12.80627469435055,60.738189697265625,4,18.0,5.905551411651739,5.899122066728901,0.6986248690354759,0.138939722873198,0.9384314076972793,3.187329837800897,0.8343704223632813,-3.5355884744544652,1.0336383981482456e-05
F2oil_rally,combo,1414213,4.0,2.184821367263794,0.5462053418159485,0.06865921020507812,93.74270833333334,960,3.623558282852173,4.08137845993042,0.59895,0.8867755960045889,11.689184547554218,46.262847900390625,3,22.0,5.065493636076038,2.2311999955370307,0.7406805908487908,0.1642011871146301,0.9749157117602306,3.214175489362869,0.8092369079589843,-3.6501702207721993,6.276211859728562e-06
F2oil_rally,blk03_pos_d0.400,1414213,4.0,2.0289645195007324,0.5072411298751831,0.10420074462890624,77.55706984667802,1761,3.6851563453674316,4.062088966369629,0.53105,0.9135841771139498,12.591137409647809,37.6681022644043,4,20.0,5.161402068791421,3.4709173442101218,0.6920884793042126,0.13955512539575946,0.9509978516735959,3.2255818450521136,0.8160430908203125,-3.651641070125263,6.386743205931629e-06
F2oil_rally,blk06_pos_d0.450,1414213,4.0,2.2125067710876465,0.5531266927719116,0.102325439453125,85.75447570332481,1564,3.4680962562561035,3.9804632663726807,0.46295,0.9381032970269697,13.476866481945718,41.53688430786133,4,19.0,5.671012980054204,3.8036769693002626,0.7135013950067881,0.14383233047501504,0.9509901271239214,3.194621403980245,0.8135154724121094,-3.6321966042776417,7.098684775842642e-06
F2oil_rally,blk13_neg_d0.450,1414213,4.0,2.2235231399536133,0.5558807849884033,0.09661712646484374,75.24539512774807,1683,3.6798477172851562,4.0646491050720215,0.49245000000000005,0.9227508180988857,12.915246487073386,42.0684814453125,4,20.0,5.787182573648261,3.1350765342595315,0.7202806422515783,0.14514034937229317,0.9591489561948501,3.20886443193613,0.8085777282714844,-3.615335089290527,6.9692156705237175e-06
F2oil_rally,blk17_pos_d0.400,1414213,2.799999952316284,1.9192206859588623,0.6854359709439273,0.11564559936523437,65.36394997843898,2319,3.608044385910034,4.066920757293701,0.58965,0.8834057150455426,11.580477691251462,42.07075119018555,4,22.0,5.240771643518691,3.5111453999701654,0.6847188857759576,0.13445950692006176,0.9531883485754944,3.203624702186229,0.8555091857910158,-3.676617688578134,5.937799415181724e-06
F2oil_fox,baseline,5772156,2.799999952316284,1.911277174949646,0.6825990026780367,0.075250244140625,57.645821157218,1711,3.74035382270813,4.066154956817627,0.46414999999999995,0.9454335285672988,13.75356879183868,42.747108459472656,5,21.0,6.1343373241495085,2.2406894027722513,0.7427119318961701,0.13541381221016982,0.9810828899686249,3.202001879693096,0.79453125,-3.5757532692284277,2.8540396881649856e-06
F2oil_fox,blk16_pos_d0.300,5772156,4.0,2.299269437789917,0.5748173594474792,0.06499862670898438,66.97720125786164,1272,3.6176960468292236,4.024324417114258,0.43025,0.956358494575305,14.176544122392317,47.67803955078125,4,19.0,6.2558294997452055,2.7009581551757664,0.7442231421863883,0.12861503015700498,0.9792190524765849,3.206702243274703,0.8061607360839844,-3.6837814080422824,2.589745433150436e-06
F2oil_fox,blk20_pos_d0.450,5772156,4.393799781799316,2.2929484844207764,0.5218600296533733,0.07311477661132812,68.5010721944246,1399,3.382725954055786,3.9812097549438477,0.4152,0.9593084735135984,14.292970669163044,41.8177490234375,5,19.0,6.363694484262403,3.5262929094193236,0.7551944624624687,0.12799402795875311,0.9743697638586768,3.151515700360346,0.8577293395996093,-3.8073225589927655,2.335215248789884e-06
F2oil_fox,blk23_neg_d0.300,5772156,4.0,2.124938488006592,0.531234622001648,0.0835662841796875,61.054626532887404,1794,3.7075605392456055,4.055861473083496,0.46795,0.9400210438420801,13.548715486998692,50.201080322265625,5,20.0,6.4196883383192755,2.8968047706638904,0.7326675512845022,0.13195533909234108,0.9762487585897104,3.205429338375872,0.7987930297851562,-3.6013016392410244,3.2774547017430354e-06
F2oil_fox,blk26_pos_d0.150,5772156,2.799999952316284,1.630234718322754,0.5822266950305308,0.10155181884765625,48.88211531399192,2723,3.9035723209381104,4.097086429595947,0.37515,0.9741378775741748,14.892886655244604,40.09038543701172,4,23.0,4.916130520974748,2.6492047227534328,0.6952173424535398,0.1199000572054222,0.9724786384663581,3.2285742640421518,0.8550216674804688,-3.7107016854288375,2.36643639792279e-06
F2oil_fox,blk27_neg_d0.250,5772156,2.0,1.5039329528808594,0.7519664764404297,0.053533172607421874,52.480927449513835,1337,3.874001979827881,4.0978193283081055,0.462,0.9400439248401449,13.54957503931614,54.237552642822266,6,23.0,4.417556623793958,1.3006936638085311,0.7646698676426719,0.13660461906727195,0.9929269357488887,3.1709505524610813,0.7806945800781251,-3.4109022521690178,2.3057614139681867e-06
F2oil_fox,blk09_pos_d0.450,5772156,2.799999952316284,1.8990345001220703,0.6782266187365842,0.08559951782226563,50.97546569741027,2201,3.6034514904022217,4.022944450378418,0.38014999999999993,0.9762048164344496,14.978479405749182,40.391754150390625,3,22.0,5.424248563072339,2.5045422927555805,0.70468083029228,0.12255526802672521,0.9774430150540927,3.217334915965787,0.8091987609863281,-3.5718373969802477,2.8586972910427106e-06
F2oil_fox,combo,5772156,2.799999952316284,2.242750406265259,0.8009823015925255,0.0406463623046875,64.49878934624698,826,3.6772711277008057,4.079320907592773,0.4672,0.9467204239890553,13.80272961326136,59.43670654296875,6,19.0,5.3636761229004275,1.3205659546793274,0.7794234543797695,0.13433336133578613,0.991938251187097,3.1849032730590636,0.7891807556152344,-3.641711718021519,1.8735102551811865e-06
F2oil_fox,blk03_pos_d0.400,5772156,2.799999952316284,1.9501796960830688,0.696492760462297,0.07489166259765626,59.927960927960925,1638,3.761380910873413,4.069870471954346,0.42585,0.9539250359970308,14.081217211412826,40.77086639404297,5,21.0,5.689991321083059,2.2086916982650493,0.7366648668555508,0.1287837339539999,0.9807851026241556,3.208987588373275,0.7977088928222658,-3.67843997698327,2.564417776718894e-06
F2oil_fox,blk06_pos_d0.450,5772156,4.0,2.0755457878112793,0.5188864469528198,0.06721343994140624,64.30510948905109,1370,3.7506794929504395,4.072052001953125,0.4163,0.9611088368757164,14.364494785159701,39.927406311035156,3,20.0,5.646417446752514,2.4192943753032807,0.7459525010705335,0.13444433951806284,0.9776206183589149,3.2105870306350366,0.7977851867675781,-3.7182521944040636,1.8437843810349151e-06
F2oil_fox,blk13_neg_d0.450,5772156,2.799999952316284,1.6302489042282104,0.582231761425423,0.07602996826171875,55.54849498327759,1794,3.824504852294922,4.0799241065979,0.39725,0.9608332905893595,14.353524839260015,39.82843017578125,5,23.0,4.65924240667933,1.8832700335366144,0.7129490923107242,0.11617939044233876,0.9820653209334665,3.2266387065905806,0.8021606445312499,-3.59515245949653,2.4518869382190034e-06
F2oil_fox,blk17_pos_d0.400,5772156,2.799999952316284,1.9562771320343018,0.6986704161962511,0.07280807495117188,58.58256599140577,1629,3.6822211742401123,4.056811332702637,0.39044999999999996,0.9711716901380565,14.770909548239546,41.84648132324219,4,22.0,5.590304378886976,2.2989235874495924,0.7432336288400934,0.12602748629409927,0.9808188173717832,3.2214325854583783,0.8197540283203125,-3.640765977312685,2.168436186961803e-06
F2oil_fox,baseline,1414213,4.0,2.015500545501709,0.5038751363754272,0.06512680053710937,60.79985754985755,1404,3.690525531768799,4.048185348510742,0.39325,0.9694346845668255,14.699943840129807,38.322330474853516,4,20.0,6.127537410095258,2.317702054057306,0.7483311416544007,0.13236039958797324,0.9778509728525512,3.195883635910671,0.7910675048828125,-3.617891480936463,2.9166796012167163e-06
F2oil_fox,blk16_pos_d0.300,1414213,4.0,2.4745771884918213,0.6186442971229553,0.06828994750976562,72.18467741935484,1240,3.518467426300049,4.013855457305908,0.4007,0.9661668301136922,14.567357777321932,41.384300231933594,5,19.0,6.363855091444043,3.2002891194519916,0.7447267994520339,0.12521071792055571,0.9770029054266673,3.2030775992548084,0.8159439086914063,-3.696401941002838,2.644833672599347e-06
F2oil_fox,blk20_pos_d0.450,1414213,4.0,2.3338403701782227,0.5834600925445557,0.07129592895507812,73.75611681136543,1267,3.372027635574341,3.9829933643341064,0.42804999999999993,0.9583482586883998,14.25496937534576,43.1123046875,3,18.0,6.48300952230272,3.553515058819444,0.7559259049261603,0.13033382799548485,0.9748209514776429,3.14644352189978,0.8654014587402343,-3.769529045118748,2.7156400633414958e-06
F2oil_fox,blk23_neg_d0.300,1414213,4.0,2.1178224086761475,0.5294556021690369,0.07782058715820313,66.06282383419689,1544,3.666642665863037,4.035398006439209,0.39305,0.9702824767533379,14.73453786229563,44.641807556152344,4,19.0,6.088195592478587,2.969395535492004,0.7319899913626251,0.12870856746810969,0.9728394149001445,3.2042764876191705,0.7975852966308593,-3.606514324174949,3.441327549905617e-06
F2oil_fox,blk26_pos_d0.150,1414213,2.799999952316284,1.6999424695968628,0.6071223209095397,0.09410171508789063,49.57435691318328,2488,3.8945772647857666,4.092797756195068,0.3595,0.9775604874494596,15.034885228797515,36.35212707519531,3,22.0,4.9991450959573305,2.719106351597324,0.700030682142553,0.12099078959019301,0.9679964799455242,3.2277130133483567,0.8510719299316407,-3.7010951140597896,2.4632423470617953e-06
F2oil_fox,blk27_neg_d0.250,1414213,2.0,1.5022273063659668,0.7511136531829834,0.05085906982421875,48.37590711175617,1378,3.8542239665985107,4.090181350708008,0.43339999999999995,0.9491503910231994,13.896036698294976,43.80198669433594,5,22.0,4.606363505985117,1.364599710039011,0.7640017013323764,0.13336310870557136,0.9916737977951959,3.181685299901978,0.7833724975585937,-3.4714472147335935,2.3077899471716764e-06
F2oil_fox,blk09_pos_d0.450,1414213,4.0,2.1071884632110596,0.5267971158027649,0.0855865478515625,53.165876777251185,2110,3.5455381870269775,4.005764484405518,0.36729999999999996,0.9779651412849505,15.051762913888098,41.903160095214844,5,20.0,6.128117120653329,3.2470233897568215,0.7250400126974279,0.12555224247307492,0.9706661956655134,3.2050354873673244,0.807622528076172,-3.5710854988633294,3.2098438779897745e-06
F2oil_fox,combo,1414213,4.0,2.2325451374053955,0.5581362843513489,0.052454376220703126,65.35456273764258,1052,3.5359790325164795,4.036713123321533,0.44675000000000004,0.948236142520763,13.860857142921915,51.746795654296875,4,18.0,5.747673901681746,1.7906709054651302,0.7710247315289936,0.13169955705097885,0.9891970496122804,3.195140971024556,0.8129707336425782,-3.6957309141015324,2.364752207910754e-06
F2oil_fox,blk03_pos_d0.400,1414213,4.0,1.9973634481430054,0.49934086203575134,0.07098617553710937,67.52031930333817,1378,3.689321756362915,4.043600082397461,0.3961,0.9550785528017814,14.126324242949279,42.448890686035156,4,20.0,5.947671331452856,2.2735216561939544,0.7413848931108005,0.13150406157725203,0.9778978743997977,3.2059116535501166,0.7973838806152344,-3.7154407884019283,2.4941624817411656e-06
F2oil_fox,blk06_pos_d0.450,1414213,2.799999952316284,1.8511302471160889,0.6611179566573748,0.0611114501953125,65.33442088091354,1226,3.7855277061462402,4.078807830810547,0.3986,0.96827267469799,14.652660131485355,44.18336486816406,3,22.0,5.497008115539556,1.7670092537552582,0.7511878606547344,0.13538911778840104,0.9821529319496874,3.211363746169891,0.7967788696289063,-3.6602922275601255,1.9439538918976682e-06
F2oil_fox,blk13_neg_d0.450,1414213,2.799999952316284,1.7769216299057007,0.6346148786308915,0.07334060668945312,59.41223733003708,1618,3.8014395236968994,4.072432518005371,0.40065,0.9561207398517141,14.16720207974463,38.93294906616211,4,22.0,5.2843184839889314,1.9639922363122415,0.7244115220005221,0.12416078618225888,0.9809593290303451,3.2172654555479956,0.7967094421386719,-3.6083173820306915,2.49088828487642e-06
F2oil_fox,blk17_pos_d0.400,1414213,2.799999952316284,1.9717354774475098,0.7041912539378448,0.05757217407226563,58.316074188562595,1294,3.668261766433716,4.059158802032471,0.40490000000000004,0.9631241062069966,14.444981236947962,39.252540588378906,4,21.5,5.617561204823925,1.88251883814547,0.7641287679962586,0.13184518858756603,0.9831300482694143,3.211722431729151,0.8127372741699219,-3.695644382946732,1.563470154463116e-06
F2oil_stilllife,baseline,5772156,2.799999952316284,1.8651182651519775,0.6661136774695546,0.02600250244140625,74.74122807017544,456,3.6613972187042236,4.051711559295654,0.48019999999999996,0.9288102862110893,13.13406090092822,42.6119384765625,4,21.0,5.494617300896297,0.8301934719097583,0.8145462530871355,0.16913282580620995,0.9884867563338946,3.1506194836023687,0.7757377624511719,-3.5440223977529013,1.8818248605966901e-06
F2oil_stilllife,blk16_pos_d0.300,5772156,4.0,1.9867711067199707,0.4966927766799927,0.019608306884765624,82.11182108626198,313,3.5288970470428467,4.01434326171875,0.4964,0.9131635647200691,12.576462370374824,43.638771057128906,4,20.0,5.502469104986869,0.7273700586378611,0.8274750193358913,0.18420339173675881,0.9913458273266075,3.13520484646524,0.7790092468261718,-3.6573887303253483,1.5363754482496423e-06
F2oil_stilllife,blk20_pos_d0.450,5772156,4.0,2.122062921524048,0.530515730381012,0.03194580078125,61.94082840236686,676,3.451946973800659,3.9949607849121094,0.40785,0.9465886416621301,13.797687318079403,41.2281494140625,4,20.0,5.7644969317081936,1.1538207832580527,0.8341556784102928,0.168405225506709,0.9860483249761254,3.155690607435929,0.8052703857421875,-3.69953480915525,1.4851157885450357e-06
F2oil_stilllife,blk23_neg_d0.300,5772156,4.0,2.0116496086120605,0.5029124021530151,0.028636932373046875,69.50925925925925,540,3.5608937740325928,4.026703834533691,0.4186,0.9506599051914728,13.954317126426846,45.33308792114258,4,21.0,5.5860138512465,0.9577299857516273,0.802506627232874,0.15963218529234252,0.9879988041709078,3.153691027702769,0.7831954956054688,-3.553138195973567,2.1057474748010175e-06
F2oil_stilllife,blk26_pos_d0.150,5772156,2.0,1.455325722694397,0.7276628613471985,0.048616790771484376,46.142650253439534,1381,3.8795363903045654,4.098527431488037,0.37745,0.9673080854173494,14.613525274704276,39.12787628173828,5,24.0,4.378481313467774,1.1856549509302514,0.7632426869903144,0.14813548964572668,0.9815669887338493,3.2135017209673484,0.8536712646484375,-3.654947259368775,1.6568568248920585e-06
F2oil_stilllife,blk27_neg_d0.250,5772156,2.0,1.5818169116973877,0.7909084558486938,0.00833892822265625,75.37931034482759,145,3.695376396179199,4.029911518096924,0.44705000000000006,0.9430746360742803,13.663910680961024,52.986305236816406,4,17.0,5.272905402608045,0.3833857238567241,0.8669069477324369,0.17755685738637444,0.9969351801449714,3.0678544919653623,0.7587722778320313,-3.542057582948032,1.5499377375476809e-06
F2oil_stilllife,blk09_pos_d0.450,5772156,4.0,2.0279929637908936,0.5069982409477234,0.028588104248046874,62.45166666666667,600,3.361083984375,3.962242603302002,0.4452,0.9482578569850494,13.861691664811529,47.095909118652344,5,20.0,6.039502007995616,0.9766161496403514,0.8230334391593095,0.16948354253834433,0.9868797000958849,3.1216983983326743,0.791553497314453,-3.6058751644979434,1.9471270751461903e-06
F2oil_stilllife,combo,5772156,4.0,1.8661600351333618,0.46654000878334045,0.010807037353515625,97.02054794520548,146,3.665606737136841,4.034810543060303,0.4375,0.9508002195994602,13.959746888374243,51.1884880065918,4,16.0,5.224664236309079,0.4838713206555002,0.8649333144666047,0.18305133383693223,0.9954442466933142,3.081038168744375,0.7542823791503906,-3.556869285445312,1.5718838592448691e-06
F2oil_stilllife,blk03_pos_d0.400,5772156,4.0,2.0493600368499756,0.5123400092124939,0.02154388427734375,72.21994884910485,391,3.6891238689422607,4.066234588623047,0.41665,0.9373668916906995,13.449378173191045,36.0452995300293,4,21.0,5.154069074667311,0.8717947790864621,0.8175802760456706,0.17017661445435298,0.9900206697863736,3.168047061983745,0.7825576782226563,-3.6460879861903925,1.912493633460692e-06
F2oil_stilllife,blk06_pos_d0.450,5772156,4.0,2.337491989135742,0.5843729972839355,0.027158355712890624,88.11138613861387,404,3.2739460468292236,3.8793933391571045,0.5095000000000001,0.892366417006308,11.871790787193236,41.110843658447266,7,17.0,6.39295031218596,1.141508556059867,0.865379919519754,0.2121609729402042,0.9890678676165892,3.051211134398557,0.7921684265136719,-3.862826348759065,1.1034060998515482e-06
F2oil_stilllife,blk13_neg_d0.450,5772156,2.799999952316284,1.802625060081482,0.6437946752785729,0.026300811767578126,63.02193784277879,547,3.676210403442383,4.063697814941406,0.4315,0.9387226498716669,13.500028983192488,41.076438903808594,3,22.0,5.1435468614951185,0.8605115971860778,0.7998014423149222,0.16426816839243896,0.9880108706466643,3.1642683527395383,0.7794593811035156,-3.5436925616108965,2.040025475083998e-06
F2oil_stilllife,blk17_pos_d0.400,5772156,2.799999952316284,1.7405552864074707,0.6216268985889111,0.01312713623046875,63.49077490774908,271,3.678715705871582,4.066999912261963,0.4723,0.9161485004101063,12.680977045904092,39.079898834228516,4,21.0,5.533871618460597,0.5856596011389736,0.8528904883853362,0.17972083123690774,0.9924261825926793,3.1573667078219705,0.8040496826171875,-3.686000350439661,9.81757312397293e-07
F2oil_stilllife,baseline,1414213,4.0,1.8240814208984375,0.4560203552246094,0.025110626220703126,74.80227272727272,440,3.658831834793091,4.048006534576416,0.41850000000000004,0.9497273009874073,13.918281668350813,40.697265625,4,21.0,5.280038092908869,0.8576975228208975,0.8154095425913707,0.1640740094518916,0.9886777534294995,3.151090588580351,0.7750526428222656,-3.566674624375222,1.9926992129058404e-06
F2oil_stilllife,blk16_pos_d0.300,1414213,4.0,2.1418960094451904,0.5354740023612976,0.01838836669921875,91.29545454545455,264,3.559514045715332,4.034223556518555,0.4558,0.9212313601186864,12.860951171437938,41.940818786621094,4,19.0,5.618492015341069,0.7448912811798252,0.8407605025418243,0.1916488265769343,0.9909040966237685,3.1233939603065757,0.772705078125,-3.6823126717345573,1.5179289690523312e-06
F2oil_stilllife,blk20_pos_d0.450,1414213,4.0,2.0704920291900635,0.5176230072975159,0.03182144165039062,73.95212765957447,564,3.4010839462280273,3.9850354194641113,0.37535,0.9674494596095261,14.619254497381716,39.71857452392578,4,20.5,5.593254635680519,1.2355748416187418,0.8356051877905191,0.15891583501067774,0.985908293394759,3.1519965683821694,0.8004859924316405,-3.7581495679120294,1.5213847227524073e-06
F2oil_stilllife,blk23_neg_d0.300,1414213,2.799999952316284,1.973772644996643,0.7049188137892113,0.0296478271484375,62.88025889967638,618,3.518460750579834,4.0269365310668945,0.4361999999999999,0.9372610862891441,13.445433311348697,44.15113067626953,5,21.0,5.1878541867468595,1.0178339063269852,0.7960679482630104,0.1523734002681898,0.9879367662017324,3.155107139871311,0.7834526062011719,-3.5723317710446145,2.1542077405080857e-06
F2oil_stilllife,blk26_pos_d0.150,1414213,2.0,1.4170920848846436,0.7085460424423218,0.047571563720703126,42.445881552076244,1469,3.8923065662384033,4.101195335388184,0.41875,0.9462054005563508,13.783034096325736,36.05830383300781,3,23.0,4.248815774007189,1.14813107927909,0.7652052745901705,0.14794014335587552,0.9829787793965525,3.2086098433961157,0.8572425842285156,-3.665562972705725,1.7359629871712752e-06
F2oil_stilllife,blk27_neg_d0.250,1414213,2.0,1.5415711402893066,0.7707855701446533,0.009398651123046876,77.47798742138365,159,3.6719799041748047,4.025840759277344,0.49515,0.9137105223405353,12.595548899901793,51.99283218383789,5,18.0,5.18607385273406,0.40813532459219987,0.8618318193504266,0.17284018455770978,0.9967781010800632,3.0832328350691403,0.7624000549316405,-3.5703633231177916,1.5959864037660568e-06
F2oil_stilllife,blk09_pos_d0.450,1414213,2.799999952316284,1.8249262571334839,0.6517593886470691,0.03533172607421875,55.19666269368295,839,3.5805184841156006,4.048747539520264,0.48895,0.9268178508241921,13.06170570711863,43.771644592285156,5,22.0,5.398710295920939,1.07642704370164,0.7842885210293713,0.17471260599387056,0.9801901248638033,3.1643642660222535,0.7853065490722657,-3.4793648393763776,2.4119378175284346e-06
F2oil_stilllife,combo,1414213,4.0,2.2537496089935303,0.5634374022483826,0.012287139892578125,142.52212389380531,113,3.522407054901123,3.9916090965270996,0.42315,0.9556684802360818,14.149448534495194,49.924095153808594,4,16.0,5.337440866182969,0.495107514856746,0.8805539690824847,0.18974920808285223,0.9954218080444426,3.0649191935086133,0.7667327880859375,-3.6516372635043015,1.4618012734973458e-06
F2oil_stilllife,blk03_pos_d0.400,1414213,4.0,2.0174713134765625,0.5043678283691406,0.027126312255859375,70.82669322709164,502,3.663635730743408,4.0606842041015625,0.43715,0.9392837448025425,13.521047126798267,37.95827102661133,5,21.0,5.114163580052744,0.9930989633938442,0.8015978996293851,0.1635731994617699,0.9878145204639711,3.1629077679630586,0.7771156311035157,-3.6227791075983156,2.244342718966977e-06
F2oil_stilllife,blk06_pos_d0.450,1414213,4.0,2.11179256439209,0.5279481410980225,0.027664947509765624,94.67624020887729,383,3.5402300357818604,4.025746822357178,0.48705,0.9149283962825445,12.638151718061517,38.5832405090332,4,20.0,5.910048200358637,1.0095840595793657,0.8360582658018549,0.18275858802544487,0.9891369864319667,3.126735736970602,0.7796897888183594,-3.70746198399209,1.686094387592371e-06
F2oil_stilllife,blk13_neg_d0.450,1414213,4.0,1.918674349784851,0.47966858744621277,0.023095703125,64.96137339055794,466,3.669658660888672,4.057967185974121,0.45980000000000004,0.923368766189893,12.93739335120589,39.19789123535156,5,22.0,4.966708479817307,0.8325927813324242,0.8099883689312326,0.17222725497857602,0.988336697002675,3.1550717170250717,0.7754104614257813,-3.553369580343659,2.020569088535527e-06
F2oil_stilllife,blk17_pos_d0.400,1414213,4.0,2.043189287185669,0.5107973217964172,0.0146240234375,78.23673469387755,245,3.6240313053131104,4.072472095489502,0.45494999999999997,0.938809339900544,13.503274183395822,38.46277618408203,3,20.0,5.604207113936363,0.6860418268974215,0.84571254713775,0.17963782094191877,0.9908916504988983,3.160066176385453,0.8046928405761719,-3.7123940659495815,1.421597089874421e-06
F2oil_fisherman,baseline,5772156,2.799999952316284,2.056598424911499,0.7344994499768436,0.09563827514648438,70.78204404291361,1771,3.6007285118103027,4.062840938568115,0.3303,0.9855342043603756,15.370975454812704,28.548431396484375,5,22.0,5.506022873071622,2.6068416536153824,0.70306861835579,0.12210339279001564,0.977604664491147,3.2204168642998843,0.8063140869140625,-3.511592507297145,4.071145780365177e-06
F2oil_fisherman,blk16_pos_d0.300,5772156,4.0,2.287952184677124,0.571988046169281,0.08701858520507813,82.470715835141,1383,3.4403045177459717,4.037257671356201,0.34045,0.9827267409037802,15.251793136665494,31.698814392089844,4,20.0,6.361616422411144,3.373994919116218,0.7188007874045161,0.12484494156707988,0.9741081596246216,3.202764498067822,0.8059638977050781,-3.2911646935116297,6.177558239448523e-06
F2oil_fisherman,blk20_pos_d0.450,5772156,4.0,2.425215244293213,0.6063038110733032,0.08641433715820312,76.58215010141988,1479,3.2719268798828125,4.035706996917725,0.39025,0.976583600554204,14.994218256352168,29.704204559326172,4,20.0,6.185049812659531,4.2075542658587874,0.7152474236848027,0.12899964790358084,0.9727304782040981,3.20006300863166,0.82369384765625,-3.863403184670576,2.8268694402534307e-06
F2oil_fisherman,blk23_neg_d0.300,5772156,4.0,2.0824620723724365,0.5206155180931091,0.1026824951171875,78.6604324956166,1711,3.5321502685546875,4.03400993347168,0.34645000000000004,0.9753116825382829,14.94143418886119,34.036582946777344,3,21.0,5.355083319711986,3.519509811705494,0.6828078570694605,0.11374616624657194,0.9701794282466438,3.2212869552238312,0.8163246154785156,-3.5111355505905166,5.0753730591776935e-06
F2oil_fisherman,blk26_pos_d0.150,5772156,2.799999952316284,1.7170215845108032,0.6132220049112526,0.1139923095703125,63.49851253718657,2353,3.83231782913208,4.087400436401367,0.32705,0.9880563221373095,15.478838231424279,28.473838806152344,3,23.0,4.544999977270455,2.881616016521435,0.6702835338776877,0.11250399132423738,0.9700929401312903,3.2080838487083168,0.8627250671386719,-3.6935092280457518,2.779360727413455e-06
F2oil_fisherman,blk27_neg_d0.250,5772156,2.0,1.746569037437439,0.8732845187187195,0.04142684936523437,56.09400826446281,968,3.826356887817383,4.09966516494751,0.4515,0.9481852313259672,13.8589007405625,33.95845031738281,5,24.0,4.575881414148344,1.0082510908588955,0.7655519069231633,0.1595074283442569,0.9952780489372753,3.1673451835960313,0.7751441955566407,-3.4621223773294183,3.5063445352073783e-06
F2oil_fisherman,blk09_pos_d0.450,5772156,2.799999952316284,1.9880658388137817,0.7100235259536934,0.083074951171875,58.447665056360705,1863,3.5819942951202393,4.046505451202393,0.33054999999999995,0.9869973281350781,15.433456622145393,33.334938049316406,4,22.0,5.222453775525447,2.68542009821445,0.7082526870293802,0.12440544932596356,0.9705129991325163,3.209359590477888,0.7983390808105469,-3.257692158603399,6.746685483364215e-06
F2oil_fisherman,combo,5772156,2.799999952316284,2.245124340057373,0.8018301351041476,0.056391143798828126,96.61830065359477,765,3.488212823867798,4.0719313621521,0.4114,0.9642917087296631,14.491819482111222,34.20762252807617,4,19.0,6.453355597631369,1.836271963295196,0.7470422264141507,0.14427031050491326,0.9881918593072617,3.182251439735715,0.7863609313964843,-3.539502542409078,3.7129413641424415e-06
F2oil_fisherman,blk03_pos_d0.400,5772156,2.799999952316284,2.1158266067504883,0.755652372422429,0.08602447509765625,63.06152125279642,1788,3.596397876739502,4.061488151550293,0.36779999999999996,0.969344948430805,14.696286928482687,24.89232063293457,3,21.0,5.409583783061879,2.7503979019678644,0.7050217897717572,0.12713556116843097,0.9762030520017186,3.215118957858935,0.8044830322265626,-3.5362261998919053,4.438303869633493e-06
F2oil_fisherman,blk06_pos_d0.450,5772156,2.799999952316284,1.9290337562561035,0.6889406389669118,0.09249343872070312,73.96766320927395,1639,3.6042439937591553,4.0541486740112305,0.39555,0.9676009652122103,14.625396791252626,30.80306625366211,5,23.0,4.95252545210415,2.6701403261876426,0.70126514619084,0.12762680390029463,0.9777595313596044,3.22353966421946,0.8110343933105469,-3.566017853531697,3.887455528039365e-06
F2oil_fisherman,blk13_neg_d0.450,5772156,2.799999952316284,1.9560307264328003,0.6985824141942163,0.10481338500976563,65.17125237191651,2108,3.6517820358276367,4.0617570877075195,0.3481,0.9817229999079289,15.209406998557826,26.65056610107422,5,22.0,4.755898965795449,3.123462745459555,0.6710493771017956,0.11517951158990425,0.9714406471904099,3.227419840114741,0.8100250244140625,-3.4370337774102127,5.427374074867556e-06
F2oil_fisherman,blk17_pos_d0.400,5772156,2.799999952316284,1.7938774824142456,0.6406705403442134,0.08800811767578125,77.00534045393859,1498,3.4830734729766846,4.064067363739014,0.35660000000000003,0.9720262305630057,14.80594759513416,24.609262466430664,4,23.0,5.124523900383295,2.4806881086247072,0.6982288735208256,0.11997342515890387,0.9752419725916175,3.223302723860064,0.8187751770019532,-3.4221438591973157,4.312243102888449e-06
F2oil_fisherman,baseline,1414213,2.799999952316284,1.8704575300216675,0.6680205578126321,0.097906494140625,73.58256880733946,1744,3.5952839851379395,4.0674147605896,0.3524,0.9727934950741942,14.837477945187599,30.813945770263672,4,21.0,5.378938075137403,2.7930333361565447,0.6989688482397206,0.1237852493886901,0.9739626901481557,3.217760429071092,0.8064949035644533,-3.4586639767666147,5.17916449232868e-06
F2oil_fisherman,blk16_pos_d0.300,1414213,4.0,2.0931801795959473,0.5232950448989868,0.09330673217773437,95.77055599060297,1277,3.3270087242126465,4.018533229827881,0.3297,0.9859587845918053,15.38908061195996,30.990934371948242,6,20.0,5.818534089565149,3.366804426469903,0.7136262394009075,0.12202480262394406,0.9711208184223885,3.204374637870191,0.8076148986816407,-3.307790151651552,7.086466439664872e-06
F2oil_fisherman,blk20_pos_d0.450,1414213,4.0,2.195049524307251,0.5487623810768127,0.0888092041015625,79.24029952348536,1469,3.262434720993042,4.023159027099609,0.3754,0.9613918482418629,14.375770655857256,33.128684997558594,6,20.0,5.7919766220868105,3.7720351304375503,0.7205608538607339,0.12409895429981206,0.971845653282031,3.194315483562502,0.8257598876953125,-3.7584541608856235,3.323461834147653e-06
F2oil_fisherman,blk23_neg_d0.300,1414213,4.0,1.9888473749160767,0.49721184372901917,0.10601348876953125,76.51651982378854,1816,3.503628730773926,4.042342662811279,0.3428,0.9827289034865011,15.251884585966277,35.01805114746094,5,21.0,5.310089612835888,3.6309837528005753,0.680537069385849,0.1157234033221728,0.9679414055756453,3.2197164282017727,0.8184753417968751,-3.50116852294699,5.992507438132037e-06
F2oil_fisherman,blk26_pos_d0.150,1414213,2.799999952316284,1.791703462600708,0.6398941046832988,0.11920852661132812,63.38701825557809,2465,3.778203248977661,4.079314708709717,0.34955,0.981609833308704,15.204635576128176,29.6666316986084,5,23.0,4.739341357820844,3.407023499897002,0.6618380116350151,0.11206460257180804,0.963373199429923,3.1961752352361152,0.8668121337890625,-3.7119304700667777,3.308920132209711e-06
F2oil_fisherman,blk27_neg_d0.250,1414213,2.0,1.7781537771224976,0.8890768885612488,0.046955108642578125,43.03846153846154,1430,3.7509071826934814,4.086939811706543,0.43590000000000007,0.9477296996818163,13.841407971631924,34.26576614379883,4,24.0,4.51595067965733,1.1522431527736634,0.7590872770306202,0.15983080703546815,0.9942262577941464,3.1733731702511183,0.7796440124511719,-3.433971571173653,4.241752037263061e-06
F2oil_fisherman,blk09_pos_d0.450,1414213,2.799999952316284,1.8770194053649902,0.6703640847608717,0.09558029174804687,67.90189701897019,1845,3.5597786903381348,4.044395446777344,0.3444,0.9824201984103612,15.238835896746766,33.96986770629883,5,23.0,4.97354398300674,2.764247738935153,0.6971317861163955,0.12002397232797388,0.9695559749871795,3.210135609554292,0.8014305114746093,-3.2480790729284537,7.128355800226046e-06
F2oil_fisherman,combo,1414213,4.0,2.361192226409912,0.590298056602478,0.060919189453125,79.21428571428571,1008,3.359225034713745,4.0523786544799805,0.43255000000000005,0.9517089418477426,13.994962998030104,33.63232421875,4,21.0,5.971516914053775,2.009226351946442,0.7505774388382451,0.14298821809411127,0.986650027136637,3.1782390726978282,0.7901321411132812,-3.542411329140117,4.543041960917689e-06
F2oil_fisherman,blk03_pos_d0.400,1414213,4.0,1.8948898315429688,0.4737224578857422,0.09054946899414062,69.69172049324722,1703,3.529761552810669,4.048873424530029,0.3537,0.9736042166572864,14.870867103263354,24.057302474975586,2,22.0,5.668802395259107,2.679211227950559,0.703224312358816,0.1328613006744459,0.9763514086539631,3.2155945200954346,0.8094520568847656,-3.5699005915476,4.436724710159012e-06
F2oil_fisherman,blk06_pos_d0.450,1414213,4.0,2.080940008163452,0.520235002040863,0.09097518920898437,75.23217665615142,1585,3.4815890789031982,4.045112133026123,0.364,0.9719155010905721,14.801402759023677,30.320945739746094,4,21.5,5.9546640099697905,2.984787839527094,0.7188641516458029,0.1369428003104851,0.9753058106397274,3.207142505145355,0.8069526672363282,-3.534078786639845,4.569070763828953e-06
F2oil_fisherman,blk13_neg_d0.450,1414213,2.799999952316284,1.819201946258545,0.6497149918712035,0.10848159790039062,64.10685302073941,2218,3.6032721996307373,4.068500995635986,0.3417,0.985489360326744,15.369064437803651,26.760663986206055,3,23.0,4.999274429059689,3.2593566948667796,0.6732490975234426,0.11826427483858035,0.9690917756385986,3.2216004471641444,0.8074203491210936,-3.3598438510154214,6.489413394895031e-06
F2oil_fisherman,blk17_pos_d0.400,1414213,2.799999952316284,1.9292457103729248,0.6890163368670658,0.08171539306640625,72.5650406504065,1476,3.425586700439453,4.051674842834473,0.3381,0.9800195655149436,15.137743504417047,25.220552444458008,4,23.0,5.1192480701798475,2.450980859225372,0.7093000997510479,0.12097015062333401,0.9724953981890678,3.212007807451919,0.818389892578125,-3.4174540507097193,5.062039621493307e-06
F2oil_lighthouse,baseline,5772156,2.799999952316284,1.8923126459121704,0.6758259564778797,0.06787872314453125,61.87065368567455,1438,3.74690580368042,4.083295822143555,0.34485,0.980361669498716,15.15210867242136,29.406612396240234,3,22.0,5.295667707340817,1.8898536649919002,0.7499209858726936,0.1483289370419964,0.9795144133713098,3.189004779150001,0.785430908203125,-3.561425801552115,3.1673411330835668e-06
F2oil_lighthouse,blk16_pos_d0.300,5772156,4.0,2.103638172149658,0.5259095430374146,0.057088470458984374,73.35980392156863,1020,3.703986406326294,4.070444583892822,0.405,0.9663627487515611,14.575272941944005,25.534738540649414,3,20.0,5.5818435194998255,1.8478590085391005,0.7749093438135382,0.1510113810062686,0.9766959477761157,3.200058296988315,0.8041618347167969,-3.638397652667251,2.7529452796902886e-06
F2oil_lighthouse,blk20_pos_d0.450,5772156,4.0,2.4213876724243164,0.6053469181060791,0.07379226684570313,63.842244224422444,1515,3.4235470294952393,4.028876304626465,0.41755,0.9533600255706969,14.05917566877731,48.67047882080078,5,19.0,5.93126367850843,3.210612919278848,0.7603697792891173,0.14655598135131834,0.9739159060711791,3.1727109603794346,0.8330268859863282,-3.7978190859317174,2.6861425603494238e-06
F2oil_lighthouse,blk23_neg_d0.300,5772156,4.0,2.1356537342071533,0.5339134335517883,0.08992080688476563,64.97298787210585,1814,3.691143035888672,4.080380916595459,0.37850000000000006,0.9662521525729613,14.57080429867932,35.14934158325195,5,21.0,5.118469874834333,3.0855254180004525,0.7102066931260619,0.13003760772370554,0.9685952551452089,3.2132094223820826,0.8033447265625,-3.6378815754873077,3.607556628170983e-06
F2oil_lighthouse,blk26_pos_d0.150,5772156,2.799999952316284,1.611146330833435,0.5754094136682478,0.09307937622070313,49.73542600896861,2453,3.9078354835510254,4.105848789215088,0.3592,0.9804000261873128,15.153720144291091,31.124614715576172,4,24.0,4.162410748055784,2.142108122229848,0.7060540354679162,0.13505117042031822,0.9741762342965127,3.2381216764196865,0.8404190063476562,-3.6848417775554276,2.3575218178853728e-06
F2oil_lighthouse,blk27_neg_d0.250,5772156,2.0,1.3433371782302856,0.6716685891151428,0.056414031982421876,55.51276276276276,1332,3.8941338062286377,4.103087425231934,0.3944,0.9652950561170945,14.532189961585463,32.85761642456055,3,24.0,4.111440784807267,1.2475669184849214,0.761858155015255,0.15432366006131296,0.9928991265216558,3.15238441718893,0.7745468139648437,-3.3628504621510595,3.5889172084733464e-06
F2oil_lighthouse,blk09_pos_d0.450,5772156,2.799999952316284,1.8144819736480713,0.6480292873387556,0.07901458740234375,56.7796052631579,1824,3.5730245113372803,4.032461643218994,0.3556,0.9797418458414217,15.126091891522847,32.0802001953125,3,23.0,5.6092847949352835,2.25659068311334,0.7328340416533554,0.14096541759174008,0.9734582024732086,3.183387629983741,0.7921203613281249,-3.4737397729382056,3.849559358768959e-06
F2oil_lighthouse,combo,5772156,2.799999952316284,1.9090256690979004,0.6817948934315765,0.03718643188476563,86.57371225577265,563,3.75577712059021,4.08069372177124,0.36669999999999997,0.9748357524612477,14.92173109695353,34.18345260620117,6,21.0,5.762316941874992,1.173394847096859,0.790421975812646,0.14717776195883875,0.990628428651366,3.139219264465296,0.7655113220214844,-3.5081519391445135,3.1160801469824116e-06
F2oil_lighthouse,blk03_pos_d0.400,5772156,2.799999952316284,2.012422800064087,0.718722440834087,0.06968841552734376,66.72169466764062,1369,3.817094326019287,4.099230766296387,0.3699,0.9715286853975351,14.785537047692003,26.561275482177734,3,21.0,5.11205634359594,2.1798712424526867,0.7338746071534241,0.14069365831246045,0.9756243394130918,3.200402267873917,0.7875091552734375,-3.5832744566042036,3.4754402460378373e-06
F2oil_lighthouse,blk06_pos_d0.450,5772156,2.799999952316284,1.7075194120407104,0.6098283718284262,0.06434326171875,57.488752556237216,1467,3.8469913005828857,4.098221302032471,0.323,0.983669995771471,15.291732711135468,28.666837692260742,5,23.0,4.446859816296584,1.5098590512935948,0.7496610903296521,0.14780717711965957,0.9824535384927351,3.2102009308503408,0.7918022155761719,-3.58729347769492,2.715306697835009e-06
F2oil_lighthouse,blk13_neg_d0.450,5772156,2.799999952316284,1.5833443403244019,0.5654801311744985,0.07891693115234374,61.42399049881235,1684,3.8597140312194824,4.100835800170898,0.33094999999999997,0.9835412984730044,15.28627721691537,24.857799530029297,3,23.0,4.2860394628272145,1.6321387654297583,0.7192012750873504,0.14525488478918422,0.9818490179201866,3.22300315530926,0.7979698181152344,-3.552080900574335,3.0690609304648736e-06
F2oil_lighthouse,blk17_pos_d0.400,5772156,2.799999952316284,1.4949721097946167,0.5339186197335144,0.059938812255859376,52.65616621983914,1492,3.6502039432525635,4.092050552368164,0.42155,0.9572826740638928,14.212916247986936,26.691673278808594,4,23.0,4.796993129235291,1.4416184562293455,0.7910253403932057,0.16598083826145846,0.9820552699260479,3.150829448125626,0.8072998046875001,-3.4401089500666555,4.4234426654547e-06
F2oil_lighthouse,baseline,1414213,2.799999952316284,1.8345061540603638,0.655180780464935,0.07024917602539063,71.87900078064013,1281,3.829289436340332,4.099391937255859,0.36629999999999996,0.9779991344489656,15.053181595295609,28.189443588256836,4,23.0,5.430434740810831,1.8483467264566316,0.7479292316285823,0.15599261133275596,0.9806861779931533,3.1982093095670403,0.7862907409667969,-3.636995556652033,2.7091210178581095e-06
F2oil_lighthouse,blk16_pos_d0.300,1414213,4.0,2.0839104652404785,0.5209776163101196,0.048577880859375,78.8019801980198,808,3.751772403717041,4.069066047668457,0.41445,0.9596501257562263,14.306516259658155,26.638656616210938,5,21.0,5.7861046693054865,1.5751207387490709,0.7879337849088522,0.1632064550906828,0.9802350056898863,3.1890281095814763,0.7902206420898437,-3.7006799909122274,2.2351535709115173e-06
F2oil_lighthouse,blk20_pos_d0.450,1414213,4.0,2.354370594024658,0.5885926485061646,0.05951614379882812,68.73039647577093,1135,3.5948455333709717,4.0760087966918945,0.39965,0.9625693253163297,14.422779346296988,41.566375732421875,3,19.0,5.814953590569165,2.595457765310705,0.7774917279971278,0.15256437768789538,0.9813429574743789,3.185433093051205,0.8246490478515626,-3.827648028163009,2.331000014415714e-06
F2oil_lighthouse,blk23_neg_d0.300,1414213,4.0,2.1526172161102295,0.5381543040275574,0.08728713989257812,64.82096317280454,1765,3.7505877017974854,4.092966556549072,0.37234999999999996,0.9758293500700131,14.96289471521715,34.18852233886719,4,21.0,5.327599267136056,3.088389749837351,0.7151456943213681,0.13917439411845267,0.9704422322644157,3.2133835217626032,0.800836181640625,-3.6419645445510302,3.454389084659693e-06
F2oil_lighthouse,blk26_pos_d0.150,1414213,2.799999952316284,1.639336347579956,0.5854772769634601,0.08642959594726562,57.62207527975585,1966,3.946913957595825,4.116158962249756,0.36885,0.9786367384873125,15.079816352650347,28.76297950744629,3,23.0,4.262016376868829,2.0663251300646275,0.7160411930591288,0.1458213719842007,0.9736025345174155,3.2376811408039172,0.8376548767089844,-3.70100654343918,2.334395422837326e-06
F2oil_lighthouse,blk27_neg_d0.250,1414213,2.0,1.4250770807266235,0.7125385403633118,0.0558258056640625,57.889240506329116,1264,3.888068675994873,4.097127914428711,0.3685,0.9706826250337464,14.750894116887165,32.687965393066406,2,24.0,4.393944942313163,1.1974065045582896,0.7725788232144941,0.16797372988912404,0.9931623486787702,3.1376733528151637,0.7721183776855469,-3.406276035695152,3.136673002726711e-06
F2oil_lighthouse,blk09_pos_d0.450,1414213,4.0,2.07200288772583,0.5180007219314575,0.06910934448242187,56.97044025157233,1590,3.503305435180664,4.021209239959717,0.33785,0.9801762286949632,15.144320201762946,31.00393295288086,5,21.0,5.93968359913188,2.2797033751743023,0.7583103425377705,0.14917184382133472,0.9766034425496577,3.167342601308936,0.7925064086914062,-3.5139190678949546,3.69666876279983e-06
F2oil_lighthouse,combo,1414213,2.799999952316284,2.0813138484954834,0.7433263871214456,0.03266830444335937,101.95,420,3.7803192138671875,4.082563877105713,0.38905,0.9709592053112426,14.762210080299079,34.28632354736328,3,21.0,5.330224209068168,1.0951421599872113,0.8045386292699714,0.16336058349710608,0.9922670388851036,3.1251626390865743,0.7627403259277343,-3.547439040459852,2.926413097213624e-06
F2oil_lighthouse,blk03_pos_d0.400,1414213,4.0,2.063856601715088,0.515964150428772,0.07208938598632812,72.40536398467432,1305,3.8254518508911133,4.100378036499023,0.38444999999999996,0.9674505966039249,14.619300583453148,27.86911392211914,2,21.0,5.079338074961849,2.3688115226389383,0.7317650028560374,0.14326779532966838,0.9781214227662415,3.2040554425620127,0.7879531860351563,-3.64363055734781,3.3142453553052184e-06
F2oil_lighthouse,blk06_pos_d0.450,1414213,2.799999952316284,1.7237396240234375,0.6156213047780532,0.05565643310546875,63.26973113616652,1153,3.844550371170044,4.100830554962158,0.3671,0.9764844510116966,14.99009689871657,26.59490966796875,4,22.0,4.901564166309839,1.356695860502789,0.7684523497137838,0.17089346439993489,0.9841272399385071,3.1951422191047105,0.7837493896484375,-3.582401758544552,2.5420430954419358e-06
F2oil_lighthouse,blk13_neg_d0.450,1414213,2.799999952316284,1.6137142181396484,0.576326516293228,0.07182998657226562,60.50706940874036,1556,3.838724374771118,4.1017351150512695,0.3389,0.9837849651305608,15.29660792285917,25.325820922851562,5,24.0,4.360758986025015,1.6059487718201892,0.7342791806554378,0.15478592784840428,0.9839113539647529,3.2066348411524315,0.7897789001464843,-3.5537844768661184,3.0076449127323384e-06
F2oil_lighthouse,blk17_pos_d0.400,1414213,2.799999952316284,1.7685511112213135,0.6316254076212714,0.054483795166015626,55.14517374517374,1295,3.5748863220214844,4.076244831085205,0.39045,0.9715312687110461,14.785642948976275,29.353208541870117,4,22.0,5.248530152342264,1.4861497590246746,0.795366983948366,0.1611165816092011,0.9845099277880347,3.155167323512017,0.8085517883300781,-3.5266382059726737,3.2202383240352025e-06
F3photo_blacksmith,baseline,5772156,4.0,2.14595365524292,0.53648841381073,0.04548568725585937,70.05757931844889,851,3.536519765853882,4.072635650634766,0.57545,0.8818928542703482,11.532004638144379,35.67892074584961,2,22.0,5.214882682175489,1.779145629865045,0.787828145671043,0.20495157399742409,0.9734997240726926,3.079771437045873,0.8829917907714843,-3.848774242776894,3.7418434110372507e-06
F3photo_blacksmith,blk16_pos_d0.300,5772156,4.0,2.35524320602417,0.5888108015060425,0.041522979736328125,70.7737321196359,769,3.54712176322937,4.078954219818115,0.60805,0.8596873926262947,10.843432199287916,34.57099914550781,2,22.0,5.258132553000926,1.9295334564003117,0.7949022220411184,0.22575182659549803,0.9750635644907493,3.097185236622523,0.8717987060546876,-3.7622776572873655,4.834352059273079e-06
F3photo_blacksmith,blk20_pos_d0.450,5772156,4.0,2.148066997528076,0.537016749382019,0.053517913818359374,78.20178372352285,897,3.484637975692749,4.085675239562988,0.5871999999999999,0.8724749789529018,11.234779587684462,33.96101760864258,3,22.0,5.200389022336429,2.0520182557403364,0.7858266533376747,0.21087175383717222,0.9727132914152636,3.0017220867583134,0.9094825744628906,-3.8465501706984564,3.911809855415807e-06
F3photo_blacksmith,blk23_neg_d0.300,5772156,4.0,2.1660172939300537,0.5415043234825134,0.04498748779296875,73.06815365551425,807,3.5837717056274414,4.077057361602783,0.55365,0.8890641916525821,11.763592154265277,41.121395111083984,2,23.0,4.89084580259335,1.657624117868035,0.7850094589317785,0.18891519546634736,0.9748359805369582,3.091834186012112,0.8830772399902344,-3.8403318790975023,3.427465600130634e-06
F3photo_blacksmith,blk26_pos_d0.150,5772156,4.0,1.995358943939209,0.49883973598480225,0.07159500122070313,58.72403003754693,1598,3.793738842010498,4.105711936950684,0.46135,0.9280948213808097,13.108032823692257,36.644351959228516,2,23.0,4.530005148899465,2.243485564934034,0.7259596227153353,0.15665644374160448,0.9686752921309232,3.0384590618820018,0.911522674560547,-3.952928750740301,2.7763099759741297e-06
F3photo_blacksmith,blk27_neg_d0.250,5772156,4.0,2.2297351360321045,0.5574337840080261,0.0262298583984375,58.97084048027444,583,3.5105514526367188,4.0635085105896,0.63885,0.8246051960512477,9.83838003451187,35.9659423828125,0,22.0,4.987296381682035,0.852851822827354,0.8691778857317306,0.356036998094175,0.9856897520449766,2.841145915062604,0.8821342468261719,-3.609059060230663,5.89489105281776e-06
F3photo_blacksmith,blk09_pos_d0.450,5772156,4.0,2.1296234130859375,0.5324058532714844,0.04402008056640625,67.24708624708624,858,3.6329972743988037,4.095644474029541,0.5247,0.8819165019403357,11.532760761850168,35.706546783447266,3,22.0,4.955730808245637,1.6681399166360933,0.7898874725670445,0.18589138605469174,0.976379504676882,3.1362202222729896,0.8726844787597656,-3.7680329463076716,4.524099129119209e-06
F3photo_blacksmith,combo,5772156,4.0,2.2412214279174805,0.5603053569793701,0.03583984375,63.39541160593792,741,3.4249379634857178,4.086124897003174,0.717,0.7783034794453078,8.653081061384642,37.01514434814453,1,23.0,5.446016893106374,1.2475406033109258,0.8364202542416426,0.3093329307233346,0.9830342088983717,2.969102802821144,0.8807380676269532,-3.615328606747391,6.161972307339721e-06
F3photo_blacksmith,blk03_pos_d0.400,5772156,4.0,2.1050491333007812,0.5262622833251953,0.05226974487304688,62.453053783044666,1097,3.5544347763061523,4.055078506469727,0.61465,0.8532797355942943,10.652491109773978,40.96772384643555,0,22.0,4.975455616478109,2.0428939296454334,0.7715311172643441,0.21599129687618884,0.9733322808218041,3.0778222273485984,0.8855987548828125,-3.8657691260193916,4.139501114550333e-06
F3photo_blacksmith,blk06_pos_d0.450,5772156,4.0,2.2596848011016846,0.5649212002754211,0.042607879638671874,60.309935205183585,926,3.525838851928711,4.064964294433594,0.5922000000000001,0.8635221661536187,10.959337353901187,38.43973159790039,2,22.0,5.200286560193757,1.7194443114221774,0.7918478626158159,0.2110233225231556,0.9734358179618393,3.1006694748809283,0.8772560119628907,-3.773933895527,3.851403743078117e-06
F3photo_blacksmith,blk13_neg_d0.450,5772156,4.0,2.1565182209014893,0.5391295552253723,0.050885772705078124,69.33160083160084,962,3.640235424041748,4.082869052886963,0.57025,0.8736602526326935,11.271760911266545,34.29999542236328,2,22.0,5.082205141533223,1.8609061157820772,0.779096384558593,0.19264125508464047,0.9725234776690608,3.101962471789289,0.8842041015625,-3.811025048402834,4.048007902101749e-06
F3photo_blacksmith,blk17_pos_d0.400,5772156,4.0,2.0305705070495605,0.5076426267623901,0.042241668701171874,69.55653266331659,796,3.666017770767212,4.0924296379089355,0.5588500000000001,0.8892503405088331,11.769665078474949,38.40542984008789,2,22.0,5.270433567626708,1.7518177140818543,0.8047774013373918,0.21094921005151787,0.97024184688778,3.11401048941351,0.8737213134765625,-3.8331390715065097,3.2657969020241766e-06
F3photo_blacksmith,baseline,1414213,4.0,2.2776002883911133,0.5694000720977783,0.047879791259765624,66.47987288135593,944,3.600416660308838,4.075108528137207,0.51005,0.9137532590991411,12.597041453242314,35.971351623535156,1,22.0,5.345792738219468,1.9943708380015295,0.7829259689755146,0.19769968099071722,0.9737707086199966,3.06177807493476,0.889990234375,-3.9289817524744426,3.4486319861134076e-06
F3photo_blacksmith,blk16_pos_d0.300,1414213,4.0,2.443570137023926,0.6108925342559814,0.044376373291015625,65.20739910313901,892,3.532877206802368,4.06533145904541,0.5578,0.8963722621710235,12.00438050217006,36.308963775634766,4,21.0,5.54741113180393,2.194720517832401,0.7919983643359159,0.207007570433176,0.9753995392335487,3.1082898633616525,0.8673713684082032,-3.8417397419587775,4.214263400453894e-06
F3photo_blacksmith,blk20_pos_d0.450,1414213,4.393799781799316,2.191399097442627,0.4987480555031621,0.047475433349609374,76.0721271393643,818,3.499338388442993,4.081503868103027,0.6227,0.8601634977613665,10.857755455536081,33.5135612487793,2,21.0,5.089026498482298,1.9294853126807945,0.7930149150937821,0.20456721839487674,0.9759077839814019,3.0219112304343403,0.901202392578125,-3.8753170444628124,3.988129627312756e-06
F3photo_blacksmith,blk23_neg_d0.300,1414213,4.0,2.1983325481414795,0.5495831370353699,0.04216461181640625,69.51698113207547,795,3.6066112518310547,4.081467151641846,0.47375,0.9227701941295843,12.91594033553692,38.68975830078125,2,22.0,4.883081602584581,1.7553275331894884,0.7865561307315467,0.19259541335463518,0.9746126376082891,3.0705162490421745,0.8909271240234375,-3.8271454977276362,4.086558831059396e-06
F3photo_blacksmith,blk26_pos_d0.150,1414213,4.0,2.0263099670410156,0.5065774917602539,0.0682098388671875,55.8775,1600,3.80424165725708,4.101924896240234,0.491,0.9165932888450095,12.696625068772022,37.18077850341797,3,23.0,4.8010501693563565,2.2533231011758357,0.7272861944728619,0.1543262852557939,0.9692058144021268,3.022862745265741,0.9130851745605469,-3.9459014182107985,3.391917239402618e-06
F3photo_blacksmith,blk27_neg_d0.250,1414213,2.799999952316284,2.3253068923950195,0.8304667614267002,0.030859375,50.05940594059406,808,3.50785756111145,4.075089931488037,0.69325,0.7868007921580296,8.859364214768211,36.875,1,23.0,5.129562522113209,0.9566344228436456,0.8668589764754372,0.36623316299051156,0.9862586601223728,2.831510324859178,0.8918869018554688,-3.6039483477809418,6.999336984100108e-06
F3photo_blacksmith,blk09_pos_d0.450,1414213,4.0,2.2708373069763184,0.5677093267440796,0.04780502319335937,66.80063965884861,938,3.627131700515747,4.08037805557251,0.48855,0.903872329106506,12.256620328957963,32.59595489501953,2,22.0,5.082573632862226,1.7548100959346071,0.7850065260765393,0.19278671918258378,0.971248669769498,3.1098408203054873,0.8836082458496093,-3.821211759266589,4.500833445319103e-06
F3photo_blacksmith,combo,1414213,4.0,2.4089930057525635,0.6022482514381409,0.0331787109375,59.57260273972603,730,3.373124122619629,4.074382305145264,0.71085,0.7993589437137809,9.173267909034989,38.18910217285156,1,22.0,5.629153909830687,1.288474087409925,0.8406301648000818,0.28151791266996695,0.9842982188996783,2.9560055734729813,0.8842185974121094,-3.6738145013337675,5.963836031928079e-06
F3photo_blacksmith,blk03_pos_d0.400,1414213,4.0,1.9950964450836182,0.49877411127090454,0.048708343505859376,65.07951070336391,981,3.6770381927490234,4.092399597167969,0.5846,0.8733797919733021,11.26299937368423,33.04130935668945,2,23.0,4.904635596881652,1.7502351532601472,0.7684940938727252,0.18859280502588605,0.9753622169515912,3.1154714877689265,0.8826057434082032,-3.7573737814838912,4.731559189442946e-06
F3photo_blacksmith,blk06_pos_d0.450,1414213,4.0,2.0878472328186035,0.5219618082046509,0.04584579467773438,60.75935288169869,989,3.610653877258301,4.058087348937988,0.6071,0.8523902109837896,10.6262513917393,38.37041473388672,1,23.0,5.017096166252995,1.5745351862563064,0.7920096837707988,0.21400864332179015,0.9730213195372901,3.128029465217255,0.8652656555175782,-3.7323530665053837,4.165219029896446e-06
F3photo_blacksmith,blk13_neg_d0.450,1414213,4.0,2.2071821689605713,0.5517955422401428,0.04783172607421875,64.69969040247678,969,3.631767749786377,4.083821773529053,0.5908,0.8829623383383252,11.566250541973707,38.27534484863281,1,22.0,5.283619557451897,1.9636622655023046,0.7919152427185054,0.20467890324971183,0.9735220205678772,3.0960544368421257,0.8829795837402343,-3.832807256969923,5.579473988771791e-06
F3photo_blacksmith,blk17_pos_d0.400,1414213,4.0,2.3763697147369385,0.5940924286842346,0.0369598388671875,74.9907120743034,646,3.654125928878784,4.09459924697876,0.58215,0.8824288646225285,11.549155509467548,37.92870330810547,2,22.0,5.060035148908472,1.6215394634876084,0.8143271293734473,0.21636124672873497,0.9713481804902588,3.1063852280361828,0.8715347290039062,-3.832010757212716,3.3081353643544254e-06
F3photo_rally,baseline,5772156,2.799999952316284,1.8899662494659424,0.674987957732813,0.148504638671875,42.968653421633555,4530,3.7635622024536133,4.0928263664245605,0.4910500000000001,0.9198211426986532,12.810763637304948,30.087387084960938,2,22.0,4.965350987722823,5.430181958129578,0.6340233231384992,0.13724249882492898,0.9329309652371813,3.195619339373714,0.8740165710449219,-3.3651958224961684,2.0723470521289928e-05
F3photo_rally,blk16_pos_d0.300,5772156,2.799999952316284,1.9401572942733765,0.6929133311835924,0.11214141845703125,46.51455696202532,3160,3.7812132835388184,4.106804847717285,0.6123000000000001,0.8669168964101037,11.062975695201954,33.08671569824219,2,23.0,5.003524995252128,4.182721242394432,0.6890291431935691,0.16499928473483627,0.9537020855333118,3.2140010924217965,0.8608520507812499,-3.4077076962546697,1.2987486790384635e-05
F3photo_rally,blk20_pos_d0.450,5772156,2.799999952316284,2.028578281402588,0.7244922556960967,0.17840423583984374,39.89728715236308,5861,3.721921920776367,4.097973346710205,0.47485,0.9315780017245533,13.235235926421565,31.54735565185547,4,22.0,5.0476378743127714,6.9188957965306415,0.5929520693272543,0.12093383363142418,0.9304154151397502,3.1577018810658326,0.8925674438476563,-3.4719201744605006,1.4000158326182339e-05
F3photo_rally,blk23_neg_d0.300,5772156,2.799999952316284,1.8032206296920776,0.6440073787145508,0.16662445068359374,42.316992830846736,5161,3.8121249675750732,4.107152938842773,0.5768500000000001,0.876945044188116,11.374885962818515,37.604000091552734,3,23.0,4.625850424155861,6.212526205626906,0.6039222122283635,0.1330947616009211,0.9295082059137691,3.2137706460543414,0.8707633972167969,-3.396530003698046,1.7388771533471023e-05
F3photo_rally,blk26_pos_d0.150,5772156,2.799999952316284,1.6963874101638794,0.605852656804709,0.17896881103515624,51.45382759377056,4559,3.89971923828125,4.105555534362793,0.48944999999999994,0.9079530423184442,12.396080890732758,29.019046783447266,4,23.0,4.327929860601479,5.208594106956363,0.5903358788599338,0.11328875087855515,0.9317342682633867,3.10575579566656,0.9082534790039062,-3.683947989974088,7.947082013093008e-06
F3photo_rally,blk27_neg_d0.250,5772156,2.0,1.092484712600708,0.546242356300354,0.11485671997070312,19.107120192917883,7879,3.9847211837768555,4.131734371185303,0.6880000000000001,0.8004521964138835,9.201115553038802,29.477689743041992,0,24.0,3.8836831398645417,4.771262987369918,0.6884269865099415,0.2808478612891082,0.9508755118617362,3.1896969798702135,0.8129852294921875,-2.586677391214999,5.963816233495937e-05
F3photo_rally,blk09_pos_d0.450,5772156,2.799999952316284,1.9701834917068481,0.7036369733067406,0.15085983276367188,35.38564781675018,5588,3.8199117183685303,4.1178202629089355,0.58215,0.887675253660274,11.718378218465489,36.68680953979492,3,23.0,4.945612236837884,6.223113526620374,0.6223228432879728,0.13473127982382557,0.9387953739694825,3.238356285447016,0.8536941528320312,-3.3236793521869337,1.6324277970407466e-05
F3photo_rally,combo,5772156,2.0,1.5579197406768799,0.7789598703384399,0.11377792358398438,28.341125047510452,5262,3.796870470046997,4.119293212890625,0.65225,0.8310998266558186,10.017143813215473,33.85783386230469,0,24.0,4.265311472127103,3.599071256293712,0.6727473528745245,0.20337793079940295,0.9579057279892986,3.2219746292394573,0.8292495727539063,-2.967799465220107,3.379433027767651e-05
F3photo_rally,blk03_pos_d0.400,5772156,4.0,2.072296380996704,0.518074095249176,0.1434600830078125,49.96970502258836,3763,3.667814016342163,4.047954559326172,0.56385,0.8869078837755122,11.693472688126725,35.9445686340332,3,22.0,4.489584479958078,5.734580356161839,0.628086456082751,0.12838392029021944,0.9338885129539032,3.132803600369007,0.8868019104003906,-3.502552705324067,1.32337291856842e-05
F3photo_rally,blk06_pos_d0.450,5772156,4.0,2.2178823947906494,0.5544705986976624,0.11351089477539063,53.2120886981402,2796,3.5599770545959473,4.035788059234619,0.57365,0.8911539458390898,11.831948585391473,31.12356948852539,6,21.0,5.1203535021824065,4.792221616973665,0.6850257643575655,0.1538477675453737,0.9519509900515739,3.128337432836227,0.8830169677734375,-3.595022752545444,1.0084674472796485e-05
F3photo_rally,blk13_neg_d0.450,5772156,2.799999952316284,1.7475172281265259,0.6241133063880598,0.17622833251953124,41.78473227206946,5528,3.856074810028076,4.111749649047852,0.4949,0.9118065510081894,12.52923307823085,30.42258644104004,4,23.0,4.412517432620461,5.342080281723974,0.5976224530391767,0.12782505292471602,0.9294425182681453,3.2341412749702467,0.8662879943847656,-3.3239528009552757,1.8757861060754982e-05
F3photo_rally,blk17_pos_d0.400,5772156,2.799999952316284,1.6331467628479004,0.5832667109500802,0.14432754516601562,56.36859356376639,3356,3.7853002548217773,4.084074020385742,0.5357,0.8935389304930017,11.9104475647699,34.22614288330078,1,24.0,4.110662379821379,3.4683027208534423,0.6566012237862449,0.1417487480862926,0.9514901388015566,3.199358955484056,0.8716133117675782,-3.5722000260876294,8.54248068862733e-06
F3photo_rally,baseline,1414213,2.799999952316284,2.023707389831543,0.7227526515339554,0.14556121826171875,43.1066425666516,4426,3.720869302749634,4.081468105316162,0.5368,0.9067147210066391,12.353593714235224,34.78331756591797,3,22.0,4.953347400591579,5.682471799686201,0.6391452610489627,0.13954150950265157,0.9443486561270042,3.1866187948054367,0.8767242431640625,-3.4670073576596856,1.4598010540445427e-05
F3photo_rally,blk16_pos_d0.300,1414213,2.799999952316284,1.805214524269104,0.6447194839327588,0.11883010864257812,51.45457548728113,3027,3.789440870285034,4.106789588928223,0.54395,0.8974602750732699,12.040647738669232,36.06108474731445,3,23.0,4.487991471319459,4.032887508790955,0.6762886617298861,0.15561011656748924,0.9538319585574273,3.2094010810054656,0.8680427551269532,-3.529883911261301,9.828742793883203e-06
F3photo_rally,blk20_pos_d0.450,1414213,4.0,2.1521565914154053,0.5380391478538513,0.16680526733398438,42.48639720171007,5146,3.6217401027679443,4.07854700088501,0.53355,0.8934696462444113,11.908159826524837,33.2431640625,3,21.0,5.4911565733031615,7.885384055635522,0.6054265065018418,0.13169236555399372,0.9175142852423505,3.104917937230851,0.9049957275390624,-3.4803694815693844,1.6034650683635698e-05
F3photo_rally,blk23_neg_d0.300,1414213,2.799999952316284,1.8363114595413208,0.6558255324333997,0.1627685546875,39.10263929618768,5456,3.7963459491729736,4.099219799041748,0.59405,0.8806841527477351,11.493422897048667,41.933563232421875,3,23.0,4.954638881633892,6.490714694532519,0.6109387554144228,0.13494653980928875,0.9341533346418296,3.20665063929572,0.8720176696777343,-3.3801329740786823,1.640051411638534e-05
F3photo_rally,blk26_pos_d0.150,1414213,2.799999952316284,1.7096251249313354,0.6105804121593137,0.178070068359375,49.75484971221488,4691,3.904334306716919,4.10607385635376,0.4742,0.9252956129129694,13.006694430383453,32.34915542602539,3,23.0,4.154969714261603,5.430098744266768,0.5905485790616762,0.1130557031645094,0.9358875961067809,3.127007092316252,0.9034858703613281,-3.652768395688382,8.05603665812328e-06
F3photo_rally,blk27_neg_d0.250,1414213,2.0,1.0464329719543457,0.5232164859771729,0.12501296997070313,17.195613390702068,9529,3.9849445819854736,4.12799072265625,0.66485,0.8210836122883828,9.742786484528382,32.5641975402832,1,24.0,3.6004092109943064,6.0412059319325575,0.6572470913652728,0.2402282426308151,0.9444569417550616,3.1953592234680714,0.8131263732910156,-2.551965702194014,6.102935164437861e-05
F3photo_rally,blk09_pos_d0.450,1414213,2.799999952316284,2.0651469230651855,0.7375524850837245,0.1469940185546875,36.51781652767248,5276,3.7299065589904785,4.110028266906738,0.5073000000000001,0.9171664642090924,12.716818326795948,42.17247009277344,3,23.0,5.5522916785749254,5.911825214002828,0.6453316371099123,0.1283443872446384,0.9437574916349735,3.219143447207855,0.8585746765136719,-3.3344728499530993,1.525303314232793e-05
F3photo_rally,combo,1414213,2.0,1.543748140335083,0.7718740701675415,0.1152801513671875,23.00548112058465,6568,3.842034101486206,4.119710922241211,0.602,0.8729698541108794,11.250205243640096,35.78394317626953,1,24.0,4.015688861739533,4.511175240102373,0.6739331116291063,0.2242453111656623,0.9563690066691692,3.2056226239448535,0.8269790649414062,-2.903191857709718,3.411363322547082e-05
F3photo_rally,blk03_pos_d0.400,1414213,4.0,2.0460407733917236,0.5115101933479309,0.1505340576171875,51.48956158663883,3832,3.6454694271087646,4.051657199859619,0.5188,0.9068238164261817,12.357330954049617,36.58284378051758,3,22.0,4.913869243020208,5.746019292291965,0.6276075148913611,0.1208510891406529,0.9363844189085999,3.173066481402049,0.8724639892578125,-3.410067759079477,1.3468107311977406e-05
F3photo_rally,blk06_pos_d0.450,1414213,4.0,2.2681102752685547,0.5670275688171387,0.1092529296875,54.67735777014128,2619,3.4889109134674072,4.016965389251709,0.61405,0.8616369533454451,10.902203224642921,38.01057815551758,4,21.0,5.191378584323005,5.395970311988864,0.6687268404076656,0.14580634198327416,0.9445571446493448,3.0479550941230866,0.9018699645996093,-3.6291423265452942,1.1330878456873498e-05
F3photo_rally,blk13_neg_d0.450,1414213,2.799999952316284,1.8537492752075195,0.662053323848815,0.16093368530273439,42.070003988831274,5014,3.7824790477752686,4.097583770751953,0.5447500000000001,0.9008479677150795,12.154274465046536,35.66131591796875,3,23.0,4.596193367707611,5.244590264536903,0.6171945355060537,0.12724499435438474,0.943311475305314,3.214517221604426,0.8730026245117188,-3.4277382100112987,1.38271605068329e-05
F3photo_rally,blk17_pos_d0.400,1414213,2.799999952316284,1.830853819847107,0.653876375366558,0.14048690795898439,71.2061098221191,2586,3.7414166927337646,4.074020862579346,0.5161,0.8747718715297801,11.306554768311475,34.38814163208008,3,24.0,4.551538677375507,3.6483496131769124,0.6483958938800167,0.1368275338036516,0.9489145540521363,3.142772953500719,0.891107940673828,-3.7701243704590537,5.967112531589286e-06
F3photo_fox,baseline,5772156,4.0,2.42061448097229,0.6051536202430725,0.0557952880859375,57.04524180967239,1282,3.616431474685669,4.056301116943359,0.439,0.9484644573287864,13.869634162885268,38.38911437988281,3,21.0,5.671977282031655,1.9088868768917777,0.7344840610838793,0.1275081614117277,0.9866944429165234,3.021796628901248,0.9028976440429687,-3.903889004307503,1.3274201599424111e-06
F3photo_fox,blk16_pos_d0.300,5772156,4.0,2.3043391704559326,0.5760847926139832,0.05291671752929687,50.961792799412194,1361,3.683687448501587,4.075252532958984,0.42999999999999994,0.9625179263344664,14.420724127879492,43.05744552612305,3,22.0,5.702192414803063,1.864589477750477,0.7273275336493339,0.12698956358715666,0.9876314720108919,3.0583327673267293,0.8974571228027345,-3.8906707201844855,1.3568007205305568e-06
F3photo_fox,blk20_pos_d0.450,5772156,4.0,2.2701921463012695,0.5675480365753174,0.03633575439453125,50.45127118644068,944,3.434384346008301,4.0631103515625,0.51545,0.9118662613214892,12.531307491302275,47.14802551269531,3,23.0,5.440146949916953,1.2868965834579147,0.7899511866639206,0.15951631582742526,0.9923082442899883,3.0166227767054905,0.9004386901855469,-3.846055695726402,1.4376261160919258e-06
F3photo_fox,blk23_neg_d0.300,5772156,4.0,2.302870512008667,0.5757176280021667,0.05242767333984375,55.7323600973236,1233,3.6327528953552246,4.066816329956055,0.4405,0.9576554531049128,14.227613785952851,42.28199768066406,3,23.0,5.652041184945872,1.565179437203129,0.7386651930717645,0.12823289464195303,0.9883871410045868,3.055252300426485,0.8961898803710938,-3.791854860635811,1.4598218371250391e-06
F3photo_fox,blk26_pos_d0.150,5772156,4.0,2.0635716915130615,0.5158929228782654,0.08433837890625,53.351351351351354,2072,3.8727474212646484,4.110757827758789,0.44289999999999996,0.948754751474088,13.880801857294724,30.773292541503906,4,22.0,4.8023484948376725,2.3135339662406986,0.6844984864903203,0.11914022486449802,0.9831804036224208,2.985690530715942,0.9197868347167969,-4.056524989121982,1.1177777179317547e-06
F3photo_fox,blk27_neg_d0.250,5772156,4.0,2.403752326965332,0.600938081741333,0.0283050537109375,41.92090395480226,885,3.5279834270477295,4.069130897521973,0.5961,0.8702020953927371,11.164203187556122,36.3261604309082,3,21.0,5.86172534308538,1.098226072858862,0.8176776232884038,0.22668233788591505,0.9955825818932045,3.102874492827657,0.8645683288574219,-3.7444399052576203,1.1807659849304941e-06
F3photo_fox,blk09_pos_d0.450,5772156,4.393799781799316,2.3973798751831055,0.5456279289543203,0.05716781616210938,59.84904153354633,1252,3.625016927719116,4.09824800491333,0.43174999999999997,0.9655926707695015,14.544186336271544,37.90447998046875,3,21.0,5.74303120008371,2.0850514802369533,0.7124993727188171,0.1244315423577808,0.9868395792184564,3.0367797244620407,0.9011062622070313,-3.924241543978353,1.4958678382164427e-06
F3photo_fox,combo,5772156,4.0,2.3869080543518066,0.5967270135879517,0.02180328369140625,43.3,660,3.455181121826172,4.0790886878967285,0.5293,0.914771993582891,12.632672493478083,41.036903381347656,3,22.0,5.577648916339952,0.9312843752630873,0.8095021673381381,0.17457280812444592,0.9955876027204142,3.063916462793239,0.8859909057617188,-3.6045674531860774,1.5640138672510474e-06
F3photo_fox,blk03_pos_d0.400,5772156,4.0,2.231644630432129,0.5579111576080322,0.054959869384765624,60.33249581239531,1194,3.6478335857391357,4.071879863739014,0.41859999999999997,0.9542948899002324,14.095664240585995,41.86033248901367,4,21.0,5.574212949460517,1.7519250063108667,0.7418769312360425,0.12689109549405006,0.9860643707242631,3.097935311434915,0.8848731994628906,-3.914603099686451,1.1968178159516316e-06
F3photo_fox,blk06_pos_d0.450,5772156,4.0,2.3103957176208496,0.5775989294052124,0.0542724609375,56.457142857142856,1260,3.587089776992798,4.083025932312012,0.4236,0.95743190600771,14.218798183988595,43.26137161254883,3,23.0,6.200825687971371,1.8055000871886806,0.7399912874261168,0.13809205785462847,0.98375723079276,3.1103883914164903,0.8791412353515624,-3.8413466995355456,1.1556119234060976e-06
F3photo_fox,blk13_neg_d0.450,5772156,4.0,2.1887333393096924,0.5471833348274231,0.06057586669921875,53.792682926829265,1476,3.653002977371216,4.089183330535889,0.40390000000000004,0.9644125136412022,14.496674218954722,42.84865188598633,3,22.0,5.0389761269737825,1.7428242696564664,0.7221630960812334,0.1183774344348887,0.9866054571195655,3.049020092062791,0.9027549743652344,-3.814250771869057,1.5371652186566802e-06
F3photo_fox,blk17_pos_d0.400,5772156,4.0,2.3598053455352783,0.5899513363838196,0.03699188232421875,48.77867203219316,994,3.7329118251800537,4.119531631469727,0.4432,0.9507466053460709,13.957671922396102,29.25735855102539,3,21.0,5.372476259013492,1.5774624854126986,0.7350577278007202,0.14208676942378606,0.9884149748976493,3.1024893378283194,0.8898040771484375,-3.9170684795838535,1.1831904239932794e-06
F3photo_fox,baseline,1414213,4.0,2.236961603164673,0.5592404007911682,0.036702728271484374,54.97942857142857,875,3.5603039264678955,4.037378787994385,0.41095,0.9569390778904188,14.19938274825247,28.58509635925293,3,20.0,5.915355259978036,1.4357490378960027,0.7662656059995075,0.1308989597190754,0.9907482411101034,2.983082814125242,0.9085861206054688,-3.918650043147885,1.0243490905077552e-06
F3photo_fox,blk16_pos_d0.300,1414213,4.0,2.347517490386963,0.5868793725967407,0.038249969482421875,56.713800904977376,884,3.556509256362915,4.037908554077148,0.4283,0.9541806982888305,14.091202169839695,29.493213653564453,3,21.0,5.6628383509005085,1.5459732407912499,0.7446467861930115,0.13271314957709487,0.9900139448379461,2.9170935032034246,0.9188690185546875,-3.9371390981135055,1.02652715818011e-06
F3photo_fox,blk20_pos_d0.450,1414213,4.0,2.2546703815460205,0.5636675953865051,0.03124542236328125,51.51446540880503,795,3.3380730152130127,4.020448207855225,0.44939999999999997,0.9498904753522291,13.924579937979775,33.41518783569336,3,22.0,5.4627291734859025,1.0808108574252155,0.8031744258827627,0.1417697613278493,0.9940008857595781,2.921426599248984,0.9203132629394533,-3.8699477479113047,1.209402640543049e-06
F3photo_fox,blk23_neg_d0.300,1414213,4.0,2.2902815341949463,0.5725703835487366,0.03621826171875,57.54181818181818,825,3.57167911529541,4.055273056030273,0.40285000000000004,0.9601848061349828,14.32774066551021,30.015424728393555,3,21.0,5.875449025446505,1.301023130821424,0.7694736006189173,0.13004858177873174,0.9910701102767063,2.9913613456817725,0.9064376831054688,-3.849950081236297,1.017777444854503e-06
F3photo_fox,blk26_pos_d0.150,1414213,4.0,2.0320303440093994,0.5080075860023499,0.06299285888671875,53.44077669902913,1545,3.817570209503174,4.086482524871826,0.4051,0.9624609269911968,14.418445318195035,27.12419319152832,3,22.0,4.970884943680453,1.8447800929925504,0.7127379059118343,0.11676952215100306,0.9865970700677367,2.9023623207318128,0.9287727355957032,-4.003788722135608,9.651745288483698e-07
F3photo_fox,blk27_neg_d0.250,1414213,4.0,2.5061490535736084,0.6265372633934021,0.017197418212890624,44.90239043824701,502,3.3629722595214844,4.031310558319092,0.49825,0.9214381331853496,12.868326425854601,29.445758819580078,2,21.0,5.829562669198979,0.7961219983900679,0.8467761651322945,0.17799493290770343,0.9965119843359102,3.0178027781233445,0.8886245727539063,-3.6982521333475815,1.1225522231311337e-06
F3photo_fox,blk09_pos_d0.450,1414213,4.0,2.349249839782715,0.5873124599456787,0.046758270263671874,54.62299465240642,1122,3.5260024070739746,4.0933146476745605,0.43994999999999995,0.957882221707005,14.236562012653541,31.776342391967773,3,22.0,5.982252582722145,1.6263334114742185,0.7361872627119909,0.13068203178343027,0.9895036529977046,2.995086994406048,0.906524658203125,-3.884348325036127,1.2992717427447467e-06
F3photo_fox,combo,1414213,4.0,2.435032367706299,0.6087580919265747,0.01935577392578125,59.137529137529135,429,3.259927749633789,4.057896137237549,0.49305,0.9362227153830083,13.406779906544678,41.482051849365234,4,20.0,5.799702363839344,0.8686662272757923,0.823872609383349,0.15256090471890288,0.9956003894081185,2.98032915686048,0.9121414184570313,-3.7542261820056098,1.0839904766585748e-06
F3photo_fox,blk03_pos_d0.400,1414213,4.0,2.032400131225586,0.5081000328063965,0.04300613403320312,52.29035250463822,1078,3.558756113052368,4.067661762237549,0.4273,0.9488746239867123,13.885416008139677,29.06180191040039,3,22.0,5.97893967969418,1.472067769508714,0.7689106242650472,0.13993645033599925,0.9893292229362526,3.106586226786406,0.8756126403808594,-3.7995622920554273,1.4357158202282894e-06
F3photo_fox,blk06_pos_d0.450,1414213,4.0,2.213862895965576,0.553465723991394,0.04269485473632813,52.3489242282507,1069,3.668388605117798,4.087826251983643,0.39394999999999997,0.9630341530864733,14.44137906439929,30.44540786743164,3,22.0,5.2338987181148235,1.4364146415160493,0.7525562614463864,0.13471876905063712,0.9872454374445181,3.0835746778939805,0.8878150939941405,-3.8062402395121553,9.060842654157984e-07
F3photo_fox,blk13_neg_d0.450,1414213,4.0,2.227835178375244,0.556958794593811,0.03765411376953125,52.17124735729387,946,3.6125216484069824,4.085906028747559,0.4194,0.9570282240361064,14.202892780944808,29.079816818237305,3,22.0,5.324631413780019,1.3241711503979916,0.7504761195738128,0.12784839886446664,0.9900398125509686,3.0223905387983394,0.9034034729003907,-3.8250278071513377,1.112304862312059e-06
F3photo_fox,blk17_pos_d0.400,1414213,4.0,2.255079746246338,0.5637699365615845,0.034881591796875,56.72456575682382,806,3.472914695739746,4.060831546783447,0.4157,0.9639641908701083,14.478665835054267,39.126251220703125,3,21.0,5.33107583259277,1.1965198064819118,0.770166359861596,0.1333636884164287,0.9926090317595463,2.985959508230162,0.9085510253906249,-3.835644329672485,1.5326326663355926e-06
F3photo_stilllife,baseline,5772156,5.599999904632568,2.408051013946533,0.4300091169563211,0.008492279052734374,80.65942028985508,138,3.205002784729004,3.7618749141693115,0.48525,0.9367675568672458,13.427047779254426,35.627689361572266,5,19.0,6.938725715749579,0.6477917078916573,0.8930693518237465,0.19880165770926145,0.9951677703277463,2.974041224687255,0.8506553649902344,-3.842908569370205,1.1469237276155414e-06
F3photo_stilllife,blk16_pos_d0.300,5772156,5.599999904632568,2.1284005641937256,0.3800715357928878,0.008516693115234375,115.08247422680412,97,3.3614580631256104,3.888688087463379,0.4576,0.940550860399987,13.568632679578489,39.97003936767578,5,19.0,7.069994666559128,0.6626619552892706,0.8919324953052037,0.19499579445752246,0.9946281532300367,3.058680412017486,0.7944709777832031,-3.778029738601369,1.085451353665194e-06
F3photo_stilllife,blk20_pos_d0.450,5772156,4.393799781799316,2.6073384284973145,0.5934131180255047,0.01383819580078125,91.14572864321607,199,3.0551345348358154,3.7755722999572754,0.46595,0.9400210255017398,13.54871479804354,39.73032760620117,6,20.0,6.086998062716942,0.7895622535224509,0.8860171259745446,0.19102465596857762,0.9913349483244104,2.8613657468617433,0.885174560546875,-3.9199669200408436,8.19353045001982e-07
F3photo_stilllife,blk23_neg_d0.300,5772156,5.599999904632568,2.280799388885498,0.4072856120941573,0.007675933837890625,76.21969696969697,132,3.2324132919311523,3.7234528064727783,0.49965,0.913256817519372,12.579714455991343,37.34722137451172,4,19.0,6.920995000388549,0.5726745567039677,0.8984188518432519,0.20437348964031948,0.9954176438195153,2.972125419028392,0.8426345825195312,-3.7667395518650806,1.0756791193751133e-06
F3photo_stilllife,blk26_pos_d0.150,5772156,4.0,2.041533946990967,0.5103834867477417,0.0149444580078125,60.08588957055215,326,3.6367812156677246,4.047109603881836,0.5169,0.9193942859776164,12.7956110907605,34.9133415222168,4,22.0,5.816712828519835,0.7292868225066573,0.8582227967817861,0.18869170220399245,0.9936619808657581,3.0674152691464376,0.8719093322753907,-3.878157692646172,9.813144638608937e-07
F3photo_stilllife,blk27_neg_d0.250,5772156,4.393799781799316,2.7986836433410645,0.6369620333940132,0.00423126220703125,106.65384615384616,52,2.9452970027923584,3.682424783706665,0.5196500000000001,0.9160609187112411,12.67789812306212,40.384132385253906,3,15.0,6.22306924305239,0.3119948224576087,0.9252081737617278,0.23159453970471566,0.9982141045420945,2.496018311430449,0.9315711975097656,-3.8986910945702844,1.0197415179362404e-06
F3photo_stilllife,blk09_pos_d0.450,5772156,5.599999904632568,2.508092164993286,0.44787360851890035,0.0115692138671875,104.57931034482759,145,3.161480188369751,3.7071316242218018,0.4294,0.9338829136751607,13.320087502510063,38.00263214111328,4,17.0,7.587474751081751,0.731659941181865,0.8965657388589895,0.17904123033052768,0.9927232156951861,2.958333110165989,0.8408859252929688,-3.9536617648940164,5.692473579251918e-07
F3photo_stilllife,combo,5772156,4.0,2.72381329536438,0.680953323841095,0.007025909423828125,116.56962025316456,79,3.013451099395752,3.824409008026123,0.5067499999999999,0.9079522664101746,12.396054223388502,44.79600524902344,4,16.0,6.580649400258918,0.42461711872938784,0.9076839241131432,0.20027048596206293,0.9964723610954809,2.8452340869720087,0.8715118408203125,-3.8200641457780713,8.513311703011237e-07
F3photo_stilllife,blk03_pos_d0.400,5772156,4.0,2.4414732456207275,0.6103683114051819,0.008136749267578125,74.58041958041959,143,3.518433094024658,3.97379994392395,0.52125,0.9224212395395547,12.903450108775012,28.453384399414062,5,20.0,6.375646230584871,0.4560842948694528,0.8916063670181849,0.19250636549120176,0.996225793992866,3.0553607975675305,0.8351654052734376,-3.788523709455179,1.1531521244992308e-06
F3photo_stilllife,blk06_pos_d0.450,5772156,4.0,2.417003631591797,0.6042509078979492,0.009748077392578125,75.60355029585799,169,3.2267816066741943,3.799949884414673,0.48069999999999996,0.9258427677787782,13.02644102075613,36.714271545410156,4,18.0,7.2007241934069794,0.625814768833624,0.8850459865931617,0.19103249845305809,0.9948246073299707,3.0112242749256284,0.8387351989746095,-3.831256733184104,1.054669696120835e-06
F3photo_stilllife,blk13_neg_d0.450,5772156,4.393799781799316,2.6924149990081787,0.6127759872357226,0.011759185791015625,100.73856209150327,153,3.001832962036133,3.6751327514648438,0.49645,0.9278227743468099,13.098149496124758,36.35208511352539,5,19.0,6.781975379104241,0.739527153553182,0.8823649944439715,0.19585853342616563,0.9948463564130864,2.940258834746562,0.8647872924804688,-3.922720034789013,1.089045940637845e-06
F3photo_stilllife,blk17_pos_d0.400,5772156,5.599999904632568,2.1281447410583496,0.38002585308936415,0.009352874755859376,113.50925925925925,108,3.281893253326416,3.901782751083374,0.5285,0.9063772413523816,12.342039958147977,47.456451416015625,5,18.0,6.735781539521445,0.6686422748134786,0.8849102909156275,0.18398656568239946,0.9923273890619724,3.0339076707120434,0.8442359924316407,-3.8902948236222663,8.41720610334235e-07
F3photo_stilllife,baseline,1414213,4.0,2.374519109725952,0.593629777431488,0.016172027587890624,80.29166666666667,264,3.1231870651245117,3.6171324253082275,0.5131,0.9139975857656302,12.605577798815913,40.838966369628906,3,22.0,6.37481860275541,0.7591405196476504,0.8825692319559912,0.20650955182103378,0.9897216778063931,2.9895314858506854,0.8451942443847655,-3.9540374753572167,3.699112644923874e-07
F3photo_stilllife,blk16_pos_d0.300,1414213,4.393799781799316,2.4327375888824463,0.5536751125892699,0.010839080810546875,85.07185628742515,167,3.262075424194336,3.778073310852051,0.5218,0.9068654746455586,12.358758321911665,43.45724105834961,4,21.0,6.245184086570014,0.6166065024695747,0.8907940756261665,0.20503376971447745,0.9918427280353889,3.030977991526665,0.8247566223144531,-3.8930889128726145,3.9248325938531586e-07
F3photo_stilllife,blk20_pos_d0.450,1414213,4.0,2.2411515712738037,0.5602878928184509,0.010813140869140625,101.23571428571428,140,3.053086042404175,3.6951143741607666,0.53355,0.8966525124221458,12.013711754939495,41.38088607788086,5,21.0,6.210377474331132,0.6109427621241155,0.8968409823732715,0.21102017948819854,0.9926163075446209,2.8159184692355987,0.8966651916503907,-3.9574675107933928,3.055348103508939e-07
F3photo_stilllife,blk23_neg_d0.300,1414213,2.799999952316284,2.2133758068084717,0.790491373036442,0.01636505126953125,93.66812227074236,229,3.2550055980682373,3.7578084468841553,0.5219,0.9093678567227447,12.444802475738294,42.96022033691406,3,23.0,6.412003053616798,0.6892750800224996,0.8783458535613373,0.2137019829925871,0.989762148850408,3.021772119575572,0.8384117126464843,-3.8583867837752477,4.401529801343351e-07
F3photo_stilllife,blk26_pos_d0.150,1414213,2.799999952316284,2.1298720836639404,0.7606686142626594,0.023644256591796874,57.39074074074074,540,3.6314027309417725,4.0107831954956055,0.5131,0.917417821904704,12.725683912790835,38.975677490234375,3,23.0,5.653083186557246,0.9125470475971844,0.8526387633228152,0.19002797228134122,0.9880847704035005,3.058826368101496,0.8712562561035156,-3.954365506403754,4.6463448329029625e-07
F3photo_stilllife,blk27_neg_d0.250,1414213,4.393799781799316,2.6710658073425293,0.6079170512973839,0.0072509765625,79.2,120,3.025568723678589,3.7307236194610596,0.52945,0.901931851429749,12.190854987941684,52.83808135986328,2,19.0,6.501354234204915,0.3622429712642986,0.9151194071898326,0.24000780188469284,0.9958814345453278,2.6006169799512766,0.9272300720214843,-3.89221529721663,2.751452018122128e-07
F3photo_stilllife,blk09_pos_d0.450,1414213,4.0,2.3572003841400146,0.5893000960350037,0.01156005859375,72.84615384615384,208,3.1484575271606445,3.8088009357452393,0.48519999999999996,0.9171164825659706,12.715056170779608,44.545677185058594,3,20.0,6.5597014523267925,0.789385842243274,0.8890137927495686,0.20070834048603287,0.9903825148277473,2.9660819330826755,0.8584197998046875,-3.972830022477163,4.2535024320374034e-07
F3photo_stilllife,combo,1414213,4.0,2.3134071826934814,0.5783517956733704,0.010760498046875,92.18300653594771,153,2.9000980854034424,3.602881669998169,0.5086,0.9254053547327166,13.010652565542134,48.78667449951172,4,22.0,6.61902999582314,0.4929697185306684,0.8991470306594977,0.22356548347882996,0.9939777927433853,2.7653322113470153,0.8870262145996095,-3.8267566649592566,3.8209450467189574e-07
F3photo_stilllife,blk03_pos_d0.400,1414213,2.799999952316284,2.1752569675445557,0.7768775016389149,0.013944244384765625,77.44491525423729,236,3.5765974521636963,3.99472975730896,0.44055000000000005,0.9488627008206469,13.884956991147792,34.51169967651367,4,24.0,5.643074509025457,0.648625586135634,0.8666603833769781,0.20555613384790933,0.9897039335771671,3.1051061195728704,0.8317626953125001,-3.7796520166016627,5.610602108795162e-07
F3photo_stilllife,blk06_pos_d0.450,1414213,2.799999952316284,2.376603364944458,0.8487869305063475,0.011812591552734375,117.29545454545455,132,3.0949573516845703,3.685971260070801,0.51755,0.9011404990178808,12.164136418995728,39.995635986328125,4,21.0,6.250107861205992,0.62387961980144,0.8813380744547507,0.20539114682984372,0.9926281153214567,2.982687055523639,0.8565589904785156,-3.945939119020366,3.473867410918925e-07
F3photo_stilllife,blk13_neg_d0.450,1414213,4.0,2.479865312576294,0.6199663281440735,0.0151336669921875,90.57534246575342,219,3.0592164993286133,3.6459462642669678,0.4778,0.9258612219339961,13.027107545857408,39.68132400512695,4,21.0,6.627754721210734,0.837883891325783,0.873918066908052,0.19940987770558205,0.9900121955330934,3.004048219105592,0.8448287963867187,-3.9567267470520693,4.798514758624887e-07
F3photo_stilllife,blk17_pos_d0.400,1414213,4.0,2.3878612518310547,0.5969653129577637,0.012879180908203124,86.56923076923077,195,3.2718288898468018,3.8481574058532715,0.53625,0.8943518461895127,11.937322570108082,48.991886138916016,2,22.0,6.097395656651734,0.7312521564657108,0.872138011880357,0.19641037582093884,0.991703229720602,3.047003427235844,0.8560310363769531,-3.9505448288453473,4.961421645147976e-07
F3photo_fisherman,baseline,5772156,4.0,2.402986764907837,0.6007466912269592,0.1100982666015625,73.2156265854896,1971,3.2276928424835205,3.988535165786743,0.37595,0.9543275712579982,14.096941534274452,25.38085174560547,4,23.0,5.630341838256217,4.938016839853273,0.6857353257798912,0.12593806198304747,0.9710572766545731,3.0898499683465324,0.8746757507324219,-3.3789871044664035,6.3837084137580465e-06
F3photo_fisherman,blk16_pos_d0.300,5772156,4.0,2.391116142272949,0.5977790355682373,0.10293960571289062,64.12785171102662,2104,3.0551607608795166,3.9685795307159424,0.42655,0.9475168010662233,13.833240072086326,30.660842895507812,5,21.0,6.1206656947601426,4.865007094148245,0.705291414259995,0.13590541257067779,0.9716349328710949,3.10313234115394,0.86376953125,-3.1343669540092205,1.0481238126015573e-05
F3photo_fisherman,blk20_pos_d0.450,5772156,4.393799781799316,2.4816818237304688,0.5648144992884016,0.09089584350585937,77.81776616590464,1531,3.0155394077301025,3.8731651306152344,0.39035,0.9622688527562809,14.410768922310025,34.097286224365234,5,21.0,6.998730754264587,5.424720532823423,0.7094481960974317,0.14059816261130292,0.9719366975360088,2.997537892301632,0.9011184692382812,-3.626216553086304,3.887726677419648e-06
F3photo_fisherman,blk23_neg_d0.300,5772156,4.0,2.320427894592285,0.5801069736480713,0.11346969604492188,66.24810690423162,2245,3.193058729171753,3.9795591831207275,0.36845,0.9782587290933916,15.06402001046008,25.896099090576172,5,23.0,6.245410093135584,5.462564908968887,0.6752253813297703,0.11660645444544958,0.9675740105796803,3.0782221741744475,0.8837135314941406,-3.3175047279895957,7.726569034671247e-06
F3photo_fisherman,blk26_pos_d0.150,5772156,4.0,1.9789049625396729,0.4947262406349182,0.122076416015625,60.471655328798185,2646,3.5467164516448975,4.026365280151367,0.33454999999999996,0.9852730396612536,15.359849324855631,24.441715240478516,4,23.0,5.576707750105962,4.788790909128277,0.6578180722894897,0.11018649013735901,0.9645069741317908,3.0509891601212833,0.9061645507812499,-3.451326715416022,5.499968773829883e-06
F3photo_fisherman,blk27_neg_d0.250,5772156,2.0,2.070486068725586,1.035243034362793,0.09875335693359374,36.585076314301865,3538,3.4089672565460205,4.0757598876953125,0.49245000000000005,0.9262123478767252,13.039795972849593,27.404539108276367,3,24.0,4.914060309524116,3.376934156790771,0.721975368504493,0.15164676873006785,0.9854599829198476,3.088401730684795,0.866998291015625,-3.181219991389641,7.692791259252468e-06
F3photo_fisherman,blk09_pos_d0.450,5772156,2.799999952316284,2.2678213119506836,0.809936196632661,0.12201766967773438,53.0275198938992,3016,3.0883331298828125,3.916337251663208,0.405,0.9429057979770767,13.6575158470524,38.97881317138672,3,23.0,5.57601882506686,6.220781650913925,0.6587401627843122,0.1211867402165838,0.9600374284974644,3.1363456842708755,0.8558052062988281,-3.1135373569310274,1.2232090364305795e-05
F3photo_fisherman,combo,5772156,2.799999952316284,2.5643301010131836,0.9158321945298091,0.09453582763671875,43.40105078809107,2855,3.0527708530426025,3.985055446624756,0.48665,0.9260179867470082,13.0327709352739,25.555124282836914,4,22.0,7.058662786629283,4.2603366911535225,0.719752848497916,0.16917916653474427,0.9812147606952619,3.0629782233045733,0.8583908081054688,-3.0741126094749753,1.3142882722086965e-05
F3photo_fisherman,blk03_pos_d0.400,5772156,2.799999952316284,2.012073516845703,0.718597696825397,0.12971267700195313,55.36209703679583,3071,3.3396308422088623,4.05502462387085,0.39385000000000003,0.9494353107373452,13.907018420530605,25.371944427490234,4,24.0,4.8335707532956915,4.4511606603430955,0.6709215065604144,0.13598053525316178,0.971130626848317,3.1702066468173733,0.8467567443847656,-3.369767550451462,5.403046755579917e-06
F3photo_fisherman,blk06_pos_d0.450,5772156,2.799999952316284,2.178893566131592,0.7781762868706888,0.12294845581054688,57.349110320284694,2810,3.4316277503967285,4.051753520965576,0.38435,0.955876000724902,14.157592030614026,24.276161193847656,4,23.0,5.214725872486365,4.886851558287199,0.6629624679618906,0.12463140040341622,0.9687452174798812,3.15671866713917,0.8619697570800781,-3.1380654880714345,1.0026835981084091e-05
F3photo_fisherman,blk13_neg_d0.450,5772156,4.0,2.4259979724884033,0.6064994931221008,0.11912460327148437,68.54214223002634,2278,3.2868802547454834,4.017718315124512,0.39165,0.9690191892644929,14.683019290653608,23.053386688232422,6,22.0,5.692591212743008,5.296185240835402,0.6766042541492838,0.1159713914467547,0.9687489975607271,3.1441492484247053,0.8642852783203125,-3.2710855993918386,8.72879012699698e-06
F3photo_fisherman,blk17_pos_d0.400,5772156,4.0,2.2254951000213623,0.5563737750053406,0.08056716918945313,75.75394548063127,1394,3.1883630752563477,3.9931228160858154,0.3864,0.9658783494742456,14.555710906998417,22.64582061767578,3,22.0,5.8679441845041715,3.0181750672901293,0.7319700867970498,0.1377793109120023,0.9809477790887673,3.065448551913058,0.8858047485351561,-3.2720430387517556,6.238124777700005e-06
F3photo_fisherman,baseline,1414213,4.0,2.3735482692718506,0.5933870673179626,0.11241378784179687,75.21337417049516,1959,3.2416188716888428,3.981074571609497,0.38105,0.9720197381016146,14.805681076777296,24.3983154296875,4,22.0,6.164326370721812,5.4218219735884965,0.678872389932892,0.1254207517856429,0.9651728425543364,3.090742019376316,0.8777458190917968,-3.321032440506557,7.373606665774568e-06
F3photo_fisherman,blk16_pos_d0.300,1414213,4.0,2.7518744468688965,0.6879686117172241,0.08744659423828124,95.75438596491227,1197,3.094994068145752,3.9665017127990723,0.43745,0.9435623850548386,13.682401260550959,23.324026107788086,5,21.0,6.5504803854046925,4.779715288412373,0.717651923390473,0.14397648981899652,0.9712688465162591,3.104610927741798,0.8634155273437499,-3.220144051805943,9.744838371292136e-06
F3photo_fisherman,blk20_pos_d0.450,1414213,4.393799781799316,2.543081283569336,0.5787886134692992,0.08921127319335938,80.53099173553719,1452,3.0297346115112305,3.871311664581299,0.372,0.9662953172950005,14.572548208061539,27.539243698120117,4,21.0,6.855199218157422,5.330885086492721,0.7097323216592021,0.148699702994417,0.9714029158115043,2.982148840700799,0.9049163818359376,-3.7153429996551,3.3296333686445834e-06
F3photo_fisherman,blk23_neg_d0.300,1414213,4.0,2.3627569675445557,0.5906892418861389,0.11037979125976563,84.75512595196251,1707,3.091862916946411,3.923168897628784,0.3841,0.9678921577824191,14.637209479071613,30.035396575927734,7,22.0,6.2572042247981825,6.348479799188647,0.6744103793210648,0.1250306128873862,0.9602589054391413,3.0645327138003053,0.8817481994628906,-3.1958649697993478,1.1414592994896291e-05
F3photo_fisherman,blk26_pos_d0.150,1414213,4.0,2.104926586151123,0.5262316465377808,0.12299041748046875,61.835826620636745,2607,3.5816872119903564,4.058115005493164,0.3548,0.9832959127729075,15.275880679864724,22.742368698120117,3,23.0,5.130773182579349,5.485752388252044,0.6487421860205416,0.1081632528983853,0.9582505794305259,3.046009560176254,0.907903289794922,-3.2448250049309864,9.581229162003218e-06
F3photo_fisherman,blk27_neg_d0.250,1414213,2.799999952316284,2.228268623352051,0.7958102361782999,0.11241912841796875,34.68691148775895,4248,3.4130756855010986,4.082584381103516,0.5029,0.9308043473026714,13.206876434320753,22.49344253540039,2,22.0,5.423787050640091,4.738769529107737,0.7064183780127388,0.16282931984218058,0.9788325131010513,3.090553568416894,0.8706619262695312,-2.868255889479751,1.6280331913516047e-05
F3photo_fisherman,blk09_pos_d0.450,1414213,4.0,2.401674747467041,0.6004186868667603,0.1048797607421875,50.024745269286754,2748,3.0813796520233154,3.9451119899749756,0.33605,0.9779930258597022,15.05292664765337,29.360416412353516,5,23.0,6.102140425687012,6.2003367619904886,0.6843877696803451,0.11969381089932582,0.9611498914548305,3.1363379192844967,0.8512260437011718,-3.0078654610085485,1.5066167803531186e-05
F3photo_fisherman,combo,1414213,4.0,2.529158592224121,0.6322896480560303,0.08999557495117187,56.90255668113845,2073,3.0156776905059814,4.009572505950928,0.41525,0.9559885802939269,14.162011826455752,25.804494857788086,5,21.0,6.95209770730835,5.0579483689803775,0.7201900975324442,0.1559842474961986,0.9747783408997297,3.0770032329352683,0.8684654235839845,-2.985875254495522,1.4163654393824366e-05
F3photo_fisherman,blk03_pos_d0.400,1414213,4.0,2.250122308731079,0.5625305771827698,0.11319122314453126,54.56491357116587,2719,3.3255975246429443,4.0145263671875,0.394,0.9661641505053644,14.567249550241074,21.128807067871094,5,23.0,5.260525454464096,4.896575759788229,0.6842169050457882,0.13040072492879168,0.9699697761513422,3.1593695416595073,0.8457214355468748,-3.254842916509347,7.779807593513639e-06
F3photo_fisherman,blk06_pos_d0.450,1414213,4.0,2.137643814086914,0.5344109535217285,0.1267242431640625,56.592844974446336,2935,3.43668270111084,4.056233882904053,0.3408,0.9715986779595649,14.788406616133278,25.587892532348633,4,23.0,5.122637263081948,4.969106142239559,0.6478388189576025,0.11057242749416656,0.96627155909445,3.126889815544773,0.8743797302246094,-3.2806280036248654,7.394015605350336e-06
F3photo_fisherman,blk13_neg_d0.450,1414213,4.0,2.341264009475708,0.585316002368927,0.11081771850585938,72.15648286140089,2013,3.2721285820007324,3.9813361167907715,0.35335,0.9716207674616782,14.789312361376922,25.058292388916016,7,23.0,5.645868274903442,4.401818397663103,0.6865688824593301,0.13494069223958347,0.9736735715341641,3.1174229805370386,0.8691780090332032,-3.408201144293811,5.6586920395557995e-06
F3photo_fisherman,blk17_pos_d0.400,1414213,4.0,2.501601219177246,0.6254003047943115,0.05971832275390625,84.34698275862068,928,3.1707866191864014,3.962660074234009,0.3763,0.9666520476686484,14.586968559097532,19.588075637817383,5,22.0,6.703130992446094,2.7951040831864864,0.7667374155891242,0.1453626837002565,0.9829641671047344,3.0636188617296387,0.8803688049316407,-3.214318100393608,7.182131586841529e-06
F3photo_lighthouse,baseline,5772156,2.799999952316284,1.770904779434204,0.6324660034259048,0.10177230834960938,60.579019073569484,2202,3.678062915802002,4.07147741317749,0.3542,0.9769344979940013,15.008813144080717,21.826316833496094,2,24.0,4.698117044246466,2.421760945826436,0.7394414385566801,0.13887773805211717,0.9853371819406966,3.1573137405443066,0.8507881164550781,-3.607230327383869,3.762830768474413e-06
F3photo_lighthouse,blk16_pos_d0.300,5772156,2.799999952316284,1.812432885169983,0.6472974700126898,0.056764984130859376,61.540942928039705,1209,3.6881933212280273,4.083763122558594,0.44264999999999993,0.9486521587874417,13.87685406182051,21.318384170532227,3,24.0,5.12272000957081,1.5800102542669014,0.7947412125788341,0.16428621203617103,0.9907291868659482,3.126858463291063,0.8410408020019531,-3.633557750780787,3.0182173210005872e-06
F3photo_lighthouse,blk20_pos_d0.450,5772156,4.0,2.1881661415100098,0.5470415353775024,0.10171051025390625,48.85086112128985,2729,3.4935619831085205,4.038349628448486,0.41285000000000005,0.9672194494365731,14.609934425736512,23.944011688232422,3,22.0,5.439511642780689,4.127709093992014,0.7495980442844161,0.15779783930453356,0.9803210490569465,3.01071639777832,0.8982192993164062,-3.6184036913120816,4.59965893754847e-06
F3photo_lighthouse,blk23_neg_d0.300,5772156,2.799999952316284,1.7348527908325195,0.6195902929917454,0.10065231323242188,61.76357677902622,2136,3.678159236907959,4.0754570960998535,0.41369999999999996,0.9552494443019746,14.133019048632187,26.85353660583496,2,24.0,4.357848005104145,2.2748474017759914,0.7442068253960994,0.14391269601140255,0.9859397221111033,3.152885367761461,0.8535369873046875,-3.647878053781937,3.59046063022535e-06
F3photo_lighthouse,blk26_pos_d0.150,5772156,2.799999952316284,1.652458906173706,0.5901639051124693,0.12508392333984375,57.045929018789145,2874,3.7957568168640137,4.089519023895264,0.37134999999999996,0.9735211479056596,14.867442506693939,19.28539276123047,3,24.0,4.151966190548439,3.0183686684563,0.7040802479626382,0.12743669591596118,0.9796153070261499,3.1632453905435383,0.8856208801269532,-3.6837682075179248,3.365755357655493e-06
F3photo_lighthouse,blk27_neg_d0.250,5772156,2.0,1.8188940286636353,0.9094470143318176,0.04092330932617187,36.31618144888287,1477,3.733358144760132,4.103219032287598,0.47234999999999994,0.9311476955730678,13.219454885357392,31.099164962768555,2,25.0,4.5407758821067725,1.249326241503312,0.8112681228580871,0.2363872948715868,0.9946760386178732,2.9505621495056737,0.8567047119140625,-3.3579561730121537,5.206687953507003e-06
F3photo_lighthouse,blk09_pos_d0.450,5772156,2.0,1.4399012327194214,0.7199506163597107,0.09333114624023438,45.123939505717445,2711,3.7572569847106934,4.1063385009765625,0.3328,0.98549693594298,15.369387254070569,22.16451644897461,3,24.0,4.277031356831008,2.377417054861991,0.7453410323357503,0.1385379005954699,0.9846199847065761,3.139814025033906,0.8273612976074218,-3.2399783965201885,7.24995067945954e-06
F3photo_lighthouse,combo,5772156,2.0,1.980470895767212,0.990235447883606,0.054842376708984376,38.56384120171674,1864,3.6922290325164795,4.098927021026611,0.4838,0.9240966090593702,12.963527487129515,28.44348907470703,1,24.0,5.253108358288333,1.70541759717941,0.8033246187735968,0.21309556867039742,0.9923000467193202,3.0412682137351035,0.8339050292968749,-3.394720408101201,5.993056057244605e-06
F3photo_lighthouse,blk03_pos_d0.400,5772156,2.799999952316284,1.8526735305786133,0.6616691293319485,0.11121444702148438,60.26085159156676,2419,3.738722801208496,4.091214656829834,0.38544999999999996,0.9673656684751395,14.615858570720222,22.50322723388672,3,24.0,4.597641212807281,2.7174171170431256,0.723087490707518,0.12944786611351694,0.982733950478667,3.189047421701181,0.8362602233886719,-3.5498666556668907,4.657456132955046e-06
F3photo_lighthouse,blk06_pos_d0.450,5772156,2.799999952316284,1.7069133520126343,0.6096119218147128,0.0858428955078125,52.26010218300046,2153,3.7811429500579834,4.101101398468018,0.3987,0.9726448499600122,14.831364209100267,23.39554786682129,3,24.0,4.622350275790178,2.277964038226076,0.7574276315797719,0.1516845410090577,0.9865302928781144,3.146757027390893,0.842645263671875,-3.5599782166632528,3.456471953835541e-06
F3photo_lighthouse,blk13_neg_d0.450,5772156,2.799999952316284,1.6383532285690308,0.5851261630250073,0.08172378540039063,59.875349357182785,1789,3.7619540691375732,4.086858749389648,0.38855,0.9707686198531086,14.754411566311363,22.918733596801758,3,24.0,4.191751875919245,1.9333499420122793,0.7567079986286357,0.14130362739222155,0.9883318181742323,3.1612239615603905,0.8477104187011718,-3.6224443873394545,2.9862350802536835e-06
F3photo_lighthouse,blk17_pos_d0.400,5772156,2.0,1.7346786260604858,0.8673393130302429,0.06609878540039063,61.92780557541101,1399,3.6987781524658203,4.081120491027832,0.36725,0.9805704966124325,15.160884157807523,22.94499397277832,3,24.0,4.867918506488866,1.6454652032589012,0.7841308294826859,0.15476021340285914,0.9894205846875344,3.130658337287493,0.8486351013183593,-3.6748070484255098,3.0231947392045913e-06
F3photo_lighthouse,baseline,1414213,2.799999952316284,1.8382391929626465,0.6565140086670264,0.07007904052734375,63.0,1458,3.619804620742798,4.075481414794922,0.38035,0.9722499267428366,14.815133351305736,20.962915420532227,3,23.0,5.430677936360612,2.0603109210749473,0.7863815498981486,0.19415500187180504,0.9888966676789044,3.1069066408958244,0.8395362854003906,-3.6427750445182543,2.84356110976946e-06
F3photo_lighthouse,blk16_pos_d0.300,1414213,2.799999952316284,2.063760995864868,0.7370575110751818,0.056070709228515626,64.18602620087336,1145,3.6772401332855225,4.094780445098877,0.39849999999999997,0.9637671551531813,14.470758314423241,20.630661010742188,3,23.0,5.483926767438938,1.9809560084700462,0.7998368475213413,0.17756363556939203,0.9892576357519902,3.115797325748157,0.8302650451660156,-3.615785720568387,3.000491437577596e-06
F3photo_lighthouse,blk20_pos_d0.450,1414213,4.0,2.2014307975769043,0.5503576993942261,0.06840057373046875,53.23871733966746,1684,3.415372133255005,4.022639751434326,0.42060000000000003,0.9656227448260866,14.545399124579376,24.404077529907227,3,21.0,5.927642760545685,2.8154741944711876,0.8025409247503158,0.17885987259982172,0.9869445728638127,2.9286139196878076,0.8981613159179687,-3.7182270721281085,2.8068795162116155e-06
F3photo_lighthouse,blk23_neg_d0.300,1414213,2.799999952316284,1.6963447332382202,0.6058374150452854,0.08371429443359375,64.1672514619883,1710,3.6911401748657227,4.085221767425537,0.40454999999999997,0.9680264789670211,14.642661645770131,24.901689529418945,3,24.0,4.405341769871552,2.1036727705422056,0.7652239637112528,0.17611886504138097,0.9880166526939484,3.1281925135601423,0.8403968811035156,-3.650219524913699,2.9513229785901886e-06
F3photo_lighthouse,blk26_pos_d0.150,1414213,2.799999952316284,1.7350102663040161,0.6196465342325234,0.10101394653320313,59.26633840644584,2234,3.7983641624450684,4.099569797515869,0.36985000000000007,0.9725395945512442,14.827036604179785,17.76141357421875,2,24.0,4.254703717611066,2.654791811936379,0.7398091774386986,0.17291118964613417,0.9832187629731246,3.152257415947069,0.8756507873535156,-3.754811353080595,2.772329013219586e-06
F3photo_lighthouse,blk27_neg_d0.250,1414213,2.0,2.0072643756866455,1.0036321878433228,0.04720611572265625,38.09975369458128,1624,3.805675983428955,4.118871688842773,0.52905,0.9094536402923944,12.44776273141343,28.85696792602539,2,25.0,5.002173121504293,1.3754432964363643,0.823875282451304,0.2554251799115703,0.9950637929858839,2.8668005733510644,0.8546432495117187,-3.362459405827699,4.551411356587007e-06
F3photo_lighthouse,blk09_pos_d0.450,1414213,2.799999952316284,1.6761201620101929,0.5986143537694105,0.07847061157226562,51.06901688182721,2014,3.7002205848693848,4.102248668670654,0.39039999999999997,0.9774977445184961,15.032269982490481,19.790874481201172,5,23.0,5.141980254483675,2.1019194781996307,0.772472330485021,0.1878720664865906,0.987305503530723,3.1313903383170465,0.8283996582031249,-3.5302051830682775,3.7323587329660117e-06
F3photo_lighthouse,combo,1414213,2.0,2.1893978118896484,1.0946989059448242,0.050074005126953126,51.19578783151326,1282,3.6558752059936523,4.097955703735352,0.4942,0.9176118252965325,12.732530792753282,26.331254959106445,1,24.0,5.489030681027874,1.6273308995171114,0.8251022337046573,0.23584990962215177,0.993472211324155,2.9794561403941953,0.8394889831542969,-3.4492808864715583,4.4444456097909584e-06
F3photo_lighthouse,blk03_pos_d0.400,1414213,2.799999952316284,1.7361637353897095,0.6200584874844294,0.09567108154296874,63.42842690945878,1977,3.7657203674316406,4.100757122039795,0.35850000000000004,0.9815958148441021,15.20404462239947,19.630569458007812,4,24.0,4.175066741188269,2.316426072575413,0.753781336029417,0.19468547085307927,0.9864040749077994,3.163249657528995,0.8263168334960938,-3.628860680438265,3.1614160440800125e-06
F3photo_lighthouse,blk06_pos_d0.450,1414213,2.799999952316284,1.8487285375595093,0.6602602032297032,0.05240325927734375,47.36965517241379,1450,3.790148973464966,4.100627899169922,0.37915,0.9739226021645131,14.884000187707693,20.877819061279297,4,23.0,5.465724202202933,1.7714195828016472,0.8030179261679967,0.1753767190060453,0.9902513782854899,3.1200107811677693,0.83868408203125,-3.591222011582269,3.0797247929682134e-06
F3photo_lighthouse,blk13_neg_d0.450,1414213,2.799999952316284,1.734261155128479,0.6193789945224182,0.06396713256835937,53.16613823715916,1577,3.754582643508911,4.104586124420166,0.3741499999999999,0.9701136181952966,14.727641129681365,17.00788688659668,3,24.0,5.232008299127058,2.0665617340704725,0.7841755790371547,0.19100987700362848,0.9886944681710399,3.1268064904265667,0.8428642272949218,-3.6081099980817415,3.2444307338811762e-06
F3photo_lighthouse,blk17_pos_d0.400,1414213,2.799999952316284,1.950942039489746,0.6967650259693184,0.0536468505859375,58.30514096185738,1206,3.6290411949157715,4.101299285888672,0.3794,0.978599171677014,15.078245761270647,23.117259979248047,2,23.0,5.6756227445915215,1.8134571735210177,0.8090075821325873,0.1737361987747041,0.9896958857933066,3.086378436585605,0.8493637084960938,-3.6915783705820298,2.8459196208693757e-06
