id,type,cond_id,block,dose,sign,status,prompt_id,base_seed,override_dict,vector,filename_prefix,expected_filename,prompt,checkpoint,sampler,scheduler,steps,cfg,denoise,width,height
0,repro,baseline,baseline,0.000,none,,V1_Original,3141592,{},"0.000,0.000,0.000,0.000,0.000,0.000,0.000,0.000,0.000,0.000,0.000,0.000,0.000,0.000,0.000,0.000,0.000,0.000,0.000,0.000,0.000,0.000,0.000,0.000,0.000,0.000,0.000,0.000,0.000,0.000,0.000,0.000,0.000,0.000",REPRO_V1_Original_baseline_krea2_seed3141592,REPRO_V1_Original_baseline_krea2_seed3141592_00001_.png,"realistic western comics style, bold ink outlines, hatched shadows, smug grin with half-closed eye, seen from a high angle, from above, top view, dynamic, upper body portrait, close-up on gauntlet, dynamic pose, dramatic angle, strong perspective. female antlered elf brawler, tousled green hair fading to teal at the tips, thick green eyebrows, an eyepatch over one eye, pointed ears, tan sun-kissed skin gradient, small pair of pale antlers, young adult, a sharp bright green visible eye, wide reckless grin. fur-collared dark navy jacket with a gold wood-textured pauldron, black uniform, brown leather arm straps. looking to her left, wearing a heavy silver gauntlet crackling with blue electric energy, showing fist to viewer, wildly smug expression. Background: white empty background, flat background. Lighting: warm light, deep amber shadows and sharp blue highlights along her electrified gauntlet.",Real Value,euler_ancestral,simple,9,1.0,1.0,1024,1280
1,baseline,baseline,baseline,0.000,none,,S1_W3_tags,3141592,{},"0.000,0.000,0.000,0.000,0.000,0.000,0.000,0.000,0.000,0.000,0.000,0.000,0.000,0.000,0.000,0.000,0.000,0.000,0.000,0.000,0.000,0.000,0.000,0.000,0.000,0.000,0.000,0.000,0.000,0.000,0.000,0.000,0.000,0.000",S1_W3_tags_baseline_krea2_seed3141592,S1_W3_tags_baseline_krea2_seed3141592_00001_.png,"realistic western comics style, bold ink outlines, hatched shadows, high angle, from above, top view, upper body portrait, close-up on gauntlet, dynamic pose, dramatic angle, strong perspective, female elf brawler, small pale antlers, pointed ears, young adult, tousled green hair, green hair fading to teal tips, thick green eyebrows, eyepatch over one eye, sharp bright green eye, tan sun-kissed skin, skin gradient, wide reckless grin, smug grin, half-closed eye, wildly smug expression, looking to her left, fur-collared dark navy jacket, gold wood-textured pauldron, black uniform, brown leather arm straps, heavy silver gauntlet, blue electric energy, crackling electricity, fist toward viewer, white empty background, flat background, warm light, deep amber shadows, sharp blue highlights on gauntlet",Real Value,euler_ancestral,simple,9,1.0,1.0,1024,1280
2,perturbation,blk00_pos_d0.300,0,0.300,pos,,S1_W3_tags,3141592,"{""0"": 0.3}","0.300,0.000,0.000,0.000,0.000,0.000,0.000,0.000,0.000,0.000,0.000,0.000,0.000,0.000,0.000,0.000,0.000,0.000,0.000,0.000,0.000,0.000,0.000,0.000,0.000,0.000,0.000,0.000,0.000,0.000,0.000,0.000,0.000,0.000",S1_W3_tags_blk00_pos_d0.300_krea2_seed3141592,S1_W3_tags_blk00_pos_d0.300_krea2_seed3141592_00001_.png,"realistic western comics style, bold ink outlines, hatched shadows, high angle, from above, top view, upper body portrait, close-up on gauntlet, dynamic pose, dramatic angle, strong perspective, female elf brawler, small pale antlers, pointed ears, young adult, tousled green hair, green hair fading to teal tips, thick green eyebrows, eyepatch over one eye, sharp bright green eye, tan sun-kissed skin, skin gradient, wide reckless grin, smug grin, half-closed eye, wildly smug expression, looking to her left, fur-collared dark navy jacket, gold wood-textured pauldron, black uniform, brown leather arm straps, heavy silver gauntlet, blue electric energy, crackling electricity, fist toward viewer, white empty background, flat background, warm light, deep amber shadows, sharp blue highlights on gauntlet",Real Value,euler_ancestral,simple,9,1.0,1.0,1024,1280
3,perturbation,blk00_neg_d0.250,0,0.250,neg,,S1_W3_tags,3141592,"{""0"": -0.25}","-0.250,0.000,0.000,0.000,0.000,0.000,0.000,0.000,0.000,0.000,0.000,0.000,0.000,0.000,0.000,0.000,0.000,0.000,0.000,0.000,0.000,0.000,0.000,0.000,0.000,0.000,0.000,0.000,0.000,0.000,0.000,0.000,0.000,0.000",S1_W3_tags_blk00_neg_d0.250_krea2_seed3141592,S1_W3_tags_blk00_neg_d0.250_krea2_seed3141592_00001_.png,"realistic western comics style, bold ink outlines, hatched shadows, high angle, from above, top view, upper body portrait, close-up on gauntlet, dynamic pose, dramatic angle, strong perspective, female elf brawler, small pale antlers, pointed ears, young adult, tousled green hair, green hair fading to teal tips, thick green eyebrows, eyepatch over one eye, sharp bright green eye, tan sun-kissed skin, skin gradient, wide reckless grin, smug grin, half-closed eye, wildly smug expression, looking to her left, fur-collared dark navy jacket, gold wood-textured pauldron, black uniform, brown leather arm straps, heavy silver gauntlet, blue electric energy, crackling electricity, fist toward viewer, white empty background, flat background, warm light, deep amber shadows, sharp blue highlights on gauntlet",Real Value,euler_ancestral,simple,9,1.0,1.0,1024,1280
4,perturbation,blk27_pos_d0.100,27,0.100,pos,,S1_W3_tags,3141592,"{""27"": 0.1}","0.000,0.000,0.000,0.000,0.000,0.000,0.000,0.000,0.000,0.000,0.000,0.000,0.000,0.000,0.000,0.000,0.000,0.000,0.000,0.000,0.000,0.000,0.000,0.000,0.000,0.000,0.000,0.100,0.000,0.000,0.000,0.000,0.000,0.000",S1_W3_tags_blk27_pos_d0.100_krea2_seed3141592,S1_W3_tags_blk27_pos_d0.100_krea2_seed3141592_00001_.png,"realistic western comics style, bold ink outlines, hatched shadows, high angle, from above, top view, upper body portrait, close-up on gauntlet, dynamic pose, dramatic angle, strong perspective, female elf brawler, small pale antlers, pointed ears, young adult, tousled green hair, green hair fading to teal tips, thick green eyebrows, eyepatch over one eye, sharp bright green eye, tan sun-kissed skin, skin gradient, wide reckless grin, smug grin, half-closed eye, wildly smug expression, looking to her left, fur-collared dark navy jacket, gold wood-textured pauldron, black uniform, brown leather arm straps, heavy silver gauntlet, blue electric energy, crackling electricity, fist toward viewer, white empty background, flat background, warm light, deep amber shadows, sharp blue highlights on gauntlet",Real Value,euler_ancestral,simple,9,1.0,1.0,1024,1280
5,perturbation,blk27_neg_d0.075,27,0.075,neg,,S1_W3_tags,3141592,"{""27"": -0.075}","0.000,0.000,0.000,0.000,0.000,0.000,0.000,0.000,0.000,0.000,0.000,0.000,0.000,0.000,0.000,0.000,0.000,0.000,0.000,0.000,0.000,0.000,0.000,0.000,0.000,0.000,0.000,-0.075,0.000,0.000,0.000,0.000,0.000,0.000",S1_W3_tags_blk27_neg_d0.075_krea2_seed3141592,S1_W3_tags_blk27_neg_d0.075_krea2_seed3141592_00001_.png,"realistic western comics style, bold ink outlines, hatched shadows, high angle, from above, top view, upper body portrait, close-up on gauntlet, dynamic pose, dramatic angle, strong perspective, female elf brawler, small pale antlers, pointed ears, young adult, tousled green hair, green hair fading to teal tips, thick green eyebrows, eyepatch over one eye, sharp bright green eye, tan sun-kissed skin, skin gradient, wide reckless grin, smug grin, half-closed eye, wildly smug expression, looking to her left, fur-collared dark navy jacket, gold wood-textured pauldron, black uniform, brown leather arm straps, heavy silver gauntlet, blue electric energy, crackling electricity, fist toward viewer, white empty background, flat background, warm light, deep amber shadows, sharp blue highlights on gauntlet",Real Value,euler_ancestral,simple,9,1.0,1.0,1024,1280
6,perturbation,blk02_pos_d0.350,2,0.350,pos,,S1_W3_tags,3141592,"{""2"": 0.35}","0.000,0.000,0.350,0.000,0.000,0.000,0.000,0.000,0.000,0.000,0.000,0.000,0.000,0.000,0.000,0.000,0.000,0.000,0.000,0.000,0.000,0.000,0.000,0.000,0.000,0.000,0.000,0.000,0.000,0.000,0.000,0.000,0.000,0.000",S1_W3_tags_blk02_pos_d0.350_krea2_seed3141592,S1_W3_tags_blk02_pos_d0.350_krea2_seed3141592_00001_.png,"realistic western comics style, bold ink outlines, hatched shadows, high angle, from above, top view, upper body portrait, close-up on gauntlet, dynamic pose, dramatic angle, strong perspective, female elf brawler, small pale antlers, pointed ears, young adult, tousled green hair, green hair fading to teal tips, thick green eyebrows, eyepatch over one eye, sharp bright green eye, tan sun-kissed skin, skin gradient, wide reckless grin, smug grin, half-closed eye, wildly smug expression, looking to her left, fur-collared dark navy jacket, gold wood-textured pauldron, black uniform, brown leather arm straps, heavy silver gauntlet, blue electric energy, crackling electricity, fist toward viewer, white empty background, flat background, warm light, deep amber shadows, sharp blue highlights on gauntlet",Real Value,euler_ancestral,simple,9,1.0,1.0,1024,1280
7,perturbation,blk02_neg_d0.350,2,0.350,neg,,S1_W3_tags,3141592,"{""2"": -0.35}","0.000,0.000,-0.350,0.000,0.000,0.000,0.000,0.000,0.000,0.000,0.000,0.000,0.000,0.000,0.000,0.000,0.000,0.000,0.000,0.000,0.000,0.000,0.000,0.000,0.000,0.000,0.000,0.000,0.000,0.000,0.000,0.000,0.000,0.000",S1_W3_tags_blk02_neg_d0.350_krea2_seed3141592,S1_W3_tags_blk02_neg_d0.350_krea2_seed3141592_00001_.png,"realistic western comics style, bold ink outlines, hatched shadows, high angle, from above, top view, upper body portrait, close-up on gauntlet, dynamic pose, dramatic angle, strong perspective, female elf brawler, small pale antlers, pointed ears, young adult, tousled green hair, green hair fading to teal tips, thick green eyebrows, eyepatch over one eye, sharp bright green eye, tan sun-kissed skin, skin gradient, wide reckless grin, smug grin, half-closed eye, wildly smug expression, looking to her left, fur-collared dark navy jacket, gold wood-textured pauldron, black uniform, brown leather arm straps, heavy silver gauntlet, blue electric energy, crackling electricity, fist toward viewer, white empty background, flat background, warm light, deep amber shadows, sharp blue highlights on gauntlet",Real Value,euler_ancestral,simple,9,1.0,1.0,1024,1280
8,perturbation,blk05_pos_d0.350,5,0.350,pos,,S1_W3_tags,3141592,"{""5"": 0.35}","0.000,0.000,0.000,0.000,0.000,0.350,0.000,0.000,0.000,0.000,0.000,0.000,0.000,0.000,0.000,0.000,0.000,0.000,0.000,0.000,0.000,0.000,0.000,0.000,0.000,0.000,0.000,0.000,0.000,0.000,0.000,0.000,0.000,0.000",S1_W3_tags_blk05_pos_d0.350_krea2_seed3141592,S1_W3_tags_blk05_pos_d0.350_krea2_seed3141592_00001_.png,"realistic western comics style, bold ink outlines, hatched shadows, high angle, from above, top view, upper body portrait, close-up on gauntlet, dynamic pose, dramatic angle, strong perspective, female elf brawler, small pale antlers, pointed ears, young adult, tousled green hair, green hair fading to teal tips, thick green eyebrows, eyepatch over one eye, sharp bright green eye, tan sun-kissed skin, skin gradient, wide reckless grin, smug grin, half-closed eye, wildly smug expression, looking to her left, fur-collared dark navy jacket, gold wood-textured pauldron, black uniform, brown leather arm straps, heavy silver gauntlet, blue electric energy, crackling electricity, fist toward viewer, white empty background, flat background, warm light, deep amber shadows, sharp blue highlights on gauntlet",Real Value,euler_ancestral,simple,9,1.0,1.0,1024,1280
9,perturbation,blk05_neg_d0.350,5,0.350,neg,,S1_W3_tags,3141592,"{""5"": -0.35}","0.000,0.000,0.000,0.000,0.000,-0.350,0.000,0.000,0.000,0.000,0.000,0.000,0.000,0.000,0.000,0.000,0.000,0.000,0.000,0.000,0.000,0.000,0.000,0.000,0.000,0.000,0.000,0.000,0.000,0.000,0.000,0.000,0.000,0.000",S1_W3_tags_blk05_neg_d0.350_krea2_seed3141592,S1_W3_tags_blk05_neg_d0.350_krea2_seed3141592_00001_.png,"realistic western comics style, bold ink outlines, hatched shadows, high angle, from above, top view, upper body portrait, close-up on gauntlet, dynamic pose, dramatic angle, strong perspective, female elf brawler, small pale antlers, pointed ears, young adult, tousled green hair, green hair fading to teal tips, thick green eyebrows, eyepatch over one eye, sharp bright green eye, tan sun-kissed skin, skin gradient, wide reckless grin, smug grin, half-closed eye, wildly smug expression, looking to her left, fur-collared dark navy jacket, gold wood-textured pauldron, black uniform, brown leather arm straps, heavy silver gauntlet, blue electric energy, crackling electricity, fist toward viewer, white empty background, flat background, warm light, deep amber shadows, sharp blue highlights on gauntlet",Real Value,euler_ancestral,simple,9,1.0,1.0,1024,1280
10,perturbation,blk08_pos_d0.350,8,0.350,pos,,S1_W3_tags,3141592,"{""8"": 0.35}","0.000,0.000,0.000,0.000,0.000,0.000,0.000,0.000,0.350,0.000,0.000,0.000,0.000,0.000,0.000,0.000,0.000,0.000,0.000,0.000,0.000,0.000,0.000,0.000,0.000,0.000,0.000,0.000,0.000,0.000,0.000,0.000,0.000,0.000",S1_W3_tags_blk08_pos_d0.350_krea2_seed3141592,S1_W3_tags_blk08_pos_d0.350_krea2_seed3141592_00001_.png,"realistic western comics style, bold ink outlines, hatched shadows, high angle, from above, top view, upper body portrait, close-up on gauntlet, dynamic pose, dramatic angle, strong perspective, female elf brawler, small pale antlers, pointed ears, young adult, tousled green hair, green hair fading to teal tips, thick green eyebrows, eyepatch over one eye, sharp bright green eye, tan sun-kissed skin, skin gradient, wide reckless grin, smug grin, half-closed eye, wildly smug expression, looking to her left, fur-collared dark navy jacket, gold wood-textured pauldron, black uniform, brown leather arm straps, heavy silver gauntlet, blue electric energy, crackling electricity, fist toward viewer, white empty background, flat background, warm light, deep amber shadows, sharp blue highlights on gauntlet",Real Value,euler_ancestral,simple,9,1.0,1.0,1024,1280
11,perturbation,blk08_neg_d0.350,8,0.350,neg,,S1_W3_tags,3141592,"{""8"": -0.35}","0.000,0.000,0.000,0.000,0.000,0.000,0.000,0.000,-0.350,0.000,0.000,0.000,0.000,0.000,0.000,0.000,0.000,0.000,0.000,0.000,0.000,0.000,0.000,0.000,0.000,0.000,0.000,0.000,0.000,0.000,0.000,0.000,0.000,0.000",S1_W3_tags_blk08_neg_d0.350_krea2_seed3141592,S1_W3_tags_blk08_neg_d0.350_krea2_seed3141592_00001_.png,"realistic western comics style, bold ink outlines, hatched shadows, high angle, from above, top view, upper body portrait, close-up on gauntlet, dynamic pose, dramatic angle, strong perspective, female elf brawler, small pale antlers, pointed ears, young adult, tousled green hair, green hair fading to teal tips, thick green eyebrows, eyepatch over one eye, sharp bright green eye, tan sun-kissed skin, skin gradient, wide reckless grin, smug grin, half-closed eye, wildly smug expression, looking to her left, fur-collared dark navy jacket, gold wood-textured pauldron, black uniform, brown leather arm straps, heavy silver gauntlet, blue electric energy, crackling electricity, fist toward viewer, white empty background, flat background, warm light, deep amber shadows, sharp blue highlights on gauntlet",Real Value,euler_ancestral,simple,9,1.0,1.0,1024,1280
12,perturbation,blk09_pos_d0.350,9,0.350,pos,,S1_W3_tags,3141592,"{""9"": 0.35}","0.000,0.000,0.000,0.000,0.000,0.000,0.000,0.000,0.000,0.350,0.000,0.000,0.000,0.000,0.000,0.000,0.000,0.000,0.000,0.000,0.000,0.000,0.000,0.000,0.000,0.000,0.000,0.000,0.000,0.000,0.000,0.000,0.000,0.000",S1_W3_tags_blk09_pos_d0.350_krea2_seed3141592,S1_W3_tags_blk09_pos_d0.350_krea2_seed3141592_00001_.png,"realistic western comics style, bold ink outlines, hatched shadows, high angle, from above, top view, upper body portrait, close-up on gauntlet, dynamic pose, dramatic angle, strong perspective, female elf brawler, small pale antlers, pointed ears, young adult, tousled green hair, green hair fading to teal tips, thick green eyebrows, eyepatch over one eye, sharp bright green eye, tan sun-kissed skin, skin gradient, wide reckless grin, smug grin, half-closed eye, wildly smug expression, looking to her left, fur-collared dark navy jacket, gold wood-textured pauldron, black uniform, brown leather arm straps, heavy silver gauntlet, blue electric energy, crackling electricity, fist toward viewer, white empty background, flat background, warm light, deep amber shadows, sharp blue highlights on gauntlet",Real Value,euler_ancestral,simple,9,1.0,1.0,1024,1280
13,perturbation,blk09_neg_d0.350,9,0.350,neg,,S1_W3_tags,3141592,"{""9"": -0.35}","0.000,0.000,0.000,0.000,0.000,0.000,0.000,0.000,0.000,-0.350,0.000,0.000,0.000,0.000,0.000,0.000,0.000,0.000,0.000,0.000,0.000,0.000,0.000,0.000,0.000,0.000,0.000,0.000,0.000,0.000,0.000,0.000,0.000,0.000",S1_W3_tags_blk09_neg_d0.350_krea2_seed3141592,S1_W3_tags_blk09_neg_d0.350_krea2_seed3141592_00001_.png,"realistic western comics style, bold ink outlines, hatched shadows, high angle, from above, top view, upper body portrait, close-up on gauntlet, dynamic pose, dramatic angle, strong perspective, female elf brawler, small pale antlers, pointed ears, young adult, tousled green hair, green hair fading to teal tips, thick green eyebrows, eyepatch over one eye, sharp bright green eye, tan sun-kissed skin, skin gradient, wide reckless grin, smug grin, half-closed eye, wildly smug expression, looking to her left, fur-collared dark navy jacket, gold wood-textured pauldron, black uniform, brown leather arm straps, heavy silver gauntlet, blue electric energy, crackling electricity, fist toward viewer, white empty background, flat background, warm light, deep amber shadows, sharp blue highlights on gauntlet",Real Value,euler_ancestral,simple,9,1.0,1.0,1024,1280
14,perturbation,blk12_pos_d0.350,12,0.350,pos,,S1_W3_tags,3141592,"{""12"": 0.35}","0.000,0.000,0.000,0.000,0.000,0.000,0.000,0.000,0.000,0.000,0.000,0.000,0.350,0.000,0.000,0.000,0.000,0.000,0.000,0.000,0.000,0.000,0.000,0.000,0.000,0.000,0.000,0.000,0.000,0.000,0.000,0.000,0.000,0.000",S1_W3_tags_blk12_pos_d0.350_krea2_seed3141592,S1_W3_tags_blk12_pos_d0.350_krea2_seed3141592_00001_.png,"realistic western comics style, bold ink outlines, hatched shadows, high angle, from above, top view, upper body portrait, close-up on gauntlet, dynamic pose, dramatic angle, strong perspective, female elf brawler, small pale antlers, pointed ears, young adult, tousled green hair, green hair fading to teal tips, thick green eyebrows, eyepatch over one eye, sharp bright green eye, tan sun-kissed skin, skin gradient, wide reckless grin, smug grin, half-closed eye, wildly smug expression, looking to her left, fur-collared dark navy jacket, gold wood-textured pauldron, black uniform, brown leather arm straps, heavy silver gauntlet, blue electric energy, crackling electricity, fist toward viewer, white empty background, flat background, warm light, deep amber shadows, sharp blue highlights on gauntlet",Real Value,euler_ancestral,simple,9,1.0,1.0,1024,1280
15,perturbation,blk12_neg_d0.350,12,0.350,neg,,S1_W3_tags,3141592,"{""12"": -0.35}","0.000,0.000,0.000,0.000,0.000,0.000,0.000,0.000,0.000,0.000,0.000,0.000,-0.350,0.000,0.000,0.000,0.000,0.000,0.000,0.000,0.000,0.000,0.000,0.000,0.000,0.000,0.000,0.000,0.000,0.000,0.000,0.000,0.000,0.000",S1_W3_tags_blk12_neg_d0.350_krea2_seed3141592,S1_W3_tags_blk12_neg_d0.350_krea2_seed3141592_00001_.png,"realistic western comics style, bold ink outlines, hatched shadows, high angle, from above, top view, upper body portrait, close-up on gauntlet, dynamic pose, dramatic angle, strong perspective, female elf brawler, small pale antlers, pointed ears, young adult, tousled green hair, green hair fading to teal tips, thick green eyebrows, eyepatch over one eye, sharp bright green eye, tan sun-kissed skin, skin gradient, wide reckless grin, smug grin, half-closed eye, wildly smug expression, looking to her left, fur-collared dark navy jacket, gold wood-textured pauldron, black uniform, brown leather arm straps, heavy silver gauntlet, blue electric energy, crackling electricity, fist toward viewer, white empty background, flat background, warm light, deep amber shadows, sharp blue highlights on gauntlet",Real Value,euler_ancestral,simple,9,1.0,1.0,1024,1280
16,perturbation,blk13_pos_d0.350,13,0.350,pos,,S1_W3_tags,3141592,"{""13"": 0.35}","0.000,0.000,0.000,0.000,0.000,0.000,0.000,0.000,0.000,0.000,0.000,0.000,0.000,0.350,0.000,0.000,0.000,0.000,0.000,0.000,0.000,0.000,0.000,0.000,0.000,0.000,0.000,0.000,0.000,0.000,0.000,0.000,0.000,0.000",S1_W3_tags_blk13_pos_d0.350_krea2_seed3141592,S1_W3_tags_blk13_pos_d0.350_krea2_seed3141592_00001_.png,"realistic western comics style, bold ink outlines, hatched shadows, high angle, from above, top view, upper body portrait, close-up on gauntlet, dynamic pose, dramatic angle, strong perspective, female elf brawler, small pale antlers, pointed ears, young adult, tousled green hair, green hair fading to teal tips, thick green eyebrows, eyepatch over one eye, sharp bright green eye, tan sun-kissed skin, skin gradient, wide reckless grin, smug grin, half-closed eye, wildly smug expression, looking to her left, fur-collared dark navy jacket, gold wood-textured pauldron, black uniform, brown leather arm straps, heavy silver gauntlet, blue electric energy, crackling electricity, fist toward viewer, white empty background, flat background, warm light, deep amber shadows, sharp blue highlights on gauntlet",Real Value,euler_ancestral,simple,9,1.0,1.0,1024,1280
17,perturbation,blk13_neg_d0.350,13,0.350,neg,,S1_W3_tags,3141592,"{""13"": -0.35}","0.000,0.000,0.000,0.000,0.000,0.000,0.000,0.000,0.000,0.000,0.000,0.000,0.000,-0.350,0.000,0.000,0.000,0.000,0.000,0.000,0.000,0.000,0.000,0.000,0.000,0.000,0.000,0.000,0.000,0.000,0.000,0.000,0.000,0.000",S1_W3_tags_blk13_neg_d0.350_krea2_seed3141592,S1_W3_tags_blk13_neg_d0.350_krea2_seed3141592_00001_.png,"realistic western comics style, bold ink outlines, hatched shadows, high angle, from above, top view, upper body portrait, close-up on gauntlet, dynamic pose, dramatic angle, strong perspective, female elf brawler, small pale antlers, pointed ears, young adult, tousled green hair, green hair fading to teal tips, thick green eyebrows, eyepatch over one eye, sharp bright green eye, tan sun-kissed skin, skin gradient, wide reckless grin, smug grin, half-closed eye, wildly smug expression, looking to her left, fur-collared dark navy jacket, gold wood-textured pauldron, black uniform, brown leather arm straps, heavy silver gauntlet, blue electric energy, crackling electricity, fist toward viewer, white empty background, flat background, warm light, deep amber shadows, sharp blue highlights on gauntlet",Real Value,euler_ancestral,simple,9,1.0,1.0,1024,1280
18,perturbation,blk15_pos_d0.350,15,0.350,pos,,S1_W3_tags,3141592,"{""15"": 0.35}","0.000,0.000,0.000,0.000,0.000,0.000,0.000,0.000,0.000,0.000,0.000,0.000,0.000,0.000,0.000,0.350,0.000,0.000,0.000,0.000,0.000,0.000,0.000,0.000,0.000,0.000,0.000,0.000,0.000,0.000,0.000,0.000,0.000,0.000",S1_W3_tags_blk15_pos_d0.350_krea2_seed3141592,S1_W3_tags_blk15_pos_d0.350_krea2_seed3141592_00001_.png,"realistic western comics style, bold ink outlines, hatched shadows, high angle, from above, top view, upper body portrait, close-up on gauntlet, dynamic pose, dramatic angle, strong perspective, female elf brawler, small pale antlers, pointed ears, young adult, tousled green hair, green hair fading to teal tips, thick green eyebrows, eyepatch over one eye, sharp bright green eye, tan sun-kissed skin, skin gradient, wide reckless grin, smug grin, half-closed eye, wildly smug expression, looking to her left, fur-collared dark navy jacket, gold wood-textured pauldron, black uniform, brown leather arm straps, heavy silver gauntlet, blue electric energy, crackling electricity, fist toward viewer, white empty background, flat background, warm light, deep amber shadows, sharp blue highlights on gauntlet",Real Value,euler_ancestral,simple,9,1.0,1.0,1024,1280
19,perturbation,blk15_neg_d0.350,15,0.350,neg,,S1_W3_tags,3141592,"{""15"": -0.35}","0.000,0.000,0.000,0.000,0.000,0.000,0.000,0.000,0.000,0.000,0.000,0.000,0.000,0.000,0.000,-0.350,0.000,0.000,0.000,0.000,0.000,0.000,0.000,0.000,0.000,0.000,0.000,0.000,0.000,0.000,0.000,0.000,0.000,0.000",S1_W3_tags_blk15_neg_d0.350_krea2_seed3141592,S1_W3_tags_blk15_neg_d0.350_krea2_seed3141592_00001_.png,"realistic western comics style, bold ink outlines, hatched shadows, high angle, from above, top view, upper body portrait, close-up on gauntlet, dynamic pose, dramatic angle, strong perspective, female elf brawler, small pale antlers, pointed ears, young adult, tousled green hair, green hair fading to teal tips, thick green eyebrows, eyepatch over one eye, sharp bright green eye, tan sun-kissed skin, skin gradient, wide reckless grin, smug grin, half-closed eye, wildly smug expression, looking to her left, fur-collared dark navy jacket, gold wood-textured pauldron, black uniform, brown leather arm straps, heavy silver gauntlet, blue electric energy, crackling electricity, fist toward viewer, white empty background, flat background, warm light, deep amber shadows, sharp blue highlights on gauntlet",Real Value,euler_ancestral,simple,9,1.0,1.0,1024,1280
20,perturbation,blk17_pos_d0.350,17,0.350,pos,,S1_W3_tags,3141592,"{""17"": 0.35}","0.000,0.000,0.000,0.000,0.000,0.000,0.000,0.000,0.000,0.000,0.000,0.000,0.000,0.000,0.000,0.000,0.000,0.350,0.000,0.000,0.000,0.000,0.000,0.000,0.000,0.000,0.000,0.000,0.000,0.000,0.000,0.000,0.000,0.000",S1_W3_tags_blk17_pos_d0.350_krea2_seed3141592,S1_W3_tags_blk17_pos_d0.350_krea2_seed3141592_00001_.png,"realistic western comics style, bold ink outlines, hatched shadows, high angle, from above, top view, upper body portrait, close-up on gauntlet, dynamic pose, dramatic angle, strong perspective, female elf brawler, small pale antlers, pointed ears, young adult, tousled green hair, green hair fading to teal tips, thick green eyebrows, eyepatch over one eye, sharp bright green eye, tan sun-kissed skin, skin gradient, wide reckless grin, smug grin, half-closed eye, wildly smug expression, looking to her left, fur-collared dark navy jacket, gold wood-textured pauldron, black uniform, brown leather arm straps, heavy silver gauntlet, blue electric energy, crackling electricity, fist toward viewer, white empty background, flat background, warm light, deep amber shadows, sharp blue highlights on gauntlet",Real Value,euler_ancestral,simple,9,1.0,1.0,1024,1280
21,perturbation,blk17_neg_d0.350,17,0.350,neg,,S1_W3_tags,3141592,"{""17"": -0.35}","0.000,0.000,0.000,0.000,0.000,0.000,0.000,0.000,0.000,0.000,0.000,0.000,0.000,0.000,0.000,0.000,0.000,-0.350,0.000,0.000,0.000,0.000,0.000,0.000,0.000,0.000,0.000,0.000,0.000,0.000,0.000,0.000,0.000,0.000",S1_W3_tags_blk17_neg_d0.350_krea2_seed3141592,S1_W3_tags_blk17_neg_d0.350_krea2_seed3141592_00001_.png,"realistic western comics style, bold ink outlines, hatched shadows, high angle, from above, top view, upper body portrait, close-up on gauntlet, dynamic pose, dramatic angle, strong perspective, female elf brawler, small pale antlers, pointed ears, young adult, tousled green hair, green hair fading to teal tips, thick green eyebrows, eyepatch over one eye, sharp bright green eye, tan sun-kissed skin, skin gradient, wide reckless grin, smug grin, half-closed eye, wildly smug expression, looking to her left, fur-collared dark navy jacket, gold wood-textured pauldron, black uniform, brown leather arm straps, heavy silver gauntlet, blue electric energy, crackling electricity, fist toward viewer, white empty background, flat background, warm light, deep amber shadows, sharp blue highlights on gauntlet",Real Value,euler_ancestral,simple,9,1.0,1.0,1024,1280
22,perturbation,blk19_pos_d0.350,19,0.350,pos,,S1_W3_tags,3141592,"{""19"": 0.35}","0.000,0.000,0.000,0.000,0.000,0.000,0.000,0.000,0.000,0.000,0.000,0.000,0.000,0.000,0.000,0.000,0.000,0.000,0.000,0.350,0.000,0.000,0.000,0.000,0.000,0.000,0.000,0.000,0.000,0.000,0.000,0.000,0.000,0.000",S1_W3_tags_blk19_pos_d0.350_krea2_seed3141592,S1_W3_tags_blk19_pos_d0.350_krea2_seed3141592_00001_.png,"realistic western comics style, bold ink outlines, hatched shadows, high angle, from above, top view, upper body portrait, close-up on gauntlet, dynamic pose, dramatic angle, strong perspective, female elf brawler, small pale antlers, pointed ears, young adult, tousled green hair, green hair fading to teal tips, thick green eyebrows, eyepatch over one eye, sharp bright green eye, tan sun-kissed skin, skin gradient, wide reckless grin, smug grin, half-closed eye, wildly smug expression, looking to her left, fur-collared dark navy jacket, gold wood-textured pauldron, black uniform, brown leather arm straps, heavy silver gauntlet, blue electric energy, crackling electricity, fist toward viewer, white empty background, flat background, warm light, deep amber shadows, sharp blue highlights on gauntlet",Real Value,euler_ancestral,simple,9,1.0,1.0,1024,1280
23,perturbation,blk19_neg_d0.350,19,0.350,neg,,S1_W3_tags,3141592,"{""19"": -0.35}","0.000,0.000,0.000,0.000,0.000,0.000,0.000,0.000,0.000,0.000,0.000,0.000,0.000,0.000,0.000,0.000,0.000,0.000,0.000,-0.350,0.000,0.000,0.000,0.000,0.000,0.000,0.000,0.000,0.000,0.000,0.000,0.000,0.000,0.000",S1_W3_tags_blk19_neg_d0.350_krea2_seed3141592,S1_W3_tags_blk19_neg_d0.350_krea2_seed3141592_00001_.png,"realistic western comics style, bold ink outlines, hatched shadows, high angle, from above, top view, upper body portrait, close-up on gauntlet, dynamic pose, dramatic angle, strong perspective, female elf brawler, small pale antlers, pointed ears, young adult, tousled green hair, green hair fading to teal tips, thick green eyebrows, eyepatch over one eye, sharp bright green eye, tan sun-kissed skin, skin gradient, wide reckless grin, smug grin, half-closed eye, wildly smug expression, looking to her left, fur-collared dark navy jacket, gold wood-textured pauldron, black uniform, brown leather arm straps, heavy silver gauntlet, blue electric energy, crackling electricity, fist toward viewer, white empty background, flat background, warm light, deep amber shadows, sharp blue highlights on gauntlet",Real Value,euler_ancestral,simple,9,1.0,1.0,1024,1280
24,perturbation,blk23_pos_d0.350,23,0.350,pos,,S1_W3_tags,3141592,"{""23"": 0.35}","0.000,0.000,0.000,0.000,0.000,0.000,0.000,0.000,0.000,0.000,0.000,0.000,0.000,0.000,0.000,0.000,0.000,0.000,0.000,0.000,0.000,0.000,0.000,0.350,0.000,0.000,0.000,0.000,0.000,0.000,0.000,0.000,0.000,0.000",S1_W3_tags_blk23_pos_d0.350_krea2_seed3141592,S1_W3_tags_blk23_pos_d0.350_krea2_seed3141592_00001_.png,"realistic western comics style, bold ink outlines, hatched shadows, high angle, from above, top view, upper body portrait, close-up on gauntlet, dynamic pose, dramatic angle, strong perspective, female elf brawler, small pale antlers, pointed ears, young adult, tousled green hair, green hair fading to teal tips, thick green eyebrows, eyepatch over one eye, sharp bright green eye, tan sun-kissed skin, skin gradient, wide reckless grin, smug grin, half-closed eye, wildly smug expression, looking to her left, fur-collared dark navy jacket, gold wood-textured pauldron, black uniform, brown leather arm straps, heavy silver gauntlet, blue electric energy, crackling electricity, fist toward viewer, white empty background, flat background, warm light, deep amber shadows, sharp blue highlights on gauntlet",Real Value,euler_ancestral,simple,9,1.0,1.0,1024,1280
25,perturbation,blk23_neg_d0.350,23,0.350,neg,,S1_W3_tags,3141592,"{""23"": -0.35}","0.000,0.000,0.000,0.000,0.000,0.000,0.000,0.000,0.000,0.000,0.000,0.000,0.000,0.000,0.000,0.000,0.000,0.000,0.000,0.000,0.000,0.000,0.000,-0.350,0.000,0.000,0.000,0.000,0.000,0.000,0.000,0.000,0.000,0.000",S1_W3_tags_blk23_neg_d0.350_krea2_seed3141592,S1_W3_tags_blk23_neg_d0.350_krea2_seed3141592_00001_.png,"realistic western comics style, bold ink outlines, hatched shadows, high angle, from above, top view, upper body portrait, close-up on gauntlet, dynamic pose, dramatic angle, strong perspective, female elf brawler, small pale antlers, pointed ears, young adult, tousled green hair, green hair fading to teal tips, thick green eyebrows, eyepatch over one eye, sharp bright green eye, tan sun-kissed skin, skin gradient, wide reckless grin, smug grin, half-closed eye, wildly smug expression, looking to her left, fur-collared dark navy jacket, gold wood-textured pauldron, black uniform, brown leather arm straps, heavy silver gauntlet, blue electric energy, crackling electricity, fist toward viewer, white empty background, flat background, warm light, deep amber shadows, sharp blue highlights on gauntlet",Real Value,euler_ancestral,simple,9,1.0,1.0,1024,1280
26,baseline,baseline,baseline,0.000,none,,S1_W4_synonyms,3141592,{},"0.000,0.000,0.000,0.000,0.000,0.000,0.000,0.000,0.000,0.000,0.000,0.000,0.000,0.000,0.000,0.000,0.000,0.000,0.000,0.000,0.000,0.000,0.000,0.000,0.000,0.000,0.000,0.000,0.000,0.000,0.000,0.000,0.000,0.000",S1_W4_synonyms_baseline_krea2_seed3141592,S1_W4_synonyms_baseline_krea2_seed3141592_00001_.png,"An illustration in a realistic Western comic-book manner, drawn with heavy inked contours and cross-hatched shading. We look down on her from high above, in an energetic half-length portrait framed tightly around her armored fist, with a bold pose, a striking camera angle and pronounced foreshortening. She is a young adult elven pugilist with a modest pair of pale antlers and pointed ears. Her messy green hair turns teal toward the ends, and her brows are dense and green. A patch covers one of her eyes; the other is a vivid, bright green and half shut. Her tanned, sun-warmed skin shades gradually from tone to tone. She wears a broad, reckless, self-satisfied smirk and an extremely smug look, and she glances toward her left. Her dark navy coat has a fur collar and a golden shoulder guard with a wood-grain texture, worn over a black uniform with brown leather straps around her arms. On one hand she wears a massive silver armored glove sparking with blue electricity, and she thrusts that fist toward the viewer. The backdrop is plain, empty and white. The light is warm, with deep amber shadows and crisp blue highlights running along the electrified glove.",Real Value,euler_ancestral,simple,9,1.0,1.0,1024,1280
27,perturbation,blk00_pos_d0.300,0,0.300,pos,,S1_W4_synonyms,3141592,"{""0"": 0.3}","0.300,0.000,0.000,0.000,0.000,0.000,0.000,0.000,0.000,0.000,0.000,0.000,0.000,0.000,0.000,0.000,0.000,0.000,0.000,0.000,0.000,0.000,0.000,0.000,0.000,0.000,0.000,0.000,0.000,0.000,0.000,0.000,0.000,0.000",S1_W4_synonyms_blk00_pos_d0.300_krea2_seed3141592,S1_W4_synonyms_blk00_pos_d0.300_krea2_seed3141592_00001_.png,"An illustration in a realistic Western comic-book manner, drawn with heavy inked contours and cross-hatched shading. We look down on her from high above, in an energetic half-length portrait framed tightly around her armored fist, with a bold pose, a striking camera angle and pronounced foreshortening. She is a young adult elven pugilist with a modest pair of pale antlers and pointed ears. Her messy green hair turns teal toward the ends, and her brows are dense and green. A patch covers one of her eyes; the other is a vivid, bright green and half shut. Her tanned, sun-warmed skin shades gradually from tone to tone. She wears a broad, reckless, self-satisfied smirk and an extremely smug look, and she glances toward her left. Her dark navy coat has a fur collar and a golden shoulder guard with a wood-grain texture, worn over a black uniform with brown leather straps around her arms. On one hand she wears a massive silver armored glove sparking with blue electricity, and she thrusts that fist toward the viewer. The backdrop is plain, empty and white. The light is warm, with deep amber shadows and crisp blue highlights running along the electrified glove.",Real Value,euler_ancestral,simple,9,1.0,1.0,1024,1280
28,perturbation,blk00_neg_d0.250,0,0.250,neg,,S1_W4_synonyms,3141592,"{""0"": -0.25}","-0.250,0.000,0.000,0.000,0.000,0.000,0.000,0.000,0.000,0.000,0.000,0.000,0.000,0.000,0.000,0.000,0.000,0.000,0.000,0.000,0.000,0.000,0.000,0.000,0.000,0.000,0.000,0.000,0.000,0.000,0.000,0.000,0.000,0.000",S1_W4_synonyms_blk00_neg_d0.250_krea2_seed3141592,S1_W4_synonyms_blk00_neg_d0.250_krea2_seed3141592_00001_.png,"An illustration in a realistic Western comic-book manner, drawn with heavy inked contours and cross-hatched shading. We look down on her from high above, in an energetic half-length portrait framed tightly around her armored fist, with a bold pose, a striking camera angle and pronounced foreshortening. She is a young adult elven pugilist with a modest pair of pale antlers and pointed ears. Her messy green hair turns teal toward the ends, and her brows are dense and green. A patch covers one of her eyes; the other is a vivid, bright green and half shut. Her tanned, sun-warmed skin shades gradually from tone to tone. She wears a broad, reckless, self-satisfied smirk and an extremely smug look, and she glances toward her left. Her dark navy coat has a fur collar and a golden shoulder guard with a wood-grain texture, worn over a black uniform with brown leather straps around her arms. On one hand she wears a massive silver armored glove sparking with blue electricity, and she thrusts that fist toward the viewer. The backdrop is plain, empty and white. The light is warm, with deep amber shadows and crisp blue highlights running along the electrified glove.",Real Value,euler_ancestral,simple,9,1.0,1.0,1024,1280
29,perturbation,blk27_pos_d0.100,27,0.100,pos,,S1_W4_synonyms,3141592,"{""27"": 0.1}","0.000,0.000,0.000,0.000,0.000,0.000,0.000,0.000,0.000,0.000,0.000,0.000,0.000,0.000,0.000,0.000,0.000,0.000,0.000,0.000,0.000,0.000,0.000,0.000,0.000,0.000,0.000,0.100,0.000,0.000,0.000,0.000,0.000,0.000",S1_W4_synonyms_blk27_pos_d0.100_krea2_seed3141592,S1_W4_synonyms_blk27_pos_d0.100_krea2_seed3141592_00001_.png,"An illustration in a realistic Western comic-book manner, drawn with heavy inked contours and cross-hatched shading. We look down on her from high above, in an energetic half-length portrait framed tightly around her armored fist, with a bold pose, a striking camera angle and pronounced foreshortening. She is a young adult elven pugilist with a modest pair of pale antlers and pointed ears. Her messy green hair turns teal toward the ends, and her brows are dense and green. A patch covers one of her eyes; the other is a vivid, bright green and half shut. Her tanned, sun-warmed skin shades gradually from tone to tone. She wears a broad, reckless, self-satisfied smirk and an extremely smug look, and she glances toward her left. Her dark navy coat has a fur collar and a golden shoulder guard with a wood-grain texture, worn over a black uniform with brown leather straps around her arms. On one hand she wears a massive silver armored glove sparking with blue electricity, and she thrusts that fist toward the viewer. The backdrop is plain, empty and white. The light is warm, with deep amber shadows and crisp blue highlights running along the electrified glove.",Real Value,euler_ancestral,simple,9,1.0,1.0,1024,1280
30,perturbation,blk27_neg_d0.075,27,0.075,neg,,S1_W4_synonyms,3141592,"{""27"": -0.075}","0.000,0.000,0.000,0.000,0.000,0.000,0.000,0.000,0.000,0.000,0.000,0.000,0.000,0.000,0.000,0.000,0.000,0.000,0.000,0.000,0.000,0.000,0.000,0.000,0.000,0.000,0.000,-0.075,0.000,0.000,0.000,0.000,0.000,0.000",S1_W4_synonyms_blk27_neg_d0.075_krea2_seed3141592,S1_W4_synonyms_blk27_neg_d0.075_krea2_seed3141592_00001_.png,"An illustration in a realistic Western comic-book manner, drawn with heavy inked contours and cross-hatched shading. We look down on her from high above, in an energetic half-length portrait framed tightly around her armored fist, with a bold pose, a striking camera angle and pronounced foreshortening. She is a young adult elven pugilist with a modest pair of pale antlers and pointed ears. Her messy green hair turns teal toward the ends, and her brows are dense and green. A patch covers one of her eyes; the other is a vivid, bright green and half shut. Her tanned, sun-warmed skin shades gradually from tone to tone. She wears a broad, reckless, self-satisfied smirk and an extremely smug look, and she glances toward her left. Her dark navy coat has a fur collar and a golden shoulder guard with a wood-grain texture, worn over a black uniform with brown leather straps around her arms. On one hand she wears a massive silver armored glove sparking with blue electricity, and she thrusts that fist toward the viewer. The backdrop is plain, empty and white. The light is warm, with deep amber shadows and crisp blue highlights running along the electrified glove.",Real Value,euler_ancestral,simple,9,1.0,1.0,1024,1280
31,perturbation,blk02_pos_d0.350,2,0.350,pos,,S1_W4_synonyms,3141592,"{""2"": 0.35}","0.000,0.000,0.350,0.000,0.000,0.000,0.000,0.000,0.000,0.000,0.000,0.000,0.000,0.000,0.000,0.000,0.000,0.000,0.000,0.000,0.000,0.000,0.000,0.000,0.000,0.000,0.000,0.000,0.000,0.000,0.000,0.000,0.000,0.000",S1_W4_synonyms_blk02_pos_d0.350_krea2_seed3141592,S1_W4_synonyms_blk02_pos_d0.350_krea2_seed3141592_00001_.png,"An illustration in a realistic Western comic-book manner, drawn with heavy inked contours and cross-hatched shading. We look down on her from high above, in an energetic half-length portrait framed tightly around her armored fist, with a bold pose, a striking camera angle and pronounced foreshortening. She is a young adult elven pugilist with a modest pair of pale antlers and pointed ears. Her messy green hair turns teal toward the ends, and her brows are dense and green. A patch covers one of her eyes; the other is a vivid, bright green and half shut. Her tanned, sun-warmed skin shades gradually from tone to tone. She wears a broad, reckless, self-satisfied smirk and an extremely smug look, and she glances toward her left. Her dark navy coat has a fur collar and a golden shoulder guard with a wood-grain texture, worn over a black uniform with brown leather straps around her arms. On one hand she wears a massive silver armored glove sparking with blue electricity, and she thrusts that fist toward the viewer. The backdrop is plain, empty and white. The light is warm, with deep amber shadows and crisp blue highlights running along the electrified glove.",Real Value,euler_ancestral,simple,9,1.0,1.0,1024,1280
32,perturbation,blk02_neg_d0.350,2,0.350,neg,,S1_W4_synonyms,3141592,"{""2"": -0.35}","0.000,0.000,-0.350,0.000,0.000,0.000,0.000,0.000,0.000,0.000,0.000,0.000,0.000,0.000,0.000,0.000,0.000,0.000,0.000,0.000,0.000,0.000,0.000,0.000,0.000,0.000,0.000,0.000,0.000,0.000,0.000,0.000,0.000,0.000",S1_W4_synonyms_blk02_neg_d0.350_krea2_seed3141592,S1_W4_synonyms_blk02_neg_d0.350_krea2_seed3141592_00001_.png,"An illustration in a realistic Western comic-book manner, drawn with heavy inked contours and cross-hatched shading. We look down on her from high above, in an energetic half-length portrait framed tightly around her armored fist, with a bold pose, a striking camera angle and pronounced foreshortening. She is a young adult elven pugilist with a modest pair of pale antlers and pointed ears. Her messy green hair turns teal toward the ends, and her brows are dense and green. A patch covers one of her eyes; the other is a vivid, bright green and half shut. Her tanned, sun-warmed skin shades gradually from tone to tone. She wears a broad, reckless, self-satisfied smirk and an extremely smug look, and she glances toward her left. Her dark navy coat has a fur collar and a golden shoulder guard with a wood-grain texture, worn over a black uniform with brown leather straps around her arms. On one hand she wears a massive silver armored glove sparking with blue electricity, and she thrusts that fist toward the viewer. The backdrop is plain, empty and white. The light is warm, with deep amber shadows and crisp blue highlights running along the electrified glove.",Real Value,euler_ancestral,simple,9,1.0,1.0,1024,1280
33,perturbation,blk05_pos_d0.350,5,0.350,pos,,S1_W4_synonyms,3141592,"{""5"": 0.35}","0.000,0.000,0.000,0.000,0.000,0.350,0.000,0.000,0.000,0.000,0.000,0.000,0.000,0.000,0.000,0.000,0.000,0.000,0.000,0.000,0.000,0.000,0.000,0.000,0.000,0.000,0.000,0.000,0.000,0.000,0.000,0.000,0.000,0.000",S1_W4_synonyms_blk05_pos_d0.350_krea2_seed3141592,S1_W4_synonyms_blk05_pos_d0.350_krea2_seed3141592_00001_.png,"An illustration in a realistic Western comic-book manner, drawn with heavy inked contours and cross-hatched shading. We look down on her from high above, in an energetic half-length portrait framed tightly around her armored fist, with a bold pose, a striking camera angle and pronounced foreshortening. She is a young adult elven pugilist with a modest pair of pale antlers and pointed ears. Her messy green hair turns teal toward the ends, and her brows are dense and green. A patch covers one of her eyes; the other is a vivid, bright green and half shut. Her tanned, sun-warmed skin shades gradually from tone to tone. She wears a broad, reckless, self-satisfied smirk and an extremely smug look, and she glances toward her left. Her dark navy coat has a fur collar and a golden shoulder guard with a wood-grain texture, worn over a black uniform with brown leather straps around her arms. On one hand she wears a massive silver armored glove sparking with blue electricity, and she thrusts that fist toward the viewer. The backdrop is plain, empty and white. The light is warm, with deep amber shadows and crisp blue highlights running along the electrified glove.",Real Value,euler_ancestral,simple,9,1.0,1.0,1024,1280
34,perturbation,blk05_neg_d0.350,5,0.350,neg,,S1_W4_synonyms,3141592,"{""5"": -0.35}","0.000,0.000,0.000,0.000,0.000,-0.350,0.000,0.000,0.000,0.000,0.000,0.000,0.000,0.000,0.000,0.000,0.000,0.000,0.000,0.000,0.000,0.000,0.000,0.000,0.000,0.000,0.000,0.000,0.000,0.000,0.000,0.000,0.000,0.000",S1_W4_synonyms_blk05_neg_d0.350_krea2_seed3141592,S1_W4_synonyms_blk05_neg_d0.350_krea2_seed3141592_00001_.png,"An illustration in a realistic Western comic-book manner, drawn with heavy inked contours and cross-hatched shading. We look down on her from high above, in an energetic half-length portrait framed tightly around her armored fist, with a bold pose, a striking camera angle and pronounced foreshortening. She is a young adult elven pugilist with a modest pair of pale antlers and pointed ears. Her messy green hair turns teal toward the ends, and her brows are dense and green. A patch covers one of her eyes; the other is a vivid, bright green and half shut. Her tanned, sun-warmed skin shades gradually from tone to tone. She wears a broad, reckless, self-satisfied smirk and an extremely smug look, and she glances toward her left. Her dark navy coat has a fur collar and a golden shoulder guard with a wood-grain texture, worn over a black uniform with brown leather straps around her arms. On one hand she wears a massive silver armored glove sparking with blue electricity, and she thrusts that fist toward the viewer. The backdrop is plain, empty and white. The light is warm, with deep amber shadows and crisp blue highlights running along the electrified glove.",Real Value,euler_ancestral,simple,9,1.0,1.0,1024,1280
35,perturbation,blk08_pos_d0.350,8,0.350,pos,,S1_W4_synonyms,3141592,"{""8"": 0.35}","0.000,0.000,0.000,0.000,0.000,0.000,0.000,0.000,0.350,0.000,0.000,0.000,0.000,0.000,0.000,0.000,0.000,0.000,0.000,0.000,0.000,0.000,0.000,0.000,0.000,0.000,0.000,0.000,0.000,0.000,0.000,0.000,0.000,0.000",S1_W4_synonyms_blk08_pos_d0.350_krea2_seed3141592,S1_W4_synonyms_blk08_pos_d0.350_krea2_seed3141592_00001_.png,"An illustration in a realistic Western comic-book manner, drawn with heavy inked contours and cross-hatched shading. We look down on her from high above, in an energetic half-length portrait framed tightly around her armored fist, with a bold pose, a striking camera angle and pronounced foreshortening. She is a young adult elven pugilist with a modest pair of pale antlers and pointed ears. Her messy green hair turns teal toward the ends, and her brows are dense and green. A patch covers one of her eyes; the other is a vivid, bright green and half shut. Her tanned, sun-warmed skin shades gradually from tone to tone. She wears a broad, reckless, self-satisfied smirk and an extremely smug look, and she glances toward her left. Her dark navy coat has a fur collar and a golden shoulder guard with a wood-grain texture, worn over a black uniform with brown leather straps around her arms. On one hand she wears a massive silver armored glove sparking with blue electricity, and she thrusts that fist toward the viewer. The backdrop is plain, empty and white. The light is warm, with deep amber shadows and crisp blue highlights running along the electrified glove.",Real Value,euler_ancestral,simple,9,1.0,1.0,1024,1280
36,perturbation,blk08_neg_d0.350,8,0.350,neg,,S1_W4_synonyms,3141592,"{""8"": -0.35}","0.000,0.000,0.000,0.000,0.000,0.000,0.000,0.000,-0.350,0.000,0.000,0.000,0.000,0.000,0.000,0.000,0.000,0.000,0.000,0.000,0.000,0.000,0.000,0.000,0.000,0.000,0.000,0.000,0.000,0.000,0.000,0.000,0.000,0.000",S1_W4_synonyms_blk08_neg_d0.350_krea2_seed3141592,S1_W4_synonyms_blk08_neg_d0.350_krea2_seed3141592_00001_.png,"An illustration in a realistic Western comic-book manner, drawn with heavy inked contours and cross-hatched shading. We look down on her from high above, in an energetic half-length portrait framed tightly around her armored fist, with a bold pose, a striking camera angle and pronounced foreshortening. She is a young adult elven pugilist with a modest pair of pale antlers and pointed ears. Her messy green hair turns teal toward the ends, and her brows are dense and green. A patch covers one of her eyes; the other is a vivid, bright green and half shut. Her tanned, sun-warmed skin shades gradually from tone to tone. She wears a broad, reckless, self-satisfied smirk and an extremely smug look, and she glances toward her left. Her dark navy coat has a fur collar and a golden shoulder guard with a wood-grain texture, worn over a black uniform with brown leather straps around her arms. On one hand she wears a massive silver armored glove sparking with blue electricity, and she thrusts that fist toward the viewer. The backdrop is plain, empty and white. The light is warm, with deep amber shadows and crisp blue highlights running along the electrified glove.",Real Value,euler_ancestral,simple,9,1.0,1.0,1024,1280
37,perturbation,blk09_pos_d0.350,9,0.350,pos,,S1_W4_synonyms,3141592,"{""9"": 0.35}","0.000,0.000,0.000,0.000,0.000,0.000,0.000,0.000,0.000,0.350,0.000,0.000,0.000,0.000,0.000,0.000,0.000,0.000,0.000,0.000,0.000,0.000,0.000,0.000,0.000,0.000,0.000,0.000,0.000,0.000,0.000,0.000,0.000,0.000",S1_W4_synonyms_blk09_pos_d0.350_krea2_seed3141592,S1_W4_synonyms_blk09_pos_d0.350_krea2_seed3141592_00001_.png,"An illustration in a realistic Western comic-book manner, drawn with heavy inked contours and cross-hatched shading. We look down on her from high above, in an energetic half-length portrait framed tightly around her armored fist, with a bold pose, a striking camera angle and pronounced foreshortening. She is a young adult elven pugilist with a modest pair of pale antlers and pointed ears. Her messy green hair turns teal toward the ends, and her brows are dense and green. A patch covers one of her eyes; the other is a vivid, bright green and half shut. Her tanned, sun-warmed skin shades gradually from tone to tone. She wears a broad, reckless, self-satisfied smirk and an extremely smug look, and she glances toward her left. Her dark navy coat has a fur collar and a golden shoulder guard with a wood-grain texture, worn over a black uniform with brown leather straps around her arms. On one hand she wears a massive silver armored glove sparking with blue electricity, and she thrusts that fist toward the viewer. The backdrop is plain, empty and white. The light is warm, with deep amber shadows and crisp blue highlights running along the electrified glove.",Real Value,euler_ancestral,simple,9,1.0,1.0,1024,1280
38,perturbation,blk09_neg_d0.350,9,0.350,neg,,S1_W4_synonyms,3141592,"{""9"": -0.35}","0.000,0.000,0.000,0.000,0.000,0.000,0.000,0.000,0.000,-0.350,0.000,0.000,0.000,0.000,0.000,0.000,0.000,0.000,0.000,0.000,0.000,0.000,0.000,0.000,0.000,0.000,0.000,0.000,0.000,0.000,0.000,0.000,0.000,0.000",S1_W4_synonyms_blk09_neg_d0.350_krea2_seed3141592,S1_W4_synonyms_blk09_neg_d0.350_krea2_seed3141592_00001_.png,"An illustration in a realistic Western comic-book manner, drawn with heavy inked contours and cross-hatched shading. We look down on her from high above, in an energetic half-length portrait framed tightly around her armored fist, with a bold pose, a striking camera angle and pronounced foreshortening. She is a young adult elven pugilist with a modest pair of pale antlers and pointed ears. Her messy green hair turns teal toward the ends, and her brows are dense and green. A patch covers one of her eyes; the other is a vivid, bright green and half shut. Her tanned, sun-warmed skin shades gradually from tone to tone. She wears a broad, reckless, self-satisfied smirk and an extremely smug look, and she glances toward her left. Her dark navy coat has a fur collar and a golden shoulder guard with a wood-grain texture, worn over a black uniform with brown leather straps around her arms. On one hand she wears a massive silver armored glove sparking with blue electricity, and she thrusts that fist toward the viewer. The backdrop is plain, empty and white. The light is warm, with deep amber shadows and crisp blue highlights running along the electrified glove.",Real Value,euler_ancestral,simple,9,1.0,1.0,1024,1280
39,perturbation,blk12_pos_d0.350,12,0.350,pos,,S1_W4_synonyms,3141592,"{""12"": 0.35}","0.000,0.000,0.000,0.000,0.000,0.000,0.000,0.000,0.000,0.000,0.000,0.000,0.350,0.000,0.000,0.000,0.000,0.000,0.000,0.000,0.000,0.000,0.000,0.000,0.000,0.000,0.000,0.000,0.000,0.000,0.000,0.000,0.000,0.000",S1_W4_synonyms_blk12_pos_d0.350_krea2_seed3141592,S1_W4_synonyms_blk12_pos_d0.350_krea2_seed3141592_00001_.png,"An illustration in a realistic Western comic-book manner, drawn with heavy inked contours and cross-hatched shading. We look down on her from high above, in an energetic half-length portrait framed tightly around her armored fist, with a bold pose, a striking camera angle and pronounced foreshortening. She is a young adult elven pugilist with a modest pair of pale antlers and pointed ears. Her messy green hair turns teal toward the ends, and her brows are dense and green. A patch covers one of her eyes; the other is a vivid, bright green and half shut. Her tanned, sun-warmed skin shades gradually from tone to tone. She wears a broad, reckless, self-satisfied smirk and an extremely smug look, and she glances toward her left. Her dark navy coat has a fur collar and a golden shoulder guard with a wood-grain texture, worn over a black uniform with brown leather straps around her arms. On one hand she wears a massive silver armored glove sparking with blue electricity, and she thrusts that fist toward the viewer. The backdrop is plain, empty and white. The light is warm, with deep amber shadows and crisp blue highlights running along the electrified glove.",Real Value,euler_ancestral,simple,9,1.0,1.0,1024,1280
40,perturbation,blk12_neg_d0.350,12,0.350,neg,,S1_W4_synonyms,3141592,"{""12"": -0.35}","0.000,0.000,0.000,0.000,0.000,0.000,0.000,0.000,0.000,0.000,0.000,0.000,-0.350,0.000,0.000,0.000,0.000,0.000,0.000,0.000,0.000,0.000,0.000,0.000,0.000,0.000,0.000,0.000,0.000,0.000,0.000,0.000,0.000,0.000",S1_W4_synonyms_blk12_neg_d0.350_krea2_seed3141592,S1_W4_synonyms_blk12_neg_d0.350_krea2_seed3141592_00001_.png,"An illustration in a realistic Western comic-book manner, drawn with heavy inked contours and cross-hatched shading. We look down on her from high above, in an energetic half-length portrait framed tightly around her armored fist, with a bold pose, a striking camera angle and pronounced foreshortening. She is a young adult elven pugilist with a modest pair of pale antlers and pointed ears. Her messy green hair turns teal toward the ends, and her brows are dense and green. A patch covers one of her eyes; the other is a vivid, bright green and half shut. Her tanned, sun-warmed skin shades gradually from tone to tone. She wears a broad, reckless, self-satisfied smirk and an extremely smug look, and she glances toward her left. Her dark navy coat has a fur collar and a golden shoulder guard with a wood-grain texture, worn over a black uniform with brown leather straps around her arms. On one hand she wears a massive silver armored glove sparking with blue electricity, and she thrusts that fist toward the viewer. The backdrop is plain, empty and white. The light is warm, with deep amber shadows and crisp blue highlights running along the electrified glove.",Real Value,euler_ancestral,simple,9,1.0,1.0,1024,1280
41,perturbation,blk13_pos_d0.350,13,0.350,pos,,S1_W4_synonyms,3141592,"{""13"": 0.35}","0.000,0.000,0.000,0.000,0.000,0.000,0.000,0.000,0.000,0.000,0.000,0.000,0.000,0.350,0.000,0.000,0.000,0.000,0.000,0.000,0.000,0.000,0.000,0.000,0.000,0.000,0.000,0.000,0.000,0.000,0.000,0.000,0.000,0.000",S1_W4_synonyms_blk13_pos_d0.350_krea2_seed3141592,S1_W4_synonyms_blk13_pos_d0.350_krea2_seed3141592_00001_.png,"An illustration in a realistic Western comic-book manner, drawn with heavy inked contours and cross-hatched shading. We look down on her from high above, in an energetic half-length portrait framed tightly around her armored fist, with a bold pose, a striking camera angle and pronounced foreshortening. She is a young adult elven pugilist with a modest pair of pale antlers and pointed ears. Her messy green hair turns teal toward the ends, and her brows are dense and green. A patch covers one of her eyes; the other is a vivid, bright green and half shut. Her tanned, sun-warmed skin shades gradually from tone to tone. She wears a broad, reckless, self-satisfied smirk and an extremely smug look, and she glances toward her left. Her dark navy coat has a fur collar and a golden shoulder guard with a wood-grain texture, worn over a black uniform with brown leather straps around her arms. On one hand she wears a massive silver armored glove sparking with blue electricity, and she thrusts that fist toward the viewer. The backdrop is plain, empty and white. The light is warm, with deep amber shadows and crisp blue highlights running along the electrified glove.",Real Value,euler_ancestral,simple,9,1.0,1.0,1024,1280
42,perturbation,blk13_neg_d0.350,13,0.350,neg,,S1_W4_synonyms,3141592,"{""13"": -0.35}","0.000,0.000,0.000,0.000,0.000,0.000,0.000,0.000,0.000,0.000,0.000,0.000,0.000,-0.350,0.000,0.000,0.000,0.000,0.000,0.000,0.000,0.000,0.000,0.000,0.000,0.000,0.000,0.000,0.000,0.000,0.000,0.000,0.000,0.000",S1_W4_synonyms_blk13_neg_d0.350_krea2_seed3141592,S1_W4_synonyms_blk13_neg_d0.350_krea2_seed3141592_00001_.png,"An illustration in a realistic Western comic-book manner, drawn with heavy inked contours and cross-hatched shading. We look down on her from high above, in an energetic half-length portrait framed tightly around her armored fist, with a bold pose, a striking camera angle and pronounced foreshortening. She is a young adult elven pugilist with a modest pair of pale antlers and pointed ears. Her messy green hair turns teal toward the ends, and her brows are dense and green. A patch covers one of her eyes; the other is a vivid, bright green and half shut. Her tanned, sun-warmed skin shades gradually from tone to tone. She wears a broad, reckless, self-satisfied smirk and an extremely smug look, and she glances toward her left. Her dark navy coat has a fur collar and a golden shoulder guard with a wood-grain texture, worn over a black uniform with brown leather straps around her arms. On one hand she wears a massive silver armored glove sparking with blue electricity, and she thrusts that fist toward the viewer. The backdrop is plain, empty and white. The light is warm, with deep amber shadows and crisp blue highlights running along the electrified glove.",Real Value,euler_ancestral,simple,9,1.0,1.0,1024,1280
43,perturbation,blk15_pos_d0.350,15,0.350,pos,,S1_W4_synonyms,3141592,"{""15"": 0.35}","0.000,0.000,0.000,0.000,0.000,0.000,0.000,0.000,0.000,0.000,0.000,0.000,0.000,0.000,0.000,0.350,0.000,0.000,0.000,0.000,0.000,0.000,0.000,0.000,0.000,0.000,0.000,0.000,0.000,0.000,0.000,0.000,0.000,0.000",S1_W4_synonyms_blk15_pos_d0.350_krea2_seed3141592,S1_W4_synonyms_blk15_pos_d0.350_krea2_seed3141592_00001_.png,"An illustration in a realistic Western comic-book manner, drawn with heavy inked contours and cross-hatched shading. We look down on her from high above, in an energetic half-length portrait framed tightly around her armored fist, with a bold pose, a striking camera angle and pronounced foreshortening. She is a young adult elven pugilist with a modest pair of pale antlers and pointed ears. Her messy green hair turns teal toward the ends, and her brows are dense and green. A patch covers one of her eyes; the other is a vivid, bright green and half shut. Her tanned, sun-warmed skin shades gradually from tone to tone. She wears a broad, reckless, self-satisfied smirk and an extremely smug look, and she glances toward her left. Her dark navy coat has a fur collar and a golden shoulder guard with a wood-grain texture, worn over a black uniform with brown leather straps around her arms. On one hand she wears a massive silver armored glove sparking with blue electricity, and she thrusts that fist toward the viewer. The backdrop is plain, empty and white. The light is warm, with deep amber shadows and crisp blue highlights running along the electrified glove.",Real Value,euler_ancestral,simple,9,1.0,1.0,1024,1280
44,perturbation,blk15_neg_d0.350,15,0.350,neg,,S1_W4_synonyms,3141592,"{""15"": -0.35}","0.000,0.000,0.000,0.000,0.000,0.000,0.000,0.000,0.000,0.000,0.000,0.000,0.000,0.000,0.000,-0.350,0.000,0.000,0.000,0.000,0.000,0.000,0.000,0.000,0.000,0.000,0.000,0.000,0.000,0.000,0.000,0.000,0.000,0.000",S1_W4_synonyms_blk15_neg_d0.350_krea2_seed3141592,S1_W4_synonyms_blk15_neg_d0.350_krea2_seed3141592_00001_.png,"An illustration in a realistic Western comic-book manner, drawn with heavy inked contours and cross-hatched shading. We look down on her from high above, in an energetic half-length portrait framed tightly around her armored fist, with a bold pose, a striking camera angle and pronounced foreshortening. She is a young adult elven pugilist with a modest pair of pale antlers and pointed ears. Her messy green hair turns teal toward the ends, and her brows are dense and green. A patch covers one of her eyes; the other is a vivid, bright green and half shut. Her tanned, sun-warmed skin shades gradually from tone to tone. She wears a broad, reckless, self-satisfied smirk and an extremely smug look, and she glances toward her left. Her dark navy coat has a fur collar and a golden shoulder guard with a wood-grain texture, worn over a black uniform with brown leather straps around her arms. On one hand she wears a massive silver armored glove sparking with blue electricity, and she thrusts that fist toward the viewer. The backdrop is plain, empty and white. The light is warm, with deep amber shadows and crisp blue highlights running along the electrified glove.",Real Value,euler_ancestral,simple,9,1.0,1.0,1024,1280
45,perturbation,blk17_pos_d0.350,17,0.350,pos,,S1_W4_synonyms,3141592,"{""17"": 0.35}","0.000,0.000,0.000,0.000,0.000,0.000,0.000,0.000,0.000,0.000,0.000,0.000,0.000,0.000,0.000,0.000,0.000,0.350,0.000,0.000,0.000,0.000,0.000,0.000,0.000,0.000,0.000,0.000,0.000,0.000,0.000,0.000,0.000,0.000",S1_W4_synonyms_blk17_pos_d0.350_krea2_seed3141592,S1_W4_synonyms_blk17_pos_d0.350_krea2_seed3141592_00001_.png,"An illustration in a realistic Western comic-book manner, drawn with heavy inked contours and cross-hatched shading. We look down on her from high above, in an energetic half-length portrait framed tightly around her armored fist, with a bold pose, a striking camera angle and pronounced foreshortening. She is a young adult elven pugilist with a modest pair of pale antlers and pointed ears. Her messy green hair turns teal toward the ends, and her brows are dense and green. A patch covers one of her eyes; the other is a vivid, bright green and half shut. Her tanned, sun-warmed skin shades gradually from tone to tone. She wears a broad, reckless, self-satisfied smirk and an extremely smug look, and she glances toward her left. Her dark navy coat has a fur collar and a golden shoulder guard with a wood-grain texture, worn over a black uniform with brown leather straps around her arms. On one hand she wears a massive silver armored glove sparking with blue electricity, and she thrusts that fist toward the viewer. The backdrop is plain, empty and white. The light is warm, with deep amber shadows and crisp blue highlights running along the electrified glove.",Real Value,euler_ancestral,simple,9,1.0,1.0,1024,1280
46,perturbation,blk17_neg_d0.350,17,0.350,neg,,S1_W4_synonyms,3141592,"{""17"": -0.35}","0.000,0.000,0.000,0.000,0.000,0.000,0.000,0.000,0.000,0.000,0.000,0.000,0.000,0.000,0.000,0.000,0.000,-0.350,0.000,0.000,0.000,0.000,0.000,0.000,0.000,0.000,0.000,0.000,0.000,0.000,0.000,0.000,0.000,0.000",S1_W4_synonyms_blk17_neg_d0.350_krea2_seed3141592,S1_W4_synonyms_blk17_neg_d0.350_krea2_seed3141592_00001_.png,"An illustration in a realistic Western comic-book manner, drawn with heavy inked contours and cross-hatched shading. We look down on her from high above, in an energetic half-length portrait framed tightly around her armored fist, with a bold pose, a striking camera angle and pronounced foreshortening. She is a young adult elven pugilist with a modest pair of pale antlers and pointed ears. Her messy green hair turns teal toward the ends, and her brows are dense and green. A patch covers one of her eyes; the other is a vivid, bright green and half shut. Her tanned, sun-warmed skin shades gradually from tone to tone. She wears a broad, reckless, self-satisfied smirk and an extremely smug look, and she glances toward her left. Her dark navy coat has a fur collar and a golden shoulder guard with a wood-grain texture, worn over a black uniform with brown leather straps around her arms. On one hand she wears a massive silver armored glove sparking with blue electricity, and she thrusts that fist toward the viewer. The backdrop is plain, empty and white. The light is warm, with deep amber shadows and crisp blue highlights running along the electrified glove.",Real Value,euler_ancestral,simple,9,1.0,1.0,1024,1280
47,perturbation,blk19_pos_d0.350,19,0.350,pos,,S1_W4_synonyms,3141592,"{""19"": 0.35}","0.000,0.000,0.000,0.000,0.000,0.000,0.000,0.000,0.000,0.000,0.000,0.000,0.000,0.000,0.000,0.000,0.000,0.000,0.000,0.350,0.000,0.000,0.000,0.000,0.000,0.000,0.000,0.000,0.000,0.000,0.000,0.000,0.000,0.000",S1_W4_synonyms_blk19_pos_d0.350_krea2_seed3141592,S1_W4_synonyms_blk19_pos_d0.350_krea2_seed3141592_00001_.png,"An illustration in a realistic Western comic-book manner, drawn with heavy inked contours and cross-hatched shading. We look down on her from high above, in an energetic half-length portrait framed tightly around her armored fist, with a bold pose, a striking camera angle and pronounced foreshortening. She is a young adult elven pugilist with a modest pair of pale antlers and pointed ears. Her messy green hair turns teal toward the ends, and her brows are dense and green. A patch covers one of her eyes; the other is a vivid, bright green and half shut. Her tanned, sun-warmed skin shades gradually from tone to tone. She wears a broad, reckless, self-satisfied smirk and an extremely smug look, and she glances toward her left. Her dark navy coat has a fur collar and a golden shoulder guard with a wood-grain texture, worn over a black uniform with brown leather straps around her arms. On one hand she wears a massive silver armored glove sparking with blue electricity, and she thrusts that fist toward the viewer. The backdrop is plain, empty and white. The light is warm, with deep amber shadows and crisp blue highlights running along the electrified glove.",Real Value,euler_ancestral,simple,9,1.0,1.0,1024,1280
48,perturbation,blk19_neg_d0.350,19,0.350,neg,,S1_W4_synonyms,3141592,"{""19"": -0.35}","0.000,0.000,0.000,0.000,0.000,0.000,0.000,0.000,0.000,0.000,0.000,0.000,0.000,0.000,0.000,0.000,0.000,0.000,0.000,-0.350,0.000,0.000,0.000,0.000,0.000,0.000,0.000,0.000,0.000,0.000,0.000,0.000,0.000,0.000",S1_W4_synonyms_blk19_neg_d0.350_krea2_seed3141592,S1_W4_synonyms_blk19_neg_d0.350_krea2_seed3141592_00001_.png,"An illustration in a realistic Western comic-book manner, drawn with heavy inked contours and cross-hatched shading. We look down on her from high above, in an energetic half-length portrait framed tightly around her armored fist, with a bold pose, a striking camera angle and pronounced foreshortening. She is a young adult elven pugilist with a modest pair of pale antlers and pointed ears. Her messy green hair turns teal toward the ends, and her brows are dense and green. A patch covers one of her eyes; the other is a vivid, bright green and half shut. Her tanned, sun-warmed skin shades gradually from tone to tone. She wears a broad, reckless, self-satisfied smirk and an extremely smug look, and she glances toward her left. Her dark navy coat has a fur collar and a golden shoulder guard with a wood-grain texture, worn over a black uniform with brown leather straps around her arms. On one hand she wears a massive silver armored glove sparking with blue electricity, and she thrusts that fist toward the viewer. The backdrop is plain, empty and white. The light is warm, with deep amber shadows and crisp blue highlights running along the electrified glove.",Real Value,euler_ancestral,simple,9,1.0,1.0,1024,1280
49,perturbation,blk23_pos_d0.350,23,0.350,pos,,S1_W4_synonyms,3141592,"{""23"": 0.35}","0.000,0.000,0.000,0.000,0.000,0.000,0.000,0.000,0.000,0.000,0.000,0.000,0.000,0.000,0.000,0.000,0.000,0.000,0.000,0.000,0.000,0.000,0.000,0.350,0.000,0.000,0.000,0.000,0.000,0.000,0.000,0.000,0.000,0.000",S1_W4_synonyms_blk23_pos_d0.350_krea2_seed3141592,S1_W4_synonyms_blk23_pos_d0.350_krea2_seed3141592_00001_.png,"An illustration in a realistic Western comic-book manner, drawn with heavy inked contours and cross-hatched shading. We look down on her from high above, in an energetic half-length portrait framed tightly around her armored fist, with a bold pose, a striking camera angle and pronounced foreshortening. She is a young adult elven pugilist with a modest pair of pale antlers and pointed ears. Her messy green hair turns teal toward the ends, and her brows are dense and green. A patch covers one of her eyes; the other is a vivid, bright green and half shut. Her tanned, sun-warmed skin shades gradually from tone to tone. She wears a broad, reckless, self-satisfied smirk and an extremely smug look, and she glances toward her left. Her dark navy coat has a fur collar and a golden shoulder guard with a wood-grain texture, worn over a black uniform with brown leather straps around her arms. On one hand she wears a massive silver armored glove sparking with blue electricity, and she thrusts that fist toward the viewer. The backdrop is plain, empty and white. The light is warm, with deep amber shadows and crisp blue highlights running along the electrified glove.",Real Value,euler_ancestral,simple,9,1.0,1.0,1024,1280
50,perturbation,blk23_neg_d0.350,23,0.350,neg,,S1_W4_synonyms,3141592,"{""23"": -0.35}","0.000,0.000,0.000,0.000,0.000,0.000,0.000,0.000,0.000,0.000,0.000,0.000,0.000,0.000,0.000,0.000,0.000,0.000,0.000,0.000,0.000,0.000,0.000,-0.350,0.000,0.000,0.000,0.000,0.000,0.000,0.000,0.000,0.000,0.000",S1_W4_synonyms_blk23_neg_d0.350_krea2_seed3141592,S1_W4_synonyms_blk23_neg_d0.350_krea2_seed3141592_00001_.png,"An illustration in a realistic Western comic-book manner, drawn with heavy inked contours and cross-hatched shading. We look down on her from high above, in an energetic half-length portrait framed tightly around her armored fist, with a bold pose, a striking camera angle and pronounced foreshortening. She is a young adult elven pugilist with a modest pair of pale antlers and pointed ears. Her messy green hair turns teal toward the ends, and her brows are dense and green. A patch covers one of her eyes; the other is a vivid, bright green and half shut. Her tanned, sun-warmed skin shades gradually from tone to tone. She wears a broad, reckless, self-satisfied smirk and an extremely smug look, and she glances toward her left. Her dark navy coat has a fur collar and a golden shoulder guard with a wood-grain texture, worn over a black uniform with brown leather straps around her arms. On one hand she wears a massive silver armored glove sparking with blue electricity, and she thrusts that fist toward the viewer. The backdrop is plain, empty and white. The light is warm, with deep amber shadows and crisp blue highlights running along the electrified glove.",Real Value,euler_ancestral,simple,9,1.0,1.0,1024,1280
51,baseline,baseline,baseline,0.000,none,,S1_C1_flamegauntlet,3141592,{},"0.000,0.000,0.000,0.000,0.000,0.000,0.000,0.000,0.000,0.000,0.000,0.000,0.000,0.000,0.000,0.000,0.000,0.000,0.000,0.000,0.000,0.000,0.000,0.000,0.000,0.000,0.000,0.000,0.000,0.000,0.000,0.000,0.000,0.000",S1_C1_flamegauntlet_baseline_krea2_seed3141592,S1_C1_flamegauntlet_baseline_krea2_seed3141592_00001_.png,"realistic western comics style, bold ink outlines, hatched shadows, smug grin with half-closed eye, seen from a high angle, from above, top view, dynamic, upper body portrait, close-up on gauntlet, dynamic pose, dramatic angle, strong perspective. female antlered elf brawler, tousled green hair fading to teal at the tips, thick green eyebrows, an eyepatch over one eye, pointed ears, tan sun-kissed skin gradient, small pair of pale antlers, young adult, a sharp bright green visible eye, wide reckless grin. fur-collared dark navy jacket with a gold wood-textured pauldron, black uniform, brown leather arm straps. looking to her left, wearing a heavy bronze gauntlet wreathed in orange flames, showing fist to viewer, wildly smug expression. Background: white empty background, flat background. Lighting: warm light, deep amber shadows and sharp orange highlights along her flaming gauntlet.",Real Value,euler_ancestral,simple,9,1.0,1.0,1024,1280
52,perturbation,blk00_pos_d0.300,0,0.300,pos,,S1_C1_flamegauntlet,3141592,"{""0"": 0.3}","0.300,0.000,0.000,0.000,0.000,0.000,0.000,0.000,0.000,0.000,0.000,0.000,0.000,0.000,0.000,0.000,0.000,0.000,0.000,0.000,0.000,0.000,0.000,0.000,0.000,0.000,0.000,0.000,0.000,0.000,0.000,0.000,0.000,0.000",S1_C1_flamegauntlet_blk00_pos_d0.300_krea2_seed3141592,S1_C1_flamegauntlet_blk00_pos_d0.300_krea2_seed3141592_00001_.png,"realistic western comics style, bold ink outlines, hatched shadows, smug grin with half-closed eye, seen from a high angle, from above, top view, dynamic, upper body portrait, close-up on gauntlet, dynamic pose, dramatic angle, strong perspective. female antlered elf brawler, tousled green hair fading to teal at the tips, thick green eyebrows, an eyepatch over one eye, pointed ears, tan sun-kissed skin gradient, small pair of pale antlers, young adult, a sharp bright green visible eye, wide reckless grin. fur-collared dark navy jacket with a gold wood-textured pauldron, black uniform, brown leather arm straps. looking to her left, wearing a heavy bronze gauntlet wreathed in orange flames, showing fist to viewer, wildly smug expression. Background: white empty background, flat background. Lighting: warm light, deep amber shadows and sharp orange highlights along her flaming gauntlet.",Real Value,euler_ancestral,simple,9,1.0,1.0,1024,1280
53,perturbation,blk00_neg_d0.250,0,0.250,neg,,S1_C1_flamegauntlet,3141592,"{""0"": -0.25}","-0.250,0.000,0.000,0.000,0.000,0.000,0.000,0.000,0.000,0.000,0.000,0.000,0.000,0.000,0.000,0.000,0.000,0.000,0.000,0.000,0.000,0.000,0.000,0.000,0.000,0.000,0.000,0.000,0.000,0.000,0.000,0.000,0.000,0.000",S1_C1_flamegauntlet_blk00_neg_d0.250_krea2_seed3141592,S1_C1_flamegauntlet_blk00_neg_d0.250_krea2_seed3141592_00001_.png,"realistic western comics style, bold ink outlines, hatched shadows, smug grin with half-closed eye, seen from a high angle, from above, top view, dynamic, upper body portrait, close-up on gauntlet, dynamic pose, dramatic angle, strong perspective. female antlered elf brawler, tousled green hair fading to teal at the tips, thick green eyebrows, an eyepatch over one eye, pointed ears, tan sun-kissed skin gradient, small pair of pale antlers, young adult, a sharp bright green visible eye, wide reckless grin. fur-collared dark navy jacket with a gold wood-textured pauldron, black uniform, brown leather arm straps. looking to her left, wearing a heavy bronze gauntlet wreathed in orange flames, showing fist to viewer, wildly smug expression. Background: white empty background, flat background. Lighting: warm light, deep amber shadows and sharp orange highlights along her flaming gauntlet.",Real Value,euler_ancestral,simple,9,1.0,1.0,1024,1280
54,perturbation,blk27_pos_d0.100,27,0.100,pos,,S1_C1_flamegauntlet,3141592,"{""27"": 0.1}","0.000,0.000,0.000,0.000,0.000,0.000,0.000,0.000,0.000,0.000,0.000,0.000,0.000,0.000,0.000,0.000,0.000,0.000,0.000,0.000,0.000,0.000,0.000,0.000,0.000,0.000,0.000,0.100,0.000,0.000,0.000,0.000,0.000,0.000",S1_C1_flamegauntlet_blk27_pos_d0.100_krea2_seed3141592,S1_C1_flamegauntlet_blk27_pos_d0.100_krea2_seed3141592_00001_.png,"realistic western comics style, bold ink outlines, hatched shadows, smug grin with half-closed eye, seen from a high angle, from above, top view, dynamic, upper body portrait, close-up on gauntlet, dynamic pose, dramatic angle, strong perspective. female antlered elf brawler, tousled green hair fading to teal at the tips, thick green eyebrows, an eyepatch over one eye, pointed ears, tan sun-kissed skin gradient, small pair of pale antlers, young adult, a sharp bright green visible eye, wide reckless grin. fur-collared dark navy jacket with a gold wood-textured pauldron, black uniform, brown leather arm straps. looking to her left, wearing a heavy bronze gauntlet wreathed in orange flames, showing fist to viewer, wildly smug expression. Background: white empty background, flat background. Lighting: warm light, deep amber shadows and sharp orange highlights along her flaming gauntlet.",Real Value,euler_ancestral,simple,9,1.0,1.0,1024,1280
55,perturbation,blk27_neg_d0.075,27,0.075,neg,,S1_C1_flamegauntlet,3141592,"{""27"": -0.075}","0.000,0.000,0.000,0.000,0.000,0.000,0.000,0.000,0.000,0.000,0.000,0.000,0.000,0.000,0.000,0.000,0.000,0.000,0.000,0.000,0.000,0.000,0.000,0.000,0.000,0.000,0.000,-0.075,0.000,0.000,0.000,0.000,0.000,0.000",S1_C1_flamegauntlet_blk27_neg_d0.075_krea2_seed3141592,S1_C1_flamegauntlet_blk27_neg_d0.075_krea2_seed3141592_00001_.png,"realistic western comics style, bold ink outlines, hatched shadows, smug grin with half-closed eye, seen from a high angle, from above, top view, dynamic, upper body portrait, close-up on gauntlet, dynamic pose, dramatic angle, strong perspective. female antlered elf brawler, tousled green hair fading to teal at the tips, thick green eyebrows, an eyepatch over one eye, pointed ears, tan sun-kissed skin gradient, small pair of pale antlers, young adult, a sharp bright green visible eye, wide reckless grin. fur-collared dark navy jacket with a gold wood-textured pauldron, black uniform, brown leather arm straps. looking to her left, wearing a heavy bronze gauntlet wreathed in orange flames, showing fist to viewer, wildly smug expression. Background: white empty background, flat background. Lighting: warm light, deep amber shadows and sharp orange highlights along her flaming gauntlet.",Real Value,euler_ancestral,simple,9,1.0,1.0,1024,1280
56,perturbation,blk02_pos_d0.350,2,0.350,pos,,S1_C1_flamegauntlet,3141592,"{""2"": 0.35}","0.000,0.000,0.350,0.000,0.000,0.000,0.000,0.000,0.000,0.000,0.000,0.000,0.000,0.000,0.000,0.000,0.000,0.000,0.000,0.000,0.000,0.000,0.000,0.000,0.000,0.000,0.000,0.000,0.000,0.000,0.000,0.000,0.000,0.000",S1_C1_flamegauntlet_blk02_pos_d0.350_krea2_seed3141592,S1_C1_flamegauntlet_blk02_pos_d0.350_krea2_seed3141592_00001_.png,"realistic western comics style, bold ink outlines, hatched shadows, smug grin with half-closed eye, seen from a high angle, from above, top view, dynamic, upper body portrait, close-up on gauntlet, dynamic pose, dramatic angle, strong perspective. female antlered elf brawler, tousled green hair fading to teal at the tips, thick green eyebrows, an eyepatch over one eye, pointed ears, tan sun-kissed skin gradient, small pair of pale antlers, young adult, a sharp bright green visible eye, wide reckless grin. fur-collared dark navy jacket with a gold wood-textured pauldron, black uniform, brown leather arm straps. looking to her left, wearing a heavy bronze gauntlet wreathed in orange flames, showing fist to viewer, wildly smug expression. Background: white empty background, flat background. Lighting: warm light, deep amber shadows and sharp orange highlights along her flaming gauntlet.",Real Value,euler_ancestral,simple,9,1.0,1.0,1024,1280
57,perturbation,blk02_neg_d0.350,2,0.350,neg,,S1_C1_flamegauntlet,3141592,"{""2"": -0.35}","0.000,0.000,-0.350,0.000,0.000,0.000,0.000,0.000,0.000,0.000,0.000,0.000,0.000,0.000,0.000,0.000,0.000,0.000,0.000,0.000,0.000,0.000,0.000,0.000,0.000,0.000,0.000,0.000,0.000,0.000,0.000,0.000,0.000,0.000",S1_C1_flamegauntlet_blk02_neg_d0.350_krea2_seed3141592,S1_C1_flamegauntlet_blk02_neg_d0.350_krea2_seed3141592_00001_.png,"realistic western comics style, bold ink outlines, hatched shadows, smug grin with half-closed eye, seen from a high angle, from above, top view, dynamic, upper body portrait, close-up on gauntlet, dynamic pose, dramatic angle, strong perspective. female antlered elf brawler, tousled green hair fading to teal at the tips, thick green eyebrows, an eyepatch over one eye, pointed ears, tan sun-kissed skin gradient, small pair of pale antlers, young adult, a sharp bright green visible eye, wide reckless grin. fur-collared dark navy jacket with a gold wood-textured pauldron, black uniform, brown leather arm straps. looking to her left, wearing a heavy bronze gauntlet wreathed in orange flames, showing fist to viewer, wildly smug expression. Background: white empty background, flat background. Lighting: warm light, deep amber shadows and sharp orange highlights along her flaming gauntlet.",Real Value,euler_ancestral,simple,9,1.0,1.0,1024,1280
58,perturbation,blk05_pos_d0.350,5,0.350,pos,,S1_C1_flamegauntlet,3141592,"{""5"": 0.35}","0.000,0.000,0.000,0.000,0.000,0.350,0.000,0.000,0.000,0.000,0.000,0.000,0.000,0.000,0.000,0.000,0.000,0.000,0.000,0.000,0.000,0.000,0.000,0.000,0.000,0.000,0.000,0.000,0.000,0.000,0.000,0.000,0.000,0.000",S1_C1_flamegauntlet_blk05_pos_d0.350_krea2_seed3141592,S1_C1_flamegauntlet_blk05_pos_d0.350_krea2_seed3141592_00001_.png,"realistic western comics style, bold ink outlines, hatched shadows, smug grin with half-closed eye, seen from a high angle, from above, top view, dynamic, upper body portrait, close-up on gauntlet, dynamic pose, dramatic angle, strong perspective. female antlered elf brawler, tousled green hair fading to teal at the tips, thick green eyebrows, an eyepatch over one eye, pointed ears, tan sun-kissed skin gradient, small pair of pale antlers, young adult, a sharp bright green visible eye, wide reckless grin. fur-collared dark navy jacket with a gold wood-textured pauldron, black uniform, brown leather arm straps. looking to her left, wearing a heavy bronze gauntlet wreathed in orange flames, showing fist to viewer, wildly smug expression. Background: white empty background, flat background. Lighting: warm light, deep amber shadows and sharp orange highlights along her flaming gauntlet.",Real Value,euler_ancestral,simple,9,1.0,1.0,1024,1280
59,perturbation,blk05_neg_d0.350,5,0.350,neg,,S1_C1_flamegauntlet,3141592,"{""5"": -0.35}","0.000,0.000,0.000,0.000,0.000,-0.350,0.000,0.000,0.000,0.000,0.000,0.000,0.000,0.000,0.000,0.000,0.000,0.000,0.000,0.000,0.000,0.000,0.000,0.000,0.000,0.000,0.000,0.000,0.000,0.000,0.000,0.000,0.000,0.000",S1_C1_flamegauntlet_blk05_neg_d0.350_krea2_seed3141592,S1_C1_flamegauntlet_blk05_neg_d0.350_krea2_seed3141592_00001_.png,"realistic western comics style, bold ink outlines, hatched shadows, smug grin with half-closed eye, seen from a high angle, from above, top view, dynamic, upper body portrait, close-up on gauntlet, dynamic pose, dramatic angle, strong perspective. female antlered elf brawler, tousled green hair fading to teal at the tips, thick green eyebrows, an eyepatch over one eye, pointed ears, tan sun-kissed skin gradient, small pair of pale antlers, young adult, a sharp bright green visible eye, wide reckless grin. fur-collared dark navy jacket with a gold wood-textured pauldron, black uniform, brown leather arm straps. looking to her left, wearing a heavy bronze gauntlet wreathed in orange flames, showing fist to viewer, wildly smug expression. Background: white empty background, flat background. Lighting: warm light, deep amber shadows and sharp orange highlights along her flaming gauntlet.",Real Value,euler_ancestral,simple,9,1.0,1.0,1024,1280
60,perturbation,blk08_pos_d0.350,8,0.350,pos,,S1_C1_flamegauntlet,3141592,"{""8"": 0.35}","0.000,0.000,0.000,0.000,0.000,0.000,0.000,0.000,0.350,0.000,0.000,0.000,0.000,0.000,0.000,0.000,0.000,0.000,0.000,0.000,0.000,0.000,0.000,0.000,0.000,0.000,0.000,0.000,0.000,0.000,0.000,0.000,0.000,0.000",S1_C1_flamegauntlet_blk08_pos_d0.350_krea2_seed3141592,S1_C1_flamegauntlet_blk08_pos_d0.350_krea2_seed3141592_00001_.png,"realistic western comics style, bold ink outlines, hatched shadows, smug grin with half-closed eye, seen from a high angle, from above, top view, dynamic, upper body portrait, close-up on gauntlet, dynamic pose, dramatic angle, strong perspective. female antlered elf brawler, tousled green hair fading to teal at the tips, thick green eyebrows, an eyepatch over one eye, pointed ears, tan sun-kissed skin gradient, small pair of pale antlers, young adult, a sharp bright green visible eye, wide reckless grin. fur-collared dark navy jacket with a gold wood-textured pauldron, black uniform, brown leather arm straps. looking to her left, wearing a heavy bronze gauntlet wreathed in orange flames, showing fist to viewer, wildly smug expression. Background: white empty background, flat background. Lighting: warm light, deep amber shadows and sharp orange highlights along her flaming gauntlet.",Real Value,euler_ancestral,simple,9,1.0,1.0,1024,1280
61,perturbation,blk08_neg_d0.350,8,0.350,neg,,S1_C1_flamegauntlet,3141592,"{""8"": -0.35}","0.000,0.000,0.000,0.000,0.000,0.000,0.000,0.000,-0.350,0.000,0.000,0.000,0.000,0.000,0.000,0.000,0.000,0.000,0.000,0.000,0.000,0.000,0.000,0.000,0.000,0.000,0.000,0.000,0.000,0.000,0.000,0.000,0.000,0.000",S1_C1_flamegauntlet_blk08_neg_d0.350_krea2_seed3141592,S1_C1_flamegauntlet_blk08_neg_d0.350_krea2_seed3141592_00001_.png,"realistic western comics style, bold ink outlines, hatched shadows, smug grin with half-closed eye, seen from a high angle, from above, top view, dynamic, upper body portrait, close-up on gauntlet, dynamic pose, dramatic angle, strong perspective. female antlered elf brawler, tousled green hair fading to teal at the tips, thick green eyebrows, an eyepatch over one eye, pointed ears, tan sun-kissed skin gradient, small pair of pale antlers, young adult, a sharp bright green visible eye, wide reckless grin. fur-collared dark navy jacket with a gold wood-textured pauldron, black uniform, brown leather arm straps. looking to her left, wearing a heavy bronze gauntlet wreathed in orange flames, showing fist to viewer, wildly smug expression. Background: white empty background, flat background. Lighting: warm light, deep amber shadows and sharp orange highlights along her flaming gauntlet.",Real Value,euler_ancestral,simple,9,1.0,1.0,1024,1280
62,perturbation,blk09_pos_d0.350,9,0.350,pos,,S1_C1_flamegauntlet,3141592,"{""9"": 0.35}","0.000,0.000,0.000,0.000,0.000,0.000,0.000,0.000,0.000,0.350,0.000,0.000,0.000,0.000,0.000,0.000,0.000,0.000,0.000,0.000,0.000,0.000,0.000,0.000,0.000,0.000,0.000,0.000,0.000,0.000,0.000,0.000,0.000,0.000",S1_C1_flamegauntlet_blk09_pos_d0.350_krea2_seed3141592,S1_C1_flamegauntlet_blk09_pos_d0.350_krea2_seed3141592_00001_.png,"realistic western comics style, bold ink outlines, hatched shadows, smug grin with half-closed eye, seen from a high angle, from above, top view, dynamic, upper body portrait, close-up on gauntlet, dynamic pose, dramatic angle, strong perspective. female antlered elf brawler, tousled green hair fading to teal at the tips, thick green eyebrows, an eyepatch over one eye, pointed ears, tan sun-kissed skin gradient, small pair of pale antlers, young adult, a sharp bright green visible eye, wide reckless grin. fur-collared dark navy jacket with a gold wood-textured pauldron, black uniform, brown leather arm straps. looking to her left, wearing a heavy bronze gauntlet wreathed in orange flames, showing fist to viewer, wildly smug expression. Background: white empty background, flat background. Lighting: warm light, deep amber shadows and sharp orange highlights along her flaming gauntlet.",Real Value,euler_ancestral,simple,9,1.0,1.0,1024,1280
63,perturbation,blk09_neg_d0.350,9,0.350,neg,,S1_C1_flamegauntlet,3141592,"{""9"": -0.35}","0.000,0.000,0.000,0.000,0.000,0.000,0.000,0.000,0.000,-0.350,0.000,0.000,0.000,0.000,0.000,0.000,0.000,0.000,0.000,0.000,0.000,0.000,0.000,0.000,0.000,0.000,0.000,0.000,0.000,0.000,0.000,0.000,0.000,0.000",S1_C1_flamegauntlet_blk09_neg_d0.350_krea2_seed3141592,S1_C1_flamegauntlet_blk09_neg_d0.350_krea2_seed3141592_00001_.png,"realistic western comics style, bold ink outlines, hatched shadows, smug grin with half-closed eye, seen from a high angle, from above, top view, dynamic, upper body portrait, close-up on gauntlet, dynamic pose, dramatic angle, strong perspective. female antlered elf brawler, tousled green hair fading to teal at the tips, thick green eyebrows, an eyepatch over one eye, pointed ears, tan sun-kissed skin gradient, small pair of pale antlers, young adult, a sharp bright green visible eye, wide reckless grin. fur-collared dark navy jacket with a gold wood-textured pauldron, black uniform, brown leather arm straps. looking to her left, wearing a heavy bronze gauntlet wreathed in orange flames, showing fist to viewer, wildly smug expression. Background: white empty background, flat background. Lighting: warm light, deep amber shadows and sharp orange highlights along her flaming gauntlet.",Real Value,euler_ancestral,simple,9,1.0,1.0,1024,1280
64,perturbation,blk12_pos_d0.350,12,0.350,pos,,S1_C1_flamegauntlet,3141592,"{""12"": 0.35}","0.000,0.000,0.000,0.000,0.000,0.000,0.000,0.000,0.000,0.000,0.000,0.000,0.350,0.000,0.000,0.000,0.000,0.000,0.000,0.000,0.000,0.000,0.000,0.000,0.000,0.000,0.000,0.000,0.000,0.000,0.000,0.000,0.000,0.000",S1_C1_flamegauntlet_blk12_pos_d0.350_krea2_seed3141592,S1_C1_flamegauntlet_blk12_pos_d0.350_krea2_seed3141592_00001_.png,"realistic western comics style, bold ink outlines, hatched shadows, smug grin with half-closed eye, seen from a high angle, from above, top view, dynamic, upper body portrait, close-up on gauntlet, dynamic pose, dramatic angle, strong perspective. female antlered elf brawler, tousled green hair fading to teal at the tips, thick green eyebrows, an eyepatch over one eye, pointed ears, tan sun-kissed skin gradient, small pair of pale antlers, young adult, a sharp bright green visible eye, wide reckless grin. fur-collared dark navy jacket with a gold wood-textured pauldron, black uniform, brown leather arm straps. looking to her left, wearing a heavy bronze gauntlet wreathed in orange flames, showing fist to viewer, wildly smug expression. Background: white empty background, flat background. Lighting: warm light, deep amber shadows and sharp orange highlights along her flaming gauntlet.",Real Value,euler_ancestral,simple,9,1.0,1.0,1024,1280
65,perturbation,blk12_neg_d0.350,12,0.350,neg,,S1_C1_flamegauntlet,3141592,"{""12"": -0.35}","0.000,0.000,0.000,0.000,0.000,0.000,0.000,0.000,0.000,0.000,0.000,0.000,-0.350,0.000,0.000,0.000,0.000,0.000,0.000,0.000,0.000,0.000,0.000,0.000,0.000,0.000,0.000,0.000,0.000,0.000,0.000,0.000,0.000,0.000",S1_C1_flamegauntlet_blk12_neg_d0.350_krea2_seed3141592,S1_C1_flamegauntlet_blk12_neg_d0.350_krea2_seed3141592_00001_.png,"realistic western comics style, bold ink outlines, hatched shadows, smug grin with half-closed eye, seen from a high angle, from above, top view, dynamic, upper body portrait, close-up on gauntlet, dynamic pose, dramatic angle, strong perspective. female antlered elf brawler, tousled green hair fading to teal at the tips, thick green eyebrows, an eyepatch over one eye, pointed ears, tan sun-kissed skin gradient, small pair of pale antlers, young adult, a sharp bright green visible eye, wide reckless grin. fur-collared dark navy jacket with a gold wood-textured pauldron, black uniform, brown leather arm straps. looking to her left, wearing a heavy bronze gauntlet wreathed in orange flames, showing fist to viewer, wildly smug expression. Background: white empty background, flat background. Lighting: warm light, deep amber shadows and sharp orange highlights along her flaming gauntlet.",Real Value,euler_ancestral,simple,9,1.0,1.0,1024,1280
66,perturbation,blk13_pos_d0.350,13,0.350,pos,,S1_C1_flamegauntlet,3141592,"{""13"": 0.35}","0.000,0.000,0.000,0.000,0.000,0.000,0.000,0.000,0.000,0.000,0.000,0.000,0.000,0.350,0.000,0.000,0.000,0.000,0.000,0.000,0.000,0.000,0.000,0.000,0.000,0.000,0.000,0.000,0.000,0.000,0.000,0.000,0.000,0.000",S1_C1_flamegauntlet_blk13_pos_d0.350_krea2_seed3141592,S1_C1_flamegauntlet_blk13_pos_d0.350_krea2_seed3141592_00001_.png,"realistic western comics style, bold ink outlines, hatched shadows, smug grin with half-closed eye, seen from a high angle, from above, top view, dynamic, upper body portrait, close-up on gauntlet, dynamic pose, dramatic angle, strong perspective. female antlered elf brawler, tousled green hair fading to teal at the tips, thick green eyebrows, an eyepatch over one eye, pointed ears, tan sun-kissed skin gradient, small pair of pale antlers, young adult, a sharp bright green visible eye, wide reckless grin. fur-collared dark navy jacket with a gold wood-textured pauldron, black uniform, brown leather arm straps. looking to her left, wearing a heavy bronze gauntlet wreathed in orange flames, showing fist to viewer, wildly smug expression. Background: white empty background, flat background. Lighting: warm light, deep amber shadows and sharp orange highlights along her flaming gauntlet.",Real Value,euler_ancestral,simple,9,1.0,1.0,1024,1280
67,perturbation,blk13_neg_d0.350,13,0.350,neg,,S1_C1_flamegauntlet,3141592,"{""13"": -0.35}","0.000,0.000,0.000,0.000,0.000,0.000,0.000,0.000,0.000,0.000,0.000,0.000,0.000,-0.350,0.000,0.000,0.000,0.000,0.000,0.000,0.000,0.000,0.000,0.000,0.000,0.000,0.000,0.000,0.000,0.000,0.000,0.000,0.000,0.000",S1_C1_flamegauntlet_blk13_neg_d0.350_krea2_seed3141592,S1_C1_flamegauntlet_blk13_neg_d0.350_krea2_seed3141592_00001_.png,"realistic western comics style, bold ink outlines, hatched shadows, smug grin with half-closed eye, seen from a high angle, from above, top view, dynamic, upper body portrait, close-up on gauntlet, dynamic pose, dramatic angle, strong perspective. female antlered elf brawler, tousled green hair fading to teal at the tips, thick green eyebrows, an eyepatch over one eye, pointed ears, tan sun-kissed skin gradient, small pair of pale antlers, young adult, a sharp bright green visible eye, wide reckless grin. fur-collared dark navy jacket with a gold wood-textured pauldron, black uniform, brown leather arm straps. looking to her left, wearing a heavy bronze gauntlet wreathed in orange flames, showing fist to viewer, wildly smug expression. Background: white empty background, flat background. Lighting: warm light, deep amber shadows and sharp orange highlights along her flaming gauntlet.",Real Value,euler_ancestral,simple,9,1.0,1.0,1024,1280
68,perturbation,blk15_pos_d0.350,15,0.350,pos,,S1_C1_flamegauntlet,3141592,"{""15"": 0.35}","0.000,0.000,0.000,0.000,0.000,0.000,0.000,0.000,0.000,0.000,0.000,0.000,0.000,0.000,0.000,0.350,0.000,0.000,0.000,0.000,0.000,0.000,0.000,0.000,0.000,0.000,0.000,0.000,0.000,0.000,0.000,0.000,0.000,0.000",S1_C1_flamegauntlet_blk15_pos_d0.350_krea2_seed3141592,S1_C1_flamegauntlet_blk15_pos_d0.350_krea2_seed3141592_00001_.png,"realistic western comics style, bold ink outlines, hatched shadows, smug grin with half-closed eye, seen from a high angle, from above, top view, dynamic, upper body portrait, close-up on gauntlet, dynamic pose, dramatic angle, strong perspective. female antlered elf brawler, tousled green hair fading to teal at the tips, thick green eyebrows, an eyepatch over one eye, pointed ears, tan sun-kissed skin gradient, small pair of pale antlers, young adult, a sharp bright green visible eye, wide reckless grin. fur-collared dark navy jacket with a gold wood-textured pauldron, black uniform, brown leather arm straps. looking to her left, wearing a heavy bronze gauntlet wreathed in orange flames, showing fist to viewer, wildly smug expression. Background: white empty background, flat background. Lighting: warm light, deep amber shadows and sharp orange highlights along her flaming gauntlet.",Real Value,euler_ancestral,simple,9,1.0,1.0,1024,1280
69,perturbation,blk15_neg_d0.350,15,0.350,neg,,S1_C1_flamegauntlet,3141592,"{""15"": -0.35}","0.000,0.000,0.000,0.000,0.000,0.000,0.000,0.000,0.000,0.000,0.000,0.000,0.000,0.000,0.000,-0.350,0.000,0.000,0.000,0.000,0.000,0.000,0.000,0.000,0.000,0.000,0.000,0.000,0.000,0.000,0.000,0.000,0.000,0.000",S1_C1_flamegauntlet_blk15_neg_d0.350_krea2_seed3141592,S1_C1_flamegauntlet_blk15_neg_d0.350_krea2_seed3141592_00001_.png,"realistic western comics style, bold ink outlines, hatched shadows, smug grin with half-closed eye, seen from a high angle, from above, top view, dynamic, upper body portrait, close-up on gauntlet, dynamic pose, dramatic angle, strong perspective. female antlered elf brawler, tousled green hair fading to teal at the tips, thick green eyebrows, an eyepatch over one eye, pointed ears, tan sun-kissed skin gradient, small pair of pale antlers, young adult, a sharp bright green visible eye, wide reckless grin. fur-collared dark navy jacket with a gold wood-textured pauldron, black uniform, brown leather arm straps. looking to her left, wearing a heavy bronze gauntlet wreathed in orange flames, showing fist to viewer, wildly smug expression. Background: white empty background, flat background. Lighting: warm light, deep amber shadows and sharp orange highlights along her flaming gauntlet.",Real Value,euler_ancestral,simple,9,1.0,1.0,1024,1280
70,perturbation,blk17_pos_d0.350,17,0.350,pos,,S1_C1_flamegauntlet,3141592,"{""17"": 0.35}","0.000,0.000,0.000,0.000,0.000,0.000,0.000,0.000,0.000,0.000,0.000,0.000,0.000,0.000,0.000,0.000,0.000,0.350,0.000,0.000,0.000,0.000,0.000,0.000,0.000,0.000,0.000,0.000,0.000,0.000,0.000,0.000,0.000,0.000",S1_C1_flamegauntlet_blk17_pos_d0.350_krea2_seed3141592,S1_C1_flamegauntlet_blk17_pos_d0.350_krea2_seed3141592_00001_.png,"realistic western comics style, bold ink outlines, hatched shadows, smug grin with half-closed eye, seen from a high angle, from above, top view, dynamic, upper body portrait, close-up on gauntlet, dynamic pose, dramatic angle, strong perspective. female antlered elf brawler, tousled green hair fading to teal at the tips, thick green eyebrows, an eyepatch over one eye, pointed ears, tan sun-kissed skin gradient, small pair of pale antlers, young adult, a sharp bright green visible eye, wide reckless grin. fur-collared dark navy jacket with a gold wood-textured pauldron, black uniform, brown leather arm straps. looking to her left, wearing a heavy bronze gauntlet wreathed in orange flames, showing fist to viewer, wildly smug expression. Background: white empty background, flat background. Lighting: warm light, deep amber shadows and sharp orange highlights along her flaming gauntlet.",Real Value,euler_ancestral,simple,9,1.0,1.0,1024,1280
71,perturbation,blk17_neg_d0.350,17,0.350,neg,,S1_C1_flamegauntlet,3141592,"{""17"": -0.35}","0.000,0.000,0.000,0.000,0.000,0.000,0.000,0.000,0.000,0.000,0.000,0.000,0.000,0.000,0.000,0.000,0.000,-0.350,0.000,0.000,0.000,0.000,0.000,0.000,0.000,0.000,0.000,0.000,0.000,0.000,0.000,0.000,0.000,0.000",S1_C1_flamegauntlet_blk17_neg_d0.350_krea2_seed3141592,S1_C1_flamegauntlet_blk17_neg_d0.350_krea2_seed3141592_00001_.png,"realistic western comics style, bold ink outlines, hatched shadows, smug grin with half-closed eye, seen from a high angle, from above, top view, dynamic, upper body portrait, close-up on gauntlet, dynamic pose, dramatic angle, strong perspective. female antlered elf brawler, tousled green hair fading to teal at the tips, thick green eyebrows, an eyepatch over one eye, pointed ears, tan sun-kissed skin gradient, small pair of pale antlers, young adult, a sharp bright green visible eye, wide reckless grin. fur-collared dark navy jacket with a gold wood-textured pauldron, black uniform, brown leather arm straps. looking to her left, wearing a heavy bronze gauntlet wreathed in orange flames, showing fist to viewer, wildly smug expression. Background: white empty background, flat background. Lighting: warm light, deep amber shadows and sharp orange highlights along her flaming gauntlet.",Real Value,euler_ancestral,simple,9,1.0,1.0,1024,1280
72,perturbation,blk19_pos_d0.350,19,0.350,pos,,S1_C1_flamegauntlet,3141592,"{""19"": 0.35}","0.000,0.000,0.000,0.000,0.000,0.000,0.000,0.000,0.000,0.000,0.000,0.000,0.000,0.000,0.000,0.000,0.000,0.000,0.000,0.350,0.000,0.000,0.000,0.000,0.000,0.000,0.000,0.000,0.000,0.000,0.000,0.000,0.000,0.000",S1_C1_flamegauntlet_blk19_pos_d0.350_krea2_seed3141592,S1_C1_flamegauntlet_blk19_pos_d0.350_krea2_seed3141592_00001_.png,"realistic western comics style, bold ink outlines, hatched shadows, smug grin with half-closed eye, seen from a high angle, from above, top view, dynamic, upper body portrait, close-up on gauntlet, dynamic pose, dramatic angle, strong perspective. female antlered elf brawler, tousled green hair fading to teal at the tips, thick green eyebrows, an eyepatch over one eye, pointed ears, tan sun-kissed skin gradient, small pair of pale antlers, young adult, a sharp bright green visible eye, wide reckless grin. fur-collared dark navy jacket with a gold wood-textured pauldron, black uniform, brown leather arm straps. looking to her left, wearing a heavy bronze gauntlet wreathed in orange flames, showing fist to viewer, wildly smug expression. Background: white empty background, flat background. Lighting: warm light, deep amber shadows and sharp orange highlights along her flaming gauntlet.",Real Value,euler_ancestral,simple,9,1.0,1.0,1024,1280
73,perturbation,blk19_neg_d0.350,19,0.350,neg,,S1_C1_flamegauntlet,3141592,"{""19"": -0.35}","0.000,0.000,0.000,0.000,0.000,0.000,0.000,0.000,0.000,0.000,0.000,0.000,0.000,0.000,0.000,0.000,0.000,0.000,0.000,-0.350,0.000,0.000,0.000,0.000,0.000,0.000,0.000,0.000,0.000,0.000,0.000,0.000,0.000,0.000",S1_C1_flamegauntlet_blk19_neg_d0.350_krea2_seed3141592,S1_C1_flamegauntlet_blk19_neg_d0.350_krea2_seed3141592_00001_.png,"realistic western comics style, bold ink outlines, hatched shadows, smug grin with half-closed eye, seen from a high angle, from above, top view, dynamic, upper body portrait, close-up on gauntlet, dynamic pose, dramatic angle, strong perspective. female antlered elf brawler, tousled green hair fading to teal at the tips, thick green eyebrows, an eyepatch over one eye, pointed ears, tan sun-kissed skin gradient, small pair of pale antlers, young adult, a sharp bright green visible eye, wide reckless grin. fur-collared dark navy jacket with a gold wood-textured pauldron, black uniform, brown leather arm straps. looking to her left, wearing a heavy bronze gauntlet wreathed in orange flames, showing fist to viewer, wildly smug expression. Background: white empty background, flat background. Lighting: warm light, deep amber shadows and sharp orange highlights along her flaming gauntlet.",Real Value,euler_ancestral,simple,9,1.0,1.0,1024,1280
74,perturbation,blk23_pos_d0.350,23,0.350,pos,,S1_C1_flamegauntlet,3141592,"{""23"": 0.35}","0.000,0.000,0.000,0.000,0.000,0.000,0.000,0.000,0.000,0.000,0.000,0.000,0.000,0.000,0.000,0.000,0.000,0.000,0.000,0.000,0.000,0.000,0.000,0.350,0.000,0.000,0.000,0.000,0.000,0.000,0.000,0.000,0.000,0.000",S1_C1_flamegauntlet_blk23_pos_d0.350_krea2_seed3141592,S1_C1_flamegauntlet_blk23_pos_d0.350_krea2_seed3141592_00001_.png,"realistic western comics style, bold ink outlines, hatched shadows, smug grin with half-closed eye, seen from a high angle, from above, top view, dynamic, upper body portrait, close-up on gauntlet, dynamic pose, dramatic angle, strong perspective. female antlered elf brawler, tousled green hair fading to teal at the tips, thick green eyebrows, an eyepatch over one eye, pointed ears, tan sun-kissed skin gradient, small pair of pale antlers, young adult, a sharp bright green visible eye, wide reckless grin. fur-collared dark navy jacket with a gold wood-textured pauldron, black uniform, brown leather arm straps. looking to her left, wearing a heavy bronze gauntlet wreathed in orange flames, showing fist to viewer, wildly smug expression. Background: white empty background, flat background. Lighting: warm light, deep amber shadows and sharp orange highlights along her flaming gauntlet.",Real Value,euler_ancestral,simple,9,1.0,1.0,1024,1280
75,perturbation,blk23_neg_d0.350,23,0.350,neg,,S1_C1_flamegauntlet,3141592,"{""23"": -0.35}","0.000,0.000,0.000,0.000,0.000,0.000,0.000,0.000,0.000,0.000,0.000,0.000,0.000,0.000,0.000,0.000,0.000,0.000,0.000,0.000,0.000,0.000,0.000,-0.350,0.000,0.000,0.000,0.000,0.000,0.000,0.000,0.000,0.000,0.000",S1_C1_flamegauntlet_blk23_neg_d0.350_krea2_seed3141592,S1_C1_flamegauntlet_blk23_neg_d0.350_krea2_seed3141592_00001_.png,"realistic western comics style, bold ink outlines, hatched shadows, smug grin with half-closed eye, seen from a high angle, from above, top view, dynamic, upper body portrait, close-up on gauntlet, dynamic pose, dramatic angle, strong perspective. female antlered elf brawler, tousled green hair fading to teal at the tips, thick green eyebrows, an eyepatch over one eye, pointed ears, tan sun-kissed skin gradient, small pair of pale antlers, young adult, a sharp bright green visible eye, wide reckless grin. fur-collared dark navy jacket with a gold wood-textured pauldron, black uniform, brown leather arm straps. looking to her left, wearing a heavy bronze gauntlet wreathed in orange flames, showing fist to viewer, wildly smug expression. Background: white empty background, flat background. Lighting: warm light, deep amber shadows and sharp orange highlights along her flaming gauntlet.",Real Value,euler_ancestral,simple,9,1.0,1.0,1024,1280
76,baseline,baseline,baseline,0.000,none,,S2_W1_original,3141592,{},"0.000,0.000,0.000,0.000,0.000,0.000,0.000,0.000,0.000,0.000,0.000,0.000,0.000,0.000,0.000,0.000,0.000,0.000,0.000,0.000,0.000,0.000,0.000,0.000,0.000,0.000,0.000,0.000,0.000,0.000,0.000,0.000,0.000,0.000",S2_W1_original_baseline_krea2_seed3141592,S2_W1_original_baseline_krea2_seed3141592_00001_.png,"Dreamlike top down fantasy scene viewed from a perfectly vertical overhead camera, looking straight down onto a narrow weathered wooden canoe drifting through a vast deep lotus pond. The entire canoe is visible and positioned near the center, surrounded by immense round lotus leaves in many sizes. Inside, a young woman sleeps peacefully on her back along the length of the boat. Her head is turned gently to one side, long dark wavy hair spread across the wooden boards. One arm bends above her head while the other rests across her torso holding a small closed book. She wears a flowing ivory dress with soft layered fabric cascading around her legs, her bare feet visible near the stern. Pale pink lotus blossoms and buds emerge between dense emerald leaves. A luminous turquoise opening in the vegetation surrounds the canoe, revealing clear water, submerged rocks and delicate caustic light patterns below. The pond becomes progressively darker toward the edges, shifting into deep teal, petrol and midnight blue. Refined fantasy illustration, smooth painterly digital brushwork, rich botanical detail, softly modeled forms, subtle luminous highlights, atmospheric depth, elegant color transitions, tranquil magical light, serene and mysterious, award winning, a breathtaking masterpiece",Real Value,euler_ancestral,simple,9,1.0,1.0,1024,1280
77,perturbation,blk00_pos_d0.300,0,0.300,pos,,S2_W1_original,3141592,"{""0"": 0.3}","0.300,0.000,0.000,0.000,0.000,0.000,0.000,0.000,0.000,0.000,0.000,0.000,0.000,0.000,0.000,0.000,0.000,0.000,0.000,0.000,0.000,0.000,0.000,0.000,0.000,0.000,0.000,0.000,0.000,0.000,0.000,0.000,0.000,0.000",S2_W1_original_blk00_pos_d0.300_krea2_seed3141592,S2_W1_original_blk00_pos_d0.300_krea2_seed3141592_00001_.png,"Dreamlike top down fantasy scene viewed from a perfectly vertical overhead camera, looking straight down onto a narrow weathered wooden canoe drifting through a vast deep lotus pond. The entire canoe is visible and positioned near the center, surrounded by immense round lotus leaves in many sizes. Inside, a young woman sleeps peacefully on her back along the length of the boat. Her head is turned gently to one side, long dark wavy hair spread across the wooden boards. One arm bends above her head while the other rests across her torso holding a small closed book. She wears a flowing ivory dress with soft layered fabric cascading around her legs, her bare feet visible near the stern. Pale pink lotus blossoms and buds emerge between dense emerald leaves. A luminous turquoise opening in the vegetation surrounds the canoe, revealing clear water, submerged rocks and delicate caustic light patterns below. The pond becomes progressively darker toward the edges, shifting into deep teal, petrol and midnight blue. Refined fantasy illustration, smooth painterly digital brushwork, rich botanical detail, softly modeled forms, subtle luminous highlights, atmospheric depth, elegant color transitions, tranquil magical light, serene and mysterious, award winning, a breathtaking masterpiece",Real Value,euler_ancestral,simple,9,1.0,1.0,1024,1280
78,perturbation,blk00_neg_d0.250,0,0.250,neg,,S2_W1_original,3141592,"{""0"": -0.25}","-0.250,0.000,0.000,0.000,0.000,0.000,0.000,0.000,0.000,0.000,0.000,0.000,0.000,0.000,0.000,0.000,0.000,0.000,0.000,0.000,0.000,0.000,0.000,0.000,0.000,0.000,0.000,0.000,0.000,0.000,0.000,0.000,0.000,0.000",S2_W1_original_blk00_neg_d0.250_krea2_seed3141592,S2_W1_original_blk00_neg_d0.250_krea2_seed3141592_00001_.png,"Dreamlike top down fantasy scene viewed from a perfectly vertical overhead camera, looking straight down onto a narrow weathered wooden canoe drifting through a vast deep lotus pond. The entire canoe is visible and positioned near the center, surrounded by immense round lotus leaves in many sizes. Inside, a young woman sleeps peacefully on her back along the length of the boat. Her head is turned gently to one side, long dark wavy hair spread across the wooden boards. One arm bends above her head while the other rests across her torso holding a small closed book. She wears a flowing ivory dress with soft layered fabric cascading around her legs, her bare feet visible near the stern. Pale pink lotus blossoms and buds emerge between dense emerald leaves. A luminous turquoise opening in the vegetation surrounds the canoe, revealing clear water, submerged rocks and delicate caustic light patterns below. The pond becomes progressively darker toward the edges, shifting into deep teal, petrol and midnight blue. Refined fantasy illustration, smooth painterly digital brushwork, rich botanical detail, softly modeled forms, subtle luminous highlights, atmospheric depth, elegant color transitions, tranquil magical light, serene and mysterious, award winning, a breathtaking masterpiece",Real Value,euler_ancestral,simple,9,1.0,1.0,1024,1280
79,perturbation,blk27_pos_d0.100,27,0.100,pos,,S2_W1_original,3141592,"{""27"": 0.1}","0.000,0.000,0.000,0.000,0.000,0.000,0.000,0.000,0.000,0.000,0.000,0.000,0.000,0.000,0.000,0.000,0.000,0.000,0.000,0.000,0.000,0.000,0.000,0.000,0.000,0.000,0.000,0.100,0.000,0.000,0.000,0.000,0.000,0.000",S2_W1_original_blk27_pos_d0.100_krea2_seed3141592,S2_W1_original_blk27_pos_d0.100_krea2_seed3141592_00001_.png,"Dreamlike top down fantasy scene viewed from a perfectly vertical overhead camera, looking straight down onto a narrow weathered wooden canoe drifting through a vast deep lotus pond. The entire canoe is visible and positioned near the center, surrounded by immense round lotus leaves in many sizes. Inside, a young woman sleeps peacefully on her back along the length of the boat. Her head is turned gently to one side, long dark wavy hair spread across the wooden boards. One arm bends above her head while the other rests across her torso holding a small closed book. She wears a flowing ivory dress with soft layered fabric cascading around her legs, her bare feet visible near the stern. Pale pink lotus blossoms and buds emerge between dense emerald leaves. A luminous turquoise opening in the vegetation surrounds the canoe, revealing clear water, submerged rocks and delicate caustic light patterns below. The pond becomes progressively darker toward the edges, shifting into deep teal, petrol and midnight blue. Refined fantasy illustration, smooth painterly digital brushwork, rich botanical detail, softly modeled forms, subtle luminous highlights, atmospheric depth, elegant color transitions, tranquil magical light, serene and mysterious, award winning, a breathtaking masterpiece",Real Value,euler_ancestral,simple,9,1.0,1.0,1024,1280
80,perturbation,blk27_neg_d0.075,27,0.075,neg,,S2_W1_original,3141592,"{""27"": -0.075}","0.000,0.000,0.000,0.000,0.000,0.000,0.000,0.000,0.000,0.000,0.000,0.000,0.000,0.000,0.000,0.000,0.000,0.000,0.000,0.000,0.000,0.000,0.000,0.000,0.000,0.000,0.000,-0.075,0.000,0.000,0.000,0.000,0.000,0.000",S2_W1_original_blk27_neg_d0.075_krea2_seed3141592,S2_W1_original_blk27_neg_d0.075_krea2_seed3141592_00001_.png,"Dreamlike top down fantasy scene viewed from a perfectly vertical overhead camera, looking straight down onto a narrow weathered wooden canoe drifting through a vast deep lotus pond. The entire canoe is visible and positioned near the center, surrounded by immense round lotus leaves in many sizes. Inside, a young woman sleeps peacefully on her back along the length of the boat. Her head is turned gently to one side, long dark wavy hair spread across the wooden boards. One arm bends above her head while the other rests across her torso holding a small closed book. She wears a flowing ivory dress with soft layered fabric cascading around her legs, her bare feet visible near the stern. Pale pink lotus blossoms and buds emerge between dense emerald leaves. A luminous turquoise opening in the vegetation surrounds the canoe, revealing clear water, submerged rocks and delicate caustic light patterns below. The pond becomes progressively darker toward the edges, shifting into deep teal, petrol and midnight blue. Refined fantasy illustration, smooth painterly digital brushwork, rich botanical detail, softly modeled forms, subtle luminous highlights, atmospheric depth, elegant color transitions, tranquil magical light, serene and mysterious, award winning, a breathtaking masterpiece",Real Value,euler_ancestral,simple,9,1.0,1.0,1024,1280
81,perturbation,blk02_pos_d0.350,2,0.350,pos,,S2_W1_original,3141592,"{""2"": 0.35}","0.000,0.000,0.350,0.000,0.000,0.000,0.000,0.000,0.000,0.000,0.000,0.000,0.000,0.000,0.000,0.000,0.000,0.000,0.000,0.000,0.000,0.000,0.000,0.000,0.000,0.000,0.000,0.000,0.000,0.000,0.000,0.000,0.000,0.000",S2_W1_original_blk02_pos_d0.350_krea2_seed3141592,S2_W1_original_blk02_pos_d0.350_krea2_seed3141592_00001_.png,"Dreamlike top down fantasy scene viewed from a perfectly vertical overhead camera, looking straight down onto a narrow weathered wooden canoe drifting through a vast deep lotus pond. The entire canoe is visible and positioned near the center, surrounded by immense round lotus leaves in many sizes. Inside, a young woman sleeps peacefully on her back along the length of the boat. Her head is turned gently to one side, long dark wavy hair spread across the wooden boards. One arm bends above her head while the other rests across her torso holding a small closed book. She wears a flowing ivory dress with soft layered fabric cascading around her legs, her bare feet visible near the stern. Pale pink lotus blossoms and buds emerge between dense emerald leaves. A luminous turquoise opening in the vegetation surrounds the canoe, revealing clear water, submerged rocks and delicate caustic light patterns below. The pond becomes progressively darker toward the edges, shifting into deep teal, petrol and midnight blue. Refined fantasy illustration, smooth painterly digital brushwork, rich botanical detail, softly modeled forms, subtle luminous highlights, atmospheric depth, elegant color transitions, tranquil magical light, serene and mysterious, award winning, a breathtaking masterpiece",Real Value,euler_ancestral,simple,9,1.0,1.0,1024,1280
82,perturbation,blk02_neg_d0.350,2,0.350,neg,,S2_W1_original,3141592,"{""2"": -0.35}","0.000,0.000,-0.350,0.000,0.000,0.000,0.000,0.000,0.000,0.000,0.000,0.000,0.000,0.000,0.000,0.000,0.000,0.000,0.000,0.000,0.000,0.000,0.000,0.000,0.000,0.000,0.000,0.000,0.000,0.000,0.000,0.000,0.000,0.000",S2_W1_original_blk02_neg_d0.350_krea2_seed3141592,S2_W1_original_blk02_neg_d0.350_krea2_seed3141592_00001_.png,"Dreamlike top down fantasy scene viewed from a perfectly vertical overhead camera, looking straight down onto a narrow weathered wooden canoe drifting through a vast deep lotus pond. The entire canoe is visible and positioned near the center, surrounded by immense round lotus leaves in many sizes. Inside, a young woman sleeps peacefully on her back along the length of the boat. Her head is turned gently to one side, long dark wavy hair spread across the wooden boards. One arm bends above her head while the other rests across her torso holding a small closed book. She wears a flowing ivory dress with soft layered fabric cascading around her legs, her bare feet visible near the stern. Pale pink lotus blossoms and buds emerge between dense emerald leaves. A luminous turquoise opening in the vegetation surrounds the canoe, revealing clear water, submerged rocks and delicate caustic light patterns below. The pond becomes progressively darker toward the edges, shifting into deep teal, petrol and midnight blue. Refined fantasy illustration, smooth painterly digital brushwork, rich botanical detail, softly modeled forms, subtle luminous highlights, atmospheric depth, elegant color transitions, tranquil magical light, serene and mysterious, award winning, a breathtaking masterpiece",Real Value,euler_ancestral,simple,9,1.0,1.0,1024,1280
83,perturbation,blk05_pos_d0.350,5,0.350,pos,,S2_W1_original,3141592,"{""5"": 0.35}","0.000,0.000,0.000,0.000,0.000,0.350,0.000,0.000,0.000,0.000,0.000,0.000,0.000,0.000,0.000,0.000,0.000,0.000,0.000,0.000,0.000,0.000,0.000,0.000,0.000,0.000,0.000,0.000,0.000,0.000,0.000,0.000,0.000,0.000",S2_W1_original_blk05_pos_d0.350_krea2_seed3141592,S2_W1_original_blk05_pos_d0.350_krea2_seed3141592_00001_.png,"Dreamlike top down fantasy scene viewed from a perfectly vertical overhead camera, looking straight down onto a narrow weathered wooden canoe drifting through a vast deep lotus pond. The entire canoe is visible and positioned near the center, surrounded by immense round lotus leaves in many sizes. Inside, a young woman sleeps peacefully on her back along the length of the boat. Her head is turned gently to one side, long dark wavy hair spread across the wooden boards. One arm bends above her head while the other rests across her torso holding a small closed book. She wears a flowing ivory dress with soft layered fabric cascading around her legs, her bare feet visible near the stern. Pale pink lotus blossoms and buds emerge between dense emerald leaves. A luminous turquoise opening in the vegetation surrounds the canoe, revealing clear water, submerged rocks and delicate caustic light patterns below. The pond becomes progressively darker toward the edges, shifting into deep teal, petrol and midnight blue. Refined fantasy illustration, smooth painterly digital brushwork, rich botanical detail, softly modeled forms, subtle luminous highlights, atmospheric depth, elegant color transitions, tranquil magical light, serene and mysterious, award winning, a breathtaking masterpiece",Real Value,euler_ancestral,simple,9,1.0,1.0,1024,1280
84,perturbation,blk05_neg_d0.350,5,0.350,neg,,S2_W1_original,3141592,"{""5"": -0.35}","0.000,0.000,0.000,0.000,0.000,-0.350,0.000,0.000,0.000,0.000,0.000,0.000,0.000,0.000,0.000,0.000,0.000,0.000,0.000,0.000,0.000,0.000,0.000,0.000,0.000,0.000,0.000,0.000,0.000,0.000,0.000,0.000,0.000,0.000",S2_W1_original_blk05_neg_d0.350_krea2_seed3141592,S2_W1_original_blk05_neg_d0.350_krea2_seed3141592_00001_.png,"Dreamlike top down fantasy scene viewed from a perfectly vertical overhead camera, looking straight down onto a narrow weathered wooden canoe drifting through a vast deep lotus pond. The entire canoe is visible and positioned near the center, surrounded by immense round lotus leaves in many sizes. Inside, a young woman sleeps peacefully on her back along the length of the boat. Her head is turned gently to one side, long dark wavy hair spread across the wooden boards. One arm bends above her head while the other rests across her torso holding a small closed book. She wears a flowing ivory dress with soft layered fabric cascading around her legs, her bare feet visible near the stern. Pale pink lotus blossoms and buds emerge between dense emerald leaves. A luminous turquoise opening in the vegetation surrounds the canoe, revealing clear water, submerged rocks and delicate caustic light patterns below. The pond becomes progressively darker toward the edges, shifting into deep teal, petrol and midnight blue. Refined fantasy illustration, smooth painterly digital brushwork, rich botanical detail, softly modeled forms, subtle luminous highlights, atmospheric depth, elegant color transitions, tranquil magical light, serene and mysterious, award winning, a breathtaking masterpiece",Real Value,euler_ancestral,simple,9,1.0,1.0,1024,1280
85,perturbation,blk08_pos_d0.350,8,0.350,pos,,S2_W1_original,3141592,"{""8"": 0.35}","0.000,0.000,0.000,0.000,0.000,0.000,0.000,0.000,0.350,0.000,0.000,0.000,0.000,0.000,0.000,0.000,0.000,0.000,0.000,0.000,0.000,0.000,0.000,0.000,0.000,0.000,0.000,0.000,0.000,0.000,0.000,0.000,0.000,0.000",S2_W1_original_blk08_pos_d0.350_krea2_seed3141592,S2_W1_original_blk08_pos_d0.350_krea2_seed3141592_00001_.png,"Dreamlike top down fantasy scene viewed from a perfectly vertical overhead camera, looking straight down onto a narrow weathered wooden canoe drifting through a vast deep lotus pond. The entire canoe is visible and positioned near the center, surrounded by immense round lotus leaves in many sizes. Inside, a young woman sleeps peacefully on her back along the length of the boat. Her head is turned gently to one side, long dark wavy hair spread across the wooden boards. One arm bends above her head while the other rests across her torso holding a small closed book. She wears a flowing ivory dress with soft layered fabric cascading around her legs, her bare feet visible near the stern. Pale pink lotus blossoms and buds emerge between dense emerald leaves. A luminous turquoise opening in the vegetation surrounds the canoe, revealing clear water, submerged rocks and delicate caustic light patterns below. The pond becomes progressively darker toward the edges, shifting into deep teal, petrol and midnight blue. Refined fantasy illustration, smooth painterly digital brushwork, rich botanical detail, softly modeled forms, subtle luminous highlights, atmospheric depth, elegant color transitions, tranquil magical light, serene and mysterious, award winning, a breathtaking masterpiece",Real Value,euler_ancestral,simple,9,1.0,1.0,1024,1280
86,perturbation,blk08_neg_d0.350,8,0.350,neg,,S2_W1_original,3141592,"{""8"": -0.35}","0.000,0.000,0.000,0.000,0.000,0.000,0.000,0.000,-0.350,0.000,0.000,0.000,0.000,0.000,0.000,0.000,0.000,0.000,0.000,0.000,0.000,0.000,0.000,0.000,0.000,0.000,0.000,0.000,0.000,0.000,0.000,0.000,0.000,0.000",S2_W1_original_blk08_neg_d0.350_krea2_seed3141592,S2_W1_original_blk08_neg_d0.350_krea2_seed3141592_00001_.png,"Dreamlike top down fantasy scene viewed from a perfectly vertical overhead camera, looking straight down onto a narrow weathered wooden canoe drifting through a vast deep lotus pond. The entire canoe is visible and positioned near the center, surrounded by immense round lotus leaves in many sizes. Inside, a young woman sleeps peacefully on her back along the length of the boat. Her head is turned gently to one side, long dark wavy hair spread across the wooden boards. One arm bends above her head while the other rests across her torso holding a small closed book. She wears a flowing ivory dress with soft layered fabric cascading around her legs, her bare feet visible near the stern. Pale pink lotus blossoms and buds emerge between dense emerald leaves. A luminous turquoise opening in the vegetation surrounds the canoe, revealing clear water, submerged rocks and delicate caustic light patterns below. The pond becomes progressively darker toward the edges, shifting into deep teal, petrol and midnight blue. Refined fantasy illustration, smooth painterly digital brushwork, rich botanical detail, softly modeled forms, subtle luminous highlights, atmospheric depth, elegant color transitions, tranquil magical light, serene and mysterious, award winning, a breathtaking masterpiece",Real Value,euler_ancestral,simple,9,1.0,1.0,1024,1280
87,perturbation,blk09_pos_d0.350,9,0.350,pos,,S2_W1_original,3141592,"{""9"": 0.35}","0.000,0.000,0.000,0.000,0.000,0.000,0.000,0.000,0.000,0.350,0.000,0.000,0.000,0.000,0.000,0.000,0.000,0.000,0.000,0.000,0.000,0.000,0.000,0.000,0.000,0.000,0.000,0.000,0.000,0.000,0.000,0.000,0.000,0.000",S2_W1_original_blk09_pos_d0.350_krea2_seed3141592,S2_W1_original_blk09_pos_d0.350_krea2_seed3141592_00001_.png,"Dreamlike top down fantasy scene viewed from a perfectly vertical overhead camera, looking straight down onto a narrow weathered wooden canoe drifting through a vast deep lotus pond. The entire canoe is visible and positioned near the center, surrounded by immense round lotus leaves in many sizes. Inside, a young woman sleeps peacefully on her back along the length of the boat. Her head is turned gently to one side, long dark wavy hair spread across the wooden boards. One arm bends above her head while the other rests across her torso holding a small closed book. She wears a flowing ivory dress with soft layered fabric cascading around her legs, her bare feet visible near the stern. Pale pink lotus blossoms and buds emerge between dense emerald leaves. A luminous turquoise opening in the vegetation surrounds the canoe, revealing clear water, submerged rocks and delicate caustic light patterns below. The pond becomes progressively darker toward the edges, shifting into deep teal, petrol and midnight blue. Refined fantasy illustration, smooth painterly digital brushwork, rich botanical detail, softly modeled forms, subtle luminous highlights, atmospheric depth, elegant color transitions, tranquil magical light, serene and mysterious, award winning, a breathtaking masterpiece",Real Value,euler_ancestral,simple,9,1.0,1.0,1024,1280
88,perturbation,blk09_neg_d0.350,9,0.350,neg,,S2_W1_original,3141592,"{""9"": -0.35}","0.000,0.000,0.000,0.000,0.000,0.000,0.000,0.000,0.000,-0.350,0.000,0.000,0.000,0.000,0.000,0.000,0.000,0.000,0.000,0.000,0.000,0.000,0.000,0.000,0.000,0.000,0.000,0.000,0.000,0.000,0.000,0.000,0.000,0.000",S2_W1_original_blk09_neg_d0.350_krea2_seed3141592,S2_W1_original_blk09_neg_d0.350_krea2_seed3141592_00001_.png,"Dreamlike top down fantasy scene viewed from a perfectly vertical overhead camera, looking straight down onto a narrow weathered wooden canoe drifting through a vast deep lotus pond. The entire canoe is visible and positioned near the center, surrounded by immense round lotus leaves in many sizes. Inside, a young woman sleeps peacefully on her back along the length of the boat. Her head is turned gently to one side, long dark wavy hair spread across the wooden boards. One arm bends above her head while the other rests across her torso holding a small closed book. She wears a flowing ivory dress with soft layered fabric cascading around her legs, her bare feet visible near the stern. Pale pink lotus blossoms and buds emerge between dense emerald leaves. A luminous turquoise opening in the vegetation surrounds the canoe, revealing clear water, submerged rocks and delicate caustic light patterns below. The pond becomes progressively darker toward the edges, shifting into deep teal, petrol and midnight blue. Refined fantasy illustration, smooth painterly digital brushwork, rich botanical detail, softly modeled forms, subtle luminous highlights, atmospheric depth, elegant color transitions, tranquil magical light, serene and mysterious, award winning, a breathtaking masterpiece",Real Value,euler_ancestral,simple,9,1.0,1.0,1024,1280
89,perturbation,blk12_pos_d0.350,12,0.350,pos,,S2_W1_original,3141592,"{""12"": 0.35}","0.000,0.000,0.000,0.000,0.000,0.000,0.000,0.000,0.000,0.000,0.000,0.000,0.350,0.000,0.000,0.000,0.000,0.000,0.000,0.000,0.000,0.000,0.000,0.000,0.000,0.000,0.000,0.000,0.000,0.000,0.000,0.000,0.000,0.000",S2_W1_original_blk12_pos_d0.350_krea2_seed3141592,S2_W1_original_blk12_pos_d0.350_krea2_seed3141592_00001_.png,"Dreamlike top down fantasy scene viewed from a perfectly vertical overhead camera, looking straight down onto a narrow weathered wooden canoe drifting through a vast deep lotus pond. The entire canoe is visible and positioned near the center, surrounded by immense round lotus leaves in many sizes. Inside, a young woman sleeps peacefully on her back along the length of the boat. Her head is turned gently to one side, long dark wavy hair spread across the wooden boards. One arm bends above her head while the other rests across her torso holding a small closed book. She wears a flowing ivory dress with soft layered fabric cascading around her legs, her bare feet visible near the stern. Pale pink lotus blossoms and buds emerge between dense emerald leaves. A luminous turquoise opening in the vegetation surrounds the canoe, revealing clear water, submerged rocks and delicate caustic light patterns below. The pond becomes progressively darker toward the edges, shifting into deep teal, petrol and midnight blue. Refined fantasy illustration, smooth painterly digital brushwork, rich botanical detail, softly modeled forms, subtle luminous highlights, atmospheric depth, elegant color transitions, tranquil magical light, serene and mysterious, award winning, a breathtaking masterpiece",Real Value,euler_ancestral,simple,9,1.0,1.0,1024,1280
90,perturbation,blk12_neg_d0.350,12,0.350,neg,,S2_W1_original,3141592,"{""12"": -0.35}","0.000,0.000,0.000,0.000,0.000,0.000,0.000,0.000,0.000,0.000,0.000,0.000,-0.350,0.000,0.000,0.000,0.000,0.000,0.000,0.000,0.000,0.000,0.000,0.000,0.000,0.000,0.000,0.000,0.000,0.000,0.000,0.000,0.000,0.000",S2_W1_original_blk12_neg_d0.350_krea2_seed3141592,S2_W1_original_blk12_neg_d0.350_krea2_seed3141592_00001_.png,"Dreamlike top down fantasy scene viewed from a perfectly vertical overhead camera, looking straight down onto a narrow weathered wooden canoe drifting through a vast deep lotus pond. The entire canoe is visible and positioned near the center, surrounded by immense round lotus leaves in many sizes. Inside, a young woman sleeps peacefully on her back along the length of the boat. Her head is turned gently to one side, long dark wavy hair spread across the wooden boards. One arm bends above her head while the other rests across her torso holding a small closed book. She wears a flowing ivory dress with soft layered fabric cascading around her legs, her bare feet visible near the stern. Pale pink lotus blossoms and buds emerge between dense emerald leaves. A luminous turquoise opening in the vegetation surrounds the canoe, revealing clear water, submerged rocks and delicate caustic light patterns below. The pond becomes progressively darker toward the edges, shifting into deep teal, petrol and midnight blue. Refined fantasy illustration, smooth painterly digital brushwork, rich botanical detail, softly modeled forms, subtle luminous highlights, atmospheric depth, elegant color transitions, tranquil magical light, serene and mysterious, award winning, a breathtaking masterpiece",Real Value,euler_ancestral,simple,9,1.0,1.0,1024,1280
91,perturbation,blk13_pos_d0.350,13,0.350,pos,,S2_W1_original,3141592,"{""13"": 0.35}","0.000,0.000,0.000,0.000,0.000,0.000,0.000,0.000,0.000,0.000,0.000,0.000,0.000,0.350,0.000,0.000,0.000,0.000,0.000,0.000,0.000,0.000,0.000,0.000,0.000,0.000,0.000,0.000,0.000,0.000,0.000,0.000,0.000,0.000",S2_W1_original_blk13_pos_d0.350_krea2_seed3141592,S2_W1_original_blk13_pos_d0.350_krea2_seed3141592_00001_.png,"Dreamlike top down fantasy scene viewed from a perfectly vertical overhead camera, looking straight down onto a narrow weathered wooden canoe drifting through a vast deep lotus pond. The entire canoe is visible and positioned near the center, surrounded by immense round lotus leaves in many sizes. Inside, a young woman sleeps peacefully on her back along the length of the boat. Her head is turned gently to one side, long dark wavy hair spread across the wooden boards. One arm bends above her head while the other rests across her torso holding a small closed book. She wears a flowing ivory dress with soft layered fabric cascading around her legs, her bare feet visible near the stern. Pale pink lotus blossoms and buds emerge between dense emerald leaves. A luminous turquoise opening in the vegetation surrounds the canoe, revealing clear water, submerged rocks and delicate caustic light patterns below. The pond becomes progressively darker toward the edges, shifting into deep teal, petrol and midnight blue. Refined fantasy illustration, smooth painterly digital brushwork, rich botanical detail, softly modeled forms, subtle luminous highlights, atmospheric depth, elegant color transitions, tranquil magical light, serene and mysterious, award winning, a breathtaking masterpiece",Real Value,euler_ancestral,simple,9,1.0,1.0,1024,1280
92,perturbation,blk13_neg_d0.350,13,0.350,neg,,S2_W1_original,3141592,"{""13"": -0.35}","0.000,0.000,0.000,0.000,0.000,0.000,0.000,0.000,0.000,0.000,0.000,0.000,0.000,-0.350,0.000,0.000,0.000,0.000,0.000,0.000,0.000,0.000,0.000,0.000,0.000,0.000,0.000,0.000,0.000,0.000,0.000,0.000,0.000,0.000",S2_W1_original_blk13_neg_d0.350_krea2_seed3141592,S2_W1_original_blk13_neg_d0.350_krea2_seed3141592_00001_.png,"Dreamlike top down fantasy scene viewed from a perfectly vertical overhead camera, looking straight down onto a narrow weathered wooden canoe drifting through a vast deep lotus pond. The entire canoe is visible and positioned near the center, surrounded by immense round lotus leaves in many sizes. Inside, a young woman sleeps peacefully on her back along the length of the boat. Her head is turned gently to one side, long dark wavy hair spread across the wooden boards. One arm bends above her head while the other rests across her torso holding a small closed book. She wears a flowing ivory dress with soft layered fabric cascading around her legs, her bare feet visible near the stern. Pale pink lotus blossoms and buds emerge between dense emerald leaves. A luminous turquoise opening in the vegetation surrounds the canoe, revealing clear water, submerged rocks and delicate caustic light patterns below. The pond becomes progressively darker toward the edges, shifting into deep teal, petrol and midnight blue. Refined fantasy illustration, smooth painterly digital brushwork, rich botanical detail, softly modeled forms, subtle luminous highlights, atmospheric depth, elegant color transitions, tranquil magical light, serene and mysterious, award winning, a breathtaking masterpiece",Real Value,euler_ancestral,simple,9,1.0,1.0,1024,1280
93,perturbation,blk15_pos_d0.350,15,0.350,pos,,S2_W1_original,3141592,"{""15"": 0.35}","0.000,0.000,0.000,0.000,0.000,0.000,0.000,0.000,0.000,0.000,0.000,0.000,0.000,0.000,0.000,0.350,0.000,0.000,0.000,0.000,0.000,0.000,0.000,0.000,0.000,0.000,0.000,0.000,0.000,0.000,0.000,0.000,0.000,0.000",S2_W1_original_blk15_pos_d0.350_krea2_seed3141592,S2_W1_original_blk15_pos_d0.350_krea2_seed3141592_00001_.png,"Dreamlike top down fantasy scene viewed from a perfectly vertical overhead camera, looking straight down onto a narrow weathered wooden canoe drifting through a vast deep lotus pond. The entire canoe is visible and positioned near the center, surrounded by immense round lotus leaves in many sizes. Inside, a young woman sleeps peacefully on her back along the length of the boat. Her head is turned gently to one side, long dark wavy hair spread across the wooden boards. One arm bends above her head while the other rests across her torso holding a small closed book. She wears a flowing ivory dress with soft layered fabric cascading around her legs, her bare feet visible near the stern. Pale pink lotus blossoms and buds emerge between dense emerald leaves. A luminous turquoise opening in the vegetation surrounds the canoe, revealing clear water, submerged rocks and delicate caustic light patterns below. The pond becomes progressively darker toward the edges, shifting into deep teal, petrol and midnight blue. Refined fantasy illustration, smooth painterly digital brushwork, rich botanical detail, softly modeled forms, subtle luminous highlights, atmospheric depth, elegant color transitions, tranquil magical light, serene and mysterious, award winning, a breathtaking masterpiece",Real Value,euler_ancestral,simple,9,1.0,1.0,1024,1280
94,perturbation,blk15_neg_d0.350,15,0.350,neg,,S2_W1_original,3141592,"{""15"": -0.35}","0.000,0.000,0.000,0.000,0.000,0.000,0.000,0.000,0.000,0.000,0.000,0.000,0.000,0.000,0.000,-0.350,0.000,0.000,0.000,0.000,0.000,0.000,0.000,0.000,0.000,0.000,0.000,0.000,0.000,0.000,0.000,0.000,0.000,0.000",S2_W1_original_blk15_neg_d0.350_krea2_seed3141592,S2_W1_original_blk15_neg_d0.350_krea2_seed3141592_00001_.png,"Dreamlike top down fantasy scene viewed from a perfectly vertical overhead camera, looking straight down onto a narrow weathered wooden canoe drifting through a vast deep lotus pond. The entire canoe is visible and positioned near the center, surrounded by immense round lotus leaves in many sizes. Inside, a young woman sleeps peacefully on her back along the length of the boat. Her head is turned gently to one side, long dark wavy hair spread across the wooden boards. One arm bends above her head while the other rests across her torso holding a small closed book. She wears a flowing ivory dress with soft layered fabric cascading around her legs, her bare feet visible near the stern. Pale pink lotus blossoms and buds emerge between dense emerald leaves. A luminous turquoise opening in the vegetation surrounds the canoe, revealing clear water, submerged rocks and delicate caustic light patterns below. The pond becomes progressively darker toward the edges, shifting into deep teal, petrol and midnight blue. Refined fantasy illustration, smooth painterly digital brushwork, rich botanical detail, softly modeled forms, subtle luminous highlights, atmospheric depth, elegant color transitions, tranquil magical light, serene and mysterious, award winning, a breathtaking masterpiece",Real Value,euler_ancestral,simple,9,1.0,1.0,1024,1280
95,perturbation,blk17_pos_d0.350,17,0.350,pos,,S2_W1_original,3141592,"{""17"": 0.35}","0.000,0.000,0.000,0.000,0.000,0.000,0.000,0.000,0.000,0.000,0.000,0.000,0.000,0.000,0.000,0.000,0.000,0.350,0.000,0.000,0.000,0.000,0.000,0.000,0.000,0.000,0.000,0.000,0.000,0.000,0.000,0.000,0.000,0.000",S2_W1_original_blk17_pos_d0.350_krea2_seed3141592,S2_W1_original_blk17_pos_d0.350_krea2_seed3141592_00001_.png,"Dreamlike top down fantasy scene viewed from a perfectly vertical overhead camera, looking straight down onto a narrow weathered wooden canoe drifting through a vast deep lotus pond. The entire canoe is visible and positioned near the center, surrounded by immense round lotus leaves in many sizes. Inside, a young woman sleeps peacefully on her back along the length of the boat. Her head is turned gently to one side, long dark wavy hair spread across the wooden boards. One arm bends above her head while the other rests across her torso holding a small closed book. She wears a flowing ivory dress with soft layered fabric cascading around her legs, her bare feet visible near the stern. Pale pink lotus blossoms and buds emerge between dense emerald leaves. A luminous turquoise opening in the vegetation surrounds the canoe, revealing clear water, submerged rocks and delicate caustic light patterns below. The pond becomes progressively darker toward the edges, shifting into deep teal, petrol and midnight blue. Refined fantasy illustration, smooth painterly digital brushwork, rich botanical detail, softly modeled forms, subtle luminous highlights, atmospheric depth, elegant color transitions, tranquil magical light, serene and mysterious, award winning, a breathtaking masterpiece",Real Value,euler_ancestral,simple,9,1.0,1.0,1024,1280
96,perturbation,blk17_neg_d0.350,17,0.350,neg,,S2_W1_original,3141592,"{""17"": -0.35}","0.000,0.000,0.000,0.000,0.000,0.000,0.000,0.000,0.000,0.000,0.000,0.000,0.000,0.000,0.000,0.000,0.000,-0.350,0.000,0.000,0.000,0.000,0.000,0.000,0.000,0.000,0.000,0.000,0.000,0.000,0.000,0.000,0.000,0.000",S2_W1_original_blk17_neg_d0.350_krea2_seed3141592,S2_W1_original_blk17_neg_d0.350_krea2_seed3141592_00001_.png,"Dreamlike top down fantasy scene viewed from a perfectly vertical overhead camera, looking straight down onto a narrow weathered wooden canoe drifting through a vast deep lotus pond. The entire canoe is visible and positioned near the center, surrounded by immense round lotus leaves in many sizes. Inside, a young woman sleeps peacefully on her back along the length of the boat. Her head is turned gently to one side, long dark wavy hair spread across the wooden boards. One arm bends above her head while the other rests across her torso holding a small closed book. She wears a flowing ivory dress with soft layered fabric cascading around her legs, her bare feet visible near the stern. Pale pink lotus blossoms and buds emerge between dense emerald leaves. A luminous turquoise opening in the vegetation surrounds the canoe, revealing clear water, submerged rocks and delicate caustic light patterns below. The pond becomes progressively darker toward the edges, shifting into deep teal, petrol and midnight blue. Refined fantasy illustration, smooth painterly digital brushwork, rich botanical detail, softly modeled forms, subtle luminous highlights, atmospheric depth, elegant color transitions, tranquil magical light, serene and mysterious, award winning, a breathtaking masterpiece",Real Value,euler_ancestral,simple,9,1.0,1.0,1024,1280
97,perturbation,blk19_pos_d0.350,19,0.350,pos,,S2_W1_original,3141592,"{""19"": 0.35}","0.000,0.000,0.000,0.000,0.000,0.000,0.000,0.000,0.000,0.000,0.000,0.000,0.000,0.000,0.000,0.000,0.000,0.000,0.000,0.350,0.000,0.000,0.000,0.000,0.000,0.000,0.000,0.000,0.000,0.000,0.000,0.000,0.000,0.000",S2_W1_original_blk19_pos_d0.350_krea2_seed3141592,S2_W1_original_blk19_pos_d0.350_krea2_seed3141592_00001_.png,"Dreamlike top down fantasy scene viewed from a perfectly vertical overhead camera, looking straight down onto a narrow weathered wooden canoe drifting through a vast deep lotus pond. The entire canoe is visible and positioned near the center, surrounded by immense round lotus leaves in many sizes. Inside, a young woman sleeps peacefully on her back along the length of the boat. Her head is turned gently to one side, long dark wavy hair spread across the wooden boards. One arm bends above her head while the other rests across her torso holding a small closed book. She wears a flowing ivory dress with soft layered fabric cascading around her legs, her bare feet visible near the stern. Pale pink lotus blossoms and buds emerge between dense emerald leaves. A luminous turquoise opening in the vegetation surrounds the canoe, revealing clear water, submerged rocks and delicate caustic light patterns below. The pond becomes progressively darker toward the edges, shifting into deep teal, petrol and midnight blue. Refined fantasy illustration, smooth painterly digital brushwork, rich botanical detail, softly modeled forms, subtle luminous highlights, atmospheric depth, elegant color transitions, tranquil magical light, serene and mysterious, award winning, a breathtaking masterpiece",Real Value,euler_ancestral,simple,9,1.0,1.0,1024,1280
98,perturbation,blk19_neg_d0.350,19,0.350,neg,,S2_W1_original,3141592,"{""19"": -0.35}","0.000,0.000,0.000,0.000,0.000,0.000,0.000,0.000,0.000,0.000,0.000,0.000,0.000,0.000,0.000,0.000,0.000,0.000,0.000,-0.350,0.000,0.000,0.000,0.000,0.000,0.000,0.000,0.000,0.000,0.000,0.000,0.000,0.000,0.000",S2_W1_original_blk19_neg_d0.350_krea2_seed3141592,S2_W1_original_blk19_neg_d0.350_krea2_seed3141592_00001_.png,"Dreamlike top down fantasy scene viewed from a perfectly vertical overhead camera, looking straight down onto a narrow weathered wooden canoe drifting through a vast deep lotus pond. The entire canoe is visible and positioned near the center, surrounded by immense round lotus leaves in many sizes. Inside, a young woman sleeps peacefully on her back along the length of the boat. Her head is turned gently to one side, long dark wavy hair spread across the wooden boards. One arm bends above her head while the other rests across her torso holding a small closed book. She wears a flowing ivory dress with soft layered fabric cascading around her legs, her bare feet visible near the stern. Pale pink lotus blossoms and buds emerge between dense emerald leaves. A luminous turquoise opening in the vegetation surrounds the canoe, revealing clear water, submerged rocks and delicate caustic light patterns below. The pond becomes progressively darker toward the edges, shifting into deep teal, petrol and midnight blue. Refined fantasy illustration, smooth painterly digital brushwork, rich botanical detail, softly modeled forms, subtle luminous highlights, atmospheric depth, elegant color transitions, tranquil magical light, serene and mysterious, award winning, a breathtaking masterpiece",Real Value,euler_ancestral,simple,9,1.0,1.0,1024,1280
99,perturbation,blk23_pos_d0.350,23,0.350,pos,,S2_W1_original,3141592,"{""23"": 0.35}","0.000,0.000,0.000,0.000,0.000,0.000,0.000,0.000,0.000,0.000,0.000,0.000,0.000,0.000,0.000,0.000,0.000,0.000,0.000,0.000,0.000,0.000,0.000,0.350,0.000,0.000,0.000,0.000,0.000,0.000,0.000,0.000,0.000,0.000",S2_W1_original_blk23_pos_d0.350_krea2_seed3141592,S2_W1_original_blk23_pos_d0.350_krea2_seed3141592_00001_.png,"Dreamlike top down fantasy scene viewed from a perfectly vertical overhead camera, looking straight down onto a narrow weathered wooden canoe drifting through a vast deep lotus pond. The entire canoe is visible and positioned near the center, surrounded by immense round lotus leaves in many sizes. Inside, a young woman sleeps peacefully on her back along the length of the boat. Her head is turned gently to one side, long dark wavy hair spread across the wooden boards. One arm bends above her head while the other rests across her torso holding a small closed book. She wears a flowing ivory dress with soft layered fabric cascading around her legs, her bare feet visible near the stern. Pale pink lotus blossoms and buds emerge between dense emerald leaves. A luminous turquoise opening in the vegetation surrounds the canoe, revealing clear water, submerged rocks and delicate caustic light patterns below. The pond becomes progressively darker toward the edges, shifting into deep teal, petrol and midnight blue. Refined fantasy illustration, smooth painterly digital brushwork, rich botanical detail, softly modeled forms, subtle luminous highlights, atmospheric depth, elegant color transitions, tranquil magical light, serene and mysterious, award winning, a breathtaking masterpiece",Real Value,euler_ancestral,simple,9,1.0,1.0,1024,1280
100,perturbation,blk23_neg_d0.350,23,0.350,neg,,S2_W1_original,3141592,"{""23"": -0.35}","0.000,0.000,0.000,0.000,0.000,0.000,0.000,0.000,0.000,0.000,0.000,0.000,0.000,0.000,0.000,0.000,0.000,0.000,0.000,0.000,0.000,0.000,0.000,-0.350,0.000,0.000,0.000,0.000,0.000,0.000,0.000,0.000,0.000,0.000",S2_W1_original_blk23_neg_d0.350_krea2_seed3141592,S2_W1_original_blk23_neg_d0.350_krea2_seed3141592_00001_.png,"Dreamlike top down fantasy scene viewed from a perfectly vertical overhead camera, looking straight down onto a narrow weathered wooden canoe drifting through a vast deep lotus pond. The entire canoe is visible and positioned near the center, surrounded by immense round lotus leaves in many sizes. Inside, a young woman sleeps peacefully on her back along the length of the boat. Her head is turned gently to one side, long dark wavy hair spread across the wooden boards. One arm bends above her head while the other rests across her torso holding a small closed book. She wears a flowing ivory dress with soft layered fabric cascading around her legs, her bare feet visible near the stern. Pale pink lotus blossoms and buds emerge between dense emerald leaves. A luminous turquoise opening in the vegetation surrounds the canoe, revealing clear water, submerged rocks and delicate caustic light patterns below. The pond becomes progressively darker toward the edges, shifting into deep teal, petrol and midnight blue. Refined fantasy illustration, smooth painterly digital brushwork, rich botanical detail, softly modeled forms, subtle luminous highlights, atmospheric depth, elegant color transitions, tranquil magical light, serene and mysterious, award winning, a breathtaking masterpiece",Real Value,euler_ancestral,simple,9,1.0,1.0,1024,1280
101,baseline,baseline,baseline,0.000,none,,S2_W2_reordered,3141592,{},"0.000,0.000,0.000,0.000,0.000,0.000,0.000,0.000,0.000,0.000,0.000,0.000,0.000,0.000,0.000,0.000,0.000,0.000,0.000,0.000,0.000,0.000,0.000,0.000,0.000,0.000,0.000,0.000,0.000,0.000,0.000,0.000,0.000,0.000",S2_W2_reordered_baseline_krea2_seed3141592,S2_W2_reordered_baseline_krea2_seed3141592_00001_.png,"Refined fantasy illustration, smooth painterly digital brushwork, rich botanical detail, softly modeled forms, subtle luminous highlights, atmospheric depth, elegant color transitions, tranquil magical light, serene and mysterious, award winning, a breathtaking masterpiece. The pond becomes progressively darker toward the edges, shifting into deep teal, petrol and midnight blue. Pale pink lotus blossoms and buds emerge between dense emerald leaves. A luminous turquoise opening in the vegetation surrounds the canoe, revealing clear water, submerged rocks and delicate caustic light patterns below. Inside, a young woman sleeps peacefully on her back along the length of the boat. She wears a flowing ivory dress with soft layered fabric cascading around her legs, her bare feet visible near the stern. One arm bends above her head while the other rests across her torso holding a small closed book. Her head is turned gently to one side, long dark wavy hair spread across the wooden boards. The entire canoe is visible and positioned near the center, surrounded by immense round lotus leaves in many sizes. Dreamlike top down fantasy scene viewed from a perfectly vertical overhead camera, looking straight down onto a narrow weathered wooden canoe drifting through a vast deep lotus pond.",Real Value,euler_ancestral,simple,9,1.0,1.0,1024,1280
102,perturbation,blk00_pos_d0.300,0,0.300,pos,,S2_W2_reordered,3141592,"{""0"": 0.3}","0.300,0.000,0.000,0.000,0.000,0.000,0.000,0.000,0.000,0.000,0.000,0.000,0.000,0.000,0.000,0.000,0.000,0.000,0.000,0.000,0.000,0.000,0.000,0.000,0.000,0.000,0.000,0.000,0.000,0.000,0.000,0.000,0.000,0.000",S2_W2_reordered_blk00_pos_d0.300_krea2_seed3141592,S2_W2_reordered_blk00_pos_d0.300_krea2_seed3141592_00001_.png,"Refined fantasy illustration, smooth painterly digital brushwork, rich botanical detail, softly modeled forms, subtle luminous highlights, atmospheric depth, elegant color transitions, tranquil magical light, serene and mysterious, award winning, a breathtaking masterpiece. The pond becomes progressively darker toward the edges, shifting into deep teal, petrol and midnight blue. Pale pink lotus blossoms and buds emerge between dense emerald leaves. A luminous turquoise opening in the vegetation surrounds the canoe, revealing clear water, submerged rocks and delicate caustic light patterns below. Inside, a young woman sleeps peacefully on her back along the length of the boat. She wears a flowing ivory dress with soft layered fabric cascading around her legs, her bare feet visible near the stern. One arm bends above her head while the other rests across her torso holding a small closed book. Her head is turned gently to one side, long dark wavy hair spread across the wooden boards. The entire canoe is visible and positioned near the center, surrounded by immense round lotus leaves in many sizes. Dreamlike top down fantasy scene viewed from a perfectly vertical overhead camera, looking straight down onto a narrow weathered wooden canoe drifting through a vast deep lotus pond.",Real Value,euler_ancestral,simple,9,1.0,1.0,1024,1280
103,perturbation,blk00_neg_d0.250,0,0.250,neg,,S2_W2_reordered,3141592,"{""0"": -0.25}","-0.250,0.000,0.000,0.000,0.000,0.000,0.000,0.000,0.000,0.000,0.000,0.000,0.000,0.000,0.000,0.000,0.000,0.000,0.000,0.000,0.000,0.000,0.000,0.000,0.000,0.000,0.000,0.000,0.000,0.000,0.000,0.000,0.000,0.000",S2_W2_reordered_blk00_neg_d0.250_krea2_seed3141592,S2_W2_reordered_blk00_neg_d0.250_krea2_seed3141592_00001_.png,"Refined fantasy illustration, smooth painterly digital brushwork, rich botanical detail, softly modeled forms, subtle luminous highlights, atmospheric depth, elegant color transitions, tranquil magical light, serene and mysterious, award winning, a breathtaking masterpiece. The pond becomes progressively darker toward the edges, shifting into deep teal, petrol and midnight blue. Pale pink lotus blossoms and buds emerge between dense emerald leaves. A luminous turquoise opening in the vegetation surrounds the canoe, revealing clear water, submerged rocks and delicate caustic light patterns below. Inside, a young woman sleeps peacefully on her back along the length of the boat. She wears a flowing ivory dress with soft layered fabric cascading around her legs, her bare feet visible near the stern. One arm bends above her head while the other rests across her torso holding a small closed book. Her head is turned gently to one side, long dark wavy hair spread across the wooden boards. The entire canoe is visible and positioned near the center, surrounded by immense round lotus leaves in many sizes. Dreamlike top down fantasy scene viewed from a perfectly vertical overhead camera, looking straight down onto a narrow weathered wooden canoe drifting through a vast deep lotus pond.",Real Value,euler_ancestral,simple,9,1.0,1.0,1024,1280
104,perturbation,blk27_pos_d0.100,27,0.100,pos,,S2_W2_reordered,3141592,"{""27"": 0.1}","0.000,0.000,0.000,0.000,0.000,0.000,0.000,0.000,0.000,0.000,0.000,0.000,0.000,0.000,0.000,0.000,0.000,0.000,0.000,0.000,0.000,0.000,0.000,0.000,0.000,0.000,0.000,0.100,0.000,0.000,0.000,0.000,0.000,0.000",S2_W2_reordered_blk27_pos_d0.100_krea2_seed3141592,S2_W2_reordered_blk27_pos_d0.100_krea2_seed3141592_00001_.png,"Refined fantasy illustration, smooth painterly digital brushwork, rich botanical detail, softly modeled forms, subtle luminous highlights, atmospheric depth, elegant color transitions, tranquil magical light, serene and mysterious, award winning, a breathtaking masterpiece. The pond becomes progressively darker toward the edges, shifting into deep teal, petrol and midnight blue. Pale pink lotus blossoms and buds emerge between dense emerald leaves. A luminous turquoise opening in the vegetation surrounds the canoe, revealing clear water, submerged rocks and delicate caustic light patterns below. Inside, a young woman sleeps peacefully on her back along the length of the boat. She wears a flowing ivory dress with soft layered fabric cascading around her legs, her bare feet visible near the stern. One arm bends above her head while the other rests across her torso holding a small closed book. Her head is turned gently to one side, long dark wavy hair spread across the wooden boards. The entire canoe is visible and positioned near the center, surrounded by immense round lotus leaves in many sizes. Dreamlike top down fantasy scene viewed from a perfectly vertical overhead camera, looking straight down onto a narrow weathered wooden canoe drifting through a vast deep lotus pond.",Real Value,euler_ancestral,simple,9,1.0,1.0,1024,1280
105,perturbation,blk27_neg_d0.075,27,0.075,neg,,S2_W2_reordered,3141592,"{""27"": -0.075}","0.000,0.000,0.000,0.000,0.000,0.000,0.000,0.000,0.000,0.000,0.000,0.000,0.000,0.000,0.000,0.000,0.000,0.000,0.000,0.000,0.000,0.000,0.000,0.000,0.000,0.000,0.000,-0.075,0.000,0.000,0.000,0.000,0.000,0.000",S2_W2_reordered_blk27_neg_d0.075_krea2_seed3141592,S2_W2_reordered_blk27_neg_d0.075_krea2_seed3141592_00001_.png,"Refined fantasy illustration, smooth painterly digital brushwork, rich botanical detail, softly modeled forms, subtle luminous highlights, atmospheric depth, elegant color transitions, tranquil magical light, serene and mysterious, award winning, a breathtaking masterpiece. The pond becomes progressively darker toward the edges, shifting into deep teal, petrol and midnight blue. Pale pink lotus blossoms and buds emerge between dense emerald leaves. A luminous turquoise opening in the vegetation surrounds the canoe, revealing clear water, submerged rocks and delicate caustic light patterns below. Inside, a young woman sleeps peacefully on her back along the length of the boat. She wears a flowing ivory dress with soft layered fabric cascading around her legs, her bare feet visible near the stern. One arm bends above her head while the other rests across her torso holding a small closed book. Her head is turned gently to one side, long dark wavy hair spread across the wooden boards. The entire canoe is visible and positioned near the center, surrounded by immense round lotus leaves in many sizes. Dreamlike top down fantasy scene viewed from a perfectly vertical overhead camera, looking straight down onto a narrow weathered wooden canoe drifting through a vast deep lotus pond.",Real Value,euler_ancestral,simple,9,1.0,1.0,1024,1280
106,perturbation,blk02_pos_d0.350,2,0.350,pos,,S2_W2_reordered,3141592,"{""2"": 0.35}","0.000,0.000,0.350,0.000,0.000,0.000,0.000,0.000,0.000,0.000,0.000,0.000,0.000,0.000,0.000,0.000,0.000,0.000,0.000,0.000,0.000,0.000,0.000,0.000,0.000,0.000,0.000,0.000,0.000,0.000,0.000,0.000,0.000,0.000",S2_W2_reordered_blk02_pos_d0.350_krea2_seed3141592,S2_W2_reordered_blk02_pos_d0.350_krea2_seed3141592_00001_.png,"Refined fantasy illustration, smooth painterly digital brushwork, rich botanical detail, softly modeled forms, subtle luminous highlights, atmospheric depth, elegant color transitions, tranquil magical light, serene and mysterious, award winning, a breathtaking masterpiece. The pond becomes progressively darker toward the edges, shifting into deep teal, petrol and midnight blue. Pale pink lotus blossoms and buds emerge between dense emerald leaves. A luminous turquoise opening in the vegetation surrounds the canoe, revealing clear water, submerged rocks and delicate caustic light patterns below. Inside, a young woman sleeps peacefully on her back along the length of the boat. She wears a flowing ivory dress with soft layered fabric cascading around her legs, her bare feet visible near the stern. One arm bends above her head while the other rests across her torso holding a small closed book. Her head is turned gently to one side, long dark wavy hair spread across the wooden boards. The entire canoe is visible and positioned near the center, surrounded by immense round lotus leaves in many sizes. Dreamlike top down fantasy scene viewed from a perfectly vertical overhead camera, looking straight down onto a narrow weathered wooden canoe drifting through a vast deep lotus pond.",Real Value,euler_ancestral,simple,9,1.0,1.0,1024,1280
107,perturbation,blk02_neg_d0.350,2,0.350,neg,,S2_W2_reordered,3141592,"{""2"": -0.35}","0.000,0.000,-0.350,0.000,0.000,0.000,0.000,0.000,0.000,0.000,0.000,0.000,0.000,0.000,0.000,0.000,0.000,0.000,0.000,0.000,0.000,0.000,0.000,0.000,0.000,0.000,0.000,0.000,0.000,0.000,0.000,0.000,0.000,0.000",S2_W2_reordered_blk02_neg_d0.350_krea2_seed3141592,S2_W2_reordered_blk02_neg_d0.350_krea2_seed3141592_00001_.png,"Refined fantasy illustration, smooth painterly digital brushwork, rich botanical detail, softly modeled forms, subtle luminous highlights, atmospheric depth, elegant color transitions, tranquil magical light, serene and mysterious, award winning, a breathtaking masterpiece. The pond becomes progressively darker toward the edges, shifting into deep teal, petrol and midnight blue. Pale pink lotus blossoms and buds emerge between dense emerald leaves. A luminous turquoise opening in the vegetation surrounds the canoe, revealing clear water, submerged rocks and delicate caustic light patterns below. Inside, a young woman sleeps peacefully on her back along the length of the boat. She wears a flowing ivory dress with soft layered fabric cascading around her legs, her bare feet visible near the stern. One arm bends above her head while the other rests across her torso holding a small closed book. Her head is turned gently to one side, long dark wavy hair spread across the wooden boards. The entire canoe is visible and positioned near the center, surrounded by immense round lotus leaves in many sizes. Dreamlike top down fantasy scene viewed from a perfectly vertical overhead camera, looking straight down onto a narrow weathered wooden canoe drifting through a vast deep lotus pond.",Real Value,euler_ancestral,simple,9,1.0,1.0,1024,1280
108,perturbation,blk05_pos_d0.350,5,0.350,pos,,S2_W2_reordered,3141592,"{""5"": 0.35}","0.000,0.000,0.000,0.000,0.000,0.350,0.000,0.000,0.000,0.000,0.000,0.000,0.000,0.000,0.000,0.000,0.000,0.000,0.000,0.000,0.000,0.000,0.000,0.000,0.000,0.000,0.000,0.000,0.000,0.000,0.000,0.000,0.000,0.000",S2_W2_reordered_blk05_pos_d0.350_krea2_seed3141592,S2_W2_reordered_blk05_pos_d0.350_krea2_seed3141592_00001_.png,"Refined fantasy illustration, smooth painterly digital brushwork, rich botanical detail, softly modeled forms, subtle luminous highlights, atmospheric depth, elegant color transitions, tranquil magical light, serene and mysterious, award winning, a breathtaking masterpiece. The pond becomes progressively darker toward the edges, shifting into deep teal, petrol and midnight blue. Pale pink lotus blossoms and buds emerge between dense emerald leaves. A luminous turquoise opening in the vegetation surrounds the canoe, revealing clear water, submerged rocks and delicate caustic light patterns below. Inside, a young woman sleeps peacefully on her back along the length of the boat. She wears a flowing ivory dress with soft layered fabric cascading around her legs, her bare feet visible near the stern. One arm bends above her head while the other rests across her torso holding a small closed book. Her head is turned gently to one side, long dark wavy hair spread across the wooden boards. The entire canoe is visible and positioned near the center, surrounded by immense round lotus leaves in many sizes. Dreamlike top down fantasy scene viewed from a perfectly vertical overhead camera, looking straight down onto a narrow weathered wooden canoe drifting through a vast deep lotus pond.",Real Value,euler_ancestral,simple,9,1.0,1.0,1024,1280
109,perturbation,blk05_neg_d0.350,5,0.350,neg,,S2_W2_reordered,3141592,"{""5"": -0.35}","0.000,0.000,0.000,0.000,0.000,-0.350,0.000,0.000,0.000,0.000,0.000,0.000,0.000,0.000,0.000,0.000,0.000,0.000,0.000,0.000,0.000,0.000,0.000,0.000,0.000,0.000,0.000,0.000,0.000,0.000,0.000,0.000,0.000,0.000",S2_W2_reordered_blk05_neg_d0.350_krea2_seed3141592,S2_W2_reordered_blk05_neg_d0.350_krea2_seed3141592_00001_.png,"Refined fantasy illustration, smooth painterly digital brushwork, rich botanical detail, softly modeled forms, subtle luminous highlights, atmospheric depth, elegant color transitions, tranquil magical light, serene and mysterious, award winning, a breathtaking masterpiece. The pond becomes progressively darker toward the edges, shifting into deep teal, petrol and midnight blue. Pale pink lotus blossoms and buds emerge between dense emerald leaves. A luminous turquoise opening in the vegetation surrounds the canoe, revealing clear water, submerged rocks and delicate caustic light patterns below. Inside, a young woman sleeps peacefully on her back along the length of the boat. She wears a flowing ivory dress with soft layered fabric cascading around her legs, her bare feet visible near the stern. One arm bends above her head while the other rests across her torso holding a small closed book. Her head is turned gently to one side, long dark wavy hair spread across the wooden boards. The entire canoe is visible and positioned near the center, surrounded by immense round lotus leaves in many sizes. Dreamlike top down fantasy scene viewed from a perfectly vertical overhead camera, looking straight down onto a narrow weathered wooden canoe drifting through a vast deep lotus pond.",Real Value,euler_ancestral,simple,9,1.0,1.0,1024,1280
110,perturbation,blk08_pos_d0.350,8,0.350,pos,,S2_W2_reordered,3141592,"{""8"": 0.35}","0.000,0.000,0.000,0.000,0.000,0.000,0.000,0.000,0.350,0.000,0.000,0.000,0.000,0.000,0.000,0.000,0.000,0.000,0.000,0.000,0.000,0.000,0.000,0.000,0.000,0.000,0.000,0.000,0.000,0.000,0.000,0.000,0.000,0.000",S2_W2_reordered_blk08_pos_d0.350_krea2_seed3141592,S2_W2_reordered_blk08_pos_d0.350_krea2_seed3141592_00001_.png,"Refined fantasy illustration, smooth painterly digital brushwork, rich botanical detail, softly modeled forms, subtle luminous highlights, atmospheric depth, elegant color transitions, tranquil magical light, serene and mysterious, award winning, a breathtaking masterpiece. The pond becomes progressively darker toward the edges, shifting into deep teal, petrol and midnight blue. Pale pink lotus blossoms and buds emerge between dense emerald leaves. A luminous turquoise opening in the vegetation surrounds the canoe, revealing clear water, submerged rocks and delicate caustic light patterns below. Inside, a young woman sleeps peacefully on her back along the length of the boat. She wears a flowing ivory dress with soft layered fabric cascading around her legs, her bare feet visible near the stern. One arm bends above her head while the other rests across her torso holding a small closed book. Her head is turned gently to one side, long dark wavy hair spread across the wooden boards. The entire canoe is visible and positioned near the center, surrounded by immense round lotus leaves in many sizes. Dreamlike top down fantasy scene viewed from a perfectly vertical overhead camera, looking straight down onto a narrow weathered wooden canoe drifting through a vast deep lotus pond.",Real Value,euler_ancestral,simple,9,1.0,1.0,1024,1280
111,perturbation,blk08_neg_d0.350,8,0.350,neg,,S2_W2_reordered,3141592,"{""8"": -0.35}","0.000,0.000,0.000,0.000,0.000,0.000,0.000,0.000,-0.350,0.000,0.000,0.000,0.000,0.000,0.000,0.000,0.000,0.000,0.000,0.000,0.000,0.000,0.000,0.000,0.000,0.000,0.000,0.000,0.000,0.000,0.000,0.000,0.000,0.000",S2_W2_reordered_blk08_neg_d0.350_krea2_seed3141592,S2_W2_reordered_blk08_neg_d0.350_krea2_seed3141592_00001_.png,"Refined fantasy illustration, smooth painterly digital brushwork, rich botanical detail, softly modeled forms, subtle luminous highlights, atmospheric depth, elegant color transitions, tranquil magical light, serene and mysterious, award winning, a breathtaking masterpiece. The pond becomes progressively darker toward the edges, shifting into deep teal, petrol and midnight blue. Pale pink lotus blossoms and buds emerge between dense emerald leaves. A luminous turquoise opening in the vegetation surrounds the canoe, revealing clear water, submerged rocks and delicate caustic light patterns below. Inside, a young woman sleeps peacefully on her back along the length of the boat. She wears a flowing ivory dress with soft layered fabric cascading around her legs, her bare feet visible near the stern. One arm bends above her head while the other rests across her torso holding a small closed book. Her head is turned gently to one side, long dark wavy hair spread across the wooden boards. The entire canoe is visible and positioned near the center, surrounded by immense round lotus leaves in many sizes. Dreamlike top down fantasy scene viewed from a perfectly vertical overhead camera, looking straight down onto a narrow weathered wooden canoe drifting through a vast deep lotus pond.",Real Value,euler_ancestral,simple,9,1.0,1.0,1024,1280
112,perturbation,blk09_pos_d0.350,9,0.350,pos,,S2_W2_reordered,3141592,"{""9"": 0.35}","0.000,0.000,0.000,0.000,0.000,0.000,0.000,0.000,0.000,0.350,0.000,0.000,0.000,0.000,0.000,0.000,0.000,0.000,0.000,0.000,0.000,0.000,0.000,0.000,0.000,0.000,0.000,0.000,0.000,0.000,0.000,0.000,0.000,0.000",S2_W2_reordered_blk09_pos_d0.350_krea2_seed3141592,S2_W2_reordered_blk09_pos_d0.350_krea2_seed3141592_00001_.png,"Refined fantasy illustration, smooth painterly digital brushwork, rich botanical detail, softly modeled forms, subtle luminous highlights, atmospheric depth, elegant color transitions, tranquil magical light, serene and mysterious, award winning, a breathtaking masterpiece. The pond becomes progressively darker toward the edges, shifting into deep teal, petrol and midnight blue. Pale pink lotus blossoms and buds emerge between dense emerald leaves. A luminous turquoise opening in the vegetation surrounds the canoe, revealing clear water, submerged rocks and delicate caustic light patterns below. Inside, a young woman sleeps peacefully on her back along the length of the boat. She wears a flowing ivory dress with soft layered fabric cascading around her legs, her bare feet visible near the stern. One arm bends above her head while the other rests across her torso holding a small closed book. Her head is turned gently to one side, long dark wavy hair spread across the wooden boards. The entire canoe is visible and positioned near the center, surrounded by immense round lotus leaves in many sizes. Dreamlike top down fantasy scene viewed from a perfectly vertical overhead camera, looking straight down onto a narrow weathered wooden canoe drifting through a vast deep lotus pond.",Real Value,euler_ancestral,simple,9,1.0,1.0,1024,1280
113,perturbation,blk09_neg_d0.350,9,0.350,neg,,S2_W2_reordered,3141592,"{""9"": -0.35}","0.000,0.000,0.000,0.000,0.000,0.000,0.000,0.000,0.000,-0.350,0.000,0.000,0.000,0.000,0.000,0.000,0.000,0.000,0.000,0.000,0.000,0.000,0.000,0.000,0.000,0.000,0.000,0.000,0.000,0.000,0.000,0.000,0.000,0.000",S2_W2_reordered_blk09_neg_d0.350_krea2_seed3141592,S2_W2_reordered_blk09_neg_d0.350_krea2_seed3141592_00001_.png,"Refined fantasy illustration, smooth painterly digital brushwork, rich botanical detail, softly modeled forms, subtle luminous highlights, atmospheric depth, elegant color transitions, tranquil magical light, serene and mysterious, award winning, a breathtaking masterpiece. The pond becomes progressively darker toward the edges, shifting into deep teal, petrol and midnight blue. Pale pink lotus blossoms and buds emerge between dense emerald leaves. A luminous turquoise opening in the vegetation surrounds the canoe, revealing clear water, submerged rocks and delicate caustic light patterns below. Inside, a young woman sleeps peacefully on her back along the length of the boat. She wears a flowing ivory dress with soft layered fabric cascading around her legs, her bare feet visible near the stern. One arm bends above her head while the other rests across her torso holding a small closed book. Her head is turned gently to one side, long dark wavy hair spread across the wooden boards. The entire canoe is visible and positioned near the center, surrounded by immense round lotus leaves in many sizes. Dreamlike top down fantasy scene viewed from a perfectly vertical overhead camera, looking straight down onto a narrow weathered wooden canoe drifting through a vast deep lotus pond.",Real Value,euler_ancestral,simple,9,1.0,1.0,1024,1280
114,perturbation,blk12_pos_d0.350,12,0.350,pos,,S2_W2_reordered,3141592,"{""12"": 0.35}","0.000,0.000,0.000,0.000,0.000,0.000,0.000,0.000,0.000,0.000,0.000,0.000,0.350,0.000,0.000,0.000,0.000,0.000,0.000,0.000,0.000,0.000,0.000,0.000,0.000,0.000,0.000,0.000,0.000,0.000,0.000,0.000,0.000,0.000",S2_W2_reordered_blk12_pos_d0.350_krea2_seed3141592,S2_W2_reordered_blk12_pos_d0.350_krea2_seed3141592_00001_.png,"Refined fantasy illustration, smooth painterly digital brushwork, rich botanical detail, softly modeled forms, subtle luminous highlights, atmospheric depth, elegant color transitions, tranquil magical light, serene and mysterious, award winning, a breathtaking masterpiece. The pond becomes progressively darker toward the edges, shifting into deep teal, petrol and midnight blue. Pale pink lotus blossoms and buds emerge between dense emerald leaves. A luminous turquoise opening in the vegetation surrounds the canoe, revealing clear water, submerged rocks and delicate caustic light patterns below. Inside, a young woman sleeps peacefully on her back along the length of the boat. She wears a flowing ivory dress with soft layered fabric cascading around her legs, her bare feet visible near the stern. One arm bends above her head while the other rests across her torso holding a small closed book. Her head is turned gently to one side, long dark wavy hair spread across the wooden boards. The entire canoe is visible and positioned near the center, surrounded by immense round lotus leaves in many sizes. Dreamlike top down fantasy scene viewed from a perfectly vertical overhead camera, looking straight down onto a narrow weathered wooden canoe drifting through a vast deep lotus pond.",Real Value,euler_ancestral,simple,9,1.0,1.0,1024,1280
115,perturbation,blk12_neg_d0.350,12,0.350,neg,,S2_W2_reordered,3141592,"{""12"": -0.35}","0.000,0.000,0.000,0.000,0.000,0.000,0.000,0.000,0.000,0.000,0.000,0.000,-0.350,0.000,0.000,0.000,0.000,0.000,0.000,0.000,0.000,0.000,0.000,0.000,0.000,0.000,0.000,0.000,0.000,0.000,0.000,0.000,0.000,0.000",S2_W2_reordered_blk12_neg_d0.350_krea2_seed3141592,S2_W2_reordered_blk12_neg_d0.350_krea2_seed3141592_00001_.png,"Refined fantasy illustration, smooth painterly digital brushwork, rich botanical detail, softly modeled forms, subtle luminous highlights, atmospheric depth, elegant color transitions, tranquil magical light, serene and mysterious, award winning, a breathtaking masterpiece. The pond becomes progressively darker toward the edges, shifting into deep teal, petrol and midnight blue. Pale pink lotus blossoms and buds emerge between dense emerald leaves. A luminous turquoise opening in the vegetation surrounds the canoe, revealing clear water, submerged rocks and delicate caustic light patterns below. Inside, a young woman sleeps peacefully on her back along the length of the boat. She wears a flowing ivory dress with soft layered fabric cascading around her legs, her bare feet visible near the stern. One arm bends above her head while the other rests across her torso holding a small closed book. Her head is turned gently to one side, long dark wavy hair spread across the wooden boards. The entire canoe is visible and positioned near the center, surrounded by immense round lotus leaves in many sizes. Dreamlike top down fantasy scene viewed from a perfectly vertical overhead camera, looking straight down onto a narrow weathered wooden canoe drifting through a vast deep lotus pond.",Real Value,euler_ancestral,simple,9,1.0,1.0,1024,1280
116,perturbation,blk13_pos_d0.350,13,0.350,pos,,S2_W2_reordered,3141592,"{""13"": 0.35}","0.000,0.000,0.000,0.000,0.000,0.000,0.000,0.000,0.000,0.000,0.000,0.000,0.000,0.350,0.000,0.000,0.000,0.000,0.000,0.000,0.000,0.000,0.000,0.000,0.000,0.000,0.000,0.000,0.000,0.000,0.000,0.000,0.000,0.000",S2_W2_reordered_blk13_pos_d0.350_krea2_seed3141592,S2_W2_reordered_blk13_pos_d0.350_krea2_seed3141592_00001_.png,"Refined fantasy illustration, smooth painterly digital brushwork, rich botanical detail, softly modeled forms, subtle luminous highlights, atmospheric depth, elegant color transitions, tranquil magical light, serene and mysterious, award winning, a breathtaking masterpiece. The pond becomes progressively darker toward the edges, shifting into deep teal, petrol and midnight blue. Pale pink lotus blossoms and buds emerge between dense emerald leaves. A luminous turquoise opening in the vegetation surrounds the canoe, revealing clear water, submerged rocks and delicate caustic light patterns below. Inside, a young woman sleeps peacefully on her back along the length of the boat. She wears a flowing ivory dress with soft layered fabric cascading around her legs, her bare feet visible near the stern. One arm bends above her head while the other rests across her torso holding a small closed book. Her head is turned gently to one side, long dark wavy hair spread across the wooden boards. The entire canoe is visible and positioned near the center, surrounded by immense round lotus leaves in many sizes. Dreamlike top down fantasy scene viewed from a perfectly vertical overhead camera, looking straight down onto a narrow weathered wooden canoe drifting through a vast deep lotus pond.",Real Value,euler_ancestral,simple,9,1.0,1.0,1024,1280
117,perturbation,blk13_neg_d0.350,13,0.350,neg,,S2_W2_reordered,3141592,"{""13"": -0.35}","0.000,0.000,0.000,0.000,0.000,0.000,0.000,0.000,0.000,0.000,0.000,0.000,0.000,-0.350,0.000,0.000,0.000,0.000,0.000,0.000,0.000,0.000,0.000,0.000,0.000,0.000,0.000,0.000,0.000,0.000,0.000,0.000,0.000,0.000",S2_W2_reordered_blk13_neg_d0.350_krea2_seed3141592,S2_W2_reordered_blk13_neg_d0.350_krea2_seed3141592_00001_.png,"Refined fantasy illustration, smooth painterly digital brushwork, rich botanical detail, softly modeled forms, subtle luminous highlights, atmospheric depth, elegant color transitions, tranquil magical light, serene and mysterious, award winning, a breathtaking masterpiece. The pond becomes progressively darker toward the edges, shifting into deep teal, petrol and midnight blue. Pale pink lotus blossoms and buds emerge between dense emerald leaves. A luminous turquoise opening in the vegetation surrounds the canoe, revealing clear water, submerged rocks and delicate caustic light patterns below. Inside, a young woman sleeps peacefully on her back along the length of the boat. She wears a flowing ivory dress with soft layered fabric cascading around her legs, her bare feet visible near the stern. One arm bends above her head while the other rests across her torso holding a small closed book. Her head is turned gently to one side, long dark wavy hair spread across the wooden boards. The entire canoe is visible and positioned near the center, surrounded by immense round lotus leaves in many sizes. Dreamlike top down fantasy scene viewed from a perfectly vertical overhead camera, looking straight down onto a narrow weathered wooden canoe drifting through a vast deep lotus pond.",Real Value,euler_ancestral,simple,9,1.0,1.0,1024,1280
118,perturbation,blk15_pos_d0.350,15,0.350,pos,,S2_W2_reordered,3141592,"{""15"": 0.35}","0.000,0.000,0.000,0.000,0.000,0.000,0.000,0.000,0.000,0.000,0.000,0.000,0.000,0.000,0.000,0.350,0.000,0.000,0.000,0.000,0.000,0.000,0.000,0.000,0.000,0.000,0.000,0.000,0.000,0.000,0.000,0.000,0.000,0.000",S2_W2_reordered_blk15_pos_d0.350_krea2_seed3141592,S2_W2_reordered_blk15_pos_d0.350_krea2_seed3141592_00001_.png,"Refined fantasy illustration, smooth painterly digital brushwork, rich botanical detail, softly modeled forms, subtle luminous highlights, atmospheric depth, elegant color transitions, tranquil magical light, serene and mysterious, award winning, a breathtaking masterpiece. The pond becomes progressively darker toward the edges, shifting into deep teal, petrol and midnight blue. Pale pink lotus blossoms and buds emerge between dense emerald leaves. A luminous turquoise opening in the vegetation surrounds the canoe, revealing clear water, submerged rocks and delicate caustic light patterns below. Inside, a young woman sleeps peacefully on her back along the length of the boat. She wears a flowing ivory dress with soft layered fabric cascading around her legs, her bare feet visible near the stern. One arm bends above her head while the other rests across her torso holding a small closed book. Her head is turned gently to one side, long dark wavy hair spread across the wooden boards. The entire canoe is visible and positioned near the center, surrounded by immense round lotus leaves in many sizes. Dreamlike top down fantasy scene viewed from a perfectly vertical overhead camera, looking straight down onto a narrow weathered wooden canoe drifting through a vast deep lotus pond.",Real Value,euler_ancestral,simple,9,1.0,1.0,1024,1280
119,perturbation,blk15_neg_d0.350,15,0.350,neg,,S2_W2_reordered,3141592,"{""15"": -0.35}","0.000,0.000,0.000,0.000,0.000,0.000,0.000,0.000,0.000,0.000,0.000,0.000,0.000,0.000,0.000,-0.350,0.000,0.000,0.000,0.000,0.000,0.000,0.000,0.000,0.000,0.000,0.000,0.000,0.000,0.000,0.000,0.000,0.000,0.000",S2_W2_reordered_blk15_neg_d0.350_krea2_seed3141592,S2_W2_reordered_blk15_neg_d0.350_krea2_seed3141592_00001_.png,"Refined fantasy illustration, smooth painterly digital brushwork, rich botanical detail, softly modeled forms, subtle luminous highlights, atmospheric depth, elegant color transitions, tranquil magical light, serene and mysterious, award winning, a breathtaking masterpiece. The pond becomes progressively darker toward the edges, shifting into deep teal, petrol and midnight blue. Pale pink lotus blossoms and buds emerge between dense emerald leaves. A luminous turquoise opening in the vegetation surrounds the canoe, revealing clear water, submerged rocks and delicate caustic light patterns below. Inside, a young woman sleeps peacefully on her back along the length of the boat. She wears a flowing ivory dress with soft layered fabric cascading around her legs, her bare feet visible near the stern. One arm bends above her head while the other rests across her torso holding a small closed book. Her head is turned gently to one side, long dark wavy hair spread across the wooden boards. The entire canoe is visible and positioned near the center, surrounded by immense round lotus leaves in many sizes. Dreamlike top down fantasy scene viewed from a perfectly vertical overhead camera, looking straight down onto a narrow weathered wooden canoe drifting through a vast deep lotus pond.",Real Value,euler_ancestral,simple,9,1.0,1.0,1024,1280
120,perturbation,blk17_pos_d0.350,17,0.350,pos,,S2_W2_reordered,3141592,"{""17"": 0.35}","0.000,0.000,0.000,0.000,0.000,0.000,0.000,0.000,0.000,0.000,0.000,0.000,0.000,0.000,0.000,0.000,0.000,0.350,0.000,0.000,0.000,0.000,0.000,0.000,0.000,0.000,0.000,0.000,0.000,0.000,0.000,0.000,0.000,0.000",S2_W2_reordered_blk17_pos_d0.350_krea2_seed3141592,S2_W2_reordered_blk17_pos_d0.350_krea2_seed3141592_00001_.png,"Refined fantasy illustration, smooth painterly digital brushwork, rich botanical detail, softly modeled forms, subtle luminous highlights, atmospheric depth, elegant color transitions, tranquil magical light, serene and mysterious, award winning, a breathtaking masterpiece. The pond becomes progressively darker toward the edges, shifting into deep teal, petrol and midnight blue. Pale pink lotus blossoms and buds emerge between dense emerald leaves. A luminous turquoise opening in the vegetation surrounds the canoe, revealing clear water, submerged rocks and delicate caustic light patterns below. Inside, a young woman sleeps peacefully on her back along the length of the boat. She wears a flowing ivory dress with soft layered fabric cascading around her legs, her bare feet visible near the stern. One arm bends above her head while the other rests across her torso holding a small closed book. Her head is turned gently to one side, long dark wavy hair spread across the wooden boards. The entire canoe is visible and positioned near the center, surrounded by immense round lotus leaves in many sizes. Dreamlike top down fantasy scene viewed from a perfectly vertical overhead camera, looking straight down onto a narrow weathered wooden canoe drifting through a vast deep lotus pond.",Real Value,euler_ancestral,simple,9,1.0,1.0,1024,1280
121,perturbation,blk17_neg_d0.350,17,0.350,neg,,S2_W2_reordered,3141592,"{""17"": -0.35}","0.000,0.000,0.000,0.000,0.000,0.000,0.000,0.000,0.000,0.000,0.000,0.000,0.000,0.000,0.000,0.000,0.000,-0.350,0.000,0.000,0.000,0.000,0.000,0.000,0.000,0.000,0.000,0.000,0.000,0.000,0.000,0.000,0.000,0.000",S2_W2_reordered_blk17_neg_d0.350_krea2_seed3141592,S2_W2_reordered_blk17_neg_d0.350_krea2_seed3141592_00001_.png,"Refined fantasy illustration, smooth painterly digital brushwork, rich botanical detail, softly modeled forms, subtle luminous highlights, atmospheric depth, elegant color transitions, tranquil magical light, serene and mysterious, award winning, a breathtaking masterpiece. The pond becomes progressively darker toward the edges, shifting into deep teal, petrol and midnight blue. Pale pink lotus blossoms and buds emerge between dense emerald leaves. A luminous turquoise opening in the vegetation surrounds the canoe, revealing clear water, submerged rocks and delicate caustic light patterns below. Inside, a young woman sleeps peacefully on her back along the length of the boat. She wears a flowing ivory dress with soft layered fabric cascading around her legs, her bare feet visible near the stern. One arm bends above her head while the other rests across her torso holding a small closed book. Her head is turned gently to one side, long dark wavy hair spread across the wooden boards. The entire canoe is visible and positioned near the center, surrounded by immense round lotus leaves in many sizes. Dreamlike top down fantasy scene viewed from a perfectly vertical overhead camera, looking straight down onto a narrow weathered wooden canoe drifting through a vast deep lotus pond.",Real Value,euler_ancestral,simple,9,1.0,1.0,1024,1280
122,perturbation,blk19_pos_d0.350,19,0.350,pos,,S2_W2_reordered,3141592,"{""19"": 0.35}","0.000,0.000,0.000,0.000,0.000,0.000,0.000,0.000,0.000,0.000,0.000,0.000,0.000,0.000,0.000,0.000,0.000,0.000,0.000,0.350,0.000,0.000,0.000,0.000,0.000,0.000,0.000,0.000,0.000,0.000,0.000,0.000,0.000,0.000",S2_W2_reordered_blk19_pos_d0.350_krea2_seed3141592,S2_W2_reordered_blk19_pos_d0.350_krea2_seed3141592_00001_.png,"Refined fantasy illustration, smooth painterly digital brushwork, rich botanical detail, softly modeled forms, subtle luminous highlights, atmospheric depth, elegant color transitions, tranquil magical light, serene and mysterious, award winning, a breathtaking masterpiece. The pond becomes progressively darker toward the edges, shifting into deep teal, petrol and midnight blue. Pale pink lotus blossoms and buds emerge between dense emerald leaves. A luminous turquoise opening in the vegetation surrounds the canoe, revealing clear water, submerged rocks and delicate caustic light patterns below. Inside, a young woman sleeps peacefully on her back along the length of the boat. She wears a flowing ivory dress with soft layered fabric cascading around her legs, her bare feet visible near the stern. One arm bends above her head while the other rests across her torso holding a small closed book. Her head is turned gently to one side, long dark wavy hair spread across the wooden boards. The entire canoe is visible and positioned near the center, surrounded by immense round lotus leaves in many sizes. Dreamlike top down fantasy scene viewed from a perfectly vertical overhead camera, looking straight down onto a narrow weathered wooden canoe drifting through a vast deep lotus pond.",Real Value,euler_ancestral,simple,9,1.0,1.0,1024,1280
123,perturbation,blk19_neg_d0.350,19,0.350,neg,,S2_W2_reordered,3141592,"{""19"": -0.35}","0.000,0.000,0.000,0.000,0.000,0.000,0.000,0.000,0.000,0.000,0.000,0.000,0.000,0.000,0.000,0.000,0.000,0.000,0.000,-0.350,0.000,0.000,0.000,0.000,0.000,0.000,0.000,0.000,0.000,0.000,0.000,0.000,0.000,0.000",S2_W2_reordered_blk19_neg_d0.350_krea2_seed3141592,S2_W2_reordered_blk19_neg_d0.350_krea2_seed3141592_00001_.png,"Refined fantasy illustration, smooth painterly digital brushwork, rich botanical detail, softly modeled forms, subtle luminous highlights, atmospheric depth, elegant color transitions, tranquil magical light, serene and mysterious, award winning, a breathtaking masterpiece. The pond becomes progressively darker toward the edges, shifting into deep teal, petrol and midnight blue. Pale pink lotus blossoms and buds emerge between dense emerald leaves. A luminous turquoise opening in the vegetation surrounds the canoe, revealing clear water, submerged rocks and delicate caustic light patterns below. Inside, a young woman sleeps peacefully on her back along the length of the boat. She wears a flowing ivory dress with soft layered fabric cascading around her legs, her bare feet visible near the stern. One arm bends above her head while the other rests across her torso holding a small closed book. Her head is turned gently to one side, long dark wavy hair spread across the wooden boards. The entire canoe is visible and positioned near the center, surrounded by immense round lotus leaves in many sizes. Dreamlike top down fantasy scene viewed from a perfectly vertical overhead camera, looking straight down onto a narrow weathered wooden canoe drifting through a vast deep lotus pond.",Real Value,euler_ancestral,simple,9,1.0,1.0,1024,1280
124,perturbation,blk23_pos_d0.350,23,0.350,pos,,S2_W2_reordered,3141592,"{""23"": 0.35}","0.000,0.000,0.000,0.000,0.000,0.000,0.000,0.000,0.000,0.000,0.000,0.000,0.000,0.000,0.000,0.000,0.000,0.000,0.000,0.000,0.000,0.000,0.000,0.350,0.000,0.000,0.000,0.000,0.000,0.000,0.000,0.000,0.000,0.000",S2_W2_reordered_blk23_pos_d0.350_krea2_seed3141592,S2_W2_reordered_blk23_pos_d0.350_krea2_seed3141592_00001_.png,"Refined fantasy illustration, smooth painterly digital brushwork, rich botanical detail, softly modeled forms, subtle luminous highlights, atmospheric depth, elegant color transitions, tranquil magical light, serene and mysterious, award winning, a breathtaking masterpiece. The pond becomes progressively darker toward the edges, shifting into deep teal, petrol and midnight blue. Pale pink lotus blossoms and buds emerge between dense emerald leaves. A luminous turquoise opening in the vegetation surrounds the canoe, revealing clear water, submerged rocks and delicate caustic light patterns below. Inside, a young woman sleeps peacefully on her back along the length of the boat. She wears a flowing ivory dress with soft layered fabric cascading around her legs, her bare feet visible near the stern. One arm bends above her head while the other rests across her torso holding a small closed book. Her head is turned gently to one side, long dark wavy hair spread across the wooden boards. The entire canoe is visible and positioned near the center, surrounded by immense round lotus leaves in many sizes. Dreamlike top down fantasy scene viewed from a perfectly vertical overhead camera, looking straight down onto a narrow weathered wooden canoe drifting through a vast deep lotus pond.",Real Value,euler_ancestral,simple,9,1.0,1.0,1024,1280
125,perturbation,blk23_neg_d0.350,23,0.350,neg,,S2_W2_reordered,3141592,"{""23"": -0.35}","0.000,0.000,0.000,0.000,0.000,0.000,0.000,0.000,0.000,0.000,0.000,0.000,0.000,0.000,0.000,0.000,0.000,0.000,0.000,0.000,0.000,0.000,0.000,-0.350,0.000,0.000,0.000,0.000,0.000,0.000,0.000,0.000,0.000,0.000",S2_W2_reordered_blk23_neg_d0.350_krea2_seed3141592,S2_W2_reordered_blk23_neg_d0.350_krea2_seed3141592_00001_.png,"Refined fantasy illustration, smooth painterly digital brushwork, rich botanical detail, softly modeled forms, subtle luminous highlights, atmospheric depth, elegant color transitions, tranquil magical light, serene and mysterious, award winning, a breathtaking masterpiece. The pond becomes progressively darker toward the edges, shifting into deep teal, petrol and midnight blue. Pale pink lotus blossoms and buds emerge between dense emerald leaves. A luminous turquoise opening in the vegetation surrounds the canoe, revealing clear water, submerged rocks and delicate caustic light patterns below. Inside, a young woman sleeps peacefully on her back along the length of the boat. She wears a flowing ivory dress with soft layered fabric cascading around her legs, her bare feet visible near the stern. One arm bends above her head while the other rests across her torso holding a small closed book. Her head is turned gently to one side, long dark wavy hair spread across the wooden boards. The entire canoe is visible and positioned near the center, surrounded by immense round lotus leaves in many sizes. Dreamlike top down fantasy scene viewed from a perfectly vertical overhead camera, looking straight down onto a narrow weathered wooden canoe drifting through a vast deep lotus pond.",Real Value,euler_ancestral,simple,9,1.0,1.0,1024,1280
126,baseline,baseline,baseline,0.000,none,,S2_W3_tags,3141592,{},"0.000,0.000,0.000,0.000,0.000,0.000,0.000,0.000,0.000,0.000,0.000,0.000,0.000,0.000,0.000,0.000,0.000,0.000,0.000,0.000,0.000,0.000,0.000,0.000,0.000,0.000,0.000,0.000,0.000,0.000,0.000,0.000,0.000,0.000",S2_W3_tags_baseline_krea2_seed3141592,S2_W3_tags_baseline_krea2_seed3141592_00001_.png,"dreamlike fantasy scene, top-down view, perfectly vertical overhead camera, looking straight down, narrow weathered wooden canoe, drifting, vast deep lotus pond, entire canoe visible, canoe near center, immense round lotus leaves, lotus leaves in many sizes, young woman, sleeping peacefully, lying on her back along the boat, head turned to one side, long dark wavy hair spread on wooden boards, one arm bent above head, other arm across torso, holding a small closed book, flowing ivory dress, soft layered fabric around legs, bare feet near the stern, pale pink lotus blossoms, lotus buds, dense emerald leaves, luminous turquoise opening in the vegetation around the canoe, clear water, submerged rocks, caustic light patterns, pond darker toward the edges, deep teal, petrol blue, midnight blue, refined fantasy illustration, smooth painterly digital brushwork, rich botanical detail, softly modeled forms, subtle luminous highlights, atmospheric depth, elegant color transitions, tranquil magical light, serene, mysterious, award winning, breathtaking masterpiece",Real Value,euler_ancestral,simple,9,1.0,1.0,1024,1280
127,perturbation,blk00_pos_d0.300,0,0.300,pos,,S2_W3_tags,3141592,"{""0"": 0.3}","0.300,0.000,0.000,0.000,0.000,0.000,0.000,0.000,0.000,0.000,0.000,0.000,0.000,0.000,0.000,0.000,0.000,0.000,0.000,0.000,0.000,0.000,0.000,0.000,0.000,0.000,0.000,0.000,0.000,0.000,0.000,0.000,0.000,0.000",S2_W3_tags_blk00_pos_d0.300_krea2_seed3141592,S2_W3_tags_blk00_pos_d0.300_krea2_seed3141592_00001_.png,"dreamlike fantasy scene, top-down view, perfectly vertical overhead camera, looking straight down, narrow weathered wooden canoe, drifting, vast deep lotus pond, entire canoe visible, canoe near center, immense round lotus leaves, lotus leaves in many sizes, young woman, sleeping peacefully, lying on her back along the boat, head turned to one side, long dark wavy hair spread on wooden boards, one arm bent above head, other arm across torso, holding a small closed book, flowing ivory dress, soft layered fabric around legs, bare feet near the stern, pale pink lotus blossoms, lotus buds, dense emerald leaves, luminous turquoise opening in the vegetation around the canoe, clear water, submerged rocks, caustic light patterns, pond darker toward the edges, deep teal, petrol blue, midnight blue, refined fantasy illustration, smooth painterly digital brushwork, rich botanical detail, softly modeled forms, subtle luminous highlights, atmospheric depth, elegant color transitions, tranquil magical light, serene, mysterious, award winning, breathtaking masterpiece",Real Value,euler_ancestral,simple,9,1.0,1.0,1024,1280
128,perturbation,blk00_neg_d0.250,0,0.250,neg,,S2_W3_tags,3141592,"{""0"": -0.25}","-0.250,0.000,0.000,0.000,0.000,0.000,0.000,0.000,0.000,0.000,0.000,0.000,0.000,0.000,0.000,0.000,0.000,0.000,0.000,0.000,0.000,0.000,0.000,0.000,0.000,0.000,0.000,0.000,0.000,0.000,0.000,0.000,0.000,0.000",S2_W3_tags_blk00_neg_d0.250_krea2_seed3141592,S2_W3_tags_blk00_neg_d0.250_krea2_seed3141592_00001_.png,"dreamlike fantasy scene, top-down view, perfectly vertical overhead camera, looking straight down, narrow weathered wooden canoe, drifting, vast deep lotus pond, entire canoe visible, canoe near center, immense round lotus leaves, lotus leaves in many sizes, young woman, sleeping peacefully, lying on her back along the boat, head turned to one side, long dark wavy hair spread on wooden boards, one arm bent above head, other arm across torso, holding a small closed book, flowing ivory dress, soft layered fabric around legs, bare feet near the stern, pale pink lotus blossoms, lotus buds, dense emerald leaves, luminous turquoise opening in the vegetation around the canoe, clear water, submerged rocks, caustic light patterns, pond darker toward the edges, deep teal, petrol blue, midnight blue, refined fantasy illustration, smooth painterly digital brushwork, rich botanical detail, softly modeled forms, subtle luminous highlights, atmospheric depth, elegant color transitions, tranquil magical light, serene, mysterious, award winning, breathtaking masterpiece",Real Value,euler_ancestral,simple,9,1.0,1.0,1024,1280
129,perturbation,blk27_pos_d0.100,27,0.100,pos,,S2_W3_tags,3141592,"{""27"": 0.1}","0.000,0.000,0.000,0.000,0.000,0.000,0.000,0.000,0.000,0.000,0.000,0.000,0.000,0.000,0.000,0.000,0.000,0.000,0.000,0.000,0.000,0.000,0.000,0.000,0.000,0.000,0.000,0.100,0.000,0.000,0.000,0.000,0.000,0.000",S2_W3_tags_blk27_pos_d0.100_krea2_seed3141592,S2_W3_tags_blk27_pos_d0.100_krea2_seed3141592_00001_.png,"dreamlike fantasy scene, top-down view, perfectly vertical overhead camera, looking straight down, narrow weathered wooden canoe, drifting, vast deep lotus pond, entire canoe visible, canoe near center, immense round lotus leaves, lotus leaves in many sizes, young woman, sleeping peacefully, lying on her back along the boat, head turned to one side, long dark wavy hair spread on wooden boards, one arm bent above head, other arm across torso, holding a small closed book, flowing ivory dress, soft layered fabric around legs, bare feet near the stern, pale pink lotus blossoms, lotus buds, dense emerald leaves, luminous turquoise opening in the vegetation around the canoe, clear water, submerged rocks, caustic light patterns, pond darker toward the edges, deep teal, petrol blue, midnight blue, refined fantasy illustration, smooth painterly digital brushwork, rich botanical detail, softly modeled forms, subtle luminous highlights, atmospheric depth, elegant color transitions, tranquil magical light, serene, mysterious, award winning, breathtaking masterpiece",Real Value,euler_ancestral,simple,9,1.0,1.0,1024,1280
130,perturbation,blk27_neg_d0.075,27,0.075,neg,,S2_W3_tags,3141592,"{""27"": -0.075}","0.000,0.000,0.000,0.000,0.000,0.000,0.000,0.000,0.000,0.000,0.000,0.000,0.000,0.000,0.000,0.000,0.000,0.000,0.000,0.000,0.000,0.000,0.000,0.000,0.000,0.000,0.000,-0.075,0.000,0.000,0.000,0.000,0.000,0.000",S2_W3_tags_blk27_neg_d0.075_krea2_seed3141592,S2_W3_tags_blk27_neg_d0.075_krea2_seed3141592_00001_.png,"dreamlike fantasy scene, top-down view, perfectly vertical overhead camera, looking straight down, narrow weathered wooden canoe, drifting, vast deep lotus pond, entire canoe visible, canoe near center, immense round lotus leaves, lotus leaves in many sizes, young woman, sleeping peacefully, lying on her back along the boat, head turned to one side, long dark wavy hair spread on wooden boards, one arm bent above head, other arm across torso, holding a small closed book, flowing ivory dress, soft layered fabric around legs, bare feet near the stern, pale pink lotus blossoms, lotus buds, dense emerald leaves, luminous turquoise opening in the vegetation around the canoe, clear water, submerged rocks, caustic light patterns, pond darker toward the edges, deep teal, petrol blue, midnight blue, refined fantasy illustration, smooth painterly digital brushwork, rich botanical detail, softly modeled forms, subtle luminous highlights, atmospheric depth, elegant color transitions, tranquil magical light, serene, mysterious, award winning, breathtaking masterpiece",Real Value,euler_ancestral,simple,9,1.0,1.0,1024,1280
131,perturbation,blk02_pos_d0.350,2,0.350,pos,,S2_W3_tags,3141592,"{""2"": 0.35}","0.000,0.000,0.350,0.000,0.000,0.000,0.000,0.000,0.000,0.000,0.000,0.000,0.000,0.000,0.000,0.000,0.000,0.000,0.000,0.000,0.000,0.000,0.000,0.000,0.000,0.000,0.000,0.000,0.000,0.000,0.000,0.000,0.000,0.000",S2_W3_tags_blk02_pos_d0.350_krea2_seed3141592,S2_W3_tags_blk02_pos_d0.350_krea2_seed3141592_00001_.png,"dreamlike fantasy scene, top-down view, perfectly vertical overhead camera, looking straight down, narrow weathered wooden canoe, drifting, vast deep lotus pond, entire canoe visible, canoe near center, immense round lotus leaves, lotus leaves in many sizes, young woman, sleeping peacefully, lying on her back along the boat, head turned to one side, long dark wavy hair spread on wooden boards, one arm bent above head, other arm across torso, holding a small closed book, flowing ivory dress, soft layered fabric around legs, bare feet near the stern, pale pink lotus blossoms, lotus buds, dense emerald leaves, luminous turquoise opening in the vegetation around the canoe, clear water, submerged rocks, caustic light patterns, pond darker toward the edges, deep teal, petrol blue, midnight blue, refined fantasy illustration, smooth painterly digital brushwork, rich botanical detail, softly modeled forms, subtle luminous highlights, atmospheric depth, elegant color transitions, tranquil magical light, serene, mysterious, award winning, breathtaking masterpiece",Real Value,euler_ancestral,simple,9,1.0,1.0,1024,1280
132,perturbation,blk02_neg_d0.350,2,0.350,neg,,S2_W3_tags,3141592,"{""2"": -0.35}","0.000,0.000,-0.350,0.000,0.000,0.000,0.000,0.000,0.000,0.000,0.000,0.000,0.000,0.000,0.000,0.000,0.000,0.000,0.000,0.000,0.000,0.000,0.000,0.000,0.000,0.000,0.000,0.000,0.000,0.000,0.000,0.000,0.000,0.000",S2_W3_tags_blk02_neg_d0.350_krea2_seed3141592,S2_W3_tags_blk02_neg_d0.350_krea2_seed3141592_00001_.png,"dreamlike fantasy scene, top-down view, perfectly vertical overhead camera, looking straight down, narrow weathered wooden canoe, drifting, vast deep lotus pond, entire canoe visible, canoe near center, immense round lotus leaves, lotus leaves in many sizes, young woman, sleeping peacefully, lying on her back along the boat, head turned to one side, long dark wavy hair spread on wooden boards, one arm bent above head, other arm across torso, holding a small closed book, flowing ivory dress, soft layered fabric around legs, bare feet near the stern, pale pink lotus blossoms, lotus buds, dense emerald leaves, luminous turquoise opening in the vegetation around the canoe, clear water, submerged rocks, caustic light patterns, pond darker toward the edges, deep teal, petrol blue, midnight blue, refined fantasy illustration, smooth painterly digital brushwork, rich botanical detail, softly modeled forms, subtle luminous highlights, atmospheric depth, elegant color transitions, tranquil magical light, serene, mysterious, award winning, breathtaking masterpiece",Real Value,euler_ancestral,simple,9,1.0,1.0,1024,1280
133,perturbation,blk05_pos_d0.350,5,0.350,pos,,S2_W3_tags,3141592,"{""5"": 0.35}","0.000,0.000,0.000,0.000,0.000,0.350,0.000,0.000,0.000,0.000,0.000,0.000,0.000,0.000,0.000,0.000,0.000,0.000,0.000,0.000,0.000,0.000,0.000,0.000,0.000,0.000,0.000,0.000,0.000,0.000,0.000,0.000,0.000,0.000",S2_W3_tags_blk05_pos_d0.350_krea2_seed3141592,S2_W3_tags_blk05_pos_d0.350_krea2_seed3141592_00001_.png,"dreamlike fantasy scene, top-down view, perfectly vertical overhead camera, looking straight down, narrow weathered wooden canoe, drifting, vast deep lotus pond, entire canoe visible, canoe near center, immense round lotus leaves, lotus leaves in many sizes, young woman, sleeping peacefully, lying on her back along the boat, head turned to one side, long dark wavy hair spread on wooden boards, one arm bent above head, other arm across torso, holding a small closed book, flowing ivory dress, soft layered fabric around legs, bare feet near the stern, pale pink lotus blossoms, lotus buds, dense emerald leaves, luminous turquoise opening in the vegetation around the canoe, clear water, submerged rocks, caustic light patterns, pond darker toward the edges, deep teal, petrol blue, midnight blue, refined fantasy illustration, smooth painterly digital brushwork, rich botanical detail, softly modeled forms, subtle luminous highlights, atmospheric depth, elegant color transitions, tranquil magical light, serene, mysterious, award winning, breathtaking masterpiece",Real Value,euler_ancestral,simple,9,1.0,1.0,1024,1280
134,perturbation,blk05_neg_d0.350,5,0.350,neg,,S2_W3_tags,3141592,"{""5"": -0.35}","0.000,0.000,0.000,0.000,0.000,-0.350,0.000,0.000,0.000,0.000,0.000,0.000,0.000,0.000,0.000,0.000,0.000,0.000,0.000,0.000,0.000,0.000,0.000,0.000,0.000,0.000,0.000,0.000,0.000,0.000,0.000,0.000,0.000,0.000",S2_W3_tags_blk05_neg_d0.350_krea2_seed3141592,S2_W3_tags_blk05_neg_d0.350_krea2_seed3141592_00001_.png,"dreamlike fantasy scene, top-down view, perfectly vertical overhead camera, looking straight down, narrow weathered wooden canoe, drifting, vast deep lotus pond, entire canoe visible, canoe near center, immense round lotus leaves, lotus leaves in many sizes, young woman, sleeping peacefully, lying on her back along the boat, head turned to one side, long dark wavy hair spread on wooden boards, one arm bent above head, other arm across torso, holding a small closed book, flowing ivory dress, soft layered fabric around legs, bare feet near the stern, pale pink lotus blossoms, lotus buds, dense emerald leaves, luminous turquoise opening in the vegetation around the canoe, clear water, submerged rocks, caustic light patterns, pond darker toward the edges, deep teal, petrol blue, midnight blue, refined fantasy illustration, smooth painterly digital brushwork, rich botanical detail, softly modeled forms, subtle luminous highlights, atmospheric depth, elegant color transitions, tranquil magical light, serene, mysterious, award winning, breathtaking masterpiece",Real Value,euler_ancestral,simple,9,1.0,1.0,1024,1280
135,perturbation,blk08_pos_d0.350,8,0.350,pos,,S2_W3_tags,3141592,"{""8"": 0.35}","0.000,0.000,0.000,0.000,0.000,0.000,0.000,0.000,0.350,0.000,0.000,0.000,0.000,0.000,0.000,0.000,0.000,0.000,0.000,0.000,0.000,0.000,0.000,0.000,0.000,0.000,0.000,0.000,0.000,0.000,0.000,0.000,0.000,0.000",S2_W3_tags_blk08_pos_d0.350_krea2_seed3141592,S2_W3_tags_blk08_pos_d0.350_krea2_seed3141592_00001_.png,"dreamlike fantasy scene, top-down view, perfectly vertical overhead camera, looking straight down, narrow weathered wooden canoe, drifting, vast deep lotus pond, entire canoe visible, canoe near center, immense round lotus leaves, lotus leaves in many sizes, young woman, sleeping peacefully, lying on her back along the boat, head turned to one side, long dark wavy hair spread on wooden boards, one arm bent above head, other arm across torso, holding a small closed book, flowing ivory dress, soft layered fabric around legs, bare feet near the stern, pale pink lotus blossoms, lotus buds, dense emerald leaves, luminous turquoise opening in the vegetation around the canoe, clear water, submerged rocks, caustic light patterns, pond darker toward the edges, deep teal, petrol blue, midnight blue, refined fantasy illustration, smooth painterly digital brushwork, rich botanical detail, softly modeled forms, subtle luminous highlights, atmospheric depth, elegant color transitions, tranquil magical light, serene, mysterious, award winning, breathtaking masterpiece",Real Value,euler_ancestral,simple,9,1.0,1.0,1024,1280
136,perturbation,blk08_neg_d0.350,8,0.350,neg,,S2_W3_tags,3141592,"{""8"": -0.35}","0.000,0.000,0.000,0.000,0.000,0.000,0.000,0.000,-0.350,0.000,0.000,0.000,0.000,0.000,0.000,0.000,0.000,0.000,0.000,0.000,0.000,0.000,0.000,0.000,0.000,0.000,0.000,0.000,0.000,0.000,0.000,0.000,0.000,0.000",S2_W3_tags_blk08_neg_d0.350_krea2_seed3141592,S2_W3_tags_blk08_neg_d0.350_krea2_seed3141592_00001_.png,"dreamlike fantasy scene, top-down view, perfectly vertical overhead camera, looking straight down, narrow weathered wooden canoe, drifting, vast deep lotus pond, entire canoe visible, canoe near center, immense round lotus leaves, lotus leaves in many sizes, young woman, sleeping peacefully, lying on her back along the boat, head turned to one side, long dark wavy hair spread on wooden boards, one arm bent above head, other arm across torso, holding a small closed book, flowing ivory dress, soft layered fabric around legs, bare feet near the stern, pale pink lotus blossoms, lotus buds, dense emerald leaves, luminous turquoise opening in the vegetation around the canoe, clear water, submerged rocks, caustic light patterns, pond darker toward the edges, deep teal, petrol blue, midnight blue, refined fantasy illustration, smooth painterly digital brushwork, rich botanical detail, softly modeled forms, subtle luminous highlights, atmospheric depth, elegant color transitions, tranquil magical light, serene, mysterious, award winning, breathtaking masterpiece",Real Value,euler_ancestral,simple,9,1.0,1.0,1024,1280
137,perturbation,blk09_pos_d0.350,9,0.350,pos,,S2_W3_tags,3141592,"{""9"": 0.35}","0.000,0.000,0.000,0.000,0.000,0.000,0.000,0.000,0.000,0.350,0.000,0.000,0.000,0.000,0.000,0.000,0.000,0.000,0.000,0.000,0.000,0.000,0.000,0.000,0.000,0.000,0.000,0.000,0.000,0.000,0.000,0.000,0.000,0.000",S2_W3_tags_blk09_pos_d0.350_krea2_seed3141592,S2_W3_tags_blk09_pos_d0.350_krea2_seed3141592_00001_.png,"dreamlike fantasy scene, top-down view, perfectly vertical overhead camera, looking straight down, narrow weathered wooden canoe, drifting, vast deep lotus pond, entire canoe visible, canoe near center, immense round lotus leaves, lotus leaves in many sizes, young woman, sleeping peacefully, lying on her back along the boat, head turned to one side, long dark wavy hair spread on wooden boards, one arm bent above head, other arm across torso, holding a small closed book, flowing ivory dress, soft layered fabric around legs, bare feet near the stern, pale pink lotus blossoms, lotus buds, dense emerald leaves, luminous turquoise opening in the vegetation around the canoe, clear water, submerged rocks, caustic light patterns, pond darker toward the edges, deep teal, petrol blue, midnight blue, refined fantasy illustration, smooth painterly digital brushwork, rich botanical detail, softly modeled forms, subtle luminous highlights, atmospheric depth, elegant color transitions, tranquil magical light, serene, mysterious, award winning, breathtaking masterpiece",Real Value,euler_ancestral,simple,9,1.0,1.0,1024,1280
138,perturbation,blk09_neg_d0.350,9,0.350,neg,,S2_W3_tags,3141592,"{""9"": -0.35}","0.000,0.000,0.000,0.000,0.000,0.000,0.000,0.000,0.000,-0.350,0.000,0.000,0.000,0.000,0.000,0.000,0.000,0.000,0.000,0.000,0.000,0.000,0.000,0.000,0.000,0.000,0.000,0.000,0.000,0.000,0.000,0.000,0.000,0.000",S2_W3_tags_blk09_neg_d0.350_krea2_seed3141592,S2_W3_tags_blk09_neg_d0.350_krea2_seed3141592_00001_.png,"dreamlike fantasy scene, top-down view, perfectly vertical overhead camera, looking straight down, narrow weathered wooden canoe, drifting, vast deep lotus pond, entire canoe visible, canoe near center, immense round lotus leaves, lotus leaves in many sizes, young woman, sleeping peacefully, lying on her back along the boat, head turned to one side, long dark wavy hair spread on wooden boards, one arm bent above head, other arm across torso, holding a small closed book, flowing ivory dress, soft layered fabric around legs, bare feet near the stern, pale pink lotus blossoms, lotus buds, dense emerald leaves, luminous turquoise opening in the vegetation around the canoe, clear water, submerged rocks, caustic light patterns, pond darker toward the edges, deep teal, petrol blue, midnight blue, refined fantasy illustration, smooth painterly digital brushwork, rich botanical detail, softly modeled forms, subtle luminous highlights, atmospheric depth, elegant color transitions, tranquil magical light, serene, mysterious, award winning, breathtaking masterpiece",Real Value,euler_ancestral,simple,9,1.0,1.0,1024,1280
139,perturbation,blk12_pos_d0.350,12,0.350,pos,,S2_W3_tags,3141592,"{""12"": 0.35}","0.000,0.000,0.000,0.000,0.000,0.000,0.000,0.000,0.000,0.000,0.000,0.000,0.350,0.000,0.000,0.000,0.000,0.000,0.000,0.000,0.000,0.000,0.000,0.000,0.000,0.000,0.000,0.000,0.000,0.000,0.000,0.000,0.000,0.000",S2_W3_tags_blk12_pos_d0.350_krea2_seed3141592,S2_W3_tags_blk12_pos_d0.350_krea2_seed3141592_00001_.png,"dreamlike fantasy scene, top-down view, perfectly vertical overhead camera, looking straight down, narrow weathered wooden canoe, drifting, vast deep lotus pond, entire canoe visible, canoe near center, immense round lotus leaves, lotus leaves in many sizes, young woman, sleeping peacefully, lying on her back along the boat, head turned to one side, long dark wavy hair spread on wooden boards, one arm bent above head, other arm across torso, holding a small closed book, flowing ivory dress, soft layered fabric around legs, bare feet near the stern, pale pink lotus blossoms, lotus buds, dense emerald leaves, luminous turquoise opening in the vegetation around the canoe, clear water, submerged rocks, caustic light patterns, pond darker toward the edges, deep teal, petrol blue, midnight blue, refined fantasy illustration, smooth painterly digital brushwork, rich botanical detail, softly modeled forms, subtle luminous highlights, atmospheric depth, elegant color transitions, tranquil magical light, serene, mysterious, award winning, breathtaking masterpiece",Real Value,euler_ancestral,simple,9,1.0,1.0,1024,1280
140,perturbation,blk12_neg_d0.350,12,0.350,neg,,S2_W3_tags,3141592,"{""12"": -0.35}","0.000,0.000,0.000,0.000,0.000,0.000,0.000,0.000,0.000,0.000,0.000,0.000,-0.350,0.000,0.000,0.000,0.000,0.000,0.000,0.000,0.000,0.000,0.000,0.000,0.000,0.000,0.000,0.000,0.000,0.000,0.000,0.000,0.000,0.000",S2_W3_tags_blk12_neg_d0.350_krea2_seed3141592,S2_W3_tags_blk12_neg_d0.350_krea2_seed3141592_00001_.png,"dreamlike fantasy scene, top-down view, perfectly vertical overhead camera, looking straight down, narrow weathered wooden canoe, drifting, vast deep lotus pond, entire canoe visible, canoe near center, immense round lotus leaves, lotus leaves in many sizes, young woman, sleeping peacefully, lying on her back along the boat, head turned to one side, long dark wavy hair spread on wooden boards, one arm bent above head, other arm across torso, holding a small closed book, flowing ivory dress, soft layered fabric around legs, bare feet near the stern, pale pink lotus blossoms, lotus buds, dense emerald leaves, luminous turquoise opening in the vegetation around the canoe, clear water, submerged rocks, caustic light patterns, pond darker toward the edges, deep teal, petrol blue, midnight blue, refined fantasy illustration, smooth painterly digital brushwork, rich botanical detail, softly modeled forms, subtle luminous highlights, atmospheric depth, elegant color transitions, tranquil magical light, serene, mysterious, award winning, breathtaking masterpiece",Real Value,euler_ancestral,simple,9,1.0,1.0,1024,1280
141,perturbation,blk13_pos_d0.350,13,0.350,pos,,S2_W3_tags,3141592,"{""13"": 0.35}","0.000,0.000,0.000,0.000,0.000,0.000,0.000,0.000,0.000,0.000,0.000,0.000,0.000,0.350,0.000,0.000,0.000,0.000,0.000,0.000,0.000,0.000,0.000,0.000,0.000,0.000,0.000,0.000,0.000,0.000,0.000,0.000,0.000,0.000",S2_W3_tags_blk13_pos_d0.350_krea2_seed3141592,S2_W3_tags_blk13_pos_d0.350_krea2_seed3141592_00001_.png,"dreamlike fantasy scene, top-down view, perfectly vertical overhead camera, looking straight down, narrow weathered wooden canoe, drifting, vast deep lotus pond, entire canoe visible, canoe near center, immense round lotus leaves, lotus leaves in many sizes, young woman, sleeping peacefully, lying on her back along the boat, head turned to one side, long dark wavy hair spread on wooden boards, one arm bent above head, other arm across torso, holding a small closed book, flowing ivory dress, soft layered fabric around legs, bare feet near the stern, pale pink lotus blossoms, lotus buds, dense emerald leaves, luminous turquoise opening in the vegetation around the canoe, clear water, submerged rocks, caustic light patterns, pond darker toward the edges, deep teal, petrol blue, midnight blue, refined fantasy illustration, smooth painterly digital brushwork, rich botanical detail, softly modeled forms, subtle luminous highlights, atmospheric depth, elegant color transitions, tranquil magical light, serene, mysterious, award winning, breathtaking masterpiece",Real Value,euler_ancestral,simple,9,1.0,1.0,1024,1280
142,perturbation,blk13_neg_d0.350,13,0.350,neg,,S2_W3_tags,3141592,"{""13"": -0.35}","0.000,0.000,0.000,0.000,0.000,0.000,0.000,0.000,0.000,0.000,0.000,0.000,0.000,-0.350,0.000,0.000,0.000,0.000,0.000,0.000,0.000,0.000,0.000,0.000,0.000,0.000,0.000,0.000,0.000,0.000,0.000,0.000,0.000,0.000",S2_W3_tags_blk13_neg_d0.350_krea2_seed3141592,S2_W3_tags_blk13_neg_d0.350_krea2_seed3141592_00001_.png,"dreamlike fantasy scene, top-down view, perfectly vertical overhead camera, looking straight down, narrow weathered wooden canoe, drifting, vast deep lotus pond, entire canoe visible, canoe near center, immense round lotus leaves, lotus leaves in many sizes, young woman, sleeping peacefully, lying on her back along the boat, head turned to one side, long dark wavy hair spread on wooden boards, one arm bent above head, other arm across torso, holding a small closed book, flowing ivory dress, soft layered fabric around legs, bare feet near the stern, pale pink lotus blossoms, lotus buds, dense emerald leaves, luminous turquoise opening in the vegetation around the canoe, clear water, submerged rocks, caustic light patterns, pond darker toward the edges, deep teal, petrol blue, midnight blue, refined fantasy illustration, smooth painterly digital brushwork, rich botanical detail, softly modeled forms, subtle luminous highlights, atmospheric depth, elegant color transitions, tranquil magical light, serene, mysterious, award winning, breathtaking masterpiece",Real Value,euler_ancestral,simple,9,1.0,1.0,1024,1280
143,perturbation,blk15_pos_d0.350,15,0.350,pos,,S2_W3_tags,3141592,"{""15"": 0.35}","0.000,0.000,0.000,0.000,0.000,0.000,0.000,0.000,0.000,0.000,0.000,0.000,0.000,0.000,0.000,0.350,0.000,0.000,0.000,0.000,0.000,0.000,0.000,0.000,0.000,0.000,0.000,0.000,0.000,0.000,0.000,0.000,0.000,0.000",S2_W3_tags_blk15_pos_d0.350_krea2_seed3141592,S2_W3_tags_blk15_pos_d0.350_krea2_seed3141592_00001_.png,"dreamlike fantasy scene, top-down view, perfectly vertical overhead camera, looking straight down, narrow weathered wooden canoe, drifting, vast deep lotus pond, entire canoe visible, canoe near center, immense round lotus leaves, lotus leaves in many sizes, young woman, sleeping peacefully, lying on her back along the boat, head turned to one side, long dark wavy hair spread on wooden boards, one arm bent above head, other arm across torso, holding a small closed book, flowing ivory dress, soft layered fabric around legs, bare feet near the stern, pale pink lotus blossoms, lotus buds, dense emerald leaves, luminous turquoise opening in the vegetation around the canoe, clear water, submerged rocks, caustic light patterns, pond darker toward the edges, deep teal, petrol blue, midnight blue, refined fantasy illustration, smooth painterly digital brushwork, rich botanical detail, softly modeled forms, subtle luminous highlights, atmospheric depth, elegant color transitions, tranquil magical light, serene, mysterious, award winning, breathtaking masterpiece",Real Value,euler_ancestral,simple,9,1.0,1.0,1024,1280
144,perturbation,blk15_neg_d0.350,15,0.350,neg,,S2_W3_tags,3141592,"{""15"": -0.35}","0.000,0.000,0.000,0.000,0.000,0.000,0.000,0.000,0.000,0.000,0.000,0.000,0.000,0.000,0.000,-0.350,0.000,0.000,0.000,0.000,0.000,0.000,0.000,0.000,0.000,0.000,0.000,0.000,0.000,0.000,0.000,0.000,0.000,0.000",S2_W3_tags_blk15_neg_d0.350_krea2_seed3141592,S2_W3_tags_blk15_neg_d0.350_krea2_seed3141592_00001_.png,"dreamlike fantasy scene, top-down view, perfectly vertical overhead camera, looking straight down, narrow weathered wooden canoe, drifting, vast deep lotus pond, entire canoe visible, canoe near center, immense round lotus leaves, lotus leaves in many sizes, young woman, sleeping peacefully, lying on her back along the boat, head turned to one side, long dark wavy hair spread on wooden boards, one arm bent above head, other arm across torso, holding a small closed book, flowing ivory dress, soft layered fabric around legs, bare feet near the stern, pale pink lotus blossoms, lotus buds, dense emerald leaves, luminous turquoise opening in the vegetation around the canoe, clear water, submerged rocks, caustic light patterns, pond darker toward the edges, deep teal, petrol blue, midnight blue, refined fantasy illustration, smooth painterly digital brushwork, rich botanical detail, softly modeled forms, subtle luminous highlights, atmospheric depth, elegant color transitions, tranquil magical light, serene, mysterious, award winning, breathtaking masterpiece",Real Value,euler_ancestral,simple,9,1.0,1.0,1024,1280
145,perturbation,blk17_pos_d0.350,17,0.350,pos,,S2_W3_tags,3141592,"{""17"": 0.35}","0.000,0.000,0.000,0.000,0.000,0.000,0.000,0.000,0.000,0.000,0.000,0.000,0.000,0.000,0.000,0.000,0.000,0.350,0.000,0.000,0.000,0.000,0.000,0.000,0.000,0.000,0.000,0.000,0.000,0.000,0.000,0.000,0.000,0.000",S2_W3_tags_blk17_pos_d0.350_krea2_seed3141592,S2_W3_tags_blk17_pos_d0.350_krea2_seed3141592_00001_.png,"dreamlike fantasy scene, top-down view, perfectly vertical overhead camera, looking straight down, narrow weathered wooden canoe, drifting, vast deep lotus pond, entire canoe visible, canoe near center, immense round lotus leaves, lotus leaves in many sizes, young woman, sleeping peacefully, lying on her back along the boat, head turned to one side, long dark wavy hair spread on wooden boards, one arm bent above head, other arm across torso, holding a small closed book, flowing ivory dress, soft layered fabric around legs, bare feet near the stern, pale pink lotus blossoms, lotus buds, dense emerald leaves, luminous turquoise opening in the vegetation around the canoe, clear water, submerged rocks, caustic light patterns, pond darker toward the edges, deep teal, petrol blue, midnight blue, refined fantasy illustration, smooth painterly digital brushwork, rich botanical detail, softly modeled forms, subtle luminous highlights, atmospheric depth, elegant color transitions, tranquil magical light, serene, mysterious, award winning, breathtaking masterpiece",Real Value,euler_ancestral,simple,9,1.0,1.0,1024,1280
146,perturbation,blk17_neg_d0.350,17,0.350,neg,,S2_W3_tags,3141592,"{""17"": -0.35}","0.000,0.000,0.000,0.000,0.000,0.000,0.000,0.000,0.000,0.000,0.000,0.000,0.000,0.000,0.000,0.000,0.000,-0.350,0.000,0.000,0.000,0.000,0.000,0.000,0.000,0.000,0.000,0.000,0.000,0.000,0.000,0.000,0.000,0.000",S2_W3_tags_blk17_neg_d0.350_krea2_seed3141592,S2_W3_tags_blk17_neg_d0.350_krea2_seed3141592_00001_.png,"dreamlike fantasy scene, top-down view, perfectly vertical overhead camera, looking straight down, narrow weathered wooden canoe, drifting, vast deep lotus pond, entire canoe visible, canoe near center, immense round lotus leaves, lotus leaves in many sizes, young woman, sleeping peacefully, lying on her back along the boat, head turned to one side, long dark wavy hair spread on wooden boards, one arm bent above head, other arm across torso, holding a small closed book, flowing ivory dress, soft layered fabric around legs, bare feet near the stern, pale pink lotus blossoms, lotus buds, dense emerald leaves, luminous turquoise opening in the vegetation around the canoe, clear water, submerged rocks, caustic light patterns, pond darker toward the edges, deep teal, petrol blue, midnight blue, refined fantasy illustration, smooth painterly digital brushwork, rich botanical detail, softly modeled forms, subtle luminous highlights, atmospheric depth, elegant color transitions, tranquil magical light, serene, mysterious, award winning, breathtaking masterpiece",Real Value,euler_ancestral,simple,9,1.0,1.0,1024,1280
147,perturbation,blk19_pos_d0.350,19,0.350,pos,,S2_W3_tags,3141592,"{""19"": 0.35}","0.000,0.000,0.000,0.000,0.000,0.000,0.000,0.000,0.000,0.000,0.000,0.000,0.000,0.000,0.000,0.000,0.000,0.000,0.000,0.350,0.000,0.000,0.000,0.000,0.000,0.000,0.000,0.000,0.000,0.000,0.000,0.000,0.000,0.000",S2_W3_tags_blk19_pos_d0.350_krea2_seed3141592,S2_W3_tags_blk19_pos_d0.350_krea2_seed3141592_00001_.png,"dreamlike fantasy scene, top-down view, perfectly vertical overhead camera, looking straight down, narrow weathered wooden canoe, drifting, vast deep lotus pond, entire canoe visible, canoe near center, immense round lotus leaves, lotus leaves in many sizes, young woman, sleeping peacefully, lying on her back along the boat, head turned to one side, long dark wavy hair spread on wooden boards, one arm bent above head, other arm across torso, holding a small closed book, flowing ivory dress, soft layered fabric around legs, bare feet near the stern, pale pink lotus blossoms, lotus buds, dense emerald leaves, luminous turquoise opening in the vegetation around the canoe, clear water, submerged rocks, caustic light patterns, pond darker toward the edges, deep teal, petrol blue, midnight blue, refined fantasy illustration, smooth painterly digital brushwork, rich botanical detail, softly modeled forms, subtle luminous highlights, atmospheric depth, elegant color transitions, tranquil magical light, serene, mysterious, award winning, breathtaking masterpiece",Real Value,euler_ancestral,simple,9,1.0,1.0,1024,1280
148,perturbation,blk19_neg_d0.350,19,0.350,neg,,S2_W3_tags,3141592,"{""19"": -0.35}","0.000,0.000,0.000,0.000,0.000,0.000,0.000,0.000,0.000,0.000,0.000,0.000,0.000,0.000,0.000,0.000,0.000,0.000,0.000,-0.350,0.000,0.000,0.000,0.000,0.000,0.000,0.000,0.000,0.000,0.000,0.000,0.000,0.000,0.000",S2_W3_tags_blk19_neg_d0.350_krea2_seed3141592,S2_W3_tags_blk19_neg_d0.350_krea2_seed3141592_00001_.png,"dreamlike fantasy scene, top-down view, perfectly vertical overhead camera, looking straight down, narrow weathered wooden canoe, drifting, vast deep lotus pond, entire canoe visible, canoe near center, immense round lotus leaves, lotus leaves in many sizes, young woman, sleeping peacefully, lying on her back along the boat, head turned to one side, long dark wavy hair spread on wooden boards, one arm bent above head, other arm across torso, holding a small closed book, flowing ivory dress, soft layered fabric around legs, bare feet near the stern, pale pink lotus blossoms, lotus buds, dense emerald leaves, luminous turquoise opening in the vegetation around the canoe, clear water, submerged rocks, caustic light patterns, pond darker toward the edges, deep teal, petrol blue, midnight blue, refined fantasy illustration, smooth painterly digital brushwork, rich botanical detail, softly modeled forms, subtle luminous highlights, atmospheric depth, elegant color transitions, tranquil magical light, serene, mysterious, award winning, breathtaking masterpiece",Real Value,euler_ancestral,simple,9,1.0,1.0,1024,1280
149,perturbation,blk23_pos_d0.350,23,0.350,pos,,S2_W3_tags,3141592,"{""23"": 0.35}","0.000,0.000,0.000,0.000,0.000,0.000,0.000,0.000,0.000,0.000,0.000,0.000,0.000,0.000,0.000,0.000,0.000,0.000,0.000,0.000,0.000,0.000,0.000,0.350,0.000,0.000,0.000,0.000,0.000,0.000,0.000,0.000,0.000,0.000",S2_W3_tags_blk23_pos_d0.350_krea2_seed3141592,S2_W3_tags_blk23_pos_d0.350_krea2_seed3141592_00001_.png,"dreamlike fantasy scene, top-down view, perfectly vertical overhead camera, looking straight down, narrow weathered wooden canoe, drifting, vast deep lotus pond, entire canoe visible, canoe near center, immense round lotus leaves, lotus leaves in many sizes, young woman, sleeping peacefully, lying on her back along the boat, head turned to one side, long dark wavy hair spread on wooden boards, one arm bent above head, other arm across torso, holding a small closed book, flowing ivory dress, soft layered fabric around legs, bare feet near the stern, pale pink lotus blossoms, lotus buds, dense emerald leaves, luminous turquoise opening in the vegetation around the canoe, clear water, submerged rocks, caustic light patterns, pond darker toward the edges, deep teal, petrol blue, midnight blue, refined fantasy illustration, smooth painterly digital brushwork, rich botanical detail, softly modeled forms, subtle luminous highlights, atmospheric depth, elegant color transitions, tranquil magical light, serene, mysterious, award winning, breathtaking masterpiece",Real Value,euler_ancestral,simple,9,1.0,1.0,1024,1280
150,perturbation,blk23_neg_d0.350,23,0.350,neg,,S2_W3_tags,3141592,"{""23"": -0.35}","0.000,0.000,0.000,0.000,0.000,0.000,0.000,0.000,0.000,0.000,0.000,0.000,0.000,0.000,0.000,0.000,0.000,0.000,0.000,0.000,0.000,0.000,0.000,-0.350,0.000,0.000,0.000,0.000,0.000,0.000,0.000,0.000,0.000,0.000",S2_W3_tags_blk23_neg_d0.350_krea2_seed3141592,S2_W3_tags_blk23_neg_d0.350_krea2_seed3141592_00001_.png,"dreamlike fantasy scene, top-down view, perfectly vertical overhead camera, looking straight down, narrow weathered wooden canoe, drifting, vast deep lotus pond, entire canoe visible, canoe near center, immense round lotus leaves, lotus leaves in many sizes, young woman, sleeping peacefully, lying on her back along the boat, head turned to one side, long dark wavy hair spread on wooden boards, one arm bent above head, other arm across torso, holding a small closed book, flowing ivory dress, soft layered fabric around legs, bare feet near the stern, pale pink lotus blossoms, lotus buds, dense emerald leaves, luminous turquoise opening in the vegetation around the canoe, clear water, submerged rocks, caustic light patterns, pond darker toward the edges, deep teal, petrol blue, midnight blue, refined fantasy illustration, smooth painterly digital brushwork, rich botanical detail, softly modeled forms, subtle luminous highlights, atmospheric depth, elegant color transitions, tranquil magical light, serene, mysterious, award winning, breathtaking masterpiece",Real Value,euler_ancestral,simple,9,1.0,1.0,1024,1280
151,baseline,baseline,baseline,0.000,none,,S2_W4_synonyms,3141592,{},"0.000,0.000,0.000,0.000,0.000,0.000,0.000,0.000,0.000,0.000,0.000,0.000,0.000,0.000,0.000,0.000,0.000,0.000,0.000,0.000,0.000,0.000,0.000,0.000,0.000,0.000,0.000,0.000,0.000,0.000,0.000,0.000,0.000,0.000",S2_W4_synonyms_baseline_krea2_seed3141592,S2_W4_synonyms_baseline_krea2_seed3141592_00001_.png,"A fantasy scene with the quality of a dream, taken by a camera placed exactly overhead and aimed straight down at a slender, worn wooden canoe floating across an enormous, deep pond of lotuses. The whole boat can be seen, sitting close to the middle of the frame, ringed by huge circular lotus pads of varied sizes. In it a young woman lies asleep on her back, stretched along the boat, calm and at rest. Her face is tilted softly to one side and her long, dark, wavy hair fans out over the wooden planks. One of her arms is folded above her head; the other lies over her chest and holds a little closed book. She is dressed in a flowing gown of ivory, its soft layers of fabric spilling around her legs, and her bare feet show near the back of the canoe. Pale pink lotus flowers and buds rise among thick emerald leaves. Around the boat, a glowing turquoise gap in the plants shows clear water, rocks under the surface and fine rippling caustic light beneath. Toward its borders the pond grows steadily darker, turning deep teal, petrol and the blue of a midnight sky. An elegant fantasy painting with smooth digital brush strokes, lush botanical detail, gently sculpted shapes, delicate glowing highlights, a sense of atmospheric depth, graceful shifts of colour, calm enchanted light, peaceful and enigmatic, prize-winning, a stunning masterpiece.",Real Value,euler_ancestral,simple,9,1.0,1.0,1024,1280
152,perturbation,blk00_pos_d0.300,0,0.300,pos,,S2_W4_synonyms,3141592,"{""0"": 0.3}","0.300,0.000,0.000,0.000,0.000,0.000,0.000,0.000,0.000,0.000,0.000,0.000,0.000,0.000,0.000,0.000,0.000,0.000,0.000,0.000,0.000,0.000,0.000,0.000,0.000,0.000,0.000,0.000,0.000,0.000,0.000,0.000,0.000,0.000",S2_W4_synonyms_blk00_pos_d0.300_krea2_seed3141592,S2_W4_synonyms_blk00_pos_d0.300_krea2_seed3141592_00001_.png,"A fantasy scene with the quality of a dream, taken by a camera placed exactly overhead and aimed straight down at a slender, worn wooden canoe floating across an enormous, deep pond of lotuses. The whole boat can be seen, sitting close to the middle of the frame, ringed by huge circular lotus pads of varied sizes. In it a young woman lies asleep on her back, stretched along the boat, calm and at rest. Her face is tilted softly to one side and her long, dark, wavy hair fans out over the wooden planks. One of her arms is folded above her head; the other lies over her chest and holds a little closed book. She is dressed in a flowing gown of ivory, its soft layers of fabric spilling around her legs, and her bare feet show near the back of the canoe. Pale pink lotus flowers and buds rise among thick emerald leaves. Around the boat, a glowing turquoise gap in the plants shows clear water, rocks under the surface and fine rippling caustic light beneath. Toward its borders the pond grows steadily darker, turning deep teal, petrol and the blue of a midnight sky. An elegant fantasy painting with smooth digital brush strokes, lush botanical detail, gently sculpted shapes, delicate glowing highlights, a sense of atmospheric depth, graceful shifts of colour, calm enchanted light, peaceful and enigmatic, prize-winning, a stunning masterpiece.",Real Value,euler_ancestral,simple,9,1.0,1.0,1024,1280
153,perturbation,blk00_neg_d0.250,0,0.250,neg,,S2_W4_synonyms,3141592,"{""0"": -0.25}","-0.250,0.000,0.000,0.000,0.000,0.000,0.000,0.000,0.000,0.000,0.000,0.000,0.000,0.000,0.000,0.000,0.000,0.000,0.000,0.000,0.000,0.000,0.000,0.000,0.000,0.000,0.000,0.000,0.000,0.000,0.000,0.000,0.000,0.000",S2_W4_synonyms_blk00_neg_d0.250_krea2_seed3141592,S2_W4_synonyms_blk00_neg_d0.250_krea2_seed3141592_00001_.png,"A fantasy scene with the quality of a dream, taken by a camera placed exactly overhead and aimed straight down at a slender, worn wooden canoe floating across an enormous, deep pond of lotuses. The whole boat can be seen, sitting close to the middle of the frame, ringed by huge circular lotus pads of varied sizes. In it a young woman lies asleep on her back, stretched along the boat, calm and at rest. Her face is tilted softly to one side and her long, dark, wavy hair fans out over the wooden planks. One of her arms is folded above her head; the other lies over her chest and holds a little closed book. She is dressed in a flowing gown of ivory, its soft layers of fabric spilling around her legs, and her bare feet show near the back of the canoe. Pale pink lotus flowers and buds rise among thick emerald leaves. Around the boat, a glowing turquoise gap in the plants shows clear water, rocks under the surface and fine rippling caustic light beneath. Toward its borders the pond grows steadily darker, turning deep teal, petrol and the blue of a midnight sky. An elegant fantasy painting with smooth digital brush strokes, lush botanical detail, gently sculpted shapes, delicate glowing highlights, a sense of atmospheric depth, graceful shifts of colour, calm enchanted light, peaceful and enigmatic, prize-winning, a stunning masterpiece.",Real Value,euler_ancestral,simple,9,1.0,1.0,1024,1280
154,perturbation,blk27_pos_d0.100,27,0.100,pos,,S2_W4_synonyms,3141592,"{""27"": 0.1}","0.000,0.000,0.000,0.000,0.000,0.000,0.000,0.000,0.000,0.000,0.000,0.000,0.000,0.000,0.000,0.000,0.000,0.000,0.000,0.000,0.000,0.000,0.000,0.000,0.000,0.000,0.000,0.100,0.000,0.000,0.000,0.000,0.000,0.000",S2_W4_synonyms_blk27_pos_d0.100_krea2_seed3141592,S2_W4_synonyms_blk27_pos_d0.100_krea2_seed3141592_00001_.png,"A fantasy scene with the quality of a dream, taken by a camera placed exactly overhead and aimed straight down at a slender, worn wooden canoe floating across an enormous, deep pond of lotuses. The whole boat can be seen, sitting close to the middle of the frame, ringed by huge circular lotus pads of varied sizes. In it a young woman lies asleep on her back, stretched along the boat, calm and at rest. Her face is tilted softly to one side and her long, dark, wavy hair fans out over the wooden planks. One of her arms is folded above her head; the other lies over her chest and holds a little closed book. She is dressed in a flowing gown of ivory, its soft layers of fabric spilling around her legs, and her bare feet show near the back of the canoe. Pale pink lotus flowers and buds rise among thick emerald leaves. Around the boat, a glowing turquoise gap in the plants shows clear water, rocks under the surface and fine rippling caustic light beneath. Toward its borders the pond grows steadily darker, turning deep teal, petrol and the blue of a midnight sky. An elegant fantasy painting with smooth digital brush strokes, lush botanical detail, gently sculpted shapes, delicate glowing highlights, a sense of atmospheric depth, graceful shifts of colour, calm enchanted light, peaceful and enigmatic, prize-winning, a stunning masterpiece.",Real Value,euler_ancestral,simple,9,1.0,1.0,1024,1280
155,perturbation,blk27_neg_d0.075,27,0.075,neg,,S2_W4_synonyms,3141592,"{""27"": -0.075}","0.000,0.000,0.000,0.000,0.000,0.000,0.000,0.000,0.000,0.000,0.000,0.000,0.000,0.000,0.000,0.000,0.000,0.000,0.000,0.000,0.000,0.000,0.000,0.000,0.000,0.000,0.000,-0.075,0.000,0.000,0.000,0.000,0.000,0.000",S2_W4_synonyms_blk27_neg_d0.075_krea2_seed3141592,S2_W4_synonyms_blk27_neg_d0.075_krea2_seed3141592_00001_.png,"A fantasy scene with the quality of a dream, taken by a camera placed exactly overhead and aimed straight down at a slender, worn wooden canoe floating across an enormous, deep pond of lotuses. The whole boat can be seen, sitting close to the middle of the frame, ringed by huge circular lotus pads of varied sizes. In it a young woman lies asleep on her back, stretched along the boat, calm and at rest. Her face is tilted softly to one side and her long, dark, wavy hair fans out over the wooden planks. One of her arms is folded above her head; the other lies over her chest and holds a little closed book. She is dressed in a flowing gown of ivory, its soft layers of fabric spilling around her legs, and her bare feet show near the back of the canoe. Pale pink lotus flowers and buds rise among thick emerald leaves. Around the boat, a glowing turquoise gap in the plants shows clear water, rocks under the surface and fine rippling caustic light beneath. Toward its borders the pond grows steadily darker, turning deep teal, petrol and the blue of a midnight sky. An elegant fantasy painting with smooth digital brush strokes, lush botanical detail, gently sculpted shapes, delicate glowing highlights, a sense of atmospheric depth, graceful shifts of colour, calm enchanted light, peaceful and enigmatic, prize-winning, a stunning masterpiece.",Real Value,euler_ancestral,simple,9,1.0,1.0,1024,1280
156,perturbation,blk02_pos_d0.350,2,0.350,pos,,S2_W4_synonyms,3141592,"{""2"": 0.35}","0.000,0.000,0.350,0.000,0.000,0.000,0.000,0.000,0.000,0.000,0.000,0.000,0.000,0.000,0.000,0.000,0.000,0.000,0.000,0.000,0.000,0.000,0.000,0.000,0.000,0.000,0.000,0.000,0.000,0.000,0.000,0.000,0.000,0.000",S2_W4_synonyms_blk02_pos_d0.350_krea2_seed3141592,S2_W4_synonyms_blk02_pos_d0.350_krea2_seed3141592_00001_.png,"A fantasy scene with the quality of a dream, taken by a camera placed exactly overhead and aimed straight down at a slender, worn wooden canoe floating across an enormous, deep pond of lotuses. The whole boat can be seen, sitting close to the middle of the frame, ringed by huge circular lotus pads of varied sizes. In it a young woman lies asleep on her back, stretched along the boat, calm and at rest. Her face is tilted softly to one side and her long, dark, wavy hair fans out over the wooden planks. One of her arms is folded above her head; the other lies over her chest and holds a little closed book. She is dressed in a flowing gown of ivory, its soft layers of fabric spilling around her legs, and her bare feet show near the back of the canoe. Pale pink lotus flowers and buds rise among thick emerald leaves. Around the boat, a glowing turquoise gap in the plants shows clear water, rocks under the surface and fine rippling caustic light beneath. Toward its borders the pond grows steadily darker, turning deep teal, petrol and the blue of a midnight sky. An elegant fantasy painting with smooth digital brush strokes, lush botanical detail, gently sculpted shapes, delicate glowing highlights, a sense of atmospheric depth, graceful shifts of colour, calm enchanted light, peaceful and enigmatic, prize-winning, a stunning masterpiece.",Real Value,euler_ancestral,simple,9,1.0,1.0,1024,1280
157,perturbation,blk02_neg_d0.350,2,0.350,neg,,S2_W4_synonyms,3141592,"{""2"": -0.35}","0.000,0.000,-0.350,0.000,0.000,0.000,0.000,0.000,0.000,0.000,0.000,0.000,0.000,0.000,0.000,0.000,0.000,0.000,0.000,0.000,0.000,0.000,0.000,0.000,0.000,0.000,0.000,0.000,0.000,0.000,0.000,0.000,0.000,0.000",S2_W4_synonyms_blk02_neg_d0.350_krea2_seed3141592,S2_W4_synonyms_blk02_neg_d0.350_krea2_seed3141592_00001_.png,"A fantasy scene with the quality of a dream, taken by a camera placed exactly overhead and aimed straight down at a slender, worn wooden canoe floating across an enormous, deep pond of lotuses. The whole boat can be seen, sitting close to the middle of the frame, ringed by huge circular lotus pads of varied sizes. In it a young woman lies asleep on her back, stretched along the boat, calm and at rest. Her face is tilted softly to one side and her long, dark, wavy hair fans out over the wooden planks. One of her arms is folded above her head; the other lies over her chest and holds a little closed book. She is dressed in a flowing gown of ivory, its soft layers of fabric spilling around her legs, and her bare feet show near the back of the canoe. Pale pink lotus flowers and buds rise among thick emerald leaves. Around the boat, a glowing turquoise gap in the plants shows clear water, rocks under the surface and fine rippling caustic light beneath. Toward its borders the pond grows steadily darker, turning deep teal, petrol and the blue of a midnight sky. An elegant fantasy painting with smooth digital brush strokes, lush botanical detail, gently sculpted shapes, delicate glowing highlights, a sense of atmospheric depth, graceful shifts of colour, calm enchanted light, peaceful and enigmatic, prize-winning, a stunning masterpiece.",Real Value,euler_ancestral,simple,9,1.0,1.0,1024,1280
158,perturbation,blk05_pos_d0.350,5,0.350,pos,,S2_W4_synonyms,3141592,"{""5"": 0.35}","0.000,0.000,0.000,0.000,0.000,0.350,0.000,0.000,0.000,0.000,0.000,0.000,0.000,0.000,0.000,0.000,0.000,0.000,0.000,0.000,0.000,0.000,0.000,0.000,0.000,0.000,0.000,0.000,0.000,0.000,0.000,0.000,0.000,0.000",S2_W4_synonyms_blk05_pos_d0.350_krea2_seed3141592,S2_W4_synonyms_blk05_pos_d0.350_krea2_seed3141592_00001_.png,"A fantasy scene with the quality of a dream, taken by a camera placed exactly overhead and aimed straight down at a slender, worn wooden canoe floating across an enormous, deep pond of lotuses. The whole boat can be seen, sitting close to the middle of the frame, ringed by huge circular lotus pads of varied sizes. In it a young woman lies asleep on her back, stretched along the boat, calm and at rest. Her face is tilted softly to one side and her long, dark, wavy hair fans out over the wooden planks. One of her arms is folded above her head; the other lies over her chest and holds a little closed book. She is dressed in a flowing gown of ivory, its soft layers of fabric spilling around her legs, and her bare feet show near the back of the canoe. Pale pink lotus flowers and buds rise among thick emerald leaves. Around the boat, a glowing turquoise gap in the plants shows clear water, rocks under the surface and fine rippling caustic light beneath. Toward its borders the pond grows steadily darker, turning deep teal, petrol and the blue of a midnight sky. An elegant fantasy painting with smooth digital brush strokes, lush botanical detail, gently sculpted shapes, delicate glowing highlights, a sense of atmospheric depth, graceful shifts of colour, calm enchanted light, peaceful and enigmatic, prize-winning, a stunning masterpiece.",Real Value,euler_ancestral,simple,9,1.0,1.0,1024,1280
159,perturbation,blk05_neg_d0.350,5,0.350,neg,,S2_W4_synonyms,3141592,"{""5"": -0.35}","0.000,0.000,0.000,0.000,0.000,-0.350,0.000,0.000,0.000,0.000,0.000,0.000,0.000,0.000,0.000,0.000,0.000,0.000,0.000,0.000,0.000,0.000,0.000,0.000,0.000,0.000,0.000,0.000,0.000,0.000,0.000,0.000,0.000,0.000",S2_W4_synonyms_blk05_neg_d0.350_krea2_seed3141592,S2_W4_synonyms_blk05_neg_d0.350_krea2_seed3141592_00001_.png,"A fantasy scene with the quality of a dream, taken by a camera placed exactly overhead and aimed straight down at a slender, worn wooden canoe floating across an enormous, deep pond of lotuses. The whole boat can be seen, sitting close to the middle of the frame, ringed by huge circular lotus pads of varied sizes. In it a young woman lies asleep on her back, stretched along the boat, calm and at rest. Her face is tilted softly to one side and her long, dark, wavy hair fans out over the wooden planks. One of her arms is folded above her head; the other lies over her chest and holds a little closed book. She is dressed in a flowing gown of ivory, its soft layers of fabric spilling around her legs, and her bare feet show near the back of the canoe. Pale pink lotus flowers and buds rise among thick emerald leaves. Around the boat, a glowing turquoise gap in the plants shows clear water, rocks under the surface and fine rippling caustic light beneath. Toward its borders the pond grows steadily darker, turning deep teal, petrol and the blue of a midnight sky. An elegant fantasy painting with smooth digital brush strokes, lush botanical detail, gently sculpted shapes, delicate glowing highlights, a sense of atmospheric depth, graceful shifts of colour, calm enchanted light, peaceful and enigmatic, prize-winning, a stunning masterpiece.",Real Value,euler_ancestral,simple,9,1.0,1.0,1024,1280
160,perturbation,blk08_pos_d0.350,8,0.350,pos,,S2_W4_synonyms,3141592,"{""8"": 0.35}","0.000,0.000,0.000,0.000,0.000,0.000,0.000,0.000,0.350,0.000,0.000,0.000,0.000,0.000,0.000,0.000,0.000,0.000,0.000,0.000,0.000,0.000,0.000,0.000,0.000,0.000,0.000,0.000,0.000,0.000,0.000,0.000,0.000,0.000",S2_W4_synonyms_blk08_pos_d0.350_krea2_seed3141592,S2_W4_synonyms_blk08_pos_d0.350_krea2_seed3141592_00001_.png,"A fantasy scene with the quality of a dream, taken by a camera placed exactly overhead and aimed straight down at a slender, worn wooden canoe floating across an enormous, deep pond of lotuses. The whole boat can be seen, sitting close to the middle of the frame, ringed by huge circular lotus pads of varied sizes. In it a young woman lies asleep on her back, stretched along the boat, calm and at rest. Her face is tilted softly to one side and her long, dark, wavy hair fans out over the wooden planks. One of her arms is folded above her head; the other lies over her chest and holds a little closed book. She is dressed in a flowing gown of ivory, its soft layers of fabric spilling around her legs, and her bare feet show near the back of the canoe. Pale pink lotus flowers and buds rise among thick emerald leaves. Around the boat, a glowing turquoise gap in the plants shows clear water, rocks under the surface and fine rippling caustic light beneath. Toward its borders the pond grows steadily darker, turning deep teal, petrol and the blue of a midnight sky. An elegant fantasy painting with smooth digital brush strokes, lush botanical detail, gently sculpted shapes, delicate glowing highlights, a sense of atmospheric depth, graceful shifts of colour, calm enchanted light, peaceful and enigmatic, prize-winning, a stunning masterpiece.",Real Value,euler_ancestral,simple,9,1.0,1.0,1024,1280
161,perturbation,blk08_neg_d0.350,8,0.350,neg,,S2_W4_synonyms,3141592,"{""8"": -0.35}","0.000,0.000,0.000,0.000,0.000,0.000,0.000,0.000,-0.350,0.000,0.000,0.000,0.000,0.000,0.000,0.000,0.000,0.000,0.000,0.000,0.000,0.000,0.000,0.000,0.000,0.000,0.000,0.000,0.000,0.000,0.000,0.000,0.000,0.000",S2_W4_synonyms_blk08_neg_d0.350_krea2_seed3141592,S2_W4_synonyms_blk08_neg_d0.350_krea2_seed3141592_00001_.png,"A fantasy scene with the quality of a dream, taken by a camera placed exactly overhead and aimed straight down at a slender, worn wooden canoe floating across an enormous, deep pond of lotuses. The whole boat can be seen, sitting close to the middle of the frame, ringed by huge circular lotus pads of varied sizes. In it a young woman lies asleep on her back, stretched along the boat, calm and at rest. Her face is tilted softly to one side and her long, dark, wavy hair fans out over the wooden planks. One of her arms is folded above her head; the other lies over her chest and holds a little closed book. She is dressed in a flowing gown of ivory, its soft layers of fabric spilling around her legs, and her bare feet show near the back of the canoe. Pale pink lotus flowers and buds rise among thick emerald leaves. Around the boat, a glowing turquoise gap in the plants shows clear water, rocks under the surface and fine rippling caustic light beneath. Toward its borders the pond grows steadily darker, turning deep teal, petrol and the blue of a midnight sky. An elegant fantasy painting with smooth digital brush strokes, lush botanical detail, gently sculpted shapes, delicate glowing highlights, a sense of atmospheric depth, graceful shifts of colour, calm enchanted light, peaceful and enigmatic, prize-winning, a stunning masterpiece.",Real Value,euler_ancestral,simple,9,1.0,1.0,1024,1280
162,perturbation,blk09_pos_d0.350,9,0.350,pos,,S2_W4_synonyms,3141592,"{""9"": 0.35}","0.000,0.000,0.000,0.000,0.000,0.000,0.000,0.000,0.000,0.350,0.000,0.000,0.000,0.000,0.000,0.000,0.000,0.000,0.000,0.000,0.000,0.000,0.000,0.000,0.000,0.000,0.000,0.000,0.000,0.000,0.000,0.000,0.000,0.000",S2_W4_synonyms_blk09_pos_d0.350_krea2_seed3141592,S2_W4_synonyms_blk09_pos_d0.350_krea2_seed3141592_00001_.png,"A fantasy scene with the quality of a dream, taken by a camera placed exactly overhead and aimed straight down at a slender, worn wooden canoe floating across an enormous, deep pond of lotuses. The whole boat can be seen, sitting close to the middle of the frame, ringed by huge circular lotus pads of varied sizes. In it a young woman lies asleep on her back, stretched along the boat, calm and at rest. Her face is tilted softly to one side and her long, dark, wavy hair fans out over the wooden planks. One of her arms is folded above her head; the other lies over her chest and holds a little closed book. She is dressed in a flowing gown of ivory, its soft layers of fabric spilling around her legs, and her bare feet show near the back of the canoe. Pale pink lotus flowers and buds rise among thick emerald leaves. Around the boat, a glowing turquoise gap in the plants shows clear water, rocks under the surface and fine rippling caustic light beneath. Toward its borders the pond grows steadily darker, turning deep teal, petrol and the blue of a midnight sky. An elegant fantasy painting with smooth digital brush strokes, lush botanical detail, gently sculpted shapes, delicate glowing highlights, a sense of atmospheric depth, graceful shifts of colour, calm enchanted light, peaceful and enigmatic, prize-winning, a stunning masterpiece.",Real Value,euler_ancestral,simple,9,1.0,1.0,1024,1280
163,perturbation,blk09_neg_d0.350,9,0.350,neg,,S2_W4_synonyms,3141592,"{""9"": -0.35}","0.000,0.000,0.000,0.000,0.000,0.000,0.000,0.000,0.000,-0.350,0.000,0.000,0.000,0.000,0.000,0.000,0.000,0.000,0.000,0.000,0.000,0.000,0.000,0.000,0.000,0.000,0.000,0.000,0.000,0.000,0.000,0.000,0.000,0.000",S2_W4_synonyms_blk09_neg_d0.350_krea2_seed3141592,S2_W4_synonyms_blk09_neg_d0.350_krea2_seed3141592_00001_.png,"A fantasy scene with the quality of a dream, taken by a camera placed exactly overhead and aimed straight down at a slender, worn wooden canoe floating across an enormous, deep pond of lotuses. The whole boat can be seen, sitting close to the middle of the frame, ringed by huge circular lotus pads of varied sizes. In it a young woman lies asleep on her back, stretched along the boat, calm and at rest. Her face is tilted softly to one side and her long, dark, wavy hair fans out over the wooden planks. One of her arms is folded above her head; the other lies over her chest and holds a little closed book. She is dressed in a flowing gown of ivory, its soft layers of fabric spilling around her legs, and her bare feet show near the back of the canoe. Pale pink lotus flowers and buds rise among thick emerald leaves. Around the boat, a glowing turquoise gap in the plants shows clear water, rocks under the surface and fine rippling caustic light beneath. Toward its borders the pond grows steadily darker, turning deep teal, petrol and the blue of a midnight sky. An elegant fantasy painting with smooth digital brush strokes, lush botanical detail, gently sculpted shapes, delicate glowing highlights, a sense of atmospheric depth, graceful shifts of colour, calm enchanted light, peaceful and enigmatic, prize-winning, a stunning masterpiece.",Real Value,euler_ancestral,simple,9,1.0,1.0,1024,1280
164,perturbation,blk12_pos_d0.350,12,0.350,pos,,S2_W4_synonyms,3141592,"{""12"": 0.35}","0.000,0.000,0.000,0.000,0.000,0.000,0.000,0.000,0.000,0.000,0.000,0.000,0.350,0.000,0.000,0.000,0.000,0.000,0.000,0.000,0.000,0.000,0.000,0.000,0.000,0.000,0.000,0.000,0.000,0.000,0.000,0.000,0.000,0.000",S2_W4_synonyms_blk12_pos_d0.350_krea2_seed3141592,S2_W4_synonyms_blk12_pos_d0.350_krea2_seed3141592_00001_.png,"A fantasy scene with the quality of a dream, taken by a camera placed exactly overhead and aimed straight down at a slender, worn wooden canoe floating across an enormous, deep pond of lotuses. The whole boat can be seen, sitting close to the middle of the frame, ringed by huge circular lotus pads of varied sizes. In it a young woman lies asleep on her back, stretched along the boat, calm and at rest. Her face is tilted softly to one side and her long, dark, wavy hair fans out over the wooden planks. One of her arms is folded above her head; the other lies over her chest and holds a little closed book. She is dressed in a flowing gown of ivory, its soft layers of fabric spilling around her legs, and her bare feet show near the back of the canoe. Pale pink lotus flowers and buds rise among thick emerald leaves. Around the boat, a glowing turquoise gap in the plants shows clear water, rocks under the surface and fine rippling caustic light beneath. Toward its borders the pond grows steadily darker, turning deep teal, petrol and the blue of a midnight sky. An elegant fantasy painting with smooth digital brush strokes, lush botanical detail, gently sculpted shapes, delicate glowing highlights, a sense of atmospheric depth, graceful shifts of colour, calm enchanted light, peaceful and enigmatic, prize-winning, a stunning masterpiece.",Real Value,euler_ancestral,simple,9,1.0,1.0,1024,1280
165,perturbation,blk12_neg_d0.350,12,0.350,neg,,S2_W4_synonyms,3141592,"{""12"": -0.35}","0.000,0.000,0.000,0.000,0.000,0.000,0.000,0.000,0.000,0.000,0.000,0.000,-0.350,0.000,0.000,0.000,0.000,0.000,0.000,0.000,0.000,0.000,0.000,0.000,0.000,0.000,0.000,0.000,0.000,0.000,0.000,0.000,0.000,0.000",S2_W4_synonyms_blk12_neg_d0.350_krea2_seed3141592,S2_W4_synonyms_blk12_neg_d0.350_krea2_seed3141592_00001_.png,"A fantasy scene with the quality of a dream, taken by a camera placed exactly overhead and aimed straight down at a slender, worn wooden canoe floating across an enormous, deep pond of lotuses. The whole boat can be seen, sitting close to the middle of the frame, ringed by huge circular lotus pads of varied sizes. In it a young woman lies asleep on her back, stretched along the boat, calm and at rest. Her face is tilted softly to one side and her long, dark, wavy hair fans out over the wooden planks. One of her arms is folded above her head; the other lies over her chest and holds a little closed book. She is dressed in a flowing gown of ivory, its soft layers of fabric spilling around her legs, and her bare feet show near the back of the canoe. Pale pink lotus flowers and buds rise among thick emerald leaves. Around the boat, a glowing turquoise gap in the plants shows clear water, rocks under the surface and fine rippling caustic light beneath. Toward its borders the pond grows steadily darker, turning deep teal, petrol and the blue of a midnight sky. An elegant fantasy painting with smooth digital brush strokes, lush botanical detail, gently sculpted shapes, delicate glowing highlights, a sense of atmospheric depth, graceful shifts of colour, calm enchanted light, peaceful and enigmatic, prize-winning, a stunning masterpiece.",Real Value,euler_ancestral,simple,9,1.0,1.0,1024,1280
166,perturbation,blk13_pos_d0.350,13,0.350,pos,,S2_W4_synonyms,3141592,"{""13"": 0.35}","0.000,0.000,0.000,0.000,0.000,0.000,0.000,0.000,0.000,0.000,0.000,0.000,0.000,0.350,0.000,0.000,0.000,0.000,0.000,0.000,0.000,0.000,0.000,0.000,0.000,0.000,0.000,0.000,0.000,0.000,0.000,0.000,0.000,0.000",S2_W4_synonyms_blk13_pos_d0.350_krea2_seed3141592,S2_W4_synonyms_blk13_pos_d0.350_krea2_seed3141592_00001_.png,"A fantasy scene with the quality of a dream, taken by a camera placed exactly overhead and aimed straight down at a slender, worn wooden canoe floating across an enormous, deep pond of lotuses. The whole boat can be seen, sitting close to the middle of the frame, ringed by huge circular lotus pads of varied sizes. In it a young woman lies asleep on her back, stretched along the boat, calm and at rest. Her face is tilted softly to one side and her long, dark, wavy hair fans out over the wooden planks. One of her arms is folded above her head; the other lies over her chest and holds a little closed book. She is dressed in a flowing gown of ivory, its soft layers of fabric spilling around her legs, and her bare feet show near the back of the canoe. Pale pink lotus flowers and buds rise among thick emerald leaves. Around the boat, a glowing turquoise gap in the plants shows clear water, rocks under the surface and fine rippling caustic light beneath. Toward its borders the pond grows steadily darker, turning deep teal, petrol and the blue of a midnight sky. An elegant fantasy painting with smooth digital brush strokes, lush botanical detail, gently sculpted shapes, delicate glowing highlights, a sense of atmospheric depth, graceful shifts of colour, calm enchanted light, peaceful and enigmatic, prize-winning, a stunning masterpiece.",Real Value,euler_ancestral,simple,9,1.0,1.0,1024,1280
167,perturbation,blk13_neg_d0.350,13,0.350,neg,,S2_W4_synonyms,3141592,"{""13"": -0.35}","0.000,0.000,0.000,0.000,0.000,0.000,0.000,0.000,0.000,0.000,0.000,0.000,0.000,-0.350,0.000,0.000,0.000,0.000,0.000,0.000,0.000,0.000,0.000,0.000,0.000,0.000,0.000,0.000,0.000,0.000,0.000,0.000,0.000,0.000",S2_W4_synonyms_blk13_neg_d0.350_krea2_seed3141592,S2_W4_synonyms_blk13_neg_d0.350_krea2_seed3141592_00001_.png,"A fantasy scene with the quality of a dream, taken by a camera placed exactly overhead and aimed straight down at a slender, worn wooden canoe floating across an enormous, deep pond of lotuses. The whole boat can be seen, sitting close to the middle of the frame, ringed by huge circular lotus pads of varied sizes. In it a young woman lies asleep on her back, stretched along the boat, calm and at rest. Her face is tilted softly to one side and her long, dark, wavy hair fans out over the wooden planks. One of her arms is folded above her head; the other lies over her chest and holds a little closed book. She is dressed in a flowing gown of ivory, its soft layers of fabric spilling around her legs, and her bare feet show near the back of the canoe. Pale pink lotus flowers and buds rise among thick emerald leaves. Around the boat, a glowing turquoise gap in the plants shows clear water, rocks under the surface and fine rippling caustic light beneath. Toward its borders the pond grows steadily darker, turning deep teal, petrol and the blue of a midnight sky. An elegant fantasy painting with smooth digital brush strokes, lush botanical detail, gently sculpted shapes, delicate glowing highlights, a sense of atmospheric depth, graceful shifts of colour, calm enchanted light, peaceful and enigmatic, prize-winning, a stunning masterpiece.",Real Value,euler_ancestral,simple,9,1.0,1.0,1024,1280
168,perturbation,blk15_pos_d0.350,15,0.350,pos,,S2_W4_synonyms,3141592,"{""15"": 0.35}","0.000,0.000,0.000,0.000,0.000,0.000,0.000,0.000,0.000,0.000,0.000,0.000,0.000,0.000,0.000,0.350,0.000,0.000,0.000,0.000,0.000,0.000,0.000,0.000,0.000,0.000,0.000,0.000,0.000,0.000,0.000,0.000,0.000,0.000",S2_W4_synonyms_blk15_pos_d0.350_krea2_seed3141592,S2_W4_synonyms_blk15_pos_d0.350_krea2_seed3141592_00001_.png,"A fantasy scene with the quality of a dream, taken by a camera placed exactly overhead and aimed straight down at a slender, worn wooden canoe floating across an enormous, deep pond of lotuses. The whole boat can be seen, sitting close to the middle of the frame, ringed by huge circular lotus pads of varied sizes. In it a young woman lies asleep on her back, stretched along the boat, calm and at rest. Her face is tilted softly to one side and her long, dark, wavy hair fans out over the wooden planks. One of her arms is folded above her head; the other lies over her chest and holds a little closed book. She is dressed in a flowing gown of ivory, its soft layers of fabric spilling around her legs, and her bare feet show near the back of the canoe. Pale pink lotus flowers and buds rise among thick emerald leaves. Around the boat, a glowing turquoise gap in the plants shows clear water, rocks under the surface and fine rippling caustic light beneath. Toward its borders the pond grows steadily darker, turning deep teal, petrol and the blue of a midnight sky. An elegant fantasy painting with smooth digital brush strokes, lush botanical detail, gently sculpted shapes, delicate glowing highlights, a sense of atmospheric depth, graceful shifts of colour, calm enchanted light, peaceful and enigmatic, prize-winning, a stunning masterpiece.",Real Value,euler_ancestral,simple,9,1.0,1.0,1024,1280
169,perturbation,blk15_neg_d0.350,15,0.350,neg,,S2_W4_synonyms,3141592,"{""15"": -0.35}","0.000,0.000,0.000,0.000,0.000,0.000,0.000,0.000,0.000,0.000,0.000,0.000,0.000,0.000,0.000,-0.350,0.000,0.000,0.000,0.000,0.000,0.000,0.000,0.000,0.000,0.000,0.000,0.000,0.000,0.000,0.000,0.000,0.000,0.000",S2_W4_synonyms_blk15_neg_d0.350_krea2_seed3141592,S2_W4_synonyms_blk15_neg_d0.350_krea2_seed3141592_00001_.png,"A fantasy scene with the quality of a dream, taken by a camera placed exactly overhead and aimed straight down at a slender, worn wooden canoe floating across an enormous, deep pond of lotuses. The whole boat can be seen, sitting close to the middle of the frame, ringed by huge circular lotus pads of varied sizes. In it a young woman lies asleep on her back, stretched along the boat, calm and at rest. Her face is tilted softly to one side and her long, dark, wavy hair fans out over the wooden planks. One of her arms is folded above her head; the other lies over her chest and holds a little closed book. She is dressed in a flowing gown of ivory, its soft layers of fabric spilling around her legs, and her bare feet show near the back of the canoe. Pale pink lotus flowers and buds rise among thick emerald leaves. Around the boat, a glowing turquoise gap in the plants shows clear water, rocks under the surface and fine rippling caustic light beneath. Toward its borders the pond grows steadily darker, turning deep teal, petrol and the blue of a midnight sky. An elegant fantasy painting with smooth digital brush strokes, lush botanical detail, gently sculpted shapes, delicate glowing highlights, a sense of atmospheric depth, graceful shifts of colour, calm enchanted light, peaceful and enigmatic, prize-winning, a stunning masterpiece.",Real Value,euler_ancestral,simple,9,1.0,1.0,1024,1280
170,perturbation,blk17_pos_d0.350,17,0.350,pos,,S2_W4_synonyms,3141592,"{""17"": 0.35}","0.000,0.000,0.000,0.000,0.000,0.000,0.000,0.000,0.000,0.000,0.000,0.000,0.000,0.000,0.000,0.000,0.000,0.350,0.000,0.000,0.000,0.000,0.000,0.000,0.000,0.000,0.000,0.000,0.000,0.000,0.000,0.000,0.000,0.000",S2_W4_synonyms_blk17_pos_d0.350_krea2_seed3141592,S2_W4_synonyms_blk17_pos_d0.350_krea2_seed3141592_00001_.png,"A fantasy scene with the quality of a dream, taken by a camera placed exactly overhead and aimed straight down at a slender, worn wooden canoe floating across an enormous, deep pond of lotuses. The whole boat can be seen, sitting close to the middle of the frame, ringed by huge circular lotus pads of varied sizes. In it a young woman lies asleep on her back, stretched along the boat, calm and at rest. Her face is tilted softly to one side and her long, dark, wavy hair fans out over the wooden planks. One of her arms is folded above her head; the other lies over her chest and holds a little closed book. She is dressed in a flowing gown of ivory, its soft layers of fabric spilling around her legs, and her bare feet show near the back of the canoe. Pale pink lotus flowers and buds rise among thick emerald leaves. Around the boat, a glowing turquoise gap in the plants shows clear water, rocks under the surface and fine rippling caustic light beneath. Toward its borders the pond grows steadily darker, turning deep teal, petrol and the blue of a midnight sky. An elegant fantasy painting with smooth digital brush strokes, lush botanical detail, gently sculpted shapes, delicate glowing highlights, a sense of atmospheric depth, graceful shifts of colour, calm enchanted light, peaceful and enigmatic, prize-winning, a stunning masterpiece.",Real Value,euler_ancestral,simple,9,1.0,1.0,1024,1280
171,perturbation,blk17_neg_d0.350,17,0.350,neg,,S2_W4_synonyms,3141592,"{""17"": -0.35}","0.000,0.000,0.000,0.000,0.000,0.000,0.000,0.000,0.000,0.000,0.000,0.000,0.000,0.000,0.000,0.000,0.000,-0.350,0.000,0.000,0.000,0.000,0.000,0.000,0.000,0.000,0.000,0.000,0.000,0.000,0.000,0.000,0.000,0.000",S2_W4_synonyms_blk17_neg_d0.350_krea2_seed3141592,S2_W4_synonyms_blk17_neg_d0.350_krea2_seed3141592_00001_.png,"A fantasy scene with the quality of a dream, taken by a camera placed exactly overhead and aimed straight down at a slender, worn wooden canoe floating across an enormous, deep pond of lotuses. The whole boat can be seen, sitting close to the middle of the frame, ringed by huge circular lotus pads of varied sizes. In it a young woman lies asleep on her back, stretched along the boat, calm and at rest. Her face is tilted softly to one side and her long, dark, wavy hair fans out over the wooden planks. One of her arms is folded above her head; the other lies over her chest and holds a little closed book. She is dressed in a flowing gown of ivory, its soft layers of fabric spilling around her legs, and her bare feet show near the back of the canoe. Pale pink lotus flowers and buds rise among thick emerald leaves. Around the boat, a glowing turquoise gap in the plants shows clear water, rocks under the surface and fine rippling caustic light beneath. Toward its borders the pond grows steadily darker, turning deep teal, petrol and the blue of a midnight sky. An elegant fantasy painting with smooth digital brush strokes, lush botanical detail, gently sculpted shapes, delicate glowing highlights, a sense of atmospheric depth, graceful shifts of colour, calm enchanted light, peaceful and enigmatic, prize-winning, a stunning masterpiece.",Real Value,euler_ancestral,simple,9,1.0,1.0,1024,1280
172,perturbation,blk19_pos_d0.350,19,0.350,pos,,S2_W4_synonyms,3141592,"{""19"": 0.35}","0.000,0.000,0.000,0.000,0.000,0.000,0.000,0.000,0.000,0.000,0.000,0.000,0.000,0.000,0.000,0.000,0.000,0.000,0.000,0.350,0.000,0.000,0.000,0.000,0.000,0.000,0.000,0.000,0.000,0.000,0.000,0.000,0.000,0.000",S2_W4_synonyms_blk19_pos_d0.350_krea2_seed3141592,S2_W4_synonyms_blk19_pos_d0.350_krea2_seed3141592_00001_.png,"A fantasy scene with the quality of a dream, taken by a camera placed exactly overhead and aimed straight down at a slender, worn wooden canoe floating across an enormous, deep pond of lotuses. The whole boat can be seen, sitting close to the middle of the frame, ringed by huge circular lotus pads of varied sizes. In it a young woman lies asleep on her back, stretched along the boat, calm and at rest. Her face is tilted softly to one side and her long, dark, wavy hair fans out over the wooden planks. One of her arms is folded above her head; the other lies over her chest and holds a little closed book. She is dressed in a flowing gown of ivory, its soft layers of fabric spilling around her legs, and her bare feet show near the back of the canoe. Pale pink lotus flowers and buds rise among thick emerald leaves. Around the boat, a glowing turquoise gap in the plants shows clear water, rocks under the surface and fine rippling caustic light beneath. Toward its borders the pond grows steadily darker, turning deep teal, petrol and the blue of a midnight sky. An elegant fantasy painting with smooth digital brush strokes, lush botanical detail, gently sculpted shapes, delicate glowing highlights, a sense of atmospheric depth, graceful shifts of colour, calm enchanted light, peaceful and enigmatic, prize-winning, a stunning masterpiece.",Real Value,euler_ancestral,simple,9,1.0,1.0,1024,1280
173,perturbation,blk19_neg_d0.350,19,0.350,neg,,S2_W4_synonyms,3141592,"{""19"": -0.35}","0.000,0.000,0.000,0.000,0.000,0.000,0.000,0.000,0.000,0.000,0.000,0.000,0.000,0.000,0.000,0.000,0.000,0.000,0.000,-0.350,0.000,0.000,0.000,0.000,0.000,0.000,0.000,0.000,0.000,0.000,0.000,0.000,0.000,0.000",S2_W4_synonyms_blk19_neg_d0.350_krea2_seed3141592,S2_W4_synonyms_blk19_neg_d0.350_krea2_seed3141592_00001_.png,"A fantasy scene with the quality of a dream, taken by a camera placed exactly overhead and aimed straight down at a slender, worn wooden canoe floating across an enormous, deep pond of lotuses. The whole boat can be seen, sitting close to the middle of the frame, ringed by huge circular lotus pads of varied sizes. In it a young woman lies asleep on her back, stretched along the boat, calm and at rest. Her face is tilted softly to one side and her long, dark, wavy hair fans out over the wooden planks. One of her arms is folded above her head; the other lies over her chest and holds a little closed book. She is dressed in a flowing gown of ivory, its soft layers of fabric spilling around her legs, and her bare feet show near the back of the canoe. Pale pink lotus flowers and buds rise among thick emerald leaves. Around the boat, a glowing turquoise gap in the plants shows clear water, rocks under the surface and fine rippling caustic light beneath. Toward its borders the pond grows steadily darker, turning deep teal, petrol and the blue of a midnight sky. An elegant fantasy painting with smooth digital brush strokes, lush botanical detail, gently sculpted shapes, delicate glowing highlights, a sense of atmospheric depth, graceful shifts of colour, calm enchanted light, peaceful and enigmatic, prize-winning, a stunning masterpiece.",Real Value,euler_ancestral,simple,9,1.0,1.0,1024,1280
174,perturbation,blk23_pos_d0.350,23,0.350,pos,,S2_W4_synonyms,3141592,"{""23"": 0.35}","0.000,0.000,0.000,0.000,0.000,0.000,0.000,0.000,0.000,0.000,0.000,0.000,0.000,0.000,0.000,0.000,0.000,0.000,0.000,0.000,0.000,0.000,0.000,0.350,0.000,0.000,0.000,0.000,0.000,0.000,0.000,0.000,0.000,0.000",S2_W4_synonyms_blk23_pos_d0.350_krea2_seed3141592,S2_W4_synonyms_blk23_pos_d0.350_krea2_seed3141592_00001_.png,"A fantasy scene with the quality of a dream, taken by a camera placed exactly overhead and aimed straight down at a slender, worn wooden canoe floating across an enormous, deep pond of lotuses. The whole boat can be seen, sitting close to the middle of the frame, ringed by huge circular lotus pads of varied sizes. In it a young woman lies asleep on her back, stretched along the boat, calm and at rest. Her face is tilted softly to one side and her long, dark, wavy hair fans out over the wooden planks. One of her arms is folded above her head; the other lies over her chest and holds a little closed book. She is dressed in a flowing gown of ivory, its soft layers of fabric spilling around her legs, and her bare feet show near the back of the canoe. Pale pink lotus flowers and buds rise among thick emerald leaves. Around the boat, a glowing turquoise gap in the plants shows clear water, rocks under the surface and fine rippling caustic light beneath. Toward its borders the pond grows steadily darker, turning deep teal, petrol and the blue of a midnight sky. An elegant fantasy painting with smooth digital brush strokes, lush botanical detail, gently sculpted shapes, delicate glowing highlights, a sense of atmospheric depth, graceful shifts of colour, calm enchanted light, peaceful and enigmatic, prize-winning, a stunning masterpiece.",Real Value,euler_ancestral,simple,9,1.0,1.0,1024,1280
175,perturbation,blk23_neg_d0.350,23,0.350,neg,,S2_W4_synonyms,3141592,"{""23"": -0.35}","0.000,0.000,0.000,0.000,0.000,0.000,0.000,0.000,0.000,0.000,0.000,0.000,0.000,0.000,0.000,0.000,0.000,0.000,0.000,0.000,0.000,0.000,0.000,-0.350,0.000,0.000,0.000,0.000,0.000,0.000,0.000,0.000,0.000,0.000",S2_W4_synonyms_blk23_neg_d0.350_krea2_seed3141592,S2_W4_synonyms_blk23_neg_d0.350_krea2_seed3141592_00001_.png,"A fantasy scene with the quality of a dream, taken by a camera placed exactly overhead and aimed straight down at a slender, worn wooden canoe floating across an enormous, deep pond of lotuses. The whole boat can be seen, sitting close to the middle of the frame, ringed by huge circular lotus pads of varied sizes. In it a young woman lies asleep on her back, stretched along the boat, calm and at rest. Her face is tilted softly to one side and her long, dark, wavy hair fans out over the wooden planks. One of her arms is folded above her head; the other lies over her chest and holds a little closed book. She is dressed in a flowing gown of ivory, its soft layers of fabric spilling around her legs, and her bare feet show near the back of the canoe. Pale pink lotus flowers and buds rise among thick emerald leaves. Around the boat, a glowing turquoise gap in the plants shows clear water, rocks under the surface and fine rippling caustic light beneath. Toward its borders the pond grows steadily darker, turning deep teal, petrol and the blue of a midnight sky. An elegant fantasy painting with smooth digital brush strokes, lush botanical detail, gently sculpted shapes, delicate glowing highlights, a sense of atmospheric depth, graceful shifts of colour, calm enchanted light, peaceful and enigmatic, prize-winning, a stunning masterpiece.",Real Value,euler_ancestral,simple,9,1.0,1.0,1024,1280
176,baseline,baseline,baseline,0.000,none,,S2_C1_oldman,3141592,{},"0.000,0.000,0.000,0.000,0.000,0.000,0.000,0.000,0.000,0.000,0.000,0.000,0.000,0.000,0.000,0.000,0.000,0.000,0.000,0.000,0.000,0.000,0.000,0.000,0.000,0.000,0.000,0.000,0.000,0.000,0.000,0.000,0.000,0.000",S2_C1_oldman_baseline_krea2_seed3141592,S2_C1_oldman_baseline_krea2_seed3141592_00001_.png,"Dreamlike top down fantasy scene viewed from a perfectly vertical overhead camera, looking straight down onto a narrow weathered wooden canoe drifting through a vast deep lotus pond. The entire canoe is visible and positioned near the center, surrounded by immense round lotus leaves in many sizes. Inside, an old bearded man sleeps peacefully on his back along the length of the boat. His head is turned gently to one side, long grey beard spread across the wooden boards. One arm bends above her head while the other rests across her torso holding a small wooden flute. He wears a loose grey robe with heavy folds of fabric around his legs, his bare feet visible near the stern. Pale pink lotus blossoms and buds emerge between dense emerald leaves. A luminous turquoise opening in the vegetation surrounds the canoe, revealing clear water, submerged rocks and delicate caustic light patterns below. The pond becomes progressively darker toward the edges, shifting into deep teal, petrol and midnight blue. Refined fantasy illustration, smooth painterly digital brushwork, rich botanical detail, softly modeled forms, subtle luminous highlights, atmospheric depth, elegant color transitions, tranquil magical light, serene and mysterious, award winning, a breathtaking masterpiece",Real Value,euler_ancestral,simple,9,1.0,1.0,1024,1280
177,perturbation,blk00_pos_d0.300,0,0.300,pos,,S2_C1_oldman,3141592,"{""0"": 0.3}","0.300,0.000,0.000,0.000,0.000,0.000,0.000,0.000,0.000,0.000,0.000,0.000,0.000,0.000,0.000,0.000,0.000,0.000,0.000,0.000,0.000,0.000,0.000,0.000,0.000,0.000,0.000,0.000,0.000,0.000,0.000,0.000,0.000,0.000",S2_C1_oldman_blk00_pos_d0.300_krea2_seed3141592,S2_C1_oldman_blk00_pos_d0.300_krea2_seed3141592_00001_.png,"Dreamlike top down fantasy scene viewed from a perfectly vertical overhead camera, looking straight down onto a narrow weathered wooden canoe drifting through a vast deep lotus pond. The entire canoe is visible and positioned near the center, surrounded by immense round lotus leaves in many sizes. Inside, an old bearded man sleeps peacefully on his back along the length of the boat. His head is turned gently to one side, long grey beard spread across the wooden boards. One arm bends above her head while the other rests across her torso holding a small wooden flute. He wears a loose grey robe with heavy folds of fabric around his legs, his bare feet visible near the stern. Pale pink lotus blossoms and buds emerge between dense emerald leaves. A luminous turquoise opening in the vegetation surrounds the canoe, revealing clear water, submerged rocks and delicate caustic light patterns below. The pond becomes progressively darker toward the edges, shifting into deep teal, petrol and midnight blue. Refined fantasy illustration, smooth painterly digital brushwork, rich botanical detail, softly modeled forms, subtle luminous highlights, atmospheric depth, elegant color transitions, tranquil magical light, serene and mysterious, award winning, a breathtaking masterpiece",Real Value,euler_ancestral,simple,9,1.0,1.0,1024,1280
178,perturbation,blk00_neg_d0.250,0,0.250,neg,,S2_C1_oldman,3141592,"{""0"": -0.25}","-0.250,0.000,0.000,0.000,0.000,0.000,0.000,0.000,0.000,0.000,0.000,0.000,0.000,0.000,0.000,0.000,0.000,0.000,0.000,0.000,0.000,0.000,0.000,0.000,0.000,0.000,0.000,0.000,0.000,0.000,0.000,0.000,0.000,0.000",S2_C1_oldman_blk00_neg_d0.250_krea2_seed3141592,S2_C1_oldman_blk00_neg_d0.250_krea2_seed3141592_00001_.png,"Dreamlike top down fantasy scene viewed from a perfectly vertical overhead camera, looking straight down onto a narrow weathered wooden canoe drifting through a vast deep lotus pond. The entire canoe is visible and positioned near the center, surrounded by immense round lotus leaves in many sizes. Inside, an old bearded man sleeps peacefully on his back along the length of the boat. His head is turned gently to one side, long grey beard spread across the wooden boards. One arm bends above her head while the other rests across her torso holding a small wooden flute. He wears a loose grey robe with heavy folds of fabric around his legs, his bare feet visible near the stern. Pale pink lotus blossoms and buds emerge between dense emerald leaves. A luminous turquoise opening in the vegetation surrounds the canoe, revealing clear water, submerged rocks and delicate caustic light patterns below. The pond becomes progressively darker toward the edges, shifting into deep teal, petrol and midnight blue. Refined fantasy illustration, smooth painterly digital brushwork, rich botanical detail, softly modeled forms, subtle luminous highlights, atmospheric depth, elegant color transitions, tranquil magical light, serene and mysterious, award winning, a breathtaking masterpiece",Real Value,euler_ancestral,simple,9,1.0,1.0,1024,1280
179,perturbation,blk27_pos_d0.100,27,0.100,pos,,S2_C1_oldman,3141592,"{""27"": 0.1}","0.000,0.000,0.000,0.000,0.000,0.000,0.000,0.000,0.000,0.000,0.000,0.000,0.000,0.000,0.000,0.000,0.000,0.000,0.000,0.000,0.000,0.000,0.000,0.000,0.000,0.000,0.000,0.100,0.000,0.000,0.000,0.000,0.000,0.000",S2_C1_oldman_blk27_pos_d0.100_krea2_seed3141592,S2_C1_oldman_blk27_pos_d0.100_krea2_seed3141592_00001_.png,"Dreamlike top down fantasy scene viewed from a perfectly vertical overhead camera, looking straight down onto a narrow weathered wooden canoe drifting through a vast deep lotus pond. The entire canoe is visible and positioned near the center, surrounded by immense round lotus leaves in many sizes. Inside, an old bearded man sleeps peacefully on his back along the length of the boat. His head is turned gently to one side, long grey beard spread across the wooden boards. One arm bends above her head while the other rests across her torso holding a small wooden flute. He wears a loose grey robe with heavy folds of fabric around his legs, his bare feet visible near the stern. Pale pink lotus blossoms and buds emerge between dense emerald leaves. A luminous turquoise opening in the vegetation surrounds the canoe, revealing clear water, submerged rocks and delicate caustic light patterns below. The pond becomes progressively darker toward the edges, shifting into deep teal, petrol and midnight blue. Refined fantasy illustration, smooth painterly digital brushwork, rich botanical detail, softly modeled forms, subtle luminous highlights, atmospheric depth, elegant color transitions, tranquil magical light, serene and mysterious, award winning, a breathtaking masterpiece",Real Value,euler_ancestral,simple,9,1.0,1.0,1024,1280
180,perturbation,blk27_neg_d0.075,27,0.075,neg,,S2_C1_oldman,3141592,"{""27"": -0.075}","0.000,0.000,0.000,0.000,0.000,0.000,0.000,0.000,0.000,0.000,0.000,0.000,0.000,0.000,0.000,0.000,0.000,0.000,0.000,0.000,0.000,0.000,0.000,0.000,0.000,0.000,0.000,-0.075,0.000,0.000,0.000,0.000,0.000,0.000",S2_C1_oldman_blk27_neg_d0.075_krea2_seed3141592,S2_C1_oldman_blk27_neg_d0.075_krea2_seed3141592_00001_.png,"Dreamlike top down fantasy scene viewed from a perfectly vertical overhead camera, looking straight down onto a narrow weathered wooden canoe drifting through a vast deep lotus pond. The entire canoe is visible and positioned near the center, surrounded by immense round lotus leaves in many sizes. Inside, an old bearded man sleeps peacefully on his back along the length of the boat. His head is turned gently to one side, long grey beard spread across the wooden boards. One arm bends above her head while the other rests across her torso holding a small wooden flute. He wears a loose grey robe with heavy folds of fabric around his legs, his bare feet visible near the stern. Pale pink lotus blossoms and buds emerge between dense emerald leaves. A luminous turquoise opening in the vegetation surrounds the canoe, revealing clear water, submerged rocks and delicate caustic light patterns below. The pond becomes progressively darker toward the edges, shifting into deep teal, petrol and midnight blue. Refined fantasy illustration, smooth painterly digital brushwork, rich botanical detail, softly modeled forms, subtle luminous highlights, atmospheric depth, elegant color transitions, tranquil magical light, serene and mysterious, award winning, a breathtaking masterpiece",Real Value,euler_ancestral,simple,9,1.0,1.0,1024,1280
181,perturbation,blk02_pos_d0.350,2,0.350,pos,,S2_C1_oldman,3141592,"{""2"": 0.35}","0.000,0.000,0.350,0.000,0.000,0.000,0.000,0.000,0.000,0.000,0.000,0.000,0.000,0.000,0.000,0.000,0.000,0.000,0.000,0.000,0.000,0.000,0.000,0.000,0.000,0.000,0.000,0.000,0.000,0.000,0.000,0.000,0.000,0.000",S2_C1_oldman_blk02_pos_d0.350_krea2_seed3141592,S2_C1_oldman_blk02_pos_d0.350_krea2_seed3141592_00001_.png,"Dreamlike top down fantasy scene viewed from a perfectly vertical overhead camera, looking straight down onto a narrow weathered wooden canoe drifting through a vast deep lotus pond. The entire canoe is visible and positioned near the center, surrounded by immense round lotus leaves in many sizes. Inside, an old bearded man sleeps peacefully on his back along the length of the boat. His head is turned gently to one side, long grey beard spread across the wooden boards. One arm bends above her head while the other rests across her torso holding a small wooden flute. He wears a loose grey robe with heavy folds of fabric around his legs, his bare feet visible near the stern. Pale pink lotus blossoms and buds emerge between dense emerald leaves. A luminous turquoise opening in the vegetation surrounds the canoe, revealing clear water, submerged rocks and delicate caustic light patterns below. The pond becomes progressively darker toward the edges, shifting into deep teal, petrol and midnight blue. Refined fantasy illustration, smooth painterly digital brushwork, rich botanical detail, softly modeled forms, subtle luminous highlights, atmospheric depth, elegant color transitions, tranquil magical light, serene and mysterious, award winning, a breathtaking masterpiece",Real Value,euler_ancestral,simple,9,1.0,1.0,1024,1280
182,perturbation,blk02_neg_d0.350,2,0.350,neg,,S2_C1_oldman,3141592,"{""2"": -0.35}","0.000,0.000,-0.350,0.000,0.000,0.000,0.000,0.000,0.000,0.000,0.000,0.000,0.000,0.000,0.000,0.000,0.000,0.000,0.000,0.000,0.000,0.000,0.000,0.000,0.000,0.000,0.000,0.000,0.000,0.000,0.000,0.000,0.000,0.000",S2_C1_oldman_blk02_neg_d0.350_krea2_seed3141592,S2_C1_oldman_blk02_neg_d0.350_krea2_seed3141592_00001_.png,"Dreamlike top down fantasy scene viewed from a perfectly vertical overhead camera, looking straight down onto a narrow weathered wooden canoe drifting through a vast deep lotus pond. The entire canoe is visible and positioned near the center, surrounded by immense round lotus leaves in many sizes. Inside, an old bearded man sleeps peacefully on his back along the length of the boat. His head is turned gently to one side, long grey beard spread across the wooden boards. One arm bends above her head while the other rests across her torso holding a small wooden flute. He wears a loose grey robe with heavy folds of fabric around his legs, his bare feet visible near the stern. Pale pink lotus blossoms and buds emerge between dense emerald leaves. A luminous turquoise opening in the vegetation surrounds the canoe, revealing clear water, submerged rocks and delicate caustic light patterns below. The pond becomes progressively darker toward the edges, shifting into deep teal, petrol and midnight blue. Refined fantasy illustration, smooth painterly digital brushwork, rich botanical detail, softly modeled forms, subtle luminous highlights, atmospheric depth, elegant color transitions, tranquil magical light, serene and mysterious, award winning, a breathtaking masterpiece",Real Value,euler_ancestral,simple,9,1.0,1.0,1024,1280
183,perturbation,blk05_pos_d0.350,5,0.350,pos,,S2_C1_oldman,3141592,"{""5"": 0.35}","0.000,0.000,0.000,0.000,0.000,0.350,0.000,0.000,0.000,0.000,0.000,0.000,0.000,0.000,0.000,0.000,0.000,0.000,0.000,0.000,0.000,0.000,0.000,0.000,0.000,0.000,0.000,0.000,0.000,0.000,0.000,0.000,0.000,0.000",S2_C1_oldman_blk05_pos_d0.350_krea2_seed3141592,S2_C1_oldman_blk05_pos_d0.350_krea2_seed3141592_00001_.png,"Dreamlike top down fantasy scene viewed from a perfectly vertical overhead camera, looking straight down onto a narrow weathered wooden canoe drifting through a vast deep lotus pond. The entire canoe is visible and positioned near the center, surrounded by immense round lotus leaves in many sizes. Inside, an old bearded man sleeps peacefully on his back along the length of the boat. His head is turned gently to one side, long grey beard spread across the wooden boards. One arm bends above her head while the other rests across her torso holding a small wooden flute. He wears a loose grey robe with heavy folds of fabric around his legs, his bare feet visible near the stern. Pale pink lotus blossoms and buds emerge between dense emerald leaves. A luminous turquoise opening in the vegetation surrounds the canoe, revealing clear water, submerged rocks and delicate caustic light patterns below. The pond becomes progressively darker toward the edges, shifting into deep teal, petrol and midnight blue. Refined fantasy illustration, smooth painterly digital brushwork, rich botanical detail, softly modeled forms, subtle luminous highlights, atmospheric depth, elegant color transitions, tranquil magical light, serene and mysterious, award winning, a breathtaking masterpiece",Real Value,euler_ancestral,simple,9,1.0,1.0,1024,1280
184,perturbation,blk05_neg_d0.350,5,0.350,neg,,S2_C1_oldman,3141592,"{""5"": -0.35}","0.000,0.000,0.000,0.000,0.000,-0.350,0.000,0.000,0.000,0.000,0.000,0.000,0.000,0.000,0.000,0.000,0.000,0.000,0.000,0.000,0.000,0.000,0.000,0.000,0.000,0.000,0.000,0.000,0.000,0.000,0.000,0.000,0.000,0.000",S2_C1_oldman_blk05_neg_d0.350_krea2_seed3141592,S2_C1_oldman_blk05_neg_d0.350_krea2_seed3141592_00001_.png,"Dreamlike top down fantasy scene viewed from a perfectly vertical overhead camera, looking straight down onto a narrow weathered wooden canoe drifting through a vast deep lotus pond. The entire canoe is visible and positioned near the center, surrounded by immense round lotus leaves in many sizes. Inside, an old bearded man sleeps peacefully on his back along the length of the boat. His head is turned gently to one side, long grey beard spread across the wooden boards. One arm bends above her head while the other rests across her torso holding a small wooden flute. He wears a loose grey robe with heavy folds of fabric around his legs, his bare feet visible near the stern. Pale pink lotus blossoms and buds emerge between dense emerald leaves. A luminous turquoise opening in the vegetation surrounds the canoe, revealing clear water, submerged rocks and delicate caustic light patterns below. The pond becomes progressively darker toward the edges, shifting into deep teal, petrol and midnight blue. Refined fantasy illustration, smooth painterly digital brushwork, rich botanical detail, softly modeled forms, subtle luminous highlights, atmospheric depth, elegant color transitions, tranquil magical light, serene and mysterious, award winning, a breathtaking masterpiece",Real Value,euler_ancestral,simple,9,1.0,1.0,1024,1280
185,perturbation,blk08_pos_d0.350,8,0.350,pos,,S2_C1_oldman,3141592,"{""8"": 0.35}","0.000,0.000,0.000,0.000,0.000,0.000,0.000,0.000,0.350,0.000,0.000,0.000,0.000,0.000,0.000,0.000,0.000,0.000,0.000,0.000,0.000,0.000,0.000,0.000,0.000,0.000,0.000,0.000,0.000,0.000,0.000,0.000,0.000,0.000",S2_C1_oldman_blk08_pos_d0.350_krea2_seed3141592,S2_C1_oldman_blk08_pos_d0.350_krea2_seed3141592_00001_.png,"Dreamlike top down fantasy scene viewed from a perfectly vertical overhead camera, looking straight down onto a narrow weathered wooden canoe drifting through a vast deep lotus pond. The entire canoe is visible and positioned near the center, surrounded by immense round lotus leaves in many sizes. Inside, an old bearded man sleeps peacefully on his back along the length of the boat. His head is turned gently to one side, long grey beard spread across the wooden boards. One arm bends above her head while the other rests across her torso holding a small wooden flute. He wears a loose grey robe with heavy folds of fabric around his legs, his bare feet visible near the stern. Pale pink lotus blossoms and buds emerge between dense emerald leaves. A luminous turquoise opening in the vegetation surrounds the canoe, revealing clear water, submerged rocks and delicate caustic light patterns below. The pond becomes progressively darker toward the edges, shifting into deep teal, petrol and midnight blue. Refined fantasy illustration, smooth painterly digital brushwork, rich botanical detail, softly modeled forms, subtle luminous highlights, atmospheric depth, elegant color transitions, tranquil magical light, serene and mysterious, award winning, a breathtaking masterpiece",Real Value,euler_ancestral,simple,9,1.0,1.0,1024,1280
186,perturbation,blk08_neg_d0.350,8,0.350,neg,,S2_C1_oldman,3141592,"{""8"": -0.35}","0.000,0.000,0.000,0.000,0.000,0.000,0.000,0.000,-0.350,0.000,0.000,0.000,0.000,0.000,0.000,0.000,0.000,0.000,0.000,0.000,0.000,0.000,0.000,0.000,0.000,0.000,0.000,0.000,0.000,0.000,0.000,0.000,0.000,0.000",S2_C1_oldman_blk08_neg_d0.350_krea2_seed3141592,S2_C1_oldman_blk08_neg_d0.350_krea2_seed3141592_00001_.png,"Dreamlike top down fantasy scene viewed from a perfectly vertical overhead camera, looking straight down onto a narrow weathered wooden canoe drifting through a vast deep lotus pond. The entire canoe is visible and positioned near the center, surrounded by immense round lotus leaves in many sizes. Inside, an old bearded man sleeps peacefully on his back along the length of the boat. His head is turned gently to one side, long grey beard spread across the wooden boards. One arm bends above her head while the other rests across her torso holding a small wooden flute. He wears a loose grey robe with heavy folds of fabric around his legs, his bare feet visible near the stern. Pale pink lotus blossoms and buds emerge between dense emerald leaves. A luminous turquoise opening in the vegetation surrounds the canoe, revealing clear water, submerged rocks and delicate caustic light patterns below. The pond becomes progressively darker toward the edges, shifting into deep teal, petrol and midnight blue. Refined fantasy illustration, smooth painterly digital brushwork, rich botanical detail, softly modeled forms, subtle luminous highlights, atmospheric depth, elegant color transitions, tranquil magical light, serene and mysterious, award winning, a breathtaking masterpiece",Real Value,euler_ancestral,simple,9,1.0,1.0,1024,1280
187,perturbation,blk09_pos_d0.350,9,0.350,pos,,S2_C1_oldman,3141592,"{""9"": 0.35}","0.000,0.000,0.000,0.000,0.000,0.000,0.000,0.000,0.000,0.350,0.000,0.000,0.000,0.000,0.000,0.000,0.000,0.000,0.000,0.000,0.000,0.000,0.000,0.000,0.000,0.000,0.000,0.000,0.000,0.000,0.000,0.000,0.000,0.000",S2_C1_oldman_blk09_pos_d0.350_krea2_seed3141592,S2_C1_oldman_blk09_pos_d0.350_krea2_seed3141592_00001_.png,"Dreamlike top down fantasy scene viewed from a perfectly vertical overhead camera, looking straight down onto a narrow weathered wooden canoe drifting through a vast deep lotus pond. The entire canoe is visible and positioned near the center, surrounded by immense round lotus leaves in many sizes. Inside, an old bearded man sleeps peacefully on his back along the length of the boat. His head is turned gently to one side, long grey beard spread across the wooden boards. One arm bends above her head while the other rests across her torso holding a small wooden flute. He wears a loose grey robe with heavy folds of fabric around his legs, his bare feet visible near the stern. Pale pink lotus blossoms and buds emerge between dense emerald leaves. A luminous turquoise opening in the vegetation surrounds the canoe, revealing clear water, submerged rocks and delicate caustic light patterns below. The pond becomes progressively darker toward the edges, shifting into deep teal, petrol and midnight blue. Refined fantasy illustration, smooth painterly digital brushwork, rich botanical detail, softly modeled forms, subtle luminous highlights, atmospheric depth, elegant color transitions, tranquil magical light, serene and mysterious, award winning, a breathtaking masterpiece",Real Value,euler_ancestral,simple,9,1.0,1.0,1024,1280
188,perturbation,blk09_neg_d0.350,9,0.350,neg,,S2_C1_oldman,3141592,"{""9"": -0.35}","0.000,0.000,0.000,0.000,0.000,0.000,0.000,0.000,0.000,-0.350,0.000,0.000,0.000,0.000,0.000,0.000,0.000,0.000,0.000,0.000,0.000,0.000,0.000,0.000,0.000,0.000,0.000,0.000,0.000,0.000,0.000,0.000,0.000,0.000",S2_C1_oldman_blk09_neg_d0.350_krea2_seed3141592,S2_C1_oldman_blk09_neg_d0.350_krea2_seed3141592_00001_.png,"Dreamlike top down fantasy scene viewed from a perfectly vertical overhead camera, looking straight down onto a narrow weathered wooden canoe drifting through a vast deep lotus pond. The entire canoe is visible and positioned near the center, surrounded by immense round lotus leaves in many sizes. Inside, an old bearded man sleeps peacefully on his back along the length of the boat. His head is turned gently to one side, long grey beard spread across the wooden boards. One arm bends above her head while the other rests across her torso holding a small wooden flute. He wears a loose grey robe with heavy folds of fabric around his legs, his bare feet visible near the stern. Pale pink lotus blossoms and buds emerge between dense emerald leaves. A luminous turquoise opening in the vegetation surrounds the canoe, revealing clear water, submerged rocks and delicate caustic light patterns below. The pond becomes progressively darker toward the edges, shifting into deep teal, petrol and midnight blue. Refined fantasy illustration, smooth painterly digital brushwork, rich botanical detail, softly modeled forms, subtle luminous highlights, atmospheric depth, elegant color transitions, tranquil magical light, serene and mysterious, award winning, a breathtaking masterpiece",Real Value,euler_ancestral,simple,9,1.0,1.0,1024,1280
189,perturbation,blk12_pos_d0.350,12,0.350,pos,,S2_C1_oldman,3141592,"{""12"": 0.35}","0.000,0.000,0.000,0.000,0.000,0.000,0.000,0.000,0.000,0.000,0.000,0.000,0.350,0.000,0.000,0.000,0.000,0.000,0.000,0.000,0.000,0.000,0.000,0.000,0.000,0.000,0.000,0.000,0.000,0.000,0.000,0.000,0.000,0.000",S2_C1_oldman_blk12_pos_d0.350_krea2_seed3141592,S2_C1_oldman_blk12_pos_d0.350_krea2_seed3141592_00001_.png,"Dreamlike top down fantasy scene viewed from a perfectly vertical overhead camera, looking straight down onto a narrow weathered wooden canoe drifting through a vast deep lotus pond. The entire canoe is visible and positioned near the center, surrounded by immense round lotus leaves in many sizes. Inside, an old bearded man sleeps peacefully on his back along the length of the boat. His head is turned gently to one side, long grey beard spread across the wooden boards. One arm bends above her head while the other rests across her torso holding a small wooden flute. He wears a loose grey robe with heavy folds of fabric around his legs, his bare feet visible near the stern. Pale pink lotus blossoms and buds emerge between dense emerald leaves. A luminous turquoise opening in the vegetation surrounds the canoe, revealing clear water, submerged rocks and delicate caustic light patterns below. The pond becomes progressively darker toward the edges, shifting into deep teal, petrol and midnight blue. Refined fantasy illustration, smooth painterly digital brushwork, rich botanical detail, softly modeled forms, subtle luminous highlights, atmospheric depth, elegant color transitions, tranquil magical light, serene and mysterious, award winning, a breathtaking masterpiece",Real Value,euler_ancestral,simple,9,1.0,1.0,1024,1280
190,perturbation,blk12_neg_d0.350,12,0.350,neg,,S2_C1_oldman,3141592,"{""12"": -0.35}","0.000,0.000,0.000,0.000,0.000,0.000,0.000,0.000,0.000,0.000,0.000,0.000,-0.350,0.000,0.000,0.000,0.000,0.000,0.000,0.000,0.000,0.000,0.000,0.000,0.000,0.000,0.000,0.000,0.000,0.000,0.000,0.000,0.000,0.000",S2_C1_oldman_blk12_neg_d0.350_krea2_seed3141592,S2_C1_oldman_blk12_neg_d0.350_krea2_seed3141592_00001_.png,"Dreamlike top down fantasy scene viewed from a perfectly vertical overhead camera, looking straight down onto a narrow weathered wooden canoe drifting through a vast deep lotus pond. The entire canoe is visible and positioned near the center, surrounded by immense round lotus leaves in many sizes. Inside, an old bearded man sleeps peacefully on his back along the length of the boat. His head is turned gently to one side, long grey beard spread across the wooden boards. One arm bends above her head while the other rests across her torso holding a small wooden flute. He wears a loose grey robe with heavy folds of fabric around his legs, his bare feet visible near the stern. Pale pink lotus blossoms and buds emerge between dense emerald leaves. A luminous turquoise opening in the vegetation surrounds the canoe, revealing clear water, submerged rocks and delicate caustic light patterns below. The pond becomes progressively darker toward the edges, shifting into deep teal, petrol and midnight blue. Refined fantasy illustration, smooth painterly digital brushwork, rich botanical detail, softly modeled forms, subtle luminous highlights, atmospheric depth, elegant color transitions, tranquil magical light, serene and mysterious, award winning, a breathtaking masterpiece",Real Value,euler_ancestral,simple,9,1.0,1.0,1024,1280
191,perturbation,blk13_pos_d0.350,13,0.350,pos,,S2_C1_oldman,3141592,"{""13"": 0.35}","0.000,0.000,0.000,0.000,0.000,0.000,0.000,0.000,0.000,0.000,0.000,0.000,0.000,0.350,0.000,0.000,0.000,0.000,0.000,0.000,0.000,0.000,0.000,0.000,0.000,0.000,0.000,0.000,0.000,0.000,0.000,0.000,0.000,0.000",S2_C1_oldman_blk13_pos_d0.350_krea2_seed3141592,S2_C1_oldman_blk13_pos_d0.350_krea2_seed3141592_00001_.png,"Dreamlike top down fantasy scene viewed from a perfectly vertical overhead camera, looking straight down onto a narrow weathered wooden canoe drifting through a vast deep lotus pond. The entire canoe is visible and positioned near the center, surrounded by immense round lotus leaves in many sizes. Inside, an old bearded man sleeps peacefully on his back along the length of the boat. His head is turned gently to one side, long grey beard spread across the wooden boards. One arm bends above her head while the other rests across her torso holding a small wooden flute. He wears a loose grey robe with heavy folds of fabric around his legs, his bare feet visible near the stern. Pale pink lotus blossoms and buds emerge between dense emerald leaves. A luminous turquoise opening in the vegetation surrounds the canoe, revealing clear water, submerged rocks and delicate caustic light patterns below. The pond becomes progressively darker toward the edges, shifting into deep teal, petrol and midnight blue. Refined fantasy illustration, smooth painterly digital brushwork, rich botanical detail, softly modeled forms, subtle luminous highlights, atmospheric depth, elegant color transitions, tranquil magical light, serene and mysterious, award winning, a breathtaking masterpiece",Real Value,euler_ancestral,simple,9,1.0,1.0,1024,1280
192,perturbation,blk13_neg_d0.350,13,0.350,neg,,S2_C1_oldman,3141592,"{""13"": -0.35}","0.000,0.000,0.000,0.000,0.000,0.000,0.000,0.000,0.000,0.000,0.000,0.000,0.000,-0.350,0.000,0.000,0.000,0.000,0.000,0.000,0.000,0.000,0.000,0.000,0.000,0.000,0.000,0.000,0.000,0.000,0.000,0.000,0.000,0.000",S2_C1_oldman_blk13_neg_d0.350_krea2_seed3141592,S2_C1_oldman_blk13_neg_d0.350_krea2_seed3141592_00001_.png,"Dreamlike top down fantasy scene viewed from a perfectly vertical overhead camera, looking straight down onto a narrow weathered wooden canoe drifting through a vast deep lotus pond. The entire canoe is visible and positioned near the center, surrounded by immense round lotus leaves in many sizes. Inside, an old bearded man sleeps peacefully on his back along the length of the boat. His head is turned gently to one side, long grey beard spread across the wooden boards. One arm bends above her head while the other rests across her torso holding a small wooden flute. He wears a loose grey robe with heavy folds of fabric around his legs, his bare feet visible near the stern. Pale pink lotus blossoms and buds emerge between dense emerald leaves. A luminous turquoise opening in the vegetation surrounds the canoe, revealing clear water, submerged rocks and delicate caustic light patterns below. The pond becomes progressively darker toward the edges, shifting into deep teal, petrol and midnight blue. Refined fantasy illustration, smooth painterly digital brushwork, rich botanical detail, softly modeled forms, subtle luminous highlights, atmospheric depth, elegant color transitions, tranquil magical light, serene and mysterious, award winning, a breathtaking masterpiece",Real Value,euler_ancestral,simple,9,1.0,1.0,1024,1280
193,perturbation,blk15_pos_d0.350,15,0.350,pos,,S2_C1_oldman,3141592,"{""15"": 0.35}","0.000,0.000,0.000,0.000,0.000,0.000,0.000,0.000,0.000,0.000,0.000,0.000,0.000,0.000,0.000,0.350,0.000,0.000,0.000,0.000,0.000,0.000,0.000,0.000,0.000,0.000,0.000,0.000,0.000,0.000,0.000,0.000,0.000,0.000",S2_C1_oldman_blk15_pos_d0.350_krea2_seed3141592,S2_C1_oldman_blk15_pos_d0.350_krea2_seed3141592_00001_.png,"Dreamlike top down fantasy scene viewed from a perfectly vertical overhead camera, looking straight down onto a narrow weathered wooden canoe drifting through a vast deep lotus pond. The entire canoe is visible and positioned near the center, surrounded by immense round lotus leaves in many sizes. Inside, an old bearded man sleeps peacefully on his back along the length of the boat. His head is turned gently to one side, long grey beard spread across the wooden boards. One arm bends above her head while the other rests across her torso holding a small wooden flute. He wears a loose grey robe with heavy folds of fabric around his legs, his bare feet visible near the stern. Pale pink lotus blossoms and buds emerge between dense emerald leaves. A luminous turquoise opening in the vegetation surrounds the canoe, revealing clear water, submerged rocks and delicate caustic light patterns below. The pond becomes progressively darker toward the edges, shifting into deep teal, petrol and midnight blue. Refined fantasy illustration, smooth painterly digital brushwork, rich botanical detail, softly modeled forms, subtle luminous highlights, atmospheric depth, elegant color transitions, tranquil magical light, serene and mysterious, award winning, a breathtaking masterpiece",Real Value,euler_ancestral,simple,9,1.0,1.0,1024,1280
194,perturbation,blk15_neg_d0.350,15,0.350,neg,,S2_C1_oldman,3141592,"{""15"": -0.35}","0.000,0.000,0.000,0.000,0.000,0.000,0.000,0.000,0.000,0.000,0.000,0.000,0.000,0.000,0.000,-0.350,0.000,0.000,0.000,0.000,0.000,0.000,0.000,0.000,0.000,0.000,0.000,0.000,0.000,0.000,0.000,0.000,0.000,0.000",S2_C1_oldman_blk15_neg_d0.350_krea2_seed3141592,S2_C1_oldman_blk15_neg_d0.350_krea2_seed3141592_00001_.png,"Dreamlike top down fantasy scene viewed from a perfectly vertical overhead camera, looking straight down onto a narrow weathered wooden canoe drifting through a vast deep lotus pond. The entire canoe is visible and positioned near the center, surrounded by immense round lotus leaves in many sizes. Inside, an old bearded man sleeps peacefully on his back along the length of the boat. His head is turned gently to one side, long grey beard spread across the wooden boards. One arm bends above her head while the other rests across her torso holding a small wooden flute. He wears a loose grey robe with heavy folds of fabric around his legs, his bare feet visible near the stern. Pale pink lotus blossoms and buds emerge between dense emerald leaves. A luminous turquoise opening in the vegetation surrounds the canoe, revealing clear water, submerged rocks and delicate caustic light patterns below. The pond becomes progressively darker toward the edges, shifting into deep teal, petrol and midnight blue. Refined fantasy illustration, smooth painterly digital brushwork, rich botanical detail, softly modeled forms, subtle luminous highlights, atmospheric depth, elegant color transitions, tranquil magical light, serene and mysterious, award winning, a breathtaking masterpiece",Real Value,euler_ancestral,simple,9,1.0,1.0,1024,1280
195,perturbation,blk17_pos_d0.350,17,0.350,pos,,S2_C1_oldman,3141592,"{""17"": 0.35}","0.000,0.000,0.000,0.000,0.000,0.000,0.000,0.000,0.000,0.000,0.000,0.000,0.000,0.000,0.000,0.000,0.000,0.350,0.000,0.000,0.000,0.000,0.000,0.000,0.000,0.000,0.000,0.000,0.000,0.000,0.000,0.000,0.000,0.000",S2_C1_oldman_blk17_pos_d0.350_krea2_seed3141592,S2_C1_oldman_blk17_pos_d0.350_krea2_seed3141592_00001_.png,"Dreamlike top down fantasy scene viewed from a perfectly vertical overhead camera, looking straight down onto a narrow weathered wooden canoe drifting through a vast deep lotus pond. The entire canoe is visible and positioned near the center, surrounded by immense round lotus leaves in many sizes. Inside, an old bearded man sleeps peacefully on his back along the length of the boat. His head is turned gently to one side, long grey beard spread across the wooden boards. One arm bends above her head while the other rests across her torso holding a small wooden flute. He wears a loose grey robe with heavy folds of fabric around his legs, his bare feet visible near the stern. Pale pink lotus blossoms and buds emerge between dense emerald leaves. A luminous turquoise opening in the vegetation surrounds the canoe, revealing clear water, submerged rocks and delicate caustic light patterns below. The pond becomes progressively darker toward the edges, shifting into deep teal, petrol and midnight blue. Refined fantasy illustration, smooth painterly digital brushwork, rich botanical detail, softly modeled forms, subtle luminous highlights, atmospheric depth, elegant color transitions, tranquil magical light, serene and mysterious, award winning, a breathtaking masterpiece",Real Value,euler_ancestral,simple,9,1.0,1.0,1024,1280
196,perturbation,blk17_neg_d0.350,17,0.350,neg,,S2_C1_oldman,3141592,"{""17"": -0.35}","0.000,0.000,0.000,0.000,0.000,0.000,0.000,0.000,0.000,0.000,0.000,0.000,0.000,0.000,0.000,0.000,0.000,-0.350,0.000,0.000,0.000,0.000,0.000,0.000,0.000,0.000,0.000,0.000,0.000,0.000,0.000,0.000,0.000,0.000",S2_C1_oldman_blk17_neg_d0.350_krea2_seed3141592,S2_C1_oldman_blk17_neg_d0.350_krea2_seed3141592_00001_.png,"Dreamlike top down fantasy scene viewed from a perfectly vertical overhead camera, looking straight down onto a narrow weathered wooden canoe drifting through a vast deep lotus pond. The entire canoe is visible and positioned near the center, surrounded by immense round lotus leaves in many sizes. Inside, an old bearded man sleeps peacefully on his back along the length of the boat. His head is turned gently to one side, long grey beard spread across the wooden boards. One arm bends above her head while the other rests across her torso holding a small wooden flute. He wears a loose grey robe with heavy folds of fabric around his legs, his bare feet visible near the stern. Pale pink lotus blossoms and buds emerge between dense emerald leaves. A luminous turquoise opening in the vegetation surrounds the canoe, revealing clear water, submerged rocks and delicate caustic light patterns below. The pond becomes progressively darker toward the edges, shifting into deep teal, petrol and midnight blue. Refined fantasy illustration, smooth painterly digital brushwork, rich botanical detail, softly modeled forms, subtle luminous highlights, atmospheric depth, elegant color transitions, tranquil magical light, serene and mysterious, award winning, a breathtaking masterpiece",Real Value,euler_ancestral,simple,9,1.0,1.0,1024,1280
197,perturbation,blk19_pos_d0.350,19,0.350,pos,,S2_C1_oldman,3141592,"{""19"": 0.35}","0.000,0.000,0.000,0.000,0.000,0.000,0.000,0.000,0.000,0.000,0.000,0.000,0.000,0.000,0.000,0.000,0.000,0.000,0.000,0.350,0.000,0.000,0.000,0.000,0.000,0.000,0.000,0.000,0.000,0.000,0.000,0.000,0.000,0.000",S2_C1_oldman_blk19_pos_d0.350_krea2_seed3141592,S2_C1_oldman_blk19_pos_d0.350_krea2_seed3141592_00001_.png,"Dreamlike top down fantasy scene viewed from a perfectly vertical overhead camera, looking straight down onto a narrow weathered wooden canoe drifting through a vast deep lotus pond. The entire canoe is visible and positioned near the center, surrounded by immense round lotus leaves in many sizes. Inside, an old bearded man sleeps peacefully on his back along the length of the boat. His head is turned gently to one side, long grey beard spread across the wooden boards. One arm bends above her head while the other rests across her torso holding a small wooden flute. He wears a loose grey robe with heavy folds of fabric around his legs, his bare feet visible near the stern. Pale pink lotus blossoms and buds emerge between dense emerald leaves. A luminous turquoise opening in the vegetation surrounds the canoe, revealing clear water, submerged rocks and delicate caustic light patterns below. The pond becomes progressively darker toward the edges, shifting into deep teal, petrol and midnight blue. Refined fantasy illustration, smooth painterly digital brushwork, rich botanical detail, softly modeled forms, subtle luminous highlights, atmospheric depth, elegant color transitions, tranquil magical light, serene and mysterious, award winning, a breathtaking masterpiece",Real Value,euler_ancestral,simple,9,1.0,1.0,1024,1280
198,perturbation,blk19_neg_d0.350,19,0.350,neg,,S2_C1_oldman,3141592,"{""19"": -0.35}","0.000,0.000,0.000,0.000,0.000,0.000,0.000,0.000,0.000,0.000,0.000,0.000,0.000,0.000,0.000,0.000,0.000,0.000,0.000,-0.350,0.000,0.000,0.000,0.000,0.000,0.000,0.000,0.000,0.000,0.000,0.000,0.000,0.000,0.000",S2_C1_oldman_blk19_neg_d0.350_krea2_seed3141592,S2_C1_oldman_blk19_neg_d0.350_krea2_seed3141592_00001_.png,"Dreamlike top down fantasy scene viewed from a perfectly vertical overhead camera, looking straight down onto a narrow weathered wooden canoe drifting through a vast deep lotus pond. The entire canoe is visible and positioned near the center, surrounded by immense round lotus leaves in many sizes. Inside, an old bearded man sleeps peacefully on his back along the length of the boat. His head is turned gently to one side, long grey beard spread across the wooden boards. One arm bends above her head while the other rests across her torso holding a small wooden flute. He wears a loose grey robe with heavy folds of fabric around his legs, his bare feet visible near the stern. Pale pink lotus blossoms and buds emerge between dense emerald leaves. A luminous turquoise opening in the vegetation surrounds the canoe, revealing clear water, submerged rocks and delicate caustic light patterns below. The pond becomes progressively darker toward the edges, shifting into deep teal, petrol and midnight blue. Refined fantasy illustration, smooth painterly digital brushwork, rich botanical detail, softly modeled forms, subtle luminous highlights, atmospheric depth, elegant color transitions, tranquil magical light, serene and mysterious, award winning, a breathtaking masterpiece",Real Value,euler_ancestral,simple,9,1.0,1.0,1024,1280
199,perturbation,blk23_pos_d0.350,23,0.350,pos,,S2_C1_oldman,3141592,"{""23"": 0.35}","0.000,0.000,0.000,0.000,0.000,0.000,0.000,0.000,0.000,0.000,0.000,0.000,0.000,0.000,0.000,0.000,0.000,0.000,0.000,0.000,0.000,0.000,0.000,0.350,0.000,0.000,0.000,0.000,0.000,0.000,0.000,0.000,0.000,0.000",S2_C1_oldman_blk23_pos_d0.350_krea2_seed3141592,S2_C1_oldman_blk23_pos_d0.350_krea2_seed3141592_00001_.png,"Dreamlike top down fantasy scene viewed from a perfectly vertical overhead camera, looking straight down onto a narrow weathered wooden canoe drifting through a vast deep lotus pond. The entire canoe is visible and positioned near the center, surrounded by immense round lotus leaves in many sizes. Inside, an old bearded man sleeps peacefully on his back along the length of the boat. His head is turned gently to one side, long grey beard spread across the wooden boards. One arm bends above her head while the other rests across her torso holding a small wooden flute. He wears a loose grey robe with heavy folds of fabric around his legs, his bare feet visible near the stern. Pale pink lotus blossoms and buds emerge between dense emerald leaves. A luminous turquoise opening in the vegetation surrounds the canoe, revealing clear water, submerged rocks and delicate caustic light patterns below. The pond becomes progressively darker toward the edges, shifting into deep teal, petrol and midnight blue. Refined fantasy illustration, smooth painterly digital brushwork, rich botanical detail, softly modeled forms, subtle luminous highlights, atmospheric depth, elegant color transitions, tranquil magical light, serene and mysterious, award winning, a breathtaking masterpiece",Real Value,euler_ancestral,simple,9,1.0,1.0,1024,1280
200,perturbation,blk23_neg_d0.350,23,0.350,neg,,S2_C1_oldman,3141592,"{""23"": -0.35}","0.000,0.000,0.000,0.000,0.000,0.000,0.000,0.000,0.000,0.000,0.000,0.000,0.000,0.000,0.000,0.000,0.000,0.000,0.000,0.000,0.000,0.000,0.000,-0.350,0.000,0.000,0.000,0.000,0.000,0.000,0.000,0.000,0.000,0.000",S2_C1_oldman_blk23_neg_d0.350_krea2_seed3141592,S2_C1_oldman_blk23_neg_d0.350_krea2_seed3141592_00001_.png,"Dreamlike top down fantasy scene viewed from a perfectly vertical overhead camera, looking straight down onto a narrow weathered wooden canoe drifting through a vast deep lotus pond. The entire canoe is visible and positioned near the center, surrounded by immense round lotus leaves in many sizes. Inside, an old bearded man sleeps peacefully on his back along the length of the boat. His head is turned gently to one side, long grey beard spread across the wooden boards. One arm bends above her head while the other rests across her torso holding a small wooden flute. He wears a loose grey robe with heavy folds of fabric around his legs, his bare feet visible near the stern. Pale pink lotus blossoms and buds emerge between dense emerald leaves. A luminous turquoise opening in the vegetation surrounds the canoe, revealing clear water, submerged rocks and delicate caustic light patterns below. The pond becomes progressively darker toward the edges, shifting into deep teal, petrol and midnight blue. Refined fantasy illustration, smooth painterly digital brushwork, rich botanical detail, softly modeled forms, subtle luminous highlights, atmospheric depth, elegant color transitions, tranquil magical light, serene and mysterious, award winning, a breathtaking masterpiece",Real Value,euler_ancestral,simple,9,1.0,1.0,1024,1280
201,perturbation,blk02_pos_d0.350,2,0.350,pos,,S1_W3_tags,1234567,"{""2"": 0.35}","0.000,0.000,0.350,0.000,0.000,0.000,0.000,0.000,0.000,0.000,0.000,0.000,0.000,0.000,0.000,0.000,0.000,0.000,0.000,0.000,0.000,0.000,0.000,0.000,0.000,0.000,0.000,0.000,0.000,0.000,0.000,0.000,0.000,0.000",S1_W3_tags_blk02_pos_d0.350_krea2_seed1234567,S1_W3_tags_blk02_pos_d0.350_krea2_seed1234567_00001_.png,"realistic western comics style, bold ink outlines, hatched shadows, high angle, from above, top view, upper body portrait, close-up on gauntlet, dynamic pose, dramatic angle, strong perspective, female elf brawler, small pale antlers, pointed ears, young adult, tousled green hair, green hair fading to teal tips, thick green eyebrows, eyepatch over one eye, sharp bright green eye, tan sun-kissed skin, skin gradient, wide reckless grin, smug grin, half-closed eye, wildly smug expression, looking to her left, fur-collared dark navy jacket, gold wood-textured pauldron, black uniform, brown leather arm straps, heavy silver gauntlet, blue electric energy, crackling electricity, fist toward viewer, white empty background, flat background, warm light, deep amber shadows, sharp blue highlights on gauntlet",Real Value,euler_ancestral,simple,9,1.0,1.0,1024,1280
202,perturbation,blk02_neg_d0.350,2,0.350,neg,,S1_W3_tags,1234567,"{""2"": -0.35}","0.000,0.000,-0.350,0.000,0.000,0.000,0.000,0.000,0.000,0.000,0.000,0.000,0.000,0.000,0.000,0.000,0.000,0.000,0.000,0.000,0.000,0.000,0.000,0.000,0.000,0.000,0.000,0.000,0.000,0.000,0.000,0.000,0.000,0.000",S1_W3_tags_blk02_neg_d0.350_krea2_seed1234567,S1_W3_tags_blk02_neg_d0.350_krea2_seed1234567_00001_.png,"realistic western comics style, bold ink outlines, hatched shadows, high angle, from above, top view, upper body portrait, close-up on gauntlet, dynamic pose, dramatic angle, strong perspective, female elf brawler, small pale antlers, pointed ears, young adult, tousled green hair, green hair fading to teal tips, thick green eyebrows, eyepatch over one eye, sharp bright green eye, tan sun-kissed skin, skin gradient, wide reckless grin, smug grin, half-closed eye, wildly smug expression, looking to her left, fur-collared dark navy jacket, gold wood-textured pauldron, black uniform, brown leather arm straps, heavy silver gauntlet, blue electric energy, crackling electricity, fist toward viewer, white empty background, flat background, warm light, deep amber shadows, sharp blue highlights on gauntlet",Real Value,euler_ancestral,simple,9,1.0,1.0,1024,1280
203,perturbation,blk05_pos_d0.350,5,0.350,pos,,S1_W3_tags,1234567,"{""5"": 0.35}","0.000,0.000,0.000,0.000,0.000,0.350,0.000,0.000,0.000,0.000,0.000,0.000,0.000,0.000,0.000,0.000,0.000,0.000,0.000,0.000,0.000,0.000,0.000,0.000,0.000,0.000,0.000,0.000,0.000,0.000,0.000,0.000,0.000,0.000",S1_W3_tags_blk05_pos_d0.350_krea2_seed1234567,S1_W3_tags_blk05_pos_d0.350_krea2_seed1234567_00001_.png,"realistic western comics style, bold ink outlines, hatched shadows, high angle, from above, top view, upper body portrait, close-up on gauntlet, dynamic pose, dramatic angle, strong perspective, female elf brawler, small pale antlers, pointed ears, young adult, tousled green hair, green hair fading to teal tips, thick green eyebrows, eyepatch over one eye, sharp bright green eye, tan sun-kissed skin, skin gradient, wide reckless grin, smug grin, half-closed eye, wildly smug expression, looking to her left, fur-collared dark navy jacket, gold wood-textured pauldron, black uniform, brown leather arm straps, heavy silver gauntlet, blue electric energy, crackling electricity, fist toward viewer, white empty background, flat background, warm light, deep amber shadows, sharp blue highlights on gauntlet",Real Value,euler_ancestral,simple,9,1.0,1.0,1024,1280
204,perturbation,blk05_neg_d0.350,5,0.350,neg,,S1_W3_tags,1234567,"{""5"": -0.35}","0.000,0.000,0.000,0.000,0.000,-0.350,0.000,0.000,0.000,0.000,0.000,0.000,0.000,0.000,0.000,0.000,0.000,0.000,0.000,0.000,0.000,0.000,0.000,0.000,0.000,0.000,0.000,0.000,0.000,0.000,0.000,0.000,0.000,0.000",S1_W3_tags_blk05_neg_d0.350_krea2_seed1234567,S1_W3_tags_blk05_neg_d0.350_krea2_seed1234567_00001_.png,"realistic western comics style, bold ink outlines, hatched shadows, high angle, from above, top view, upper body portrait, close-up on gauntlet, dynamic pose, dramatic angle, strong perspective, female elf brawler, small pale antlers, pointed ears, young adult, tousled green hair, green hair fading to teal tips, thick green eyebrows, eyepatch over one eye, sharp bright green eye, tan sun-kissed skin, skin gradient, wide reckless grin, smug grin, half-closed eye, wildly smug expression, looking to her left, fur-collared dark navy jacket, gold wood-textured pauldron, black uniform, brown leather arm straps, heavy silver gauntlet, blue electric energy, crackling electricity, fist toward viewer, white empty background, flat background, warm light, deep amber shadows, sharp blue highlights on gauntlet",Real Value,euler_ancestral,simple,9,1.0,1.0,1024,1280
205,perturbation,blk08_pos_d0.350,8,0.350,pos,,S1_W3_tags,1234567,"{""8"": 0.35}","0.000,0.000,0.000,0.000,0.000,0.000,0.000,0.000,0.350,0.000,0.000,0.000,0.000,0.000,0.000,0.000,0.000,0.000,0.000,0.000,0.000,0.000,0.000,0.000,0.000,0.000,0.000,0.000,0.000,0.000,0.000,0.000,0.000,0.000",S1_W3_tags_blk08_pos_d0.350_krea2_seed1234567,S1_W3_tags_blk08_pos_d0.350_krea2_seed1234567_00001_.png,"realistic western comics style, bold ink outlines, hatched shadows, high angle, from above, top view, upper body portrait, close-up on gauntlet, dynamic pose, dramatic angle, strong perspective, female elf brawler, small pale antlers, pointed ears, young adult, tousled green hair, green hair fading to teal tips, thick green eyebrows, eyepatch over one eye, sharp bright green eye, tan sun-kissed skin, skin gradient, wide reckless grin, smug grin, half-closed eye, wildly smug expression, looking to her left, fur-collared dark navy jacket, gold wood-textured pauldron, black uniform, brown leather arm straps, heavy silver gauntlet, blue electric energy, crackling electricity, fist toward viewer, white empty background, flat background, warm light, deep amber shadows, sharp blue highlights on gauntlet",Real Value,euler_ancestral,simple,9,1.0,1.0,1024,1280
206,perturbation,blk08_neg_d0.350,8,0.350,neg,,S1_W3_tags,1234567,"{""8"": -0.35}","0.000,0.000,0.000,0.000,0.000,0.000,0.000,0.000,-0.350,0.000,0.000,0.000,0.000,0.000,0.000,0.000,0.000,0.000,0.000,0.000,0.000,0.000,0.000,0.000,0.000,0.000,0.000,0.000,0.000,0.000,0.000,0.000,0.000,0.000",S1_W3_tags_blk08_neg_d0.350_krea2_seed1234567,S1_W3_tags_blk08_neg_d0.350_krea2_seed1234567_00001_.png,"realistic western comics style, bold ink outlines, hatched shadows, high angle, from above, top view, upper body portrait, close-up on gauntlet, dynamic pose, dramatic angle, strong perspective, female elf brawler, small pale antlers, pointed ears, young adult, tousled green hair, green hair fading to teal tips, thick green eyebrows, eyepatch over one eye, sharp bright green eye, tan sun-kissed skin, skin gradient, wide reckless grin, smug grin, half-closed eye, wildly smug expression, looking to her left, fur-collared dark navy jacket, gold wood-textured pauldron, black uniform, brown leather arm straps, heavy silver gauntlet, blue electric energy, crackling electricity, fist toward viewer, white empty background, flat background, warm light, deep amber shadows, sharp blue highlights on gauntlet",Real Value,euler_ancestral,simple,9,1.0,1.0,1024,1280
207,perturbation,blk09_pos_d0.350,9,0.350,pos,,S1_W3_tags,1234567,"{""9"": 0.35}","0.000,0.000,0.000,0.000,0.000,0.000,0.000,0.000,0.000,0.350,0.000,0.000,0.000,0.000,0.000,0.000,0.000,0.000,0.000,0.000,0.000,0.000,0.000,0.000,0.000,0.000,0.000,0.000,0.000,0.000,0.000,0.000,0.000,0.000",S1_W3_tags_blk09_pos_d0.350_krea2_seed1234567,S1_W3_tags_blk09_pos_d0.350_krea2_seed1234567_00001_.png,"realistic western comics style, bold ink outlines, hatched shadows, high angle, from above, top view, upper body portrait, close-up on gauntlet, dynamic pose, dramatic angle, strong perspective, female elf brawler, small pale antlers, pointed ears, young adult, tousled green hair, green hair fading to teal tips, thick green eyebrows, eyepatch over one eye, sharp bright green eye, tan sun-kissed skin, skin gradient, wide reckless grin, smug grin, half-closed eye, wildly smug expression, looking to her left, fur-collared dark navy jacket, gold wood-textured pauldron, black uniform, brown leather arm straps, heavy silver gauntlet, blue electric energy, crackling electricity, fist toward viewer, white empty background, flat background, warm light, deep amber shadows, sharp blue highlights on gauntlet",Real Value,euler_ancestral,simple,9,1.0,1.0,1024,1280
208,perturbation,blk09_neg_d0.350,9,0.350,neg,,S1_W3_tags,1234567,"{""9"": -0.35}","0.000,0.000,0.000,0.000,0.000,0.000,0.000,0.000,0.000,-0.350,0.000,0.000,0.000,0.000,0.000,0.000,0.000,0.000,0.000,0.000,0.000,0.000,0.000,0.000,0.000,0.000,0.000,0.000,0.000,0.000,0.000,0.000,0.000,0.000",S1_W3_tags_blk09_neg_d0.350_krea2_seed1234567,S1_W3_tags_blk09_neg_d0.350_krea2_seed1234567_00001_.png,"realistic western comics style, bold ink outlines, hatched shadows, high angle, from above, top view, upper body portrait, close-up on gauntlet, dynamic pose, dramatic angle, strong perspective, female elf brawler, small pale antlers, pointed ears, young adult, tousled green hair, green hair fading to teal tips, thick green eyebrows, eyepatch over one eye, sharp bright green eye, tan sun-kissed skin, skin gradient, wide reckless grin, smug grin, half-closed eye, wildly smug expression, looking to her left, fur-collared dark navy jacket, gold wood-textured pauldron, black uniform, brown leather arm straps, heavy silver gauntlet, blue electric energy, crackling electricity, fist toward viewer, white empty background, flat background, warm light, deep amber shadows, sharp blue highlights on gauntlet",Real Value,euler_ancestral,simple,9,1.0,1.0,1024,1280
209,perturbation,blk12_pos_d0.350,12,0.350,pos,,S1_W3_tags,1234567,"{""12"": 0.35}","0.000,0.000,0.000,0.000,0.000,0.000,0.000,0.000,0.000,0.000,0.000,0.000,0.350,0.000,0.000,0.000,0.000,0.000,0.000,0.000,0.000,0.000,0.000,0.000,0.000,0.000,0.000,0.000,0.000,0.000,0.000,0.000,0.000,0.000",S1_W3_tags_blk12_pos_d0.350_krea2_seed1234567,S1_W3_tags_blk12_pos_d0.350_krea2_seed1234567_00001_.png,"realistic western comics style, bold ink outlines, hatched shadows, high angle, from above, top view, upper body portrait, close-up on gauntlet, dynamic pose, dramatic angle, strong perspective, female elf brawler, small pale antlers, pointed ears, young adult, tousled green hair, green hair fading to teal tips, thick green eyebrows, eyepatch over one eye, sharp bright green eye, tan sun-kissed skin, skin gradient, wide reckless grin, smug grin, half-closed eye, wildly smug expression, looking to her left, fur-collared dark navy jacket, gold wood-textured pauldron, black uniform, brown leather arm straps, heavy silver gauntlet, blue electric energy, crackling electricity, fist toward viewer, white empty background, flat background, warm light, deep amber shadows, sharp blue highlights on gauntlet",Real Value,euler_ancestral,simple,9,1.0,1.0,1024,1280
210,perturbation,blk12_neg_d0.350,12,0.350,neg,,S1_W3_tags,1234567,"{""12"": -0.35}","0.000,0.000,0.000,0.000,0.000,0.000,0.000,0.000,0.000,0.000,0.000,0.000,-0.350,0.000,0.000,0.000,0.000,0.000,0.000,0.000,0.000,0.000,0.000,0.000,0.000,0.000,0.000,0.000,0.000,0.000,0.000,0.000,0.000,0.000",S1_W3_tags_blk12_neg_d0.350_krea2_seed1234567,S1_W3_tags_blk12_neg_d0.350_krea2_seed1234567_00001_.png,"realistic western comics style, bold ink outlines, hatched shadows, high angle, from above, top view, upper body portrait, close-up on gauntlet, dynamic pose, dramatic angle, strong perspective, female elf brawler, small pale antlers, pointed ears, young adult, tousled green hair, green hair fading to teal tips, thick green eyebrows, eyepatch over one eye, sharp bright green eye, tan sun-kissed skin, skin gradient, wide reckless grin, smug grin, half-closed eye, wildly smug expression, looking to her left, fur-collared dark navy jacket, gold wood-textured pauldron, black uniform, brown leather arm straps, heavy silver gauntlet, blue electric energy, crackling electricity, fist toward viewer, white empty background, flat background, warm light, deep amber shadows, sharp blue highlights on gauntlet",Real Value,euler_ancestral,simple,9,1.0,1.0,1024,1280
211,perturbation,blk13_pos_d0.350,13,0.350,pos,,S1_W3_tags,1234567,"{""13"": 0.35}","0.000,0.000,0.000,0.000,0.000,0.000,0.000,0.000,0.000,0.000,0.000,0.000,0.000,0.350,0.000,0.000,0.000,0.000,0.000,0.000,0.000,0.000,0.000,0.000,0.000,0.000,0.000,0.000,0.000,0.000,0.000,0.000,0.000,0.000",S1_W3_tags_blk13_pos_d0.350_krea2_seed1234567,S1_W3_tags_blk13_pos_d0.350_krea2_seed1234567_00001_.png,"realistic western comics style, bold ink outlines, hatched shadows, high angle, from above, top view, upper body portrait, close-up on gauntlet, dynamic pose, dramatic angle, strong perspective, female elf brawler, small pale antlers, pointed ears, young adult, tousled green hair, green hair fading to teal tips, thick green eyebrows, eyepatch over one eye, sharp bright green eye, tan sun-kissed skin, skin gradient, wide reckless grin, smug grin, half-closed eye, wildly smug expression, looking to her left, fur-collared dark navy jacket, gold wood-textured pauldron, black uniform, brown leather arm straps, heavy silver gauntlet, blue electric energy, crackling electricity, fist toward viewer, white empty background, flat background, warm light, deep amber shadows, sharp blue highlights on gauntlet",Real Value,euler_ancestral,simple,9,1.0,1.0,1024,1280
212,perturbation,blk13_neg_d0.350,13,0.350,neg,,S1_W3_tags,1234567,"{""13"": -0.35}","0.000,0.000,0.000,0.000,0.000,0.000,0.000,0.000,0.000,0.000,0.000,0.000,0.000,-0.350,0.000,0.000,0.000,0.000,0.000,0.000,0.000,0.000,0.000,0.000,0.000,0.000,0.000,0.000,0.000,0.000,0.000,0.000,0.000,0.000",S1_W3_tags_blk13_neg_d0.350_krea2_seed1234567,S1_W3_tags_blk13_neg_d0.350_krea2_seed1234567_00001_.png,"realistic western comics style, bold ink outlines, hatched shadows, high angle, from above, top view, upper body portrait, close-up on gauntlet, dynamic pose, dramatic angle, strong perspective, female elf brawler, small pale antlers, pointed ears, young adult, tousled green hair, green hair fading to teal tips, thick green eyebrows, eyepatch over one eye, sharp bright green eye, tan sun-kissed skin, skin gradient, wide reckless grin, smug grin, half-closed eye, wildly smug expression, looking to her left, fur-collared dark navy jacket, gold wood-textured pauldron, black uniform, brown leather arm straps, heavy silver gauntlet, blue electric energy, crackling electricity, fist toward viewer, white empty background, flat background, warm light, deep amber shadows, sharp blue highlights on gauntlet",Real Value,euler_ancestral,simple,9,1.0,1.0,1024,1280
213,perturbation,blk15_pos_d0.350,15,0.350,pos,,S1_W3_tags,1234567,"{""15"": 0.35}","0.000,0.000,0.000,0.000,0.000,0.000,0.000,0.000,0.000,0.000,0.000,0.000,0.000,0.000,0.000,0.350,0.000,0.000,0.000,0.000,0.000,0.000,0.000,0.000,0.000,0.000,0.000,0.000,0.000,0.000,0.000,0.000,0.000,0.000",S1_W3_tags_blk15_pos_d0.350_krea2_seed1234567,S1_W3_tags_blk15_pos_d0.350_krea2_seed1234567_00001_.png,"realistic western comics style, bold ink outlines, hatched shadows, high angle, from above, top view, upper body portrait, close-up on gauntlet, dynamic pose, dramatic angle, strong perspective, female elf brawler, small pale antlers, pointed ears, young adult, tousled green hair, green hair fading to teal tips, thick green eyebrows, eyepatch over one eye, sharp bright green eye, tan sun-kissed skin, skin gradient, wide reckless grin, smug grin, half-closed eye, wildly smug expression, looking to her left, fur-collared dark navy jacket, gold wood-textured pauldron, black uniform, brown leather arm straps, heavy silver gauntlet, blue electric energy, crackling electricity, fist toward viewer, white empty background, flat background, warm light, deep amber shadows, sharp blue highlights on gauntlet",Real Value,euler_ancestral,simple,9,1.0,1.0,1024,1280
214,perturbation,blk15_neg_d0.350,15,0.350,neg,,S1_W3_tags,1234567,"{""15"": -0.35}","0.000,0.000,0.000,0.000,0.000,0.000,0.000,0.000,0.000,0.000,0.000,0.000,0.000,0.000,0.000,-0.350,0.000,0.000,0.000,0.000,0.000,0.000,0.000,0.000,0.000,0.000,0.000,0.000,0.000,0.000,0.000,0.000,0.000,0.000",S1_W3_tags_blk15_neg_d0.350_krea2_seed1234567,S1_W3_tags_blk15_neg_d0.350_krea2_seed1234567_00001_.png,"realistic western comics style, bold ink outlines, hatched shadows, high angle, from above, top view, upper body portrait, close-up on gauntlet, dynamic pose, dramatic angle, strong perspective, female elf brawler, small pale antlers, pointed ears, young adult, tousled green hair, green hair fading to teal tips, thick green eyebrows, eyepatch over one eye, sharp bright green eye, tan sun-kissed skin, skin gradient, wide reckless grin, smug grin, half-closed eye, wildly smug expression, looking to her left, fur-collared dark navy jacket, gold wood-textured pauldron, black uniform, brown leather arm straps, heavy silver gauntlet, blue electric energy, crackling electricity, fist toward viewer, white empty background, flat background, warm light, deep amber shadows, sharp blue highlights on gauntlet",Real Value,euler_ancestral,simple,9,1.0,1.0,1024,1280
215,perturbation,blk17_pos_d0.350,17,0.350,pos,,S1_W3_tags,1234567,"{""17"": 0.35}","0.000,0.000,0.000,0.000,0.000,0.000,0.000,0.000,0.000,0.000,0.000,0.000,0.000,0.000,0.000,0.000,0.000,0.350,0.000,0.000,0.000,0.000,0.000,0.000,0.000,0.000,0.000,0.000,0.000,0.000,0.000,0.000,0.000,0.000",S1_W3_tags_blk17_pos_d0.350_krea2_seed1234567,S1_W3_tags_blk17_pos_d0.350_krea2_seed1234567_00001_.png,"realistic western comics style, bold ink outlines, hatched shadows, high angle, from above, top view, upper body portrait, close-up on gauntlet, dynamic pose, dramatic angle, strong perspective, female elf brawler, small pale antlers, pointed ears, young adult, tousled green hair, green hair fading to teal tips, thick green eyebrows, eyepatch over one eye, sharp bright green eye, tan sun-kissed skin, skin gradient, wide reckless grin, smug grin, half-closed eye, wildly smug expression, looking to her left, fur-collared dark navy jacket, gold wood-textured pauldron, black uniform, brown leather arm straps, heavy silver gauntlet, blue electric energy, crackling electricity, fist toward viewer, white empty background, flat background, warm light, deep amber shadows, sharp blue highlights on gauntlet",Real Value,euler_ancestral,simple,9,1.0,1.0,1024,1280
216,perturbation,blk17_neg_d0.350,17,0.350,neg,,S1_W3_tags,1234567,"{""17"": -0.35}","0.000,0.000,0.000,0.000,0.000,0.000,0.000,0.000,0.000,0.000,0.000,0.000,0.000,0.000,0.000,0.000,0.000,-0.350,0.000,0.000,0.000,0.000,0.000,0.000,0.000,0.000,0.000,0.000,0.000,0.000,0.000,0.000,0.000,0.000",S1_W3_tags_blk17_neg_d0.350_krea2_seed1234567,S1_W3_tags_blk17_neg_d0.350_krea2_seed1234567_00001_.png,"realistic western comics style, bold ink outlines, hatched shadows, high angle, from above, top view, upper body portrait, close-up on gauntlet, dynamic pose, dramatic angle, strong perspective, female elf brawler, small pale antlers, pointed ears, young adult, tousled green hair, green hair fading to teal tips, thick green eyebrows, eyepatch over one eye, sharp bright green eye, tan sun-kissed skin, skin gradient, wide reckless grin, smug grin, half-closed eye, wildly smug expression, looking to her left, fur-collared dark navy jacket, gold wood-textured pauldron, black uniform, brown leather arm straps, heavy silver gauntlet, blue electric energy, crackling electricity, fist toward viewer, white empty background, flat background, warm light, deep amber shadows, sharp blue highlights on gauntlet",Real Value,euler_ancestral,simple,9,1.0,1.0,1024,1280
217,perturbation,blk19_pos_d0.350,19,0.350,pos,,S1_W3_tags,1234567,"{""19"": 0.35}","0.000,0.000,0.000,0.000,0.000,0.000,0.000,0.000,0.000,0.000,0.000,0.000,0.000,0.000,0.000,0.000,0.000,0.000,0.000,0.350,0.000,0.000,0.000,0.000,0.000,0.000,0.000,0.000,0.000,0.000,0.000,0.000,0.000,0.000",S1_W3_tags_blk19_pos_d0.350_krea2_seed1234567,S1_W3_tags_blk19_pos_d0.350_krea2_seed1234567_00001_.png,"realistic western comics style, bold ink outlines, hatched shadows, high angle, from above, top view, upper body portrait, close-up on gauntlet, dynamic pose, dramatic angle, strong perspective, female elf brawler, small pale antlers, pointed ears, young adult, tousled green hair, green hair fading to teal tips, thick green eyebrows, eyepatch over one eye, sharp bright green eye, tan sun-kissed skin, skin gradient, wide reckless grin, smug grin, half-closed eye, wildly smug expression, looking to her left, fur-collared dark navy jacket, gold wood-textured pauldron, black uniform, brown leather arm straps, heavy silver gauntlet, blue electric energy, crackling electricity, fist toward viewer, white empty background, flat background, warm light, deep amber shadows, sharp blue highlights on gauntlet",Real Value,euler_ancestral,simple,9,1.0,1.0,1024,1280
218,perturbation,blk19_neg_d0.350,19,0.350,neg,,S1_W3_tags,1234567,"{""19"": -0.35}","0.000,0.000,0.000,0.000,0.000,0.000,0.000,0.000,0.000,0.000,0.000,0.000,0.000,0.000,0.000,0.000,0.000,0.000,0.000,-0.350,0.000,0.000,0.000,0.000,0.000,0.000,0.000,0.000,0.000,0.000,0.000,0.000,0.000,0.000",S1_W3_tags_blk19_neg_d0.350_krea2_seed1234567,S1_W3_tags_blk19_neg_d0.350_krea2_seed1234567_00001_.png,"realistic western comics style, bold ink outlines, hatched shadows, high angle, from above, top view, upper body portrait, close-up on gauntlet, dynamic pose, dramatic angle, strong perspective, female elf brawler, small pale antlers, pointed ears, young adult, tousled green hair, green hair fading to teal tips, thick green eyebrows, eyepatch over one eye, sharp bright green eye, tan sun-kissed skin, skin gradient, wide reckless grin, smug grin, half-closed eye, wildly smug expression, looking to her left, fur-collared dark navy jacket, gold wood-textured pauldron, black uniform, brown leather arm straps, heavy silver gauntlet, blue electric energy, crackling electricity, fist toward viewer, white empty background, flat background, warm light, deep amber shadows, sharp blue highlights on gauntlet",Real Value,euler_ancestral,simple,9,1.0,1.0,1024,1280
219,perturbation,blk23_pos_d0.350,23,0.350,pos,,S1_W3_tags,1234567,"{""23"": 0.35}","0.000,0.000,0.000,0.000,0.000,0.000,0.000,0.000,0.000,0.000,0.000,0.000,0.000,0.000,0.000,0.000,0.000,0.000,0.000,0.000,0.000,0.000,0.000,0.350,0.000,0.000,0.000,0.000,0.000,0.000,0.000,0.000,0.000,0.000",S1_W3_tags_blk23_pos_d0.350_krea2_seed1234567,S1_W3_tags_blk23_pos_d0.350_krea2_seed1234567_00001_.png,"realistic western comics style, bold ink outlines, hatched shadows, high angle, from above, top view, upper body portrait, close-up on gauntlet, dynamic pose, dramatic angle, strong perspective, female elf brawler, small pale antlers, pointed ears, young adult, tousled green hair, green hair fading to teal tips, thick green eyebrows, eyepatch over one eye, sharp bright green eye, tan sun-kissed skin, skin gradient, wide reckless grin, smug grin, half-closed eye, wildly smug expression, looking to her left, fur-collared dark navy jacket, gold wood-textured pauldron, black uniform, brown leather arm straps, heavy silver gauntlet, blue electric energy, crackling electricity, fist toward viewer, white empty background, flat background, warm light, deep amber shadows, sharp blue highlights on gauntlet",Real Value,euler_ancestral,simple,9,1.0,1.0,1024,1280
220,perturbation,blk23_neg_d0.350,23,0.350,neg,,S1_W3_tags,1234567,"{""23"": -0.35}","0.000,0.000,0.000,0.000,0.000,0.000,0.000,0.000,0.000,0.000,0.000,0.000,0.000,0.000,0.000,0.000,0.000,0.000,0.000,0.000,0.000,0.000,0.000,-0.350,0.000,0.000,0.000,0.000,0.000,0.000,0.000,0.000,0.000,0.000",S1_W3_tags_blk23_neg_d0.350_krea2_seed1234567,S1_W3_tags_blk23_neg_d0.350_krea2_seed1234567_00001_.png,"realistic western comics style, bold ink outlines, hatched shadows, high angle, from above, top view, upper body portrait, close-up on gauntlet, dynamic pose, dramatic angle, strong perspective, female elf brawler, small pale antlers, pointed ears, young adult, tousled green hair, green hair fading to teal tips, thick green eyebrows, eyepatch over one eye, sharp bright green eye, tan sun-kissed skin, skin gradient, wide reckless grin, smug grin, half-closed eye, wildly smug expression, looking to her left, fur-collared dark navy jacket, gold wood-textured pauldron, black uniform, brown leather arm straps, heavy silver gauntlet, blue electric energy, crackling electricity, fist toward viewer, white empty background, flat background, warm light, deep amber shadows, sharp blue highlights on gauntlet",Real Value,euler_ancestral,simple,9,1.0,1.0,1024,1280
221,baseline,baseline,baseline,0.000,none,,S1_W3_tags,1234567,{},"0.000,0.000,0.000,0.000,0.000,0.000,0.000,0.000,0.000,0.000,0.000,0.000,0.000,0.000,0.000,0.000,0.000,0.000,0.000,0.000,0.000,0.000,0.000,0.000,0.000,0.000,0.000,0.000,0.000,0.000,0.000,0.000,0.000,0.000",S1_W3_tags_baseline_krea2_seed1234567,S1_W3_tags_baseline_krea2_seed1234567_00001_.png,"realistic western comics style, bold ink outlines, hatched shadows, high angle, from above, top view, upper body portrait, close-up on gauntlet, dynamic pose, dramatic angle, strong perspective, female elf brawler, small pale antlers, pointed ears, young adult, tousled green hair, green hair fading to teal tips, thick green eyebrows, eyepatch over one eye, sharp bright green eye, tan sun-kissed skin, skin gradient, wide reckless grin, smug grin, half-closed eye, wildly smug expression, looking to her left, fur-collared dark navy jacket, gold wood-textured pauldron, black uniform, brown leather arm straps, heavy silver gauntlet, blue electric energy, crackling electricity, fist toward viewer, white empty background, flat background, warm light, deep amber shadows, sharp blue highlights on gauntlet",Real Value,euler_ancestral,simple,9,1.0,1.0,1024,1280
222,perturbation,blk00_pos_d0.300,0,0.300,pos,,S1_W3_tags,1234567,"{""0"": 0.3}","0.300,0.000,0.000,0.000,0.000,0.000,0.000,0.000,0.000,0.000,0.000,0.000,0.000,0.000,0.000,0.000,0.000,0.000,0.000,0.000,0.000,0.000,0.000,0.000,0.000,0.000,0.000,0.000,0.000,0.000,0.000,0.000,0.000,0.000",S1_W3_tags_blk00_pos_d0.300_krea2_seed1234567,S1_W3_tags_blk00_pos_d0.300_krea2_seed1234567_00001_.png,"realistic western comics style, bold ink outlines, hatched shadows, high angle, from above, top view, upper body portrait, close-up on gauntlet, dynamic pose, dramatic angle, strong perspective, female elf brawler, small pale antlers, pointed ears, young adult, tousled green hair, green hair fading to teal tips, thick green eyebrows, eyepatch over one eye, sharp bright green eye, tan sun-kissed skin, skin gradient, wide reckless grin, smug grin, half-closed eye, wildly smug expression, looking to her left, fur-collared dark navy jacket, gold wood-textured pauldron, black uniform, brown leather arm straps, heavy silver gauntlet, blue electric energy, crackling electricity, fist toward viewer, white empty background, flat background, warm light, deep amber shadows, sharp blue highlights on gauntlet",Real Value,euler_ancestral,simple,9,1.0,1.0,1024,1280
223,perturbation,blk00_neg_d0.250,0,0.250,neg,,S1_W3_tags,1234567,"{""0"": -0.25}","-0.250,0.000,0.000,0.000,0.000,0.000,0.000,0.000,0.000,0.000,0.000,0.000,0.000,0.000,0.000,0.000,0.000,0.000,0.000,0.000,0.000,0.000,0.000,0.000,0.000,0.000,0.000,0.000,0.000,0.000,0.000,0.000,0.000,0.000",S1_W3_tags_blk00_neg_d0.250_krea2_seed1234567,S1_W3_tags_blk00_neg_d0.250_krea2_seed1234567_00001_.png,"realistic western comics style, bold ink outlines, hatched shadows, high angle, from above, top view, upper body portrait, close-up on gauntlet, dynamic pose, dramatic angle, strong perspective, female elf brawler, small pale antlers, pointed ears, young adult, tousled green hair, green hair fading to teal tips, thick green eyebrows, eyepatch over one eye, sharp bright green eye, tan sun-kissed skin, skin gradient, wide reckless grin, smug grin, half-closed eye, wildly smug expression, looking to her left, fur-collared dark navy jacket, gold wood-textured pauldron, black uniform, brown leather arm straps, heavy silver gauntlet, blue electric energy, crackling electricity, fist toward viewer, white empty background, flat background, warm light, deep amber shadows, sharp blue highlights on gauntlet",Real Value,euler_ancestral,simple,9,1.0,1.0,1024,1280
224,perturbation,blk27_pos_d0.100,27,0.100,pos,,S1_W3_tags,1234567,"{""27"": 0.1}","0.000,0.000,0.000,0.000,0.000,0.000,0.000,0.000,0.000,0.000,0.000,0.000,0.000,0.000,0.000,0.000,0.000,0.000,0.000,0.000,0.000,0.000,0.000,0.000,0.000,0.000,0.000,0.100,0.000,0.000,0.000,0.000,0.000,0.000",S1_W3_tags_blk27_pos_d0.100_krea2_seed1234567,S1_W3_tags_blk27_pos_d0.100_krea2_seed1234567_00001_.png,"realistic western comics style, bold ink outlines, hatched shadows, high angle, from above, top view, upper body portrait, close-up on gauntlet, dynamic pose, dramatic angle, strong perspective, female elf brawler, small pale antlers, pointed ears, young adult, tousled green hair, green hair fading to teal tips, thick green eyebrows, eyepatch over one eye, sharp bright green eye, tan sun-kissed skin, skin gradient, wide reckless grin, smug grin, half-closed eye, wildly smug expression, looking to her left, fur-collared dark navy jacket, gold wood-textured pauldron, black uniform, brown leather arm straps, heavy silver gauntlet, blue electric energy, crackling electricity, fist toward viewer, white empty background, flat background, warm light, deep amber shadows, sharp blue highlights on gauntlet",Real Value,euler_ancestral,simple,9,1.0,1.0,1024,1280
225,perturbation,blk27_neg_d0.075,27,0.075,neg,,S1_W3_tags,1234567,"{""27"": -0.075}","0.000,0.000,0.000,0.000,0.000,0.000,0.000,0.000,0.000,0.000,0.000,0.000,0.000,0.000,0.000,0.000,0.000,0.000,0.000,0.000,0.000,0.000,0.000,0.000,0.000,0.000,0.000,-0.075,0.000,0.000,0.000,0.000,0.000,0.000",S1_W3_tags_blk27_neg_d0.075_krea2_seed1234567,S1_W3_tags_blk27_neg_d0.075_krea2_seed1234567_00001_.png,"realistic western comics style, bold ink outlines, hatched shadows, high angle, from above, top view, upper body portrait, close-up on gauntlet, dynamic pose, dramatic angle, strong perspective, female elf brawler, small pale antlers, pointed ears, young adult, tousled green hair, green hair fading to teal tips, thick green eyebrows, eyepatch over one eye, sharp bright green eye, tan sun-kissed skin, skin gradient, wide reckless grin, smug grin, half-closed eye, wildly smug expression, looking to her left, fur-collared dark navy jacket, gold wood-textured pauldron, black uniform, brown leather arm straps, heavy silver gauntlet, blue electric energy, crackling electricity, fist toward viewer, white empty background, flat background, warm light, deep amber shadows, sharp blue highlights on gauntlet",Real Value,euler_ancestral,simple,9,1.0,1.0,1024,1280
226,perturbation,blk02_pos_d0.350,2,0.350,pos,,S1_W4_synonyms,1234567,"{""2"": 0.35}","0.000,0.000,0.350,0.000,0.000,0.000,0.000,0.000,0.000,0.000,0.000,0.000,0.000,0.000,0.000,0.000,0.000,0.000,0.000,0.000,0.000,0.000,0.000,0.000,0.000,0.000,0.000,0.000,0.000,0.000,0.000,0.000,0.000,0.000",S1_W4_synonyms_blk02_pos_d0.350_krea2_seed1234567,S1_W4_synonyms_blk02_pos_d0.350_krea2_seed1234567_00001_.png,"An illustration in a realistic Western comic-book manner, drawn with heavy inked contours and cross-hatched shading. We look down on her from high above, in an energetic half-length portrait framed tightly around her armored fist, with a bold pose, a striking camera angle and pronounced foreshortening. She is a young adult elven pugilist with a modest pair of pale antlers and pointed ears. Her messy green hair turns teal toward the ends, and her brows are dense and green. A patch covers one of her eyes; the other is a vivid, bright green and half shut. Her tanned, sun-warmed skin shades gradually from tone to tone. She wears a broad, reckless, self-satisfied smirk and an extremely smug look, and she glances toward her left. Her dark navy coat has a fur collar and a golden shoulder guard with a wood-grain texture, worn over a black uniform with brown leather straps around her arms. On one hand she wears a massive silver armored glove sparking with blue electricity, and she thrusts that fist toward the viewer. The backdrop is plain, empty and white. The light is warm, with deep amber shadows and crisp blue highlights running along the electrified glove.",Real Value,euler_ancestral,simple,9,1.0,1.0,1024,1280
227,perturbation,blk02_neg_d0.350,2,0.350,neg,,S1_W4_synonyms,1234567,"{""2"": -0.35}","0.000,0.000,-0.350,0.000,0.000,0.000,0.000,0.000,0.000,0.000,0.000,0.000,0.000,0.000,0.000,0.000,0.000,0.000,0.000,0.000,0.000,0.000,0.000,0.000,0.000,0.000,0.000,0.000,0.000,0.000,0.000,0.000,0.000,0.000",S1_W4_synonyms_blk02_neg_d0.350_krea2_seed1234567,S1_W4_synonyms_blk02_neg_d0.350_krea2_seed1234567_00001_.png,"An illustration in a realistic Western comic-book manner, drawn with heavy inked contours and cross-hatched shading. We look down on her from high above, in an energetic half-length portrait framed tightly around her armored fist, with a bold pose, a striking camera angle and pronounced foreshortening. She is a young adult elven pugilist with a modest pair of pale antlers and pointed ears. Her messy green hair turns teal toward the ends, and her brows are dense and green. A patch covers one of her eyes; the other is a vivid, bright green and half shut. Her tanned, sun-warmed skin shades gradually from tone to tone. She wears a broad, reckless, self-satisfied smirk and an extremely smug look, and she glances toward her left. Her dark navy coat has a fur collar and a golden shoulder guard with a wood-grain texture, worn over a black uniform with brown leather straps around her arms. On one hand she wears a massive silver armored glove sparking with blue electricity, and she thrusts that fist toward the viewer. The backdrop is plain, empty and white. The light is warm, with deep amber shadows and crisp blue highlights running along the electrified glove.",Real Value,euler_ancestral,simple,9,1.0,1.0,1024,1280
228,perturbation,blk05_pos_d0.350,5,0.350,pos,,S1_W4_synonyms,1234567,"{""5"": 0.35}","0.000,0.000,0.000,0.000,0.000,0.350,0.000,0.000,0.000,0.000,0.000,0.000,0.000,0.000,0.000,0.000,0.000,0.000,0.000,0.000,0.000,0.000,0.000,0.000,0.000,0.000,0.000,0.000,0.000,0.000,0.000,0.000,0.000,0.000",S1_W4_synonyms_blk05_pos_d0.350_krea2_seed1234567,S1_W4_synonyms_blk05_pos_d0.350_krea2_seed1234567_00001_.png,"An illustration in a realistic Western comic-book manner, drawn with heavy inked contours and cross-hatched shading. We look down on her from high above, in an energetic half-length portrait framed tightly around her armored fist, with a bold pose, a striking camera angle and pronounced foreshortening. She is a young adult elven pugilist with a modest pair of pale antlers and pointed ears. Her messy green hair turns teal toward the ends, and her brows are dense and green. A patch covers one of her eyes; the other is a vivid, bright green and half shut. Her tanned, sun-warmed skin shades gradually from tone to tone. She wears a broad, reckless, self-satisfied smirk and an extremely smug look, and she glances toward her left. Her dark navy coat has a fur collar and a golden shoulder guard with a wood-grain texture, worn over a black uniform with brown leather straps around her arms. On one hand she wears a massive silver armored glove sparking with blue electricity, and she thrusts that fist toward the viewer. The backdrop is plain, empty and white. The light is warm, with deep amber shadows and crisp blue highlights running along the electrified glove.",Real Value,euler_ancestral,simple,9,1.0,1.0,1024,1280
229,perturbation,blk05_neg_d0.350,5,0.350,neg,,S1_W4_synonyms,1234567,"{""5"": -0.35}","0.000,0.000,0.000,0.000,0.000,-0.350,0.000,0.000,0.000,0.000,0.000,0.000,0.000,0.000,0.000,0.000,0.000,0.000,0.000,0.000,0.000,0.000,0.000,0.000,0.000,0.000,0.000,0.000,0.000,0.000,0.000,0.000,0.000,0.000",S1_W4_synonyms_blk05_neg_d0.350_krea2_seed1234567,S1_W4_synonyms_blk05_neg_d0.350_krea2_seed1234567_00001_.png,"An illustration in a realistic Western comic-book manner, drawn with heavy inked contours and cross-hatched shading. We look down on her from high above, in an energetic half-length portrait framed tightly around her armored fist, with a bold pose, a striking camera angle and pronounced foreshortening. She is a young adult elven pugilist with a modest pair of pale antlers and pointed ears. Her messy green hair turns teal toward the ends, and her brows are dense and green. A patch covers one of her eyes; the other is a vivid, bright green and half shut. Her tanned, sun-warmed skin shades gradually from tone to tone. She wears a broad, reckless, self-satisfied smirk and an extremely smug look, and she glances toward her left. Her dark navy coat has a fur collar and a golden shoulder guard with a wood-grain texture, worn over a black uniform with brown leather straps around her arms. On one hand she wears a massive silver armored glove sparking with blue electricity, and she thrusts that fist toward the viewer. The backdrop is plain, empty and white. The light is warm, with deep amber shadows and crisp blue highlights running along the electrified glove.",Real Value,euler_ancestral,simple,9,1.0,1.0,1024,1280
230,perturbation,blk08_pos_d0.350,8,0.350,pos,,S1_W4_synonyms,1234567,"{""8"": 0.35}","0.000,0.000,0.000,0.000,0.000,0.000,0.000,0.000,0.350,0.000,0.000,0.000,0.000,0.000,0.000,0.000,0.000,0.000,0.000,0.000,0.000,0.000,0.000,0.000,0.000,0.000,0.000,0.000,0.000,0.000,0.000,0.000,0.000,0.000",S1_W4_synonyms_blk08_pos_d0.350_krea2_seed1234567,S1_W4_synonyms_blk08_pos_d0.350_krea2_seed1234567_00001_.png,"An illustration in a realistic Western comic-book manner, drawn with heavy inked contours and cross-hatched shading. We look down on her from high above, in an energetic half-length portrait framed tightly around her armored fist, with a bold pose, a striking camera angle and pronounced foreshortening. She is a young adult elven pugilist with a modest pair of pale antlers and pointed ears. Her messy green hair turns teal toward the ends, and her brows are dense and green. A patch covers one of her eyes; the other is a vivid, bright green and half shut. Her tanned, sun-warmed skin shades gradually from tone to tone. She wears a broad, reckless, self-satisfied smirk and an extremely smug look, and she glances toward her left. Her dark navy coat has a fur collar and a golden shoulder guard with a wood-grain texture, worn over a black uniform with brown leather straps around her arms. On one hand she wears a massive silver armored glove sparking with blue electricity, and she thrusts that fist toward the viewer. The backdrop is plain, empty and white. The light is warm, with deep amber shadows and crisp blue highlights running along the electrified glove.",Real Value,euler_ancestral,simple,9,1.0,1.0,1024,1280
231,perturbation,blk08_neg_d0.350,8,0.350,neg,,S1_W4_synonyms,1234567,"{""8"": -0.35}","0.000,0.000,0.000,0.000,0.000,0.000,0.000,0.000,-0.350,0.000,0.000,0.000,0.000,0.000,0.000,0.000,0.000,0.000,0.000,0.000,0.000,0.000,0.000,0.000,0.000,0.000,0.000,0.000,0.000,0.000,0.000,0.000,0.000,0.000",S1_W4_synonyms_blk08_neg_d0.350_krea2_seed1234567,S1_W4_synonyms_blk08_neg_d0.350_krea2_seed1234567_00001_.png,"An illustration in a realistic Western comic-book manner, drawn with heavy inked contours and cross-hatched shading. We look down on her from high above, in an energetic half-length portrait framed tightly around her armored fist, with a bold pose, a striking camera angle and pronounced foreshortening. She is a young adult elven pugilist with a modest pair of pale antlers and pointed ears. Her messy green hair turns teal toward the ends, and her brows are dense and green. A patch covers one of her eyes; the other is a vivid, bright green and half shut. Her tanned, sun-warmed skin shades gradually from tone to tone. She wears a broad, reckless, self-satisfied smirk and an extremely smug look, and she glances toward her left. Her dark navy coat has a fur collar and a golden shoulder guard with a wood-grain texture, worn over a black uniform with brown leather straps around her arms. On one hand she wears a massive silver armored glove sparking with blue electricity, and she thrusts that fist toward the viewer. The backdrop is plain, empty and white. The light is warm, with deep amber shadows and crisp blue highlights running along the electrified glove.",Real Value,euler_ancestral,simple,9,1.0,1.0,1024,1280
232,perturbation,blk09_pos_d0.350,9,0.350,pos,,S1_W4_synonyms,1234567,"{""9"": 0.35}","0.000,0.000,0.000,0.000,0.000,0.000,0.000,0.000,0.000,0.350,0.000,0.000,0.000,0.000,0.000,0.000,0.000,0.000,0.000,0.000,0.000,0.000,0.000,0.000,0.000,0.000,0.000,0.000,0.000,0.000,0.000,0.000,0.000,0.000",S1_W4_synonyms_blk09_pos_d0.350_krea2_seed1234567,S1_W4_synonyms_blk09_pos_d0.350_krea2_seed1234567_00001_.png,"An illustration in a realistic Western comic-book manner, drawn with heavy inked contours and cross-hatched shading. We look down on her from high above, in an energetic half-length portrait framed tightly around her armored fist, with a bold pose, a striking camera angle and pronounced foreshortening. She is a young adult elven pugilist with a modest pair of pale antlers and pointed ears. Her messy green hair turns teal toward the ends, and her brows are dense and green. A patch covers one of her eyes; the other is a vivid, bright green and half shut. Her tanned, sun-warmed skin shades gradually from tone to tone. She wears a broad, reckless, self-satisfied smirk and an extremely smug look, and she glances toward her left. Her dark navy coat has a fur collar and a golden shoulder guard with a wood-grain texture, worn over a black uniform with brown leather straps around her arms. On one hand she wears a massive silver armored glove sparking with blue electricity, and she thrusts that fist toward the viewer. The backdrop is plain, empty and white. The light is warm, with deep amber shadows and crisp blue highlights running along the electrified glove.",Real Value,euler_ancestral,simple,9,1.0,1.0,1024,1280
233,perturbation,blk09_neg_d0.350,9,0.350,neg,,S1_W4_synonyms,1234567,"{""9"": -0.35}","0.000,0.000,0.000,0.000,0.000,0.000,0.000,0.000,0.000,-0.350,0.000,0.000,0.000,0.000,0.000,0.000,0.000,0.000,0.000,0.000,0.000,0.000,0.000,0.000,0.000,0.000,0.000,0.000,0.000,0.000,0.000,0.000,0.000,0.000",S1_W4_synonyms_blk09_neg_d0.350_krea2_seed1234567,S1_W4_synonyms_blk09_neg_d0.350_krea2_seed1234567_00001_.png,"An illustration in a realistic Western comic-book manner, drawn with heavy inked contours and cross-hatched shading. We look down on her from high above, in an energetic half-length portrait framed tightly around her armored fist, with a bold pose, a striking camera angle and pronounced foreshortening. She is a young adult elven pugilist with a modest pair of pale antlers and pointed ears. Her messy green hair turns teal toward the ends, and her brows are dense and green. A patch covers one of her eyes; the other is a vivid, bright green and half shut. Her tanned, sun-warmed skin shades gradually from tone to tone. She wears a broad, reckless, self-satisfied smirk and an extremely smug look, and she glances toward her left. Her dark navy coat has a fur collar and a golden shoulder guard with a wood-grain texture, worn over a black uniform with brown leather straps around her arms. On one hand she wears a massive silver armored glove sparking with blue electricity, and she thrusts that fist toward the viewer. The backdrop is plain, empty and white. The light is warm, with deep amber shadows and crisp blue highlights running along the electrified glove.",Real Value,euler_ancestral,simple,9,1.0,1.0,1024,1280
234,perturbation,blk12_pos_d0.350,12,0.350,pos,,S1_W4_synonyms,1234567,"{""12"": 0.35}","0.000,0.000,0.000,0.000,0.000,0.000,0.000,0.000,0.000,0.000,0.000,0.000,0.350,0.000,0.000,0.000,0.000,0.000,0.000,0.000,0.000,0.000,0.000,0.000,0.000,0.000,0.000,0.000,0.000,0.000,0.000,0.000,0.000,0.000",S1_W4_synonyms_blk12_pos_d0.350_krea2_seed1234567,S1_W4_synonyms_blk12_pos_d0.350_krea2_seed1234567_00001_.png,"An illustration in a realistic Western comic-book manner, drawn with heavy inked contours and cross-hatched shading. We look down on her from high above, in an energetic half-length portrait framed tightly around her armored fist, with a bold pose, a striking camera angle and pronounced foreshortening. She is a young adult elven pugilist with a modest pair of pale antlers and pointed ears. Her messy green hair turns teal toward the ends, and her brows are dense and green. A patch covers one of her eyes; the other is a vivid, bright green and half shut. Her tanned, sun-warmed skin shades gradually from tone to tone. She wears a broad, reckless, self-satisfied smirk and an extremely smug look, and she glances toward her left. Her dark navy coat has a fur collar and a golden shoulder guard with a wood-grain texture, worn over a black uniform with brown leather straps around her arms. On one hand she wears a massive silver armored glove sparking with blue electricity, and she thrusts that fist toward the viewer. The backdrop is plain, empty and white. The light is warm, with deep amber shadows and crisp blue highlights running along the electrified glove.",Real Value,euler_ancestral,simple,9,1.0,1.0,1024,1280
235,perturbation,blk12_neg_d0.350,12,0.350,neg,,S1_W4_synonyms,1234567,"{""12"": -0.35}","0.000,0.000,0.000,0.000,0.000,0.000,0.000,0.000,0.000,0.000,0.000,0.000,-0.350,0.000,0.000,0.000,0.000,0.000,0.000,0.000,0.000,0.000,0.000,0.000,0.000,0.000,0.000,0.000,0.000,0.000,0.000,0.000,0.000,0.000",S1_W4_synonyms_blk12_neg_d0.350_krea2_seed1234567,S1_W4_synonyms_blk12_neg_d0.350_krea2_seed1234567_00001_.png,"An illustration in a realistic Western comic-book manner, drawn with heavy inked contours and cross-hatched shading. We look down on her from high above, in an energetic half-length portrait framed tightly around her armored fist, with a bold pose, a striking camera angle and pronounced foreshortening. She is a young adult elven pugilist with a modest pair of pale antlers and pointed ears. Her messy green hair turns teal toward the ends, and her brows are dense and green. A patch covers one of her eyes; the other is a vivid, bright green and half shut. Her tanned, sun-warmed skin shades gradually from tone to tone. She wears a broad, reckless, self-satisfied smirk and an extremely smug look, and she glances toward her left. Her dark navy coat has a fur collar and a golden shoulder guard with a wood-grain texture, worn over a black uniform with brown leather straps around her arms. On one hand she wears a massive silver armored glove sparking with blue electricity, and she thrusts that fist toward the viewer. The backdrop is plain, empty and white. The light is warm, with deep amber shadows and crisp blue highlights running along the electrified glove.",Real Value,euler_ancestral,simple,9,1.0,1.0,1024,1280
236,perturbation,blk13_pos_d0.350,13,0.350,pos,,S1_W4_synonyms,1234567,"{""13"": 0.35}","0.000,0.000,0.000,0.000,0.000,0.000,0.000,0.000,0.000,0.000,0.000,0.000,0.000,0.350,0.000,0.000,0.000,0.000,0.000,0.000,0.000,0.000,0.000,0.000,0.000,0.000,0.000,0.000,0.000,0.000,0.000,0.000,0.000,0.000",S1_W4_synonyms_blk13_pos_d0.350_krea2_seed1234567,S1_W4_synonyms_blk13_pos_d0.350_krea2_seed1234567_00001_.png,"An illustration in a realistic Western comic-book manner, drawn with heavy inked contours and cross-hatched shading. We look down on her from high above, in an energetic half-length portrait framed tightly around her armored fist, with a bold pose, a striking camera angle and pronounced foreshortening. She is a young adult elven pugilist with a modest pair of pale antlers and pointed ears. Her messy green hair turns teal toward the ends, and her brows are dense and green. A patch covers one of her eyes; the other is a vivid, bright green and half shut. Her tanned, sun-warmed skin shades gradually from tone to tone. She wears a broad, reckless, self-satisfied smirk and an extremely smug look, and she glances toward her left. Her dark navy coat has a fur collar and a golden shoulder guard with a wood-grain texture, worn over a black uniform with brown leather straps around her arms. On one hand she wears a massive silver armored glove sparking with blue electricity, and she thrusts that fist toward the viewer. The backdrop is plain, empty and white. The light is warm, with deep amber shadows and crisp blue highlights running along the electrified glove.",Real Value,euler_ancestral,simple,9,1.0,1.0,1024,1280
237,perturbation,blk13_neg_d0.350,13,0.350,neg,,S1_W4_synonyms,1234567,"{""13"": -0.35}","0.000,0.000,0.000,0.000,0.000,0.000,0.000,0.000,0.000,0.000,0.000,0.000,0.000,-0.350,0.000,0.000,0.000,0.000,0.000,0.000,0.000,0.000,0.000,0.000,0.000,0.000,0.000,0.000,0.000,0.000,0.000,0.000,0.000,0.000",S1_W4_synonyms_blk13_neg_d0.350_krea2_seed1234567,S1_W4_synonyms_blk13_neg_d0.350_krea2_seed1234567_00001_.png,"An illustration in a realistic Western comic-book manner, drawn with heavy inked contours and cross-hatched shading. We look down on her from high above, in an energetic half-length portrait framed tightly around her armored fist, with a bold pose, a striking camera angle and pronounced foreshortening. She is a young adult elven pugilist with a modest pair of pale antlers and pointed ears. Her messy green hair turns teal toward the ends, and her brows are dense and green. A patch covers one of her eyes; the other is a vivid, bright green and half shut. Her tanned, sun-warmed skin shades gradually from tone to tone. She wears a broad, reckless, self-satisfied smirk and an extremely smug look, and she glances toward her left. Her dark navy coat has a fur collar and a golden shoulder guard with a wood-grain texture, worn over a black uniform with brown leather straps around her arms. On one hand she wears a massive silver armored glove sparking with blue electricity, and she thrusts that fist toward the viewer. The backdrop is plain, empty and white. The light is warm, with deep amber shadows and crisp blue highlights running along the electrified glove.",Real Value,euler_ancestral,simple,9,1.0,1.0,1024,1280
238,perturbation,blk15_pos_d0.350,15,0.350,pos,,S1_W4_synonyms,1234567,"{""15"": 0.35}","0.000,0.000,0.000,0.000,0.000,0.000,0.000,0.000,0.000,0.000,0.000,0.000,0.000,0.000,0.000,0.350,0.000,0.000,0.000,0.000,0.000,0.000,0.000,0.000,0.000,0.000,0.000,0.000,0.000,0.000,0.000,0.000,0.000,0.000",S1_W4_synonyms_blk15_pos_d0.350_krea2_seed1234567,S1_W4_synonyms_blk15_pos_d0.350_krea2_seed1234567_00001_.png,"An illustration in a realistic Western comic-book manner, drawn with heavy inked contours and cross-hatched shading. We look down on her from high above, in an energetic half-length portrait framed tightly around her armored fist, with a bold pose, a striking camera angle and pronounced foreshortening. She is a young adult elven pugilist with a modest pair of pale antlers and pointed ears. Her messy green hair turns teal toward the ends, and her brows are dense and green. A patch covers one of her eyes; the other is a vivid, bright green and half shut. Her tanned, sun-warmed skin shades gradually from tone to tone. She wears a broad, reckless, self-satisfied smirk and an extremely smug look, and she glances toward her left. Her dark navy coat has a fur collar and a golden shoulder guard with a wood-grain texture, worn over a black uniform with brown leather straps around her arms. On one hand she wears a massive silver armored glove sparking with blue electricity, and she thrusts that fist toward the viewer. The backdrop is plain, empty and white. The light is warm, with deep amber shadows and crisp blue highlights running along the electrified glove.",Real Value,euler_ancestral,simple,9,1.0,1.0,1024,1280
239,perturbation,blk15_neg_d0.350,15,0.350,neg,,S1_W4_synonyms,1234567,"{""15"": -0.35}","0.000,0.000,0.000,0.000,0.000,0.000,0.000,0.000,0.000,0.000,0.000,0.000,0.000,0.000,0.000,-0.350,0.000,0.000,0.000,0.000,0.000,0.000,0.000,0.000,0.000,0.000,0.000,0.000,0.000,0.000,0.000,0.000,0.000,0.000",S1_W4_synonyms_blk15_neg_d0.350_krea2_seed1234567,S1_W4_synonyms_blk15_neg_d0.350_krea2_seed1234567_00001_.png,"An illustration in a realistic Western comic-book manner, drawn with heavy inked contours and cross-hatched shading. We look down on her from high above, in an energetic half-length portrait framed tightly around her armored fist, with a bold pose, a striking camera angle and pronounced foreshortening. She is a young adult elven pugilist with a modest pair of pale antlers and pointed ears. Her messy green hair turns teal toward the ends, and her brows are dense and green. A patch covers one of her eyes; the other is a vivid, bright green and half shut. Her tanned, sun-warmed skin shades gradually from tone to tone. She wears a broad, reckless, self-satisfied smirk and an extremely smug look, and she glances toward her left. Her dark navy coat has a fur collar and a golden shoulder guard with a wood-grain texture, worn over a black uniform with brown leather straps around her arms. On one hand she wears a massive silver armored glove sparking with blue electricity, and she thrusts that fist toward the viewer. The backdrop is plain, empty and white. The light is warm, with deep amber shadows and crisp blue highlights running along the electrified glove.",Real Value,euler_ancestral,simple,9,1.0,1.0,1024,1280
240,perturbation,blk17_pos_d0.350,17,0.350,pos,,S1_W4_synonyms,1234567,"{""17"": 0.35}","0.000,0.000,0.000,0.000,0.000,0.000,0.000,0.000,0.000,0.000,0.000,0.000,0.000,0.000,0.000,0.000,0.000,0.350,0.000,0.000,0.000,0.000,0.000,0.000,0.000,0.000,0.000,0.000,0.000,0.000,0.000,0.000,0.000,0.000",S1_W4_synonyms_blk17_pos_d0.350_krea2_seed1234567,S1_W4_synonyms_blk17_pos_d0.350_krea2_seed1234567_00001_.png,"An illustration in a realistic Western comic-book manner, drawn with heavy inked contours and cross-hatched shading. We look down on her from high above, in an energetic half-length portrait framed tightly around her armored fist, with a bold pose, a striking camera angle and pronounced foreshortening. She is a young adult elven pugilist with a modest pair of pale antlers and pointed ears. Her messy green hair turns teal toward the ends, and her brows are dense and green. A patch covers one of her eyes; the other is a vivid, bright green and half shut. Her tanned, sun-warmed skin shades gradually from tone to tone. She wears a broad, reckless, self-satisfied smirk and an extremely smug look, and she glances toward her left. Her dark navy coat has a fur collar and a golden shoulder guard with a wood-grain texture, worn over a black uniform with brown leather straps around her arms. On one hand she wears a massive silver armored glove sparking with blue electricity, and she thrusts that fist toward the viewer. The backdrop is plain, empty and white. The light is warm, with deep amber shadows and crisp blue highlights running along the electrified glove.",Real Value,euler_ancestral,simple,9,1.0,1.0,1024,1280
241,perturbation,blk17_neg_d0.350,17,0.350,neg,,S1_W4_synonyms,1234567,"{""17"": -0.35}","0.000,0.000,0.000,0.000,0.000,0.000,0.000,0.000,0.000,0.000,0.000,0.000,0.000,0.000,0.000,0.000,0.000,-0.350,0.000,0.000,0.000,0.000,0.000,0.000,0.000,0.000,0.000,0.000,0.000,0.000,0.000,0.000,0.000,0.000",S1_W4_synonyms_blk17_neg_d0.350_krea2_seed1234567,S1_W4_synonyms_blk17_neg_d0.350_krea2_seed1234567_00001_.png,"An illustration in a realistic Western comic-book manner, drawn with heavy inked contours and cross-hatched shading. We look down on her from high above, in an energetic half-length portrait framed tightly around her armored fist, with a bold pose, a striking camera angle and pronounced foreshortening. She is a young adult elven pugilist with a modest pair of pale antlers and pointed ears. Her messy green hair turns teal toward the ends, and her brows are dense and green. A patch covers one of her eyes; the other is a vivid, bright green and half shut. Her tanned, sun-warmed skin shades gradually from tone to tone. She wears a broad, reckless, self-satisfied smirk and an extremely smug look, and she glances toward her left. Her dark navy coat has a fur collar and a golden shoulder guard with a wood-grain texture, worn over a black uniform with brown leather straps around her arms. On one hand she wears a massive silver armored glove sparking with blue electricity, and she thrusts that fist toward the viewer. The backdrop is plain, empty and white. The light is warm, with deep amber shadows and crisp blue highlights running along the electrified glove.",Real Value,euler_ancestral,simple,9,1.0,1.0,1024,1280
242,perturbation,blk19_pos_d0.350,19,0.350,pos,,S1_W4_synonyms,1234567,"{""19"": 0.35}","0.000,0.000,0.000,0.000,0.000,0.000,0.000,0.000,0.000,0.000,0.000,0.000,0.000,0.000,0.000,0.000,0.000,0.000,0.000,0.350,0.000,0.000,0.000,0.000,0.000,0.000,0.000,0.000,0.000,0.000,0.000,0.000,0.000,0.000",S1_W4_synonyms_blk19_pos_d0.350_krea2_seed1234567,S1_W4_synonyms_blk19_pos_d0.350_krea2_seed1234567_00001_.png,"An illustration in a realistic Western comic-book manner, drawn with heavy inked contours and cross-hatched shading. We look down on her from high above, in an energetic half-length portrait framed tightly around her armored fist, with a bold pose, a striking camera angle and pronounced foreshortening. She is a young adult elven pugilist with a modest pair of pale antlers and pointed ears. Her messy green hair turns teal toward the ends, and her brows are dense and green. A patch covers one of her eyes; the other is a vivid, bright green and half shut. Her tanned, sun-warmed skin shades gradually from tone to tone. She wears a broad, reckless, self-satisfied smirk and an extremely smug look, and she glances toward her left. Her dark navy coat has a fur collar and a golden shoulder guard with a wood-grain texture, worn over a black uniform with brown leather straps around her arms. On one hand she wears a massive silver armored glove sparking with blue electricity, and she thrusts that fist toward the viewer. The backdrop is plain, empty and white. The light is warm, with deep amber shadows and crisp blue highlights running along the electrified glove.",Real Value,euler_ancestral,simple,9,1.0,1.0,1024,1280
243,perturbation,blk19_neg_d0.350,19,0.350,neg,,S1_W4_synonyms,1234567,"{""19"": -0.35}","0.000,0.000,0.000,0.000,0.000,0.000,0.000,0.000,0.000,0.000,0.000,0.000,0.000,0.000,0.000,0.000,0.000,0.000,0.000,-0.350,0.000,0.000,0.000,0.000,0.000,0.000,0.000,0.000,0.000,0.000,0.000,0.000,0.000,0.000",S1_W4_synonyms_blk19_neg_d0.350_krea2_seed1234567,S1_W4_synonyms_blk19_neg_d0.350_krea2_seed1234567_00001_.png,"An illustration in a realistic Western comic-book manner, drawn with heavy inked contours and cross-hatched shading. We look down on her from high above, in an energetic half-length portrait framed tightly around her armored fist, with a bold pose, a striking camera angle and pronounced foreshortening. She is a young adult elven pugilist with a modest pair of pale antlers and pointed ears. Her messy green hair turns teal toward the ends, and her brows are dense and green. A patch covers one of her eyes; the other is a vivid, bright green and half shut. Her tanned, sun-warmed skin shades gradually from tone to tone. She wears a broad, reckless, self-satisfied smirk and an extremely smug look, and she glances toward her left. Her dark navy coat has a fur collar and a golden shoulder guard with a wood-grain texture, worn over a black uniform with brown leather straps around her arms. On one hand she wears a massive silver armored glove sparking with blue electricity, and she thrusts that fist toward the viewer. The backdrop is plain, empty and white. The light is warm, with deep amber shadows and crisp blue highlights running along the electrified glove.",Real Value,euler_ancestral,simple,9,1.0,1.0,1024,1280
244,perturbation,blk23_pos_d0.350,23,0.350,pos,,S1_W4_synonyms,1234567,"{""23"": 0.35}","0.000,0.000,0.000,0.000,0.000,0.000,0.000,0.000,0.000,0.000,0.000,0.000,0.000,0.000,0.000,0.000,0.000,0.000,0.000,0.000,0.000,0.000,0.000,0.350,0.000,0.000,0.000,0.000,0.000,0.000,0.000,0.000,0.000,0.000",S1_W4_synonyms_blk23_pos_d0.350_krea2_seed1234567,S1_W4_synonyms_blk23_pos_d0.350_krea2_seed1234567_00001_.png,"An illustration in a realistic Western comic-book manner, drawn with heavy inked contours and cross-hatched shading. We look down on her from high above, in an energetic half-length portrait framed tightly around her armored fist, with a bold pose, a striking camera angle and pronounced foreshortening. She is a young adult elven pugilist with a modest pair of pale antlers and pointed ears. Her messy green hair turns teal toward the ends, and her brows are dense and green. A patch covers one of her eyes; the other is a vivid, bright green and half shut. Her tanned, sun-warmed skin shades gradually from tone to tone. She wears a broad, reckless, self-satisfied smirk and an extremely smug look, and she glances toward her left. Her dark navy coat has a fur collar and a golden shoulder guard with a wood-grain texture, worn over a black uniform with brown leather straps around her arms. On one hand she wears a massive silver armored glove sparking with blue electricity, and she thrusts that fist toward the viewer. The backdrop is plain, empty and white. The light is warm, with deep amber shadows and crisp blue highlights running along the electrified glove.",Real Value,euler_ancestral,simple,9,1.0,1.0,1024,1280
245,perturbation,blk23_neg_d0.350,23,0.350,neg,,S1_W4_synonyms,1234567,"{""23"": -0.35}","0.000,0.000,0.000,0.000,0.000,0.000,0.000,0.000,0.000,0.000,0.000,0.000,0.000,0.000,0.000,0.000,0.000,0.000,0.000,0.000,0.000,0.000,0.000,-0.350,0.000,0.000,0.000,0.000,0.000,0.000,0.000,0.000,0.000,0.000",S1_W4_synonyms_blk23_neg_d0.350_krea2_seed1234567,S1_W4_synonyms_blk23_neg_d0.350_krea2_seed1234567_00001_.png,"An illustration in a realistic Western comic-book manner, drawn with heavy inked contours and cross-hatched shading. We look down on her from high above, in an energetic half-length portrait framed tightly around her armored fist, with a bold pose, a striking camera angle and pronounced foreshortening. She is a young adult elven pugilist with a modest pair of pale antlers and pointed ears. Her messy green hair turns teal toward the ends, and her brows are dense and green. A patch covers one of her eyes; the other is a vivid, bright green and half shut. Her tanned, sun-warmed skin shades gradually from tone to tone. She wears a broad, reckless, self-satisfied smirk and an extremely smug look, and she glances toward her left. Her dark navy coat has a fur collar and a golden shoulder guard with a wood-grain texture, worn over a black uniform with brown leather straps around her arms. On one hand she wears a massive silver armored glove sparking with blue electricity, and she thrusts that fist toward the viewer. The backdrop is plain, empty and white. The light is warm, with deep amber shadows and crisp blue highlights running along the electrified glove.",Real Value,euler_ancestral,simple,9,1.0,1.0,1024,1280
246,baseline,baseline,baseline,0.000,none,,S1_W4_synonyms,1234567,{},"0.000,0.000,0.000,0.000,0.000,0.000,0.000,0.000,0.000,0.000,0.000,0.000,0.000,0.000,0.000,0.000,0.000,0.000,0.000,0.000,0.000,0.000,0.000,0.000,0.000,0.000,0.000,0.000,0.000,0.000,0.000,0.000,0.000,0.000",S1_W4_synonyms_baseline_krea2_seed1234567,S1_W4_synonyms_baseline_krea2_seed1234567_00001_.png,"An illustration in a realistic Western comic-book manner, drawn with heavy inked contours and cross-hatched shading. We look down on her from high above, in an energetic half-length portrait framed tightly around her armored fist, with a bold pose, a striking camera angle and pronounced foreshortening. She is a young adult elven pugilist with a modest pair of pale antlers and pointed ears. Her messy green hair turns teal toward the ends, and her brows are dense and green. A patch covers one of her eyes; the other is a vivid, bright green and half shut. Her tanned, sun-warmed skin shades gradually from tone to tone. She wears a broad, reckless, self-satisfied smirk and an extremely smug look, and she glances toward her left. Her dark navy coat has a fur collar and a golden shoulder guard with a wood-grain texture, worn over a black uniform with brown leather straps around her arms. On one hand she wears a massive silver armored glove sparking with blue electricity, and she thrusts that fist toward the viewer. The backdrop is plain, empty and white. The light is warm, with deep amber shadows and crisp blue highlights running along the electrified glove.",Real Value,euler_ancestral,simple,9,1.0,1.0,1024,1280
247,perturbation,blk00_pos_d0.300,0,0.300,pos,,S1_W4_synonyms,1234567,"{""0"": 0.3}","0.300,0.000,0.000,0.000,0.000,0.000,0.000,0.000,0.000,0.000,0.000,0.000,0.000,0.000,0.000,0.000,0.000,0.000,0.000,0.000,0.000,0.000,0.000,0.000,0.000,0.000,0.000,0.000,0.000,0.000,0.000,0.000,0.000,0.000",S1_W4_synonyms_blk00_pos_d0.300_krea2_seed1234567,S1_W4_synonyms_blk00_pos_d0.300_krea2_seed1234567_00001_.png,"An illustration in a realistic Western comic-book manner, drawn with heavy inked contours and cross-hatched shading. We look down on her from high above, in an energetic half-length portrait framed tightly around her armored fist, with a bold pose, a striking camera angle and pronounced foreshortening. She is a young adult elven pugilist with a modest pair of pale antlers and pointed ears. Her messy green hair turns teal toward the ends, and her brows are dense and green. A patch covers one of her eyes; the other is a vivid, bright green and half shut. Her tanned, sun-warmed skin shades gradually from tone to tone. She wears a broad, reckless, self-satisfied smirk and an extremely smug look, and she glances toward her left. Her dark navy coat has a fur collar and a golden shoulder guard with a wood-grain texture, worn over a black uniform with brown leather straps around her arms. On one hand she wears a massive silver armored glove sparking with blue electricity, and she thrusts that fist toward the viewer. The backdrop is plain, empty and white. The light is warm, with deep amber shadows and crisp blue highlights running along the electrified glove.",Real Value,euler_ancestral,simple,9,1.0,1.0,1024,1280
248,perturbation,blk00_neg_d0.250,0,0.250,neg,,S1_W4_synonyms,1234567,"{""0"": -0.25}","-0.250,0.000,0.000,0.000,0.000,0.000,0.000,0.000,0.000,0.000,0.000,0.000,0.000,0.000,0.000,0.000,0.000,0.000,0.000,0.000,0.000,0.000,0.000,0.000,0.000,0.000,0.000,0.000,0.000,0.000,0.000,0.000,0.000,0.000",S1_W4_synonyms_blk00_neg_d0.250_krea2_seed1234567,S1_W4_synonyms_blk00_neg_d0.250_krea2_seed1234567_00001_.png,"An illustration in a realistic Western comic-book manner, drawn with heavy inked contours and cross-hatched shading. We look down on her from high above, in an energetic half-length portrait framed tightly around her armored fist, with a bold pose, a striking camera angle and pronounced foreshortening. She is a young adult elven pugilist with a modest pair of pale antlers and pointed ears. Her messy green hair turns teal toward the ends, and her brows are dense and green. A patch covers one of her eyes; the other is a vivid, bright green and half shut. Her tanned, sun-warmed skin shades gradually from tone to tone. She wears a broad, reckless, self-satisfied smirk and an extremely smug look, and she glances toward her left. Her dark navy coat has a fur collar and a golden shoulder guard with a wood-grain texture, worn over a black uniform with brown leather straps around her arms. On one hand she wears a massive silver armored glove sparking with blue electricity, and she thrusts that fist toward the viewer. The backdrop is plain, empty and white. The light is warm, with deep amber shadows and crisp blue highlights running along the electrified glove.",Real Value,euler_ancestral,simple,9,1.0,1.0,1024,1280
249,perturbation,blk27_pos_d0.100,27,0.100,pos,,S1_W4_synonyms,1234567,"{""27"": 0.1}","0.000,0.000,0.000,0.000,0.000,0.000,0.000,0.000,0.000,0.000,0.000,0.000,0.000,0.000,0.000,0.000,0.000,0.000,0.000,0.000,0.000,0.000,0.000,0.000,0.000,0.000,0.000,0.100,0.000,0.000,0.000,0.000,0.000,0.000",S1_W4_synonyms_blk27_pos_d0.100_krea2_seed1234567,S1_W4_synonyms_blk27_pos_d0.100_krea2_seed1234567_00001_.png,"An illustration in a realistic Western comic-book manner, drawn with heavy inked contours and cross-hatched shading. We look down on her from high above, in an energetic half-length portrait framed tightly around her armored fist, with a bold pose, a striking camera angle and pronounced foreshortening. She is a young adult elven pugilist with a modest pair of pale antlers and pointed ears. Her messy green hair turns teal toward the ends, and her brows are dense and green. A patch covers one of her eyes; the other is a vivid, bright green and half shut. Her tanned, sun-warmed skin shades gradually from tone to tone. She wears a broad, reckless, self-satisfied smirk and an extremely smug look, and she glances toward her left. Her dark navy coat has a fur collar and a golden shoulder guard with a wood-grain texture, worn over a black uniform with brown leather straps around her arms. On one hand she wears a massive silver armored glove sparking with blue electricity, and she thrusts that fist toward the viewer. The backdrop is plain, empty and white. The light is warm, with deep amber shadows and crisp blue highlights running along the electrified glove.",Real Value,euler_ancestral,simple,9,1.0,1.0,1024,1280
250,perturbation,blk27_neg_d0.075,27,0.075,neg,,S1_W4_synonyms,1234567,"{""27"": -0.075}","0.000,0.000,0.000,0.000,0.000,0.000,0.000,0.000,0.000,0.000,0.000,0.000,0.000,0.000,0.000,0.000,0.000,0.000,0.000,0.000,0.000,0.000,0.000,0.000,0.000,0.000,0.000,-0.075,0.000,0.000,0.000,0.000,0.000,0.000",S1_W4_synonyms_blk27_neg_d0.075_krea2_seed1234567,S1_W4_synonyms_blk27_neg_d0.075_krea2_seed1234567_00001_.png,"An illustration in a realistic Western comic-book manner, drawn with heavy inked contours and cross-hatched shading. We look down on her from high above, in an energetic half-length portrait framed tightly around her armored fist, with a bold pose, a striking camera angle and pronounced foreshortening. She is a young adult elven pugilist with a modest pair of pale antlers and pointed ears. Her messy green hair turns teal toward the ends, and her brows are dense and green. A patch covers one of her eyes; the other is a vivid, bright green and half shut. Her tanned, sun-warmed skin shades gradually from tone to tone. She wears a broad, reckless, self-satisfied smirk and an extremely smug look, and she glances toward her left. Her dark navy coat has a fur collar and a golden shoulder guard with a wood-grain texture, worn over a black uniform with brown leather straps around her arms. On one hand she wears a massive silver armored glove sparking with blue electricity, and she thrusts that fist toward the viewer. The backdrop is plain, empty and white. The light is warm, with deep amber shadows and crisp blue highlights running along the electrified glove.",Real Value,euler_ancestral,simple,9,1.0,1.0,1024,1280
251,perturbation,blk02_pos_d0.350,2,0.350,pos,,S1_C1_flamegauntlet,1234567,"{""2"": 0.35}","0.000,0.000,0.350,0.000,0.000,0.000,0.000,0.000,0.000,0.000,0.000,0.000,0.000,0.000,0.000,0.000,0.000,0.000,0.000,0.000,0.000,0.000,0.000,0.000,0.000,0.000,0.000,0.000,0.000,0.000,0.000,0.000,0.000,0.000",S1_C1_flamegauntlet_blk02_pos_d0.350_krea2_seed1234567,S1_C1_flamegauntlet_blk02_pos_d0.350_krea2_seed1234567_00001_.png,"realistic western comics style, bold ink outlines, hatched shadows, smug grin with half-closed eye, seen from a high angle, from above, top view, dynamic, upper body portrait, close-up on gauntlet, dynamic pose, dramatic angle, strong perspective. female antlered elf brawler, tousled green hair fading to teal at the tips, thick green eyebrows, an eyepatch over one eye, pointed ears, tan sun-kissed skin gradient, small pair of pale antlers, young adult, a sharp bright green visible eye, wide reckless grin. fur-collared dark navy jacket with a gold wood-textured pauldron, black uniform, brown leather arm straps. looking to her left, wearing a heavy bronze gauntlet wreathed in orange flames, showing fist to viewer, wildly smug expression. Background: white empty background, flat background. Lighting: warm light, deep amber shadows and sharp orange highlights along her flaming gauntlet.",Real Value,euler_ancestral,simple,9,1.0,1.0,1024,1280
252,perturbation,blk02_neg_d0.350,2,0.350,neg,,S1_C1_flamegauntlet,1234567,"{""2"": -0.35}","0.000,0.000,-0.350,0.000,0.000,0.000,0.000,0.000,0.000,0.000,0.000,0.000,0.000,0.000,0.000,0.000,0.000,0.000,0.000,0.000,0.000,0.000,0.000,0.000,0.000,0.000,0.000,0.000,0.000,0.000,0.000,0.000,0.000,0.000",S1_C1_flamegauntlet_blk02_neg_d0.350_krea2_seed1234567,S1_C1_flamegauntlet_blk02_neg_d0.350_krea2_seed1234567_00001_.png,"realistic western comics style, bold ink outlines, hatched shadows, smug grin with half-closed eye, seen from a high angle, from above, top view, dynamic, upper body portrait, close-up on gauntlet, dynamic pose, dramatic angle, strong perspective. female antlered elf brawler, tousled green hair fading to teal at the tips, thick green eyebrows, an eyepatch over one eye, pointed ears, tan sun-kissed skin gradient, small pair of pale antlers, young adult, a sharp bright green visible eye, wide reckless grin. fur-collared dark navy jacket with a gold wood-textured pauldron, black uniform, brown leather arm straps. looking to her left, wearing a heavy bronze gauntlet wreathed in orange flames, showing fist to viewer, wildly smug expression. Background: white empty background, flat background. Lighting: warm light, deep amber shadows and sharp orange highlights along her flaming gauntlet.",Real Value,euler_ancestral,simple,9,1.0,1.0,1024,1280
253,perturbation,blk05_pos_d0.350,5,0.350,pos,,S1_C1_flamegauntlet,1234567,"{""5"": 0.35}","0.000,0.000,0.000,0.000,0.000,0.350,0.000,0.000,0.000,0.000,0.000,0.000,0.000,0.000,0.000,0.000,0.000,0.000,0.000,0.000,0.000,0.000,0.000,0.000,0.000,0.000,0.000,0.000,0.000,0.000,0.000,0.000,0.000,0.000",S1_C1_flamegauntlet_blk05_pos_d0.350_krea2_seed1234567,S1_C1_flamegauntlet_blk05_pos_d0.350_krea2_seed1234567_00001_.png,"realistic western comics style, bold ink outlines, hatched shadows, smug grin with half-closed eye, seen from a high angle, from above, top view, dynamic, upper body portrait, close-up on gauntlet, dynamic pose, dramatic angle, strong perspective. female antlered elf brawler, tousled green hair fading to teal at the tips, thick green eyebrows, an eyepatch over one eye, pointed ears, tan sun-kissed skin gradient, small pair of pale antlers, young adult, a sharp bright green visible eye, wide reckless grin. fur-collared dark navy jacket with a gold wood-textured pauldron, black uniform, brown leather arm straps. looking to her left, wearing a heavy bronze gauntlet wreathed in orange flames, showing fist to viewer, wildly smug expression. Background: white empty background, flat background. Lighting: warm light, deep amber shadows and sharp orange highlights along her flaming gauntlet.",Real Value,euler_ancestral,simple,9,1.0,1.0,1024,1280
254,perturbation,blk05_neg_d0.350,5,0.350,neg,,S1_C1_flamegauntlet,1234567,"{""5"": -0.35}","0.000,0.000,0.000,0.000,0.000,-0.350,0.000,0.000,0.000,0.000,0.000,0.000,0.000,0.000,0.000,0.000,0.000,0.000,0.000,0.000,0.000,0.000,0.000,0.000,0.000,0.000,0.000,0.000,0.000,0.000,0.000,0.000,0.000,0.000",S1_C1_flamegauntlet_blk05_neg_d0.350_krea2_seed1234567,S1_C1_flamegauntlet_blk05_neg_d0.350_krea2_seed1234567_00001_.png,"realistic western comics style, bold ink outlines, hatched shadows, smug grin with half-closed eye, seen from a high angle, from above, top view, dynamic, upper body portrait, close-up on gauntlet, dynamic pose, dramatic angle, strong perspective. female antlered elf brawler, tousled green hair fading to teal at the tips, thick green eyebrows, an eyepatch over one eye, pointed ears, tan sun-kissed skin gradient, small pair of pale antlers, young adult, a sharp bright green visible eye, wide reckless grin. fur-collared dark navy jacket with a gold wood-textured pauldron, black uniform, brown leather arm straps. looking to her left, wearing a heavy bronze gauntlet wreathed in orange flames, showing fist to viewer, wildly smug expression. Background: white empty background, flat background. Lighting: warm light, deep amber shadows and sharp orange highlights along her flaming gauntlet.",Real Value,euler_ancestral,simple,9,1.0,1.0,1024,1280
255,perturbation,blk08_pos_d0.350,8,0.350,pos,,S1_C1_flamegauntlet,1234567,"{""8"": 0.35}","0.000,0.000,0.000,0.000,0.000,0.000,0.000,0.000,0.350,0.000,0.000,0.000,0.000,0.000,0.000,0.000,0.000,0.000,0.000,0.000,0.000,0.000,0.000,0.000,0.000,0.000,0.000,0.000,0.000,0.000,0.000,0.000,0.000,0.000",S1_C1_flamegauntlet_blk08_pos_d0.350_krea2_seed1234567,S1_C1_flamegauntlet_blk08_pos_d0.350_krea2_seed1234567_00001_.png,"realistic western comics style, bold ink outlines, hatched shadows, smug grin with half-closed eye, seen from a high angle, from above, top view, dynamic, upper body portrait, close-up on gauntlet, dynamic pose, dramatic angle, strong perspective. female antlered elf brawler, tousled green hair fading to teal at the tips, thick green eyebrows, an eyepatch over one eye, pointed ears, tan sun-kissed skin gradient, small pair of pale antlers, young adult, a sharp bright green visible eye, wide reckless grin. fur-collared dark navy jacket with a gold wood-textured pauldron, black uniform, brown leather arm straps. looking to her left, wearing a heavy bronze gauntlet wreathed in orange flames, showing fist to viewer, wildly smug expression. Background: white empty background, flat background. Lighting: warm light, deep amber shadows and sharp orange highlights along her flaming gauntlet.",Real Value,euler_ancestral,simple,9,1.0,1.0,1024,1280
256,perturbation,blk08_neg_d0.350,8,0.350,neg,,S1_C1_flamegauntlet,1234567,"{""8"": -0.35}","0.000,0.000,0.000,0.000,0.000,0.000,0.000,0.000,-0.350,0.000,0.000,0.000,0.000,0.000,0.000,0.000,0.000,0.000,0.000,0.000,0.000,0.000,0.000,0.000,0.000,0.000,0.000,0.000,0.000,0.000,0.000,0.000,0.000,0.000",S1_C1_flamegauntlet_blk08_neg_d0.350_krea2_seed1234567,S1_C1_flamegauntlet_blk08_neg_d0.350_krea2_seed1234567_00001_.png,"realistic western comics style, bold ink outlines, hatched shadows, smug grin with half-closed eye, seen from a high angle, from above, top view, dynamic, upper body portrait, close-up on gauntlet, dynamic pose, dramatic angle, strong perspective. female antlered elf brawler, tousled green hair fading to teal at the tips, thick green eyebrows, an eyepatch over one eye, pointed ears, tan sun-kissed skin gradient, small pair of pale antlers, young adult, a sharp bright green visible eye, wide reckless grin. fur-collared dark navy jacket with a gold wood-textured pauldron, black uniform, brown leather arm straps. looking to her left, wearing a heavy bronze gauntlet wreathed in orange flames, showing fist to viewer, wildly smug expression. Background: white empty background, flat background. Lighting: warm light, deep amber shadows and sharp orange highlights along her flaming gauntlet.",Real Value,euler_ancestral,simple,9,1.0,1.0,1024,1280
257,perturbation,blk09_pos_d0.350,9,0.350,pos,,S1_C1_flamegauntlet,1234567,"{""9"": 0.35}","0.000,0.000,0.000,0.000,0.000,0.000,0.000,0.000,0.000,0.350,0.000,0.000,0.000,0.000,0.000,0.000,0.000,0.000,0.000,0.000,0.000,0.000,0.000,0.000,0.000,0.000,0.000,0.000,0.000,0.000,0.000,0.000,0.000,0.000",S1_C1_flamegauntlet_blk09_pos_d0.350_krea2_seed1234567,S1_C1_flamegauntlet_blk09_pos_d0.350_krea2_seed1234567_00001_.png,"realistic western comics style, bold ink outlines, hatched shadows, smug grin with half-closed eye, seen from a high angle, from above, top view, dynamic, upper body portrait, close-up on gauntlet, dynamic pose, dramatic angle, strong perspective. female antlered elf brawler, tousled green hair fading to teal at the tips, thick green eyebrows, an eyepatch over one eye, pointed ears, tan sun-kissed skin gradient, small pair of pale antlers, young adult, a sharp bright green visible eye, wide reckless grin. fur-collared dark navy jacket with a gold wood-textured pauldron, black uniform, brown leather arm straps. looking to her left, wearing a heavy bronze gauntlet wreathed in orange flames, showing fist to viewer, wildly smug expression. Background: white empty background, flat background. Lighting: warm light, deep amber shadows and sharp orange highlights along her flaming gauntlet.",Real Value,euler_ancestral,simple,9,1.0,1.0,1024,1280
258,perturbation,blk09_neg_d0.350,9,0.350,neg,,S1_C1_flamegauntlet,1234567,"{""9"": -0.35}","0.000,0.000,0.000,0.000,0.000,0.000,0.000,0.000,0.000,-0.350,0.000,0.000,0.000,0.000,0.000,0.000,0.000,0.000,0.000,0.000,0.000,0.000,0.000,0.000,0.000,0.000,0.000,0.000,0.000,0.000,0.000,0.000,0.000,0.000",S1_C1_flamegauntlet_blk09_neg_d0.350_krea2_seed1234567,S1_C1_flamegauntlet_blk09_neg_d0.350_krea2_seed1234567_00001_.png,"realistic western comics style, bold ink outlines, hatched shadows, smug grin with half-closed eye, seen from a high angle, from above, top view, dynamic, upper body portrait, close-up on gauntlet, dynamic pose, dramatic angle, strong perspective. female antlered elf brawler, tousled green hair fading to teal at the tips, thick green eyebrows, an eyepatch over one eye, pointed ears, tan sun-kissed skin gradient, small pair of pale antlers, young adult, a sharp bright green visible eye, wide reckless grin. fur-collared dark navy jacket with a gold wood-textured pauldron, black uniform, brown leather arm straps. looking to her left, wearing a heavy bronze gauntlet wreathed in orange flames, showing fist to viewer, wildly smug expression. Background: white empty background, flat background. Lighting: warm light, deep amber shadows and sharp orange highlights along her flaming gauntlet.",Real Value,euler_ancestral,simple,9,1.0,1.0,1024,1280
259,perturbation,blk12_pos_d0.350,12,0.350,pos,,S1_C1_flamegauntlet,1234567,"{""12"": 0.35}","0.000,0.000,0.000,0.000,0.000,0.000,0.000,0.000,0.000,0.000,0.000,0.000,0.350,0.000,0.000,0.000,0.000,0.000,0.000,0.000,0.000,0.000,0.000,0.000,0.000,0.000,0.000,0.000,0.000,0.000,0.000,0.000,0.000,0.000",S1_C1_flamegauntlet_blk12_pos_d0.350_krea2_seed1234567,S1_C1_flamegauntlet_blk12_pos_d0.350_krea2_seed1234567_00001_.png,"realistic western comics style, bold ink outlines, hatched shadows, smug grin with half-closed eye, seen from a high angle, from above, top view, dynamic, upper body portrait, close-up on gauntlet, dynamic pose, dramatic angle, strong perspective. female antlered elf brawler, tousled green hair fading to teal at the tips, thick green eyebrows, an eyepatch over one eye, pointed ears, tan sun-kissed skin gradient, small pair of pale antlers, young adult, a sharp bright green visible eye, wide reckless grin. fur-collared dark navy jacket with a gold wood-textured pauldron, black uniform, brown leather arm straps. looking to her left, wearing a heavy bronze gauntlet wreathed in orange flames, showing fist to viewer, wildly smug expression. Background: white empty background, flat background. Lighting: warm light, deep amber shadows and sharp orange highlights along her flaming gauntlet.",Real Value,euler_ancestral,simple,9,1.0,1.0,1024,1280
260,perturbation,blk12_neg_d0.350,12,0.350,neg,,S1_C1_flamegauntlet,1234567,"{""12"": -0.35}","0.000,0.000,0.000,0.000,0.000,0.000,0.000,0.000,0.000,0.000,0.000,0.000,-0.350,0.000,0.000,0.000,0.000,0.000,0.000,0.000,0.000,0.000,0.000,0.000,0.000,0.000,0.000,0.000,0.000,0.000,0.000,0.000,0.000,0.000",S1_C1_flamegauntlet_blk12_neg_d0.350_krea2_seed1234567,S1_C1_flamegauntlet_blk12_neg_d0.350_krea2_seed1234567_00001_.png,"realistic western comics style, bold ink outlines, hatched shadows, smug grin with half-closed eye, seen from a high angle, from above, top view, dynamic, upper body portrait, close-up on gauntlet, dynamic pose, dramatic angle, strong perspective. female antlered elf brawler, tousled green hair fading to teal at the tips, thick green eyebrows, an eyepatch over one eye, pointed ears, tan sun-kissed skin gradient, small pair of pale antlers, young adult, a sharp bright green visible eye, wide reckless grin. fur-collared dark navy jacket with a gold wood-textured pauldron, black uniform, brown leather arm straps. looking to her left, wearing a heavy bronze gauntlet wreathed in orange flames, showing fist to viewer, wildly smug expression. Background: white empty background, flat background. Lighting: warm light, deep amber shadows and sharp orange highlights along her flaming gauntlet.",Real Value,euler_ancestral,simple,9,1.0,1.0,1024,1280
261,perturbation,blk13_pos_d0.350,13,0.350,pos,,S1_C1_flamegauntlet,1234567,"{""13"": 0.35}","0.000,0.000,0.000,0.000,0.000,0.000,0.000,0.000,0.000,0.000,0.000,0.000,0.000,0.350,0.000,0.000,0.000,0.000,0.000,0.000,0.000,0.000,0.000,0.000,0.000,0.000,0.000,0.000,0.000,0.000,0.000,0.000,0.000,0.000",S1_C1_flamegauntlet_blk13_pos_d0.350_krea2_seed1234567,S1_C1_flamegauntlet_blk13_pos_d0.350_krea2_seed1234567_00001_.png,"realistic western comics style, bold ink outlines, hatched shadows, smug grin with half-closed eye, seen from a high angle, from above, top view, dynamic, upper body portrait, close-up on gauntlet, dynamic pose, dramatic angle, strong perspective. female antlered elf brawler, tousled green hair fading to teal at the tips, thick green eyebrows, an eyepatch over one eye, pointed ears, tan sun-kissed skin gradient, small pair of pale antlers, young adult, a sharp bright green visible eye, wide reckless grin. fur-collared dark navy jacket with a gold wood-textured pauldron, black uniform, brown leather arm straps. looking to her left, wearing a heavy bronze gauntlet wreathed in orange flames, showing fist to viewer, wildly smug expression. Background: white empty background, flat background. Lighting: warm light, deep amber shadows and sharp orange highlights along her flaming gauntlet.",Real Value,euler_ancestral,simple,9,1.0,1.0,1024,1280
262,perturbation,blk13_neg_d0.350,13,0.350,neg,,S1_C1_flamegauntlet,1234567,"{""13"": -0.35}","0.000,0.000,0.000,0.000,0.000,0.000,0.000,0.000,0.000,0.000,0.000,0.000,0.000,-0.350,0.000,0.000,0.000,0.000,0.000,0.000,0.000,0.000,0.000,0.000,0.000,0.000,0.000,0.000,0.000,0.000,0.000,0.000,0.000,0.000",S1_C1_flamegauntlet_blk13_neg_d0.350_krea2_seed1234567,S1_C1_flamegauntlet_blk13_neg_d0.350_krea2_seed1234567_00001_.png,"realistic western comics style, bold ink outlines, hatched shadows, smug grin with half-closed eye, seen from a high angle, from above, top view, dynamic, upper body portrait, close-up on gauntlet, dynamic pose, dramatic angle, strong perspective. female antlered elf brawler, tousled green hair fading to teal at the tips, thick green eyebrows, an eyepatch over one eye, pointed ears, tan sun-kissed skin gradient, small pair of pale antlers, young adult, a sharp bright green visible eye, wide reckless grin. fur-collared dark navy jacket with a gold wood-textured pauldron, black uniform, brown leather arm straps. looking to her left, wearing a heavy bronze gauntlet wreathed in orange flames, showing fist to viewer, wildly smug expression. Background: white empty background, flat background. Lighting: warm light, deep amber shadows and sharp orange highlights along her flaming gauntlet.",Real Value,euler_ancestral,simple,9,1.0,1.0,1024,1280
263,perturbation,blk15_pos_d0.350,15,0.350,pos,,S1_C1_flamegauntlet,1234567,"{""15"": 0.35}","0.000,0.000,0.000,0.000,0.000,0.000,0.000,0.000,0.000,0.000,0.000,0.000,0.000,0.000,0.000,0.350,0.000,0.000,0.000,0.000,0.000,0.000,0.000,0.000,0.000,0.000,0.000,0.000,0.000,0.000,0.000,0.000,0.000,0.000",S1_C1_flamegauntlet_blk15_pos_d0.350_krea2_seed1234567,S1_C1_flamegauntlet_blk15_pos_d0.350_krea2_seed1234567_00001_.png,"realistic western comics style, bold ink outlines, hatched shadows, smug grin with half-closed eye, seen from a high angle, from above, top view, dynamic, upper body portrait, close-up on gauntlet, dynamic pose, dramatic angle, strong perspective. female antlered elf brawler, tousled green hair fading to teal at the tips, thick green eyebrows, an eyepatch over one eye, pointed ears, tan sun-kissed skin gradient, small pair of pale antlers, young adult, a sharp bright green visible eye, wide reckless grin. fur-collared dark navy jacket with a gold wood-textured pauldron, black uniform, brown leather arm straps. looking to her left, wearing a heavy bronze gauntlet wreathed in orange flames, showing fist to viewer, wildly smug expression. Background: white empty background, flat background. Lighting: warm light, deep amber shadows and sharp orange highlights along her flaming gauntlet.",Real Value,euler_ancestral,simple,9,1.0,1.0,1024,1280
264,perturbation,blk15_neg_d0.350,15,0.350,neg,,S1_C1_flamegauntlet,1234567,"{""15"": -0.35}","0.000,0.000,0.000,0.000,0.000,0.000,0.000,0.000,0.000,0.000,0.000,0.000,0.000,0.000,0.000,-0.350,0.000,0.000,0.000,0.000,0.000,0.000,0.000,0.000,0.000,0.000,0.000,0.000,0.000,0.000,0.000,0.000,0.000,0.000",S1_C1_flamegauntlet_blk15_neg_d0.350_krea2_seed1234567,S1_C1_flamegauntlet_blk15_neg_d0.350_krea2_seed1234567_00001_.png,"realistic western comics style, bold ink outlines, hatched shadows, smug grin with half-closed eye, seen from a high angle, from above, top view, dynamic, upper body portrait, close-up on gauntlet, dynamic pose, dramatic angle, strong perspective. female antlered elf brawler, tousled green hair fading to teal at the tips, thick green eyebrows, an eyepatch over one eye, pointed ears, tan sun-kissed skin gradient, small pair of pale antlers, young adult, a sharp bright green visible eye, wide reckless grin. fur-collared dark navy jacket with a gold wood-textured pauldron, black uniform, brown leather arm straps. looking to her left, wearing a heavy bronze gauntlet wreathed in orange flames, showing fist to viewer, wildly smug expression. Background: white empty background, flat background. Lighting: warm light, deep amber shadows and sharp orange highlights along her flaming gauntlet.",Real Value,euler_ancestral,simple,9,1.0,1.0,1024,1280
265,perturbation,blk17_pos_d0.350,17,0.350,pos,,S1_C1_flamegauntlet,1234567,"{""17"": 0.35}","0.000,0.000,0.000,0.000,0.000,0.000,0.000,0.000,0.000,0.000,0.000,0.000,0.000,0.000,0.000,0.000,0.000,0.350,0.000,0.000,0.000,0.000,0.000,0.000,0.000,0.000,0.000,0.000,0.000,0.000,0.000,0.000,0.000,0.000",S1_C1_flamegauntlet_blk17_pos_d0.350_krea2_seed1234567,S1_C1_flamegauntlet_blk17_pos_d0.350_krea2_seed1234567_00001_.png,"realistic western comics style, bold ink outlines, hatched shadows, smug grin with half-closed eye, seen from a high angle, from above, top view, dynamic, upper body portrait, close-up on gauntlet, dynamic pose, dramatic angle, strong perspective. female antlered elf brawler, tousled green hair fading to teal at the tips, thick green eyebrows, an eyepatch over one eye, pointed ears, tan sun-kissed skin gradient, small pair of pale antlers, young adult, a sharp bright green visible eye, wide reckless grin. fur-collared dark navy jacket with a gold wood-textured pauldron, black uniform, brown leather arm straps. looking to her left, wearing a heavy bronze gauntlet wreathed in orange flames, showing fist to viewer, wildly smug expression. Background: white empty background, flat background. Lighting: warm light, deep amber shadows and sharp orange highlights along her flaming gauntlet.",Real Value,euler_ancestral,simple,9,1.0,1.0,1024,1280
266,perturbation,blk17_neg_d0.350,17,0.350,neg,,S1_C1_flamegauntlet,1234567,"{""17"": -0.35}","0.000,0.000,0.000,0.000,0.000,0.000,0.000,0.000,0.000,0.000,0.000,0.000,0.000,0.000,0.000,0.000,0.000,-0.350,0.000,0.000,0.000,0.000,0.000,0.000,0.000,0.000,0.000,0.000,0.000,0.000,0.000,0.000,0.000,0.000",S1_C1_flamegauntlet_blk17_neg_d0.350_krea2_seed1234567,S1_C1_flamegauntlet_blk17_neg_d0.350_krea2_seed1234567_00001_.png,"realistic western comics style, bold ink outlines, hatched shadows, smug grin with half-closed eye, seen from a high angle, from above, top view, dynamic, upper body portrait, close-up on gauntlet, dynamic pose, dramatic angle, strong perspective. female antlered elf brawler, tousled green hair fading to teal at the tips, thick green eyebrows, an eyepatch over one eye, pointed ears, tan sun-kissed skin gradient, small pair of pale antlers, young adult, a sharp bright green visible eye, wide reckless grin. fur-collared dark navy jacket with a gold wood-textured pauldron, black uniform, brown leather arm straps. looking to her left, wearing a heavy bronze gauntlet wreathed in orange flames, showing fist to viewer, wildly smug expression. Background: white empty background, flat background. Lighting: warm light, deep amber shadows and sharp orange highlights along her flaming gauntlet.",Real Value,euler_ancestral,simple,9,1.0,1.0,1024,1280
267,perturbation,blk19_pos_d0.350,19,0.350,pos,,S1_C1_flamegauntlet,1234567,"{""19"": 0.35}","0.000,0.000,0.000,0.000,0.000,0.000,0.000,0.000,0.000,0.000,0.000,0.000,0.000,0.000,0.000,0.000,0.000,0.000,0.000,0.350,0.000,0.000,0.000,0.000,0.000,0.000,0.000,0.000,0.000,0.000,0.000,0.000,0.000,0.000",S1_C1_flamegauntlet_blk19_pos_d0.350_krea2_seed1234567,S1_C1_flamegauntlet_blk19_pos_d0.350_krea2_seed1234567_00001_.png,"realistic western comics style, bold ink outlines, hatched shadows, smug grin with half-closed eye, seen from a high angle, from above, top view, dynamic, upper body portrait, close-up on gauntlet, dynamic pose, dramatic angle, strong perspective. female antlered elf brawler, tousled green hair fading to teal at the tips, thick green eyebrows, an eyepatch over one eye, pointed ears, tan sun-kissed skin gradient, small pair of pale antlers, young adult, a sharp bright green visible eye, wide reckless grin. fur-collared dark navy jacket with a gold wood-textured pauldron, black uniform, brown leather arm straps. looking to her left, wearing a heavy bronze gauntlet wreathed in orange flames, showing fist to viewer, wildly smug expression. Background: white empty background, flat background. Lighting: warm light, deep amber shadows and sharp orange highlights along her flaming gauntlet.",Real Value,euler_ancestral,simple,9,1.0,1.0,1024,1280
268,perturbation,blk19_neg_d0.350,19,0.350,neg,,S1_C1_flamegauntlet,1234567,"{""19"": -0.35}","0.000,0.000,0.000,0.000,0.000,0.000,0.000,0.000,0.000,0.000,0.000,0.000,0.000,0.000,0.000,0.000,0.000,0.000,0.000,-0.350,0.000,0.000,0.000,0.000,0.000,0.000,0.000,0.000,0.000,0.000,0.000,0.000,0.000,0.000",S1_C1_flamegauntlet_blk19_neg_d0.350_krea2_seed1234567,S1_C1_flamegauntlet_blk19_neg_d0.350_krea2_seed1234567_00001_.png,"realistic western comics style, bold ink outlines, hatched shadows, smug grin with half-closed eye, seen from a high angle, from above, top view, dynamic, upper body portrait, close-up on gauntlet, dynamic pose, dramatic angle, strong perspective. female antlered elf brawler, tousled green hair fading to teal at the tips, thick green eyebrows, an eyepatch over one eye, pointed ears, tan sun-kissed skin gradient, small pair of pale antlers, young adult, a sharp bright green visible eye, wide reckless grin. fur-collared dark navy jacket with a gold wood-textured pauldron, black uniform, brown leather arm straps. looking to her left, wearing a heavy bronze gauntlet wreathed in orange flames, showing fist to viewer, wildly smug expression. Background: white empty background, flat background. Lighting: warm light, deep amber shadows and sharp orange highlights along her flaming gauntlet.",Real Value,euler_ancestral,simple,9,1.0,1.0,1024,1280
269,perturbation,blk23_pos_d0.350,23,0.350,pos,,S1_C1_flamegauntlet,1234567,"{""23"": 0.35}","0.000,0.000,0.000,0.000,0.000,0.000,0.000,0.000,0.000,0.000,0.000,0.000,0.000,0.000,0.000,0.000,0.000,0.000,0.000,0.000,0.000,0.000,0.000,0.350,0.000,0.000,0.000,0.000,0.000,0.000,0.000,0.000,0.000,0.000",S1_C1_flamegauntlet_blk23_pos_d0.350_krea2_seed1234567,S1_C1_flamegauntlet_blk23_pos_d0.350_krea2_seed1234567_00001_.png,"realistic western comics style, bold ink outlines, hatched shadows, smug grin with half-closed eye, seen from a high angle, from above, top view, dynamic, upper body portrait, close-up on gauntlet, dynamic pose, dramatic angle, strong perspective. female antlered elf brawler, tousled green hair fading to teal at the tips, thick green eyebrows, an eyepatch over one eye, pointed ears, tan sun-kissed skin gradient, small pair of pale antlers, young adult, a sharp bright green visible eye, wide reckless grin. fur-collared dark navy jacket with a gold wood-textured pauldron, black uniform, brown leather arm straps. looking to her left, wearing a heavy bronze gauntlet wreathed in orange flames, showing fist to viewer, wildly smug expression. Background: white empty background, flat background. Lighting: warm light, deep amber shadows and sharp orange highlights along her flaming gauntlet.",Real Value,euler_ancestral,simple,9,1.0,1.0,1024,1280
270,perturbation,blk23_neg_d0.350,23,0.350,neg,,S1_C1_flamegauntlet,1234567,"{""23"": -0.35}","0.000,0.000,0.000,0.000,0.000,0.000,0.000,0.000,0.000,0.000,0.000,0.000,0.000,0.000,0.000,0.000,0.000,0.000,0.000,0.000,0.000,0.000,0.000,-0.350,0.000,0.000,0.000,0.000,0.000,0.000,0.000,0.000,0.000,0.000",S1_C1_flamegauntlet_blk23_neg_d0.350_krea2_seed1234567,S1_C1_flamegauntlet_blk23_neg_d0.350_krea2_seed1234567_00001_.png,"realistic western comics style, bold ink outlines, hatched shadows, smug grin with half-closed eye, seen from a high angle, from above, top view, dynamic, upper body portrait, close-up on gauntlet, dynamic pose, dramatic angle, strong perspective. female antlered elf brawler, tousled green hair fading to teal at the tips, thick green eyebrows, an eyepatch over one eye, pointed ears, tan sun-kissed skin gradient, small pair of pale antlers, young adult, a sharp bright green visible eye, wide reckless grin. fur-collared dark navy jacket with a gold wood-textured pauldron, black uniform, brown leather arm straps. looking to her left, wearing a heavy bronze gauntlet wreathed in orange flames, showing fist to viewer, wildly smug expression. Background: white empty background, flat background. Lighting: warm light, deep amber shadows and sharp orange highlights along her flaming gauntlet.",Real Value,euler_ancestral,simple,9,1.0,1.0,1024,1280
271,baseline,baseline,baseline,0.000,none,,S1_C1_flamegauntlet,1234567,{},"0.000,0.000,0.000,0.000,0.000,0.000,0.000,0.000,0.000,0.000,0.000,0.000,0.000,0.000,0.000,0.000,0.000,0.000,0.000,0.000,0.000,0.000,0.000,0.000,0.000,0.000,0.000,0.000,0.000,0.000,0.000,0.000,0.000,0.000",S1_C1_flamegauntlet_baseline_krea2_seed1234567,S1_C1_flamegauntlet_baseline_krea2_seed1234567_00001_.png,"realistic western comics style, bold ink outlines, hatched shadows, smug grin with half-closed eye, seen from a high angle, from above, top view, dynamic, upper body portrait, close-up on gauntlet, dynamic pose, dramatic angle, strong perspective. female antlered elf brawler, tousled green hair fading to teal at the tips, thick green eyebrows, an eyepatch over one eye, pointed ears, tan sun-kissed skin gradient, small pair of pale antlers, young adult, a sharp bright green visible eye, wide reckless grin. fur-collared dark navy jacket with a gold wood-textured pauldron, black uniform, brown leather arm straps. looking to her left, wearing a heavy bronze gauntlet wreathed in orange flames, showing fist to viewer, wildly smug expression. Background: white empty background, flat background. Lighting: warm light, deep amber shadows and sharp orange highlights along her flaming gauntlet.",Real Value,euler_ancestral,simple,9,1.0,1.0,1024,1280
272,perturbation,blk00_pos_d0.300,0,0.300,pos,,S1_C1_flamegauntlet,1234567,"{""0"": 0.3}","0.300,0.000,0.000,0.000,0.000,0.000,0.000,0.000,0.000,0.000,0.000,0.000,0.000,0.000,0.000,0.000,0.000,0.000,0.000,0.000,0.000,0.000,0.000,0.000,0.000,0.000,0.000,0.000,0.000,0.000,0.000,0.000,0.000,0.000",S1_C1_flamegauntlet_blk00_pos_d0.300_krea2_seed1234567,S1_C1_flamegauntlet_blk00_pos_d0.300_krea2_seed1234567_00001_.png,"realistic western comics style, bold ink outlines, hatched shadows, smug grin with half-closed eye, seen from a high angle, from above, top view, dynamic, upper body portrait, close-up on gauntlet, dynamic pose, dramatic angle, strong perspective. female antlered elf brawler, tousled green hair fading to teal at the tips, thick green eyebrows, an eyepatch over one eye, pointed ears, tan sun-kissed skin gradient, small pair of pale antlers, young adult, a sharp bright green visible eye, wide reckless grin. fur-collared dark navy jacket with a gold wood-textured pauldron, black uniform, brown leather arm straps. looking to her left, wearing a heavy bronze gauntlet wreathed in orange flames, showing fist to viewer, wildly smug expression. Background: white empty background, flat background. Lighting: warm light, deep amber shadows and sharp orange highlights along her flaming gauntlet.",Real Value,euler_ancestral,simple,9,1.0,1.0,1024,1280
273,perturbation,blk00_neg_d0.250,0,0.250,neg,,S1_C1_flamegauntlet,1234567,"{""0"": -0.25}","-0.250,0.000,0.000,0.000,0.000,0.000,0.000,0.000,0.000,0.000,0.000,0.000,0.000,0.000,0.000,0.000,0.000,0.000,0.000,0.000,0.000,0.000,0.000,0.000,0.000,0.000,0.000,0.000,0.000,0.000,0.000,0.000,0.000,0.000",S1_C1_flamegauntlet_blk00_neg_d0.250_krea2_seed1234567,S1_C1_flamegauntlet_blk00_neg_d0.250_krea2_seed1234567_00001_.png,"realistic western comics style, bold ink outlines, hatched shadows, smug grin with half-closed eye, seen from a high angle, from above, top view, dynamic, upper body portrait, close-up on gauntlet, dynamic pose, dramatic angle, strong perspective. female antlered elf brawler, tousled green hair fading to teal at the tips, thick green eyebrows, an eyepatch over one eye, pointed ears, tan sun-kissed skin gradient, small pair of pale antlers, young adult, a sharp bright green visible eye, wide reckless grin. fur-collared dark navy jacket with a gold wood-textured pauldron, black uniform, brown leather arm straps. looking to her left, wearing a heavy bronze gauntlet wreathed in orange flames, showing fist to viewer, wildly smug expression. Background: white empty background, flat background. Lighting: warm light, deep amber shadows and sharp orange highlights along her flaming gauntlet.",Real Value,euler_ancestral,simple,9,1.0,1.0,1024,1280
274,perturbation,blk27_pos_d0.100,27,0.100,pos,,S1_C1_flamegauntlet,1234567,"{""27"": 0.1}","0.000,0.000,0.000,0.000,0.000,0.000,0.000,0.000,0.000,0.000,0.000,0.000,0.000,0.000,0.000,0.000,0.000,0.000,0.000,0.000,0.000,0.000,0.000,0.000,0.000,0.000,0.000,0.100,0.000,0.000,0.000,0.000,0.000,0.000",S1_C1_flamegauntlet_blk27_pos_d0.100_krea2_seed1234567,S1_C1_flamegauntlet_blk27_pos_d0.100_krea2_seed1234567_00001_.png,"realistic western comics style, bold ink outlines, hatched shadows, smug grin with half-closed eye, seen from a high angle, from above, top view, dynamic, upper body portrait, close-up on gauntlet, dynamic pose, dramatic angle, strong perspective. female antlered elf brawler, tousled green hair fading to teal at the tips, thick green eyebrows, an eyepatch over one eye, pointed ears, tan sun-kissed skin gradient, small pair of pale antlers, young adult, a sharp bright green visible eye, wide reckless grin. fur-collared dark navy jacket with a gold wood-textured pauldron, black uniform, brown leather arm straps. looking to her left, wearing a heavy bronze gauntlet wreathed in orange flames, showing fist to viewer, wildly smug expression. Background: white empty background, flat background. Lighting: warm light, deep amber shadows and sharp orange highlights along her flaming gauntlet.",Real Value,euler_ancestral,simple,9,1.0,1.0,1024,1280
275,perturbation,blk27_neg_d0.075,27,0.075,neg,,S1_C1_flamegauntlet,1234567,"{""27"": -0.075}","0.000,0.000,0.000,0.000,0.000,0.000,0.000,0.000,0.000,0.000,0.000,0.000,0.000,0.000,0.000,0.000,0.000,0.000,0.000,0.000,0.000,0.000,0.000,0.000,0.000,0.000,0.000,-0.075,0.000,0.000,0.000,0.000,0.000,0.000",S1_C1_flamegauntlet_blk27_neg_d0.075_krea2_seed1234567,S1_C1_flamegauntlet_blk27_neg_d0.075_krea2_seed1234567_00001_.png,"realistic western comics style, bold ink outlines, hatched shadows, smug grin with half-closed eye, seen from a high angle, from above, top view, dynamic, upper body portrait, close-up on gauntlet, dynamic pose, dramatic angle, strong perspective. female antlered elf brawler, tousled green hair fading to teal at the tips, thick green eyebrows, an eyepatch over one eye, pointed ears, tan sun-kissed skin gradient, small pair of pale antlers, young adult, a sharp bright green visible eye, wide reckless grin. fur-collared dark navy jacket with a gold wood-textured pauldron, black uniform, brown leather arm straps. looking to her left, wearing a heavy bronze gauntlet wreathed in orange flames, showing fist to viewer, wildly smug expression. Background: white empty background, flat background. Lighting: warm light, deep amber shadows and sharp orange highlights along her flaming gauntlet.",Real Value,euler_ancestral,simple,9,1.0,1.0,1024,1280
276,perturbation,blk02_pos_d0.350,2,0.350,pos,,S2_W1_original,1234567,"{""2"": 0.35}","0.000,0.000,0.350,0.000,0.000,0.000,0.000,0.000,0.000,0.000,0.000,0.000,0.000,0.000,0.000,0.000,0.000,0.000,0.000,0.000,0.000,0.000,0.000,0.000,0.000,0.000,0.000,0.000,0.000,0.000,0.000,0.000,0.000,0.000",S2_W1_original_blk02_pos_d0.350_krea2_seed1234567,S2_W1_original_blk02_pos_d0.350_krea2_seed1234567_00001_.png,"Dreamlike top down fantasy scene viewed from a perfectly vertical overhead camera, looking straight down onto a narrow weathered wooden canoe drifting through a vast deep lotus pond. The entire canoe is visible and positioned near the center, surrounded by immense round lotus leaves in many sizes. Inside, a young woman sleeps peacefully on her back along the length of the boat. Her head is turned gently to one side, long dark wavy hair spread across the wooden boards. One arm bends above her head while the other rests across her torso holding a small closed book. She wears a flowing ivory dress with soft layered fabric cascading around her legs, her bare feet visible near the stern. Pale pink lotus blossoms and buds emerge between dense emerald leaves. A luminous turquoise opening in the vegetation surrounds the canoe, revealing clear water, submerged rocks and delicate caustic light patterns below. The pond becomes progressively darker toward the edges, shifting into deep teal, petrol and midnight blue. Refined fantasy illustration, smooth painterly digital brushwork, rich botanical detail, softly modeled forms, subtle luminous highlights, atmospheric depth, elegant color transitions, tranquil magical light, serene and mysterious, award winning, a breathtaking masterpiece",Real Value,euler_ancestral,simple,9,1.0,1.0,1024,1280
277,perturbation,blk02_neg_d0.350,2,0.350,neg,,S2_W1_original,1234567,"{""2"": -0.35}","0.000,0.000,-0.350,0.000,0.000,0.000,0.000,0.000,0.000,0.000,0.000,0.000,0.000,0.000,0.000,0.000,0.000,0.000,0.000,0.000,0.000,0.000,0.000,0.000,0.000,0.000,0.000,0.000,0.000,0.000,0.000,0.000,0.000,0.000",S2_W1_original_blk02_neg_d0.350_krea2_seed1234567,S2_W1_original_blk02_neg_d0.350_krea2_seed1234567_00001_.png,"Dreamlike top down fantasy scene viewed from a perfectly vertical overhead camera, looking straight down onto a narrow weathered wooden canoe drifting through a vast deep lotus pond. The entire canoe is visible and positioned near the center, surrounded by immense round lotus leaves in many sizes. Inside, a young woman sleeps peacefully on her back along the length of the boat. Her head is turned gently to one side, long dark wavy hair spread across the wooden boards. One arm bends above her head while the other rests across her torso holding a small closed book. She wears a flowing ivory dress with soft layered fabric cascading around her legs, her bare feet visible near the stern. Pale pink lotus blossoms and buds emerge between dense emerald leaves. A luminous turquoise opening in the vegetation surrounds the canoe, revealing clear water, submerged rocks and delicate caustic light patterns below. The pond becomes progressively darker toward the edges, shifting into deep teal, petrol and midnight blue. Refined fantasy illustration, smooth painterly digital brushwork, rich botanical detail, softly modeled forms, subtle luminous highlights, atmospheric depth, elegant color transitions, tranquil magical light, serene and mysterious, award winning, a breathtaking masterpiece",Real Value,euler_ancestral,simple,9,1.0,1.0,1024,1280
278,perturbation,blk05_pos_d0.350,5,0.350,pos,,S2_W1_original,1234567,"{""5"": 0.35}","0.000,0.000,0.000,0.000,0.000,0.350,0.000,0.000,0.000,0.000,0.000,0.000,0.000,0.000,0.000,0.000,0.000,0.000,0.000,0.000,0.000,0.000,0.000,0.000,0.000,0.000,0.000,0.000,0.000,0.000,0.000,0.000,0.000,0.000",S2_W1_original_blk05_pos_d0.350_krea2_seed1234567,S2_W1_original_blk05_pos_d0.350_krea2_seed1234567_00001_.png,"Dreamlike top down fantasy scene viewed from a perfectly vertical overhead camera, looking straight down onto a narrow weathered wooden canoe drifting through a vast deep lotus pond. The entire canoe is visible and positioned near the center, surrounded by immense round lotus leaves in many sizes. Inside, a young woman sleeps peacefully on her back along the length of the boat. Her head is turned gently to one side, long dark wavy hair spread across the wooden boards. One arm bends above her head while the other rests across her torso holding a small closed book. She wears a flowing ivory dress with soft layered fabric cascading around her legs, her bare feet visible near the stern. Pale pink lotus blossoms and buds emerge between dense emerald leaves. A luminous turquoise opening in the vegetation surrounds the canoe, revealing clear water, submerged rocks and delicate caustic light patterns below. The pond becomes progressively darker toward the edges, shifting into deep teal, petrol and midnight blue. Refined fantasy illustration, smooth painterly digital brushwork, rich botanical detail, softly modeled forms, subtle luminous highlights, atmospheric depth, elegant color transitions, tranquil magical light, serene and mysterious, award winning, a breathtaking masterpiece",Real Value,euler_ancestral,simple,9,1.0,1.0,1024,1280
279,perturbation,blk05_neg_d0.350,5,0.350,neg,,S2_W1_original,1234567,"{""5"": -0.35}","0.000,0.000,0.000,0.000,0.000,-0.350,0.000,0.000,0.000,0.000,0.000,0.000,0.000,0.000,0.000,0.000,0.000,0.000,0.000,0.000,0.000,0.000,0.000,0.000,0.000,0.000,0.000,0.000,0.000,0.000,0.000,0.000,0.000,0.000",S2_W1_original_blk05_neg_d0.350_krea2_seed1234567,S2_W1_original_blk05_neg_d0.350_krea2_seed1234567_00001_.png,"Dreamlike top down fantasy scene viewed from a perfectly vertical overhead camera, looking straight down onto a narrow weathered wooden canoe drifting through a vast deep lotus pond. The entire canoe is visible and positioned near the center, surrounded by immense round lotus leaves in many sizes. Inside, a young woman sleeps peacefully on her back along the length of the boat. Her head is turned gently to one side, long dark wavy hair spread across the wooden boards. One arm bends above her head while the other rests across her torso holding a small closed book. She wears a flowing ivory dress with soft layered fabric cascading around her legs, her bare feet visible near the stern. Pale pink lotus blossoms and buds emerge between dense emerald leaves. A luminous turquoise opening in the vegetation surrounds the canoe, revealing clear water, submerged rocks and delicate caustic light patterns below. The pond becomes progressively darker toward the edges, shifting into deep teal, petrol and midnight blue. Refined fantasy illustration, smooth painterly digital brushwork, rich botanical detail, softly modeled forms, subtle luminous highlights, atmospheric depth, elegant color transitions, tranquil magical light, serene and mysterious, award winning, a breathtaking masterpiece",Real Value,euler_ancestral,simple,9,1.0,1.0,1024,1280
280,perturbation,blk08_pos_d0.350,8,0.350,pos,,S2_W1_original,1234567,"{""8"": 0.35}","0.000,0.000,0.000,0.000,0.000,0.000,0.000,0.000,0.350,0.000,0.000,0.000,0.000,0.000,0.000,0.000,0.000,0.000,0.000,0.000,0.000,0.000,0.000,0.000,0.000,0.000,0.000,0.000,0.000,0.000,0.000,0.000,0.000,0.000",S2_W1_original_blk08_pos_d0.350_krea2_seed1234567,S2_W1_original_blk08_pos_d0.350_krea2_seed1234567_00001_.png,"Dreamlike top down fantasy scene viewed from a perfectly vertical overhead camera, looking straight down onto a narrow weathered wooden canoe drifting through a vast deep lotus pond. The entire canoe is visible and positioned near the center, surrounded by immense round lotus leaves in many sizes. Inside, a young woman sleeps peacefully on her back along the length of the boat. Her head is turned gently to one side, long dark wavy hair spread across the wooden boards. One arm bends above her head while the other rests across her torso holding a small closed book. She wears a flowing ivory dress with soft layered fabric cascading around her legs, her bare feet visible near the stern. Pale pink lotus blossoms and buds emerge between dense emerald leaves. A luminous turquoise opening in the vegetation surrounds the canoe, revealing clear water, submerged rocks and delicate caustic light patterns below. The pond becomes progressively darker toward the edges, shifting into deep teal, petrol and midnight blue. Refined fantasy illustration, smooth painterly digital brushwork, rich botanical detail, softly modeled forms, subtle luminous highlights, atmospheric depth, elegant color transitions, tranquil magical light, serene and mysterious, award winning, a breathtaking masterpiece",Real Value,euler_ancestral,simple,9,1.0,1.0,1024,1280
281,perturbation,blk08_neg_d0.350,8,0.350,neg,,S2_W1_original,1234567,"{""8"": -0.35}","0.000,0.000,0.000,0.000,0.000,0.000,0.000,0.000,-0.350,0.000,0.000,0.000,0.000,0.000,0.000,0.000,0.000,0.000,0.000,0.000,0.000,0.000,0.000,0.000,0.000,0.000,0.000,0.000,0.000,0.000,0.000,0.000,0.000,0.000",S2_W1_original_blk08_neg_d0.350_krea2_seed1234567,S2_W1_original_blk08_neg_d0.350_krea2_seed1234567_00001_.png,"Dreamlike top down fantasy scene viewed from a perfectly vertical overhead camera, looking straight down onto a narrow weathered wooden canoe drifting through a vast deep lotus pond. The entire canoe is visible and positioned near the center, surrounded by immense round lotus leaves in many sizes. Inside, a young woman sleeps peacefully on her back along the length of the boat. Her head is turned gently to one side, long dark wavy hair spread across the wooden boards. One arm bends above her head while the other rests across her torso holding a small closed book. She wears a flowing ivory dress with soft layered fabric cascading around her legs, her bare feet visible near the stern. Pale pink lotus blossoms and buds emerge between dense emerald leaves. A luminous turquoise opening in the vegetation surrounds the canoe, revealing clear water, submerged rocks and delicate caustic light patterns below. The pond becomes progressively darker toward the edges, shifting into deep teal, petrol and midnight blue. Refined fantasy illustration, smooth painterly digital brushwork, rich botanical detail, softly modeled forms, subtle luminous highlights, atmospheric depth, elegant color transitions, tranquil magical light, serene and mysterious, award winning, a breathtaking masterpiece",Real Value,euler_ancestral,simple,9,1.0,1.0,1024,1280
282,perturbation,blk09_pos_d0.350,9,0.350,pos,,S2_W1_original,1234567,"{""9"": 0.35}","0.000,0.000,0.000,0.000,0.000,0.000,0.000,0.000,0.000,0.350,0.000,0.000,0.000,0.000,0.000,0.000,0.000,0.000,0.000,0.000,0.000,0.000,0.000,0.000,0.000,0.000,0.000,0.000,0.000,0.000,0.000,0.000,0.000,0.000",S2_W1_original_blk09_pos_d0.350_krea2_seed1234567,S2_W1_original_blk09_pos_d0.350_krea2_seed1234567_00001_.png,"Dreamlike top down fantasy scene viewed from a perfectly vertical overhead camera, looking straight down onto a narrow weathered wooden canoe drifting through a vast deep lotus pond. The entire canoe is visible and positioned near the center, surrounded by immense round lotus leaves in many sizes. Inside, a young woman sleeps peacefully on her back along the length of the boat. Her head is turned gently to one side, long dark wavy hair spread across the wooden boards. One arm bends above her head while the other rests across her torso holding a small closed book. She wears a flowing ivory dress with soft layered fabric cascading around her legs, her bare feet visible near the stern. Pale pink lotus blossoms and buds emerge between dense emerald leaves. A luminous turquoise opening in the vegetation surrounds the canoe, revealing clear water, submerged rocks and delicate caustic light patterns below. The pond becomes progressively darker toward the edges, shifting into deep teal, petrol and midnight blue. Refined fantasy illustration, smooth painterly digital brushwork, rich botanical detail, softly modeled forms, subtle luminous highlights, atmospheric depth, elegant color transitions, tranquil magical light, serene and mysterious, award winning, a breathtaking masterpiece",Real Value,euler_ancestral,simple,9,1.0,1.0,1024,1280
283,perturbation,blk09_neg_d0.350,9,0.350,neg,,S2_W1_original,1234567,"{""9"": -0.35}","0.000,0.000,0.000,0.000,0.000,0.000,0.000,0.000,0.000,-0.350,0.000,0.000,0.000,0.000,0.000,0.000,0.000,0.000,0.000,0.000,0.000,0.000,0.000,0.000,0.000,0.000,0.000,0.000,0.000,0.000,0.000,0.000,0.000,0.000",S2_W1_original_blk09_neg_d0.350_krea2_seed1234567,S2_W1_original_blk09_neg_d0.350_krea2_seed1234567_00001_.png,"Dreamlike top down fantasy scene viewed from a perfectly vertical overhead camera, looking straight down onto a narrow weathered wooden canoe drifting through a vast deep lotus pond. The entire canoe is visible and positioned near the center, surrounded by immense round lotus leaves in many sizes. Inside, a young woman sleeps peacefully on her back along the length of the boat. Her head is turned gently to one side, long dark wavy hair spread across the wooden boards. One arm bends above her head while the other rests across her torso holding a small closed book. She wears a flowing ivory dress with soft layered fabric cascading around her legs, her bare feet visible near the stern. Pale pink lotus blossoms and buds emerge between dense emerald leaves. A luminous turquoise opening in the vegetation surrounds the canoe, revealing clear water, submerged rocks and delicate caustic light patterns below. The pond becomes progressively darker toward the edges, shifting into deep teal, petrol and midnight blue. Refined fantasy illustration, smooth painterly digital brushwork, rich botanical detail, softly modeled forms, subtle luminous highlights, atmospheric depth, elegant color transitions, tranquil magical light, serene and mysterious, award winning, a breathtaking masterpiece",Real Value,euler_ancestral,simple,9,1.0,1.0,1024,1280
284,perturbation,blk12_pos_d0.350,12,0.350,pos,,S2_W1_original,1234567,"{""12"": 0.35}","0.000,0.000,0.000,0.000,0.000,0.000,0.000,0.000,0.000,0.000,0.000,0.000,0.350,0.000,0.000,0.000,0.000,0.000,0.000,0.000,0.000,0.000,0.000,0.000,0.000,0.000,0.000,0.000,0.000,0.000,0.000,0.000,0.000,0.000",S2_W1_original_blk12_pos_d0.350_krea2_seed1234567,S2_W1_original_blk12_pos_d0.350_krea2_seed1234567_00001_.png,"Dreamlike top down fantasy scene viewed from a perfectly vertical overhead camera, looking straight down onto a narrow weathered wooden canoe drifting through a vast deep lotus pond. The entire canoe is visible and positioned near the center, surrounded by immense round lotus leaves in many sizes. Inside, a young woman sleeps peacefully on her back along the length of the boat. Her head is turned gently to one side, long dark wavy hair spread across the wooden boards. One arm bends above her head while the other rests across her torso holding a small closed book. She wears a flowing ivory dress with soft layered fabric cascading around her legs, her bare feet visible near the stern. Pale pink lotus blossoms and buds emerge between dense emerald leaves. A luminous turquoise opening in the vegetation surrounds the canoe, revealing clear water, submerged rocks and delicate caustic light patterns below. The pond becomes progressively darker toward the edges, shifting into deep teal, petrol and midnight blue. Refined fantasy illustration, smooth painterly digital brushwork, rich botanical detail, softly modeled forms, subtle luminous highlights, atmospheric depth, elegant color transitions, tranquil magical light, serene and mysterious, award winning, a breathtaking masterpiece",Real Value,euler_ancestral,simple,9,1.0,1.0,1024,1280
285,perturbation,blk12_neg_d0.350,12,0.350,neg,,S2_W1_original,1234567,"{""12"": -0.35}","0.000,0.000,0.000,0.000,0.000,0.000,0.000,0.000,0.000,0.000,0.000,0.000,-0.350,0.000,0.000,0.000,0.000,0.000,0.000,0.000,0.000,0.000,0.000,0.000,0.000,0.000,0.000,0.000,0.000,0.000,0.000,0.000,0.000,0.000",S2_W1_original_blk12_neg_d0.350_krea2_seed1234567,S2_W1_original_blk12_neg_d0.350_krea2_seed1234567_00001_.png,"Dreamlike top down fantasy scene viewed from a perfectly vertical overhead camera, looking straight down onto a narrow weathered wooden canoe drifting through a vast deep lotus pond. The entire canoe is visible and positioned near the center, surrounded by immense round lotus leaves in many sizes. Inside, a young woman sleeps peacefully on her back along the length of the boat. Her head is turned gently to one side, long dark wavy hair spread across the wooden boards. One arm bends above her head while the other rests across her torso holding a small closed book. She wears a flowing ivory dress with soft layered fabric cascading around her legs, her bare feet visible near the stern. Pale pink lotus blossoms and buds emerge between dense emerald leaves. A luminous turquoise opening in the vegetation surrounds the canoe, revealing clear water, submerged rocks and delicate caustic light patterns below. The pond becomes progressively darker toward the edges, shifting into deep teal, petrol and midnight blue. Refined fantasy illustration, smooth painterly digital brushwork, rich botanical detail, softly modeled forms, subtle luminous highlights, atmospheric depth, elegant color transitions, tranquil magical light, serene and mysterious, award winning, a breathtaking masterpiece",Real Value,euler_ancestral,simple,9,1.0,1.0,1024,1280
286,perturbation,blk13_pos_d0.350,13,0.350,pos,,S2_W1_original,1234567,"{""13"": 0.35}","0.000,0.000,0.000,0.000,0.000,0.000,0.000,0.000,0.000,0.000,0.000,0.000,0.000,0.350,0.000,0.000,0.000,0.000,0.000,0.000,0.000,0.000,0.000,0.000,0.000,0.000,0.000,0.000,0.000,0.000,0.000,0.000,0.000,0.000",S2_W1_original_blk13_pos_d0.350_krea2_seed1234567,S2_W1_original_blk13_pos_d0.350_krea2_seed1234567_00001_.png,"Dreamlike top down fantasy scene viewed from a perfectly vertical overhead camera, looking straight down onto a narrow weathered wooden canoe drifting through a vast deep lotus pond. The entire canoe is visible and positioned near the center, surrounded by immense round lotus leaves in many sizes. Inside, a young woman sleeps peacefully on her back along the length of the boat. Her head is turned gently to one side, long dark wavy hair spread across the wooden boards. One arm bends above her head while the other rests across her torso holding a small closed book. She wears a flowing ivory dress with soft layered fabric cascading around her legs, her bare feet visible near the stern. Pale pink lotus blossoms and buds emerge between dense emerald leaves. A luminous turquoise opening in the vegetation surrounds the canoe, revealing clear water, submerged rocks and delicate caustic light patterns below. The pond becomes progressively darker toward the edges, shifting into deep teal, petrol and midnight blue. Refined fantasy illustration, smooth painterly digital brushwork, rich botanical detail, softly modeled forms, subtle luminous highlights, atmospheric depth, elegant color transitions, tranquil magical light, serene and mysterious, award winning, a breathtaking masterpiece",Real Value,euler_ancestral,simple,9,1.0,1.0,1024,1280
287,perturbation,blk13_neg_d0.350,13,0.350,neg,,S2_W1_original,1234567,"{""13"": -0.35}","0.000,0.000,0.000,0.000,0.000,0.000,0.000,0.000,0.000,0.000,0.000,0.000,0.000,-0.350,0.000,0.000,0.000,0.000,0.000,0.000,0.000,0.000,0.000,0.000,0.000,0.000,0.000,0.000,0.000,0.000,0.000,0.000,0.000,0.000",S2_W1_original_blk13_neg_d0.350_krea2_seed1234567,S2_W1_original_blk13_neg_d0.350_krea2_seed1234567_00001_.png,"Dreamlike top down fantasy scene viewed from a perfectly vertical overhead camera, looking straight down onto a narrow weathered wooden canoe drifting through a vast deep lotus pond. The entire canoe is visible and positioned near the center, surrounded by immense round lotus leaves in many sizes. Inside, a young woman sleeps peacefully on her back along the length of the boat. Her head is turned gently to one side, long dark wavy hair spread across the wooden boards. One arm bends above her head while the other rests across her torso holding a small closed book. She wears a flowing ivory dress with soft layered fabric cascading around her legs, her bare feet visible near the stern. Pale pink lotus blossoms and buds emerge between dense emerald leaves. A luminous turquoise opening in the vegetation surrounds the canoe, revealing clear water, submerged rocks and delicate caustic light patterns below. The pond becomes progressively darker toward the edges, shifting into deep teal, petrol and midnight blue. Refined fantasy illustration, smooth painterly digital brushwork, rich botanical detail, softly modeled forms, subtle luminous highlights, atmospheric depth, elegant color transitions, tranquil magical light, serene and mysterious, award winning, a breathtaking masterpiece",Real Value,euler_ancestral,simple,9,1.0,1.0,1024,1280
288,perturbation,blk15_pos_d0.350,15,0.350,pos,,S2_W1_original,1234567,"{""15"": 0.35}","0.000,0.000,0.000,0.000,0.000,0.000,0.000,0.000,0.000,0.000,0.000,0.000,0.000,0.000,0.000,0.350,0.000,0.000,0.000,0.000,0.000,0.000,0.000,0.000,0.000,0.000,0.000,0.000,0.000,0.000,0.000,0.000,0.000,0.000",S2_W1_original_blk15_pos_d0.350_krea2_seed1234567,S2_W1_original_blk15_pos_d0.350_krea2_seed1234567_00001_.png,"Dreamlike top down fantasy scene viewed from a perfectly vertical overhead camera, looking straight down onto a narrow weathered wooden canoe drifting through a vast deep lotus pond. The entire canoe is visible and positioned near the center, surrounded by immense round lotus leaves in many sizes. Inside, a young woman sleeps peacefully on her back along the length of the boat. Her head is turned gently to one side, long dark wavy hair spread across the wooden boards. One arm bends above her head while the other rests across her torso holding a small closed book. She wears a flowing ivory dress with soft layered fabric cascading around her legs, her bare feet visible near the stern. Pale pink lotus blossoms and buds emerge between dense emerald leaves. A luminous turquoise opening in the vegetation surrounds the canoe, revealing clear water, submerged rocks and delicate caustic light patterns below. The pond becomes progressively darker toward the edges, shifting into deep teal, petrol and midnight blue. Refined fantasy illustration, smooth painterly digital brushwork, rich botanical detail, softly modeled forms, subtle luminous highlights, atmospheric depth, elegant color transitions, tranquil magical light, serene and mysterious, award winning, a breathtaking masterpiece",Real Value,euler_ancestral,simple,9,1.0,1.0,1024,1280
289,perturbation,blk15_neg_d0.350,15,0.350,neg,,S2_W1_original,1234567,"{""15"": -0.35}","0.000,0.000,0.000,0.000,0.000,0.000,0.000,0.000,0.000,0.000,0.000,0.000,0.000,0.000,0.000,-0.350,0.000,0.000,0.000,0.000,0.000,0.000,0.000,0.000,0.000,0.000,0.000,0.000,0.000,0.000,0.000,0.000,0.000,0.000",S2_W1_original_blk15_neg_d0.350_krea2_seed1234567,S2_W1_original_blk15_neg_d0.350_krea2_seed1234567_00001_.png,"Dreamlike top down fantasy scene viewed from a perfectly vertical overhead camera, looking straight down onto a narrow weathered wooden canoe drifting through a vast deep lotus pond. The entire canoe is visible and positioned near the center, surrounded by immense round lotus leaves in many sizes. Inside, a young woman sleeps peacefully on her back along the length of the boat. Her head is turned gently to one side, long dark wavy hair spread across the wooden boards. One arm bends above her head while the other rests across her torso holding a small closed book. She wears a flowing ivory dress with soft layered fabric cascading around her legs, her bare feet visible near the stern. Pale pink lotus blossoms and buds emerge between dense emerald leaves. A luminous turquoise opening in the vegetation surrounds the canoe, revealing clear water, submerged rocks and delicate caustic light patterns below. The pond becomes progressively darker toward the edges, shifting into deep teal, petrol and midnight blue. Refined fantasy illustration, smooth painterly digital brushwork, rich botanical detail, softly modeled forms, subtle luminous highlights, atmospheric depth, elegant color transitions, tranquil magical light, serene and mysterious, award winning, a breathtaking masterpiece",Real Value,euler_ancestral,simple,9,1.0,1.0,1024,1280
290,perturbation,blk17_pos_d0.350,17,0.350,pos,,S2_W1_original,1234567,"{""17"": 0.35}","0.000,0.000,0.000,0.000,0.000,0.000,0.000,0.000,0.000,0.000,0.000,0.000,0.000,0.000,0.000,0.000,0.000,0.350,0.000,0.000,0.000,0.000,0.000,0.000,0.000,0.000,0.000,0.000,0.000,0.000,0.000,0.000,0.000,0.000",S2_W1_original_blk17_pos_d0.350_krea2_seed1234567,S2_W1_original_blk17_pos_d0.350_krea2_seed1234567_00001_.png,"Dreamlike top down fantasy scene viewed from a perfectly vertical overhead camera, looking straight down onto a narrow weathered wooden canoe drifting through a vast deep lotus pond. The entire canoe is visible and positioned near the center, surrounded by immense round lotus leaves in many sizes. Inside, a young woman sleeps peacefully on her back along the length of the boat. Her head is turned gently to one side, long dark wavy hair spread across the wooden boards. One arm bends above her head while the other rests across her torso holding a small closed book. She wears a flowing ivory dress with soft layered fabric cascading around her legs, her bare feet visible near the stern. Pale pink lotus blossoms and buds emerge between dense emerald leaves. A luminous turquoise opening in the vegetation surrounds the canoe, revealing clear water, submerged rocks and delicate caustic light patterns below. The pond becomes progressively darker toward the edges, shifting into deep teal, petrol and midnight blue. Refined fantasy illustration, smooth painterly digital brushwork, rich botanical detail, softly modeled forms, subtle luminous highlights, atmospheric depth, elegant color transitions, tranquil magical light, serene and mysterious, award winning, a breathtaking masterpiece",Real Value,euler_ancestral,simple,9,1.0,1.0,1024,1280
291,perturbation,blk17_neg_d0.350,17,0.350,neg,,S2_W1_original,1234567,"{""17"": -0.35}","0.000,0.000,0.000,0.000,0.000,0.000,0.000,0.000,0.000,0.000,0.000,0.000,0.000,0.000,0.000,0.000,0.000,-0.350,0.000,0.000,0.000,0.000,0.000,0.000,0.000,0.000,0.000,0.000,0.000,0.000,0.000,0.000,0.000,0.000",S2_W1_original_blk17_neg_d0.350_krea2_seed1234567,S2_W1_original_blk17_neg_d0.350_krea2_seed1234567_00001_.png,"Dreamlike top down fantasy scene viewed from a perfectly vertical overhead camera, looking straight down onto a narrow weathered wooden canoe drifting through a vast deep lotus pond. The entire canoe is visible and positioned near the center, surrounded by immense round lotus leaves in many sizes. Inside, a young woman sleeps peacefully on her back along the length of the boat. Her head is turned gently to one side, long dark wavy hair spread across the wooden boards. One arm bends above her head while the other rests across her torso holding a small closed book. She wears a flowing ivory dress with soft layered fabric cascading around her legs, her bare feet visible near the stern. Pale pink lotus blossoms and buds emerge between dense emerald leaves. A luminous turquoise opening in the vegetation surrounds the canoe, revealing clear water, submerged rocks and delicate caustic light patterns below. The pond becomes progressively darker toward the edges, shifting into deep teal, petrol and midnight blue. Refined fantasy illustration, smooth painterly digital brushwork, rich botanical detail, softly modeled forms, subtle luminous highlights, atmospheric depth, elegant color transitions, tranquil magical light, serene and mysterious, award winning, a breathtaking masterpiece",Real Value,euler_ancestral,simple,9,1.0,1.0,1024,1280
292,perturbation,blk19_pos_d0.350,19,0.350,pos,,S2_W1_original,1234567,"{""19"": 0.35}","0.000,0.000,0.000,0.000,0.000,0.000,0.000,0.000,0.000,0.000,0.000,0.000,0.000,0.000,0.000,0.000,0.000,0.000,0.000,0.350,0.000,0.000,0.000,0.000,0.000,0.000,0.000,0.000,0.000,0.000,0.000,0.000,0.000,0.000",S2_W1_original_blk19_pos_d0.350_krea2_seed1234567,S2_W1_original_blk19_pos_d0.350_krea2_seed1234567_00001_.png,"Dreamlike top down fantasy scene viewed from a perfectly vertical overhead camera, looking straight down onto a narrow weathered wooden canoe drifting through a vast deep lotus pond. The entire canoe is visible and positioned near the center, surrounded by immense round lotus leaves in many sizes. Inside, a young woman sleeps peacefully on her back along the length of the boat. Her head is turned gently to one side, long dark wavy hair spread across the wooden boards. One arm bends above her head while the other rests across her torso holding a small closed book. She wears a flowing ivory dress with soft layered fabric cascading around her legs, her bare feet visible near the stern. Pale pink lotus blossoms and buds emerge between dense emerald leaves. A luminous turquoise opening in the vegetation surrounds the canoe, revealing clear water, submerged rocks and delicate caustic light patterns below. The pond becomes progressively darker toward the edges, shifting into deep teal, petrol and midnight blue. Refined fantasy illustration, smooth painterly digital brushwork, rich botanical detail, softly modeled forms, subtle luminous highlights, atmospheric depth, elegant color transitions, tranquil magical light, serene and mysterious, award winning, a breathtaking masterpiece",Real Value,euler_ancestral,simple,9,1.0,1.0,1024,1280
293,perturbation,blk19_neg_d0.350,19,0.350,neg,,S2_W1_original,1234567,"{""19"": -0.35}","0.000,0.000,0.000,0.000,0.000,0.000,0.000,0.000,0.000,0.000,0.000,0.000,0.000,0.000,0.000,0.000,0.000,0.000,0.000,-0.350,0.000,0.000,0.000,0.000,0.000,0.000,0.000,0.000,0.000,0.000,0.000,0.000,0.000,0.000",S2_W1_original_blk19_neg_d0.350_krea2_seed1234567,S2_W1_original_blk19_neg_d0.350_krea2_seed1234567_00001_.png,"Dreamlike top down fantasy scene viewed from a perfectly vertical overhead camera, looking straight down onto a narrow weathered wooden canoe drifting through a vast deep lotus pond. The entire canoe is visible and positioned near the center, surrounded by immense round lotus leaves in many sizes. Inside, a young woman sleeps peacefully on her back along the length of the boat. Her head is turned gently to one side, long dark wavy hair spread across the wooden boards. One arm bends above her head while the other rests across her torso holding a small closed book. She wears a flowing ivory dress with soft layered fabric cascading around her legs, her bare feet visible near the stern. Pale pink lotus blossoms and buds emerge between dense emerald leaves. A luminous turquoise opening in the vegetation surrounds the canoe, revealing clear water, submerged rocks and delicate caustic light patterns below. The pond becomes progressively darker toward the edges, shifting into deep teal, petrol and midnight blue. Refined fantasy illustration, smooth painterly digital brushwork, rich botanical detail, softly modeled forms, subtle luminous highlights, atmospheric depth, elegant color transitions, tranquil magical light, serene and mysterious, award winning, a breathtaking masterpiece",Real Value,euler_ancestral,simple,9,1.0,1.0,1024,1280
294,perturbation,blk23_pos_d0.350,23,0.350,pos,,S2_W1_original,1234567,"{""23"": 0.35}","0.000,0.000,0.000,0.000,0.000,0.000,0.000,0.000,0.000,0.000,0.000,0.000,0.000,0.000,0.000,0.000,0.000,0.000,0.000,0.000,0.000,0.000,0.000,0.350,0.000,0.000,0.000,0.000,0.000,0.000,0.000,0.000,0.000,0.000",S2_W1_original_blk23_pos_d0.350_krea2_seed1234567,S2_W1_original_blk23_pos_d0.350_krea2_seed1234567_00001_.png,"Dreamlike top down fantasy scene viewed from a perfectly vertical overhead camera, looking straight down onto a narrow weathered wooden canoe drifting through a vast deep lotus pond. The entire canoe is visible and positioned near the center, surrounded by immense round lotus leaves in many sizes. Inside, a young woman sleeps peacefully on her back along the length of the boat. Her head is turned gently to one side, long dark wavy hair spread across the wooden boards. One arm bends above her head while the other rests across her torso holding a small closed book. She wears a flowing ivory dress with soft layered fabric cascading around her legs, her bare feet visible near the stern. Pale pink lotus blossoms and buds emerge between dense emerald leaves. A luminous turquoise opening in the vegetation surrounds the canoe, revealing clear water, submerged rocks and delicate caustic light patterns below. The pond becomes progressively darker toward the edges, shifting into deep teal, petrol and midnight blue. Refined fantasy illustration, smooth painterly digital brushwork, rich botanical detail, softly modeled forms, subtle luminous highlights, atmospheric depth, elegant color transitions, tranquil magical light, serene and mysterious, award winning, a breathtaking masterpiece",Real Value,euler_ancestral,simple,9,1.0,1.0,1024,1280
295,perturbation,blk23_neg_d0.350,23,0.350,neg,,S2_W1_original,1234567,"{""23"": -0.35}","0.000,0.000,0.000,0.000,0.000,0.000,0.000,0.000,0.000,0.000,0.000,0.000,0.000,0.000,0.000,0.000,0.000,0.000,0.000,0.000,0.000,0.000,0.000,-0.350,0.000,0.000,0.000,0.000,0.000,0.000,0.000,0.000,0.000,0.000",S2_W1_original_blk23_neg_d0.350_krea2_seed1234567,S2_W1_original_blk23_neg_d0.350_krea2_seed1234567_00001_.png,"Dreamlike top down fantasy scene viewed from a perfectly vertical overhead camera, looking straight down onto a narrow weathered wooden canoe drifting through a vast deep lotus pond. The entire canoe is visible and positioned near the center, surrounded by immense round lotus leaves in many sizes. Inside, a young woman sleeps peacefully on her back along the length of the boat. Her head is turned gently to one side, long dark wavy hair spread across the wooden boards. One arm bends above her head while the other rests across her torso holding a small closed book. She wears a flowing ivory dress with soft layered fabric cascading around her legs, her bare feet visible near the stern. Pale pink lotus blossoms and buds emerge between dense emerald leaves. A luminous turquoise opening in the vegetation surrounds the canoe, revealing clear water, submerged rocks and delicate caustic light patterns below. The pond becomes progressively darker toward the edges, shifting into deep teal, petrol and midnight blue. Refined fantasy illustration, smooth painterly digital brushwork, rich botanical detail, softly modeled forms, subtle luminous highlights, atmospheric depth, elegant color transitions, tranquil magical light, serene and mysterious, award winning, a breathtaking masterpiece",Real Value,euler_ancestral,simple,9,1.0,1.0,1024,1280
296,baseline,baseline,baseline,0.000,none,,S2_W1_original,1234567,{},"0.000,0.000,0.000,0.000,0.000,0.000,0.000,0.000,0.000,0.000,0.000,0.000,0.000,0.000,0.000,0.000,0.000,0.000,0.000,0.000,0.000,0.000,0.000,0.000,0.000,0.000,0.000,0.000,0.000,0.000,0.000,0.000,0.000,0.000",S2_W1_original_baseline_krea2_seed1234567,S2_W1_original_baseline_krea2_seed1234567_00001_.png,"Dreamlike top down fantasy scene viewed from a perfectly vertical overhead camera, looking straight down onto a narrow weathered wooden canoe drifting through a vast deep lotus pond. The entire canoe is visible and positioned near the center, surrounded by immense round lotus leaves in many sizes. Inside, a young woman sleeps peacefully on her back along the length of the boat. Her head is turned gently to one side, long dark wavy hair spread across the wooden boards. One arm bends above her head while the other rests across her torso holding a small closed book. She wears a flowing ivory dress with soft layered fabric cascading around her legs, her bare feet visible near the stern. Pale pink lotus blossoms and buds emerge between dense emerald leaves. A luminous turquoise opening in the vegetation surrounds the canoe, revealing clear water, submerged rocks and delicate caustic light patterns below. The pond becomes progressively darker toward the edges, shifting into deep teal, petrol and midnight blue. Refined fantasy illustration, smooth painterly digital brushwork, rich botanical detail, softly modeled forms, subtle luminous highlights, atmospheric depth, elegant color transitions, tranquil magical light, serene and mysterious, award winning, a breathtaking masterpiece",Real Value,euler_ancestral,simple,9,1.0,1.0,1024,1280
297,perturbation,blk00_pos_d0.300,0,0.300,pos,,S2_W1_original,1234567,"{""0"": 0.3}","0.300,0.000,0.000,0.000,0.000,0.000,0.000,0.000,0.000,0.000,0.000,0.000,0.000,0.000,0.000,0.000,0.000,0.000,0.000,0.000,0.000,0.000,0.000,0.000,0.000,0.000,0.000,0.000,0.000,0.000,0.000,0.000,0.000,0.000",S2_W1_original_blk00_pos_d0.300_krea2_seed1234567,S2_W1_original_blk00_pos_d0.300_krea2_seed1234567_00001_.png,"Dreamlike top down fantasy scene viewed from a perfectly vertical overhead camera, looking straight down onto a narrow weathered wooden canoe drifting through a vast deep lotus pond. The entire canoe is visible and positioned near the center, surrounded by immense round lotus leaves in many sizes. Inside, a young woman sleeps peacefully on her back along the length of the boat. Her head is turned gently to one side, long dark wavy hair spread across the wooden boards. One arm bends above her head while the other rests across her torso holding a small closed book. She wears a flowing ivory dress with soft layered fabric cascading around her legs, her bare feet visible near the stern. Pale pink lotus blossoms and buds emerge between dense emerald leaves. A luminous turquoise opening in the vegetation surrounds the canoe, revealing clear water, submerged rocks and delicate caustic light patterns below. The pond becomes progressively darker toward the edges, shifting into deep teal, petrol and midnight blue. Refined fantasy illustration, smooth painterly digital brushwork, rich botanical detail, softly modeled forms, subtle luminous highlights, atmospheric depth, elegant color transitions, tranquil magical light, serene and mysterious, award winning, a breathtaking masterpiece",Real Value,euler_ancestral,simple,9,1.0,1.0,1024,1280
298,perturbation,blk00_neg_d0.250,0,0.250,neg,,S2_W1_original,1234567,"{""0"": -0.25}","-0.250,0.000,0.000,0.000,0.000,0.000,0.000,0.000,0.000,0.000,0.000,0.000,0.000,0.000,0.000,0.000,0.000,0.000,0.000,0.000,0.000,0.000,0.000,0.000,0.000,0.000,0.000,0.000,0.000,0.000,0.000,0.000,0.000,0.000",S2_W1_original_blk00_neg_d0.250_krea2_seed1234567,S2_W1_original_blk00_neg_d0.250_krea2_seed1234567_00001_.png,"Dreamlike top down fantasy scene viewed from a perfectly vertical overhead camera, looking straight down onto a narrow weathered wooden canoe drifting through a vast deep lotus pond. The entire canoe is visible and positioned near the center, surrounded by immense round lotus leaves in many sizes. Inside, a young woman sleeps peacefully on her back along the length of the boat. Her head is turned gently to one side, long dark wavy hair spread across the wooden boards. One arm bends above her head while the other rests across her torso holding a small closed book. She wears a flowing ivory dress with soft layered fabric cascading around her legs, her bare feet visible near the stern. Pale pink lotus blossoms and buds emerge between dense emerald leaves. A luminous turquoise opening in the vegetation surrounds the canoe, revealing clear water, submerged rocks and delicate caustic light patterns below. The pond becomes progressively darker toward the edges, shifting into deep teal, petrol and midnight blue. Refined fantasy illustration, smooth painterly digital brushwork, rich botanical detail, softly modeled forms, subtle luminous highlights, atmospheric depth, elegant color transitions, tranquil magical light, serene and mysterious, award winning, a breathtaking masterpiece",Real Value,euler_ancestral,simple,9,1.0,1.0,1024,1280
299,perturbation,blk27_pos_d0.100,27,0.100,pos,,S2_W1_original,1234567,"{""27"": 0.1}","0.000,0.000,0.000,0.000,0.000,0.000,0.000,0.000,0.000,0.000,0.000,0.000,0.000,0.000,0.000,0.000,0.000,0.000,0.000,0.000,0.000,0.000,0.000,0.000,0.000,0.000,0.000,0.100,0.000,0.000,0.000,0.000,0.000,0.000",S2_W1_original_blk27_pos_d0.100_krea2_seed1234567,S2_W1_original_blk27_pos_d0.100_krea2_seed1234567_00001_.png,"Dreamlike top down fantasy scene viewed from a perfectly vertical overhead camera, looking straight down onto a narrow weathered wooden canoe drifting through a vast deep lotus pond. The entire canoe is visible and positioned near the center, surrounded by immense round lotus leaves in many sizes. Inside, a young woman sleeps peacefully on her back along the length of the boat. Her head is turned gently to one side, long dark wavy hair spread across the wooden boards. One arm bends above her head while the other rests across her torso holding a small closed book. She wears a flowing ivory dress with soft layered fabric cascading around her legs, her bare feet visible near the stern. Pale pink lotus blossoms and buds emerge between dense emerald leaves. A luminous turquoise opening in the vegetation surrounds the canoe, revealing clear water, submerged rocks and delicate caustic light patterns below. The pond becomes progressively darker toward the edges, shifting into deep teal, petrol and midnight blue. Refined fantasy illustration, smooth painterly digital brushwork, rich botanical detail, softly modeled forms, subtle luminous highlights, atmospheric depth, elegant color transitions, tranquil magical light, serene and mysterious, award winning, a breathtaking masterpiece",Real Value,euler_ancestral,simple,9,1.0,1.0,1024,1280
300,perturbation,blk27_neg_d0.075,27,0.075,neg,,S2_W1_original,1234567,"{""27"": -0.075}","0.000,0.000,0.000,0.000,0.000,0.000,0.000,0.000,0.000,0.000,0.000,0.000,0.000,0.000,0.000,0.000,0.000,0.000,0.000,0.000,0.000,0.000,0.000,0.000,0.000,0.000,0.000,-0.075,0.000,0.000,0.000,0.000,0.000,0.000",S2_W1_original_blk27_neg_d0.075_krea2_seed1234567,S2_W1_original_blk27_neg_d0.075_krea2_seed1234567_00001_.png,"Dreamlike top down fantasy scene viewed from a perfectly vertical overhead camera, looking straight down onto a narrow weathered wooden canoe drifting through a vast deep lotus pond. The entire canoe is visible and positioned near the center, surrounded by immense round lotus leaves in many sizes. Inside, a young woman sleeps peacefully on her back along the length of the boat. Her head is turned gently to one side, long dark wavy hair spread across the wooden boards. One arm bends above her head while the other rests across her torso holding a small closed book. She wears a flowing ivory dress with soft layered fabric cascading around her legs, her bare feet visible near the stern. Pale pink lotus blossoms and buds emerge between dense emerald leaves. A luminous turquoise opening in the vegetation surrounds the canoe, revealing clear water, submerged rocks and delicate caustic light patterns below. The pond becomes progressively darker toward the edges, shifting into deep teal, petrol and midnight blue. Refined fantasy illustration, smooth painterly digital brushwork, rich botanical detail, softly modeled forms, subtle luminous highlights, atmospheric depth, elegant color transitions, tranquil magical light, serene and mysterious, award winning, a breathtaking masterpiece",Real Value,euler_ancestral,simple,9,1.0,1.0,1024,1280
301,perturbation,blk02_pos_d0.350,2,0.350,pos,,S2_W2_reordered,1234567,"{""2"": 0.35}","0.000,0.000,0.350,0.000,0.000,0.000,0.000,0.000,0.000,0.000,0.000,0.000,0.000,0.000,0.000,0.000,0.000,0.000,0.000,0.000,0.000,0.000,0.000,0.000,0.000,0.000,0.000,0.000,0.000,0.000,0.000,0.000,0.000,0.000",S2_W2_reordered_blk02_pos_d0.350_krea2_seed1234567,S2_W2_reordered_blk02_pos_d0.350_krea2_seed1234567_00001_.png,"Refined fantasy illustration, smooth painterly digital brushwork, rich botanical detail, softly modeled forms, subtle luminous highlights, atmospheric depth, elegant color transitions, tranquil magical light, serene and mysterious, award winning, a breathtaking masterpiece. The pond becomes progressively darker toward the edges, shifting into deep teal, petrol and midnight blue. Pale pink lotus blossoms and buds emerge between dense emerald leaves. A luminous turquoise opening in the vegetation surrounds the canoe, revealing clear water, submerged rocks and delicate caustic light patterns below. Inside, a young woman sleeps peacefully on her back along the length of the boat. She wears a flowing ivory dress with soft layered fabric cascading around her legs, her bare feet visible near the stern. One arm bends above her head while the other rests across her torso holding a small closed book. Her head is turned gently to one side, long dark wavy hair spread across the wooden boards. The entire canoe is visible and positioned near the center, surrounded by immense round lotus leaves in many sizes. Dreamlike top down fantasy scene viewed from a perfectly vertical overhead camera, looking straight down onto a narrow weathered wooden canoe drifting through a vast deep lotus pond.",Real Value,euler_ancestral,simple,9,1.0,1.0,1024,1280
302,perturbation,blk02_neg_d0.350,2,0.350,neg,,S2_W2_reordered,1234567,"{""2"": -0.35}","0.000,0.000,-0.350,0.000,0.000,0.000,0.000,0.000,0.000,0.000,0.000,0.000,0.000,0.000,0.000,0.000,0.000,0.000,0.000,0.000,0.000,0.000,0.000,0.000,0.000,0.000,0.000,0.000,0.000,0.000,0.000,0.000,0.000,0.000",S2_W2_reordered_blk02_neg_d0.350_krea2_seed1234567,S2_W2_reordered_blk02_neg_d0.350_krea2_seed1234567_00001_.png,"Refined fantasy illustration, smooth painterly digital brushwork, rich botanical detail, softly modeled forms, subtle luminous highlights, atmospheric depth, elegant color transitions, tranquil magical light, serene and mysterious, award winning, a breathtaking masterpiece. The pond becomes progressively darker toward the edges, shifting into deep teal, petrol and midnight blue. Pale pink lotus blossoms and buds emerge between dense emerald leaves. A luminous turquoise opening in the vegetation surrounds the canoe, revealing clear water, submerged rocks and delicate caustic light patterns below. Inside, a young woman sleeps peacefully on her back along the length of the boat. She wears a flowing ivory dress with soft layered fabric cascading around her legs, her bare feet visible near the stern. One arm bends above her head while the other rests across her torso holding a small closed book. Her head is turned gently to one side, long dark wavy hair spread across the wooden boards. The entire canoe is visible and positioned near the center, surrounded by immense round lotus leaves in many sizes. Dreamlike top down fantasy scene viewed from a perfectly vertical overhead camera, looking straight down onto a narrow weathered wooden canoe drifting through a vast deep lotus pond.",Real Value,euler_ancestral,simple,9,1.0,1.0,1024,1280
303,perturbation,blk05_pos_d0.350,5,0.350,pos,,S2_W2_reordered,1234567,"{""5"": 0.35}","0.000,0.000,0.000,0.000,0.000,0.350,0.000,0.000,0.000,0.000,0.000,0.000,0.000,0.000,0.000,0.000,0.000,0.000,0.000,0.000,0.000,0.000,0.000,0.000,0.000,0.000,0.000,0.000,0.000,0.000,0.000,0.000,0.000,0.000",S2_W2_reordered_blk05_pos_d0.350_krea2_seed1234567,S2_W2_reordered_blk05_pos_d0.350_krea2_seed1234567_00001_.png,"Refined fantasy illustration, smooth painterly digital brushwork, rich botanical detail, softly modeled forms, subtle luminous highlights, atmospheric depth, elegant color transitions, tranquil magical light, serene and mysterious, award winning, a breathtaking masterpiece. The pond becomes progressively darker toward the edges, shifting into deep teal, petrol and midnight blue. Pale pink lotus blossoms and buds emerge between dense emerald leaves. A luminous turquoise opening in the vegetation surrounds the canoe, revealing clear water, submerged rocks and delicate caustic light patterns below. Inside, a young woman sleeps peacefully on her back along the length of the boat. She wears a flowing ivory dress with soft layered fabric cascading around her legs, her bare feet visible near the stern. One arm bends above her head while the other rests across her torso holding a small closed book. Her head is turned gently to one side, long dark wavy hair spread across the wooden boards. The entire canoe is visible and positioned near the center, surrounded by immense round lotus leaves in many sizes. Dreamlike top down fantasy scene viewed from a perfectly vertical overhead camera, looking straight down onto a narrow weathered wooden canoe drifting through a vast deep lotus pond.",Real Value,euler_ancestral,simple,9,1.0,1.0,1024,1280
304,perturbation,blk05_neg_d0.350,5,0.350,neg,,S2_W2_reordered,1234567,"{""5"": -0.35}","0.000,0.000,0.000,0.000,0.000,-0.350,0.000,0.000,0.000,0.000,0.000,0.000,0.000,0.000,0.000,0.000,0.000,0.000,0.000,0.000,0.000,0.000,0.000,0.000,0.000,0.000,0.000,0.000,0.000,0.000,0.000,0.000,0.000,0.000",S2_W2_reordered_blk05_neg_d0.350_krea2_seed1234567,S2_W2_reordered_blk05_neg_d0.350_krea2_seed1234567_00001_.png,"Refined fantasy illustration, smooth painterly digital brushwork, rich botanical detail, softly modeled forms, subtle luminous highlights, atmospheric depth, elegant color transitions, tranquil magical light, serene and mysterious, award winning, a breathtaking masterpiece. The pond becomes progressively darker toward the edges, shifting into deep teal, petrol and midnight blue. Pale pink lotus blossoms and buds emerge between dense emerald leaves. A luminous turquoise opening in the vegetation surrounds the canoe, revealing clear water, submerged rocks and delicate caustic light patterns below. Inside, a young woman sleeps peacefully on her back along the length of the boat. She wears a flowing ivory dress with soft layered fabric cascading around her legs, her bare feet visible near the stern. One arm bends above her head while the other rests across her torso holding a small closed book. Her head is turned gently to one side, long dark wavy hair spread across the wooden boards. The entire canoe is visible and positioned near the center, surrounded by immense round lotus leaves in many sizes. Dreamlike top down fantasy scene viewed from a perfectly vertical overhead camera, looking straight down onto a narrow weathered wooden canoe drifting through a vast deep lotus pond.",Real Value,euler_ancestral,simple,9,1.0,1.0,1024,1280
305,perturbation,blk08_pos_d0.350,8,0.350,pos,,S2_W2_reordered,1234567,"{""8"": 0.35}","0.000,0.000,0.000,0.000,0.000,0.000,0.000,0.000,0.350,0.000,0.000,0.000,0.000,0.000,0.000,0.000,0.000,0.000,0.000,0.000,0.000,0.000,0.000,0.000,0.000,0.000,0.000,0.000,0.000,0.000,0.000,0.000,0.000,0.000",S2_W2_reordered_blk08_pos_d0.350_krea2_seed1234567,S2_W2_reordered_blk08_pos_d0.350_krea2_seed1234567_00001_.png,"Refined fantasy illustration, smooth painterly digital brushwork, rich botanical detail, softly modeled forms, subtle luminous highlights, atmospheric depth, elegant color transitions, tranquil magical light, serene and mysterious, award winning, a breathtaking masterpiece. The pond becomes progressively darker toward the edges, shifting into deep teal, petrol and midnight blue. Pale pink lotus blossoms and buds emerge between dense emerald leaves. A luminous turquoise opening in the vegetation surrounds the canoe, revealing clear water, submerged rocks and delicate caustic light patterns below. Inside, a young woman sleeps peacefully on her back along the length of the boat. She wears a flowing ivory dress with soft layered fabric cascading around her legs, her bare feet visible near the stern. One arm bends above her head while the other rests across her torso holding a small closed book. Her head is turned gently to one side, long dark wavy hair spread across the wooden boards. The entire canoe is visible and positioned near the center, surrounded by immense round lotus leaves in many sizes. Dreamlike top down fantasy scene viewed from a perfectly vertical overhead camera, looking straight down onto a narrow weathered wooden canoe drifting through a vast deep lotus pond.",Real Value,euler_ancestral,simple,9,1.0,1.0,1024,1280
306,perturbation,blk08_neg_d0.350,8,0.350,neg,,S2_W2_reordered,1234567,"{""8"": -0.35}","0.000,0.000,0.000,0.000,0.000,0.000,0.000,0.000,-0.350,0.000,0.000,0.000,0.000,0.000,0.000,0.000,0.000,0.000,0.000,0.000,0.000,0.000,0.000,0.000,0.000,0.000,0.000,0.000,0.000,0.000,0.000,0.000,0.000,0.000",S2_W2_reordered_blk08_neg_d0.350_krea2_seed1234567,S2_W2_reordered_blk08_neg_d0.350_krea2_seed1234567_00001_.png,"Refined fantasy illustration, smooth painterly digital brushwork, rich botanical detail, softly modeled forms, subtle luminous highlights, atmospheric depth, elegant color transitions, tranquil magical light, serene and mysterious, award winning, a breathtaking masterpiece. The pond becomes progressively darker toward the edges, shifting into deep teal, petrol and midnight blue. Pale pink lotus blossoms and buds emerge between dense emerald leaves. A luminous turquoise opening in the vegetation surrounds the canoe, revealing clear water, submerged rocks and delicate caustic light patterns below. Inside, a young woman sleeps peacefully on her back along the length of the boat. She wears a flowing ivory dress with soft layered fabric cascading around her legs, her bare feet visible near the stern. One arm bends above her head while the other rests across her torso holding a small closed book. Her head is turned gently to one side, long dark wavy hair spread across the wooden boards. The entire canoe is visible and positioned near the center, surrounded by immense round lotus leaves in many sizes. Dreamlike top down fantasy scene viewed from a perfectly vertical overhead camera, looking straight down onto a narrow weathered wooden canoe drifting through a vast deep lotus pond.",Real Value,euler_ancestral,simple,9,1.0,1.0,1024,1280
307,perturbation,blk09_pos_d0.350,9,0.350,pos,,S2_W2_reordered,1234567,"{""9"": 0.35}","0.000,0.000,0.000,0.000,0.000,0.000,0.000,0.000,0.000,0.350,0.000,0.000,0.000,0.000,0.000,0.000,0.000,0.000,0.000,0.000,0.000,0.000,0.000,0.000,0.000,0.000,0.000,0.000,0.000,0.000,0.000,0.000,0.000,0.000",S2_W2_reordered_blk09_pos_d0.350_krea2_seed1234567,S2_W2_reordered_blk09_pos_d0.350_krea2_seed1234567_00001_.png,"Refined fantasy illustration, smooth painterly digital brushwork, rich botanical detail, softly modeled forms, subtle luminous highlights, atmospheric depth, elegant color transitions, tranquil magical light, serene and mysterious, award winning, a breathtaking masterpiece. The pond becomes progressively darker toward the edges, shifting into deep teal, petrol and midnight blue. Pale pink lotus blossoms and buds emerge between dense emerald leaves. A luminous turquoise opening in the vegetation surrounds the canoe, revealing clear water, submerged rocks and delicate caustic light patterns below. Inside, a young woman sleeps peacefully on her back along the length of the boat. She wears a flowing ivory dress with soft layered fabric cascading around her legs, her bare feet visible near the stern. One arm bends above her head while the other rests across her torso holding a small closed book. Her head is turned gently to one side, long dark wavy hair spread across the wooden boards. The entire canoe is visible and positioned near the center, surrounded by immense round lotus leaves in many sizes. Dreamlike top down fantasy scene viewed from a perfectly vertical overhead camera, looking straight down onto a narrow weathered wooden canoe drifting through a vast deep lotus pond.",Real Value,euler_ancestral,simple,9,1.0,1.0,1024,1280
308,perturbation,blk09_neg_d0.350,9,0.350,neg,,S2_W2_reordered,1234567,"{""9"": -0.35}","0.000,0.000,0.000,0.000,0.000,0.000,0.000,0.000,0.000,-0.350,0.000,0.000,0.000,0.000,0.000,0.000,0.000,0.000,0.000,0.000,0.000,0.000,0.000,0.000,0.000,0.000,0.000,0.000,0.000,0.000,0.000,0.000,0.000,0.000",S2_W2_reordered_blk09_neg_d0.350_krea2_seed1234567,S2_W2_reordered_blk09_neg_d0.350_krea2_seed1234567_00001_.png,"Refined fantasy illustration, smooth painterly digital brushwork, rich botanical detail, softly modeled forms, subtle luminous highlights, atmospheric depth, elegant color transitions, tranquil magical light, serene and mysterious, award winning, a breathtaking masterpiece. The pond becomes progressively darker toward the edges, shifting into deep teal, petrol and midnight blue. Pale pink lotus blossoms and buds emerge between dense emerald leaves. A luminous turquoise opening in the vegetation surrounds the canoe, revealing clear water, submerged rocks and delicate caustic light patterns below. Inside, a young woman sleeps peacefully on her back along the length of the boat. She wears a flowing ivory dress with soft layered fabric cascading around her legs, her bare feet visible near the stern. One arm bends above her head while the other rests across her torso holding a small closed book. Her head is turned gently to one side, long dark wavy hair spread across the wooden boards. The entire canoe is visible and positioned near the center, surrounded by immense round lotus leaves in many sizes. Dreamlike top down fantasy scene viewed from a perfectly vertical overhead camera, looking straight down onto a narrow weathered wooden canoe drifting through a vast deep lotus pond.",Real Value,euler_ancestral,simple,9,1.0,1.0,1024,1280
309,perturbation,blk12_pos_d0.350,12,0.350,pos,,S2_W2_reordered,1234567,"{""12"": 0.35}","0.000,0.000,0.000,0.000,0.000,0.000,0.000,0.000,0.000,0.000,0.000,0.000,0.350,0.000,0.000,0.000,0.000,0.000,0.000,0.000,0.000,0.000,0.000,0.000,0.000,0.000,0.000,0.000,0.000,0.000,0.000,0.000,0.000,0.000",S2_W2_reordered_blk12_pos_d0.350_krea2_seed1234567,S2_W2_reordered_blk12_pos_d0.350_krea2_seed1234567_00001_.png,"Refined fantasy illustration, smooth painterly digital brushwork, rich botanical detail, softly modeled forms, subtle luminous highlights, atmospheric depth, elegant color transitions, tranquil magical light, serene and mysterious, award winning, a breathtaking masterpiece. The pond becomes progressively darker toward the edges, shifting into deep teal, petrol and midnight blue. Pale pink lotus blossoms and buds emerge between dense emerald leaves. A luminous turquoise opening in the vegetation surrounds the canoe, revealing clear water, submerged rocks and delicate caustic light patterns below. Inside, a young woman sleeps peacefully on her back along the length of the boat. She wears a flowing ivory dress with soft layered fabric cascading around her legs, her bare feet visible near the stern. One arm bends above her head while the other rests across her torso holding a small closed book. Her head is turned gently to one side, long dark wavy hair spread across the wooden boards. The entire canoe is visible and positioned near the center, surrounded by immense round lotus leaves in many sizes. Dreamlike top down fantasy scene viewed from a perfectly vertical overhead camera, looking straight down onto a narrow weathered wooden canoe drifting through a vast deep lotus pond.",Real Value,euler_ancestral,simple,9,1.0,1.0,1024,1280
310,perturbation,blk12_neg_d0.350,12,0.350,neg,,S2_W2_reordered,1234567,"{""12"": -0.35}","0.000,0.000,0.000,0.000,0.000,0.000,0.000,0.000,0.000,0.000,0.000,0.000,-0.350,0.000,0.000,0.000,0.000,0.000,0.000,0.000,0.000,0.000,0.000,0.000,0.000,0.000,0.000,0.000,0.000,0.000,0.000,0.000,0.000,0.000",S2_W2_reordered_blk12_neg_d0.350_krea2_seed1234567,S2_W2_reordered_blk12_neg_d0.350_krea2_seed1234567_00001_.png,"Refined fantasy illustration, smooth painterly digital brushwork, rich botanical detail, softly modeled forms, subtle luminous highlights, atmospheric depth, elegant color transitions, tranquil magical light, serene and mysterious, award winning, a breathtaking masterpiece. The pond becomes progressively darker toward the edges, shifting into deep teal, petrol and midnight blue. Pale pink lotus blossoms and buds emerge between dense emerald leaves. A luminous turquoise opening in the vegetation surrounds the canoe, revealing clear water, submerged rocks and delicate caustic light patterns below. Inside, a young woman sleeps peacefully on her back along the length of the boat. She wears a flowing ivory dress with soft layered fabric cascading around her legs, her bare feet visible near the stern. One arm bends above her head while the other rests across her torso holding a small closed book. Her head is turned gently to one side, long dark wavy hair spread across the wooden boards. The entire canoe is visible and positioned near the center, surrounded by immense round lotus leaves in many sizes. Dreamlike top down fantasy scene viewed from a perfectly vertical overhead camera, looking straight down onto a narrow weathered wooden canoe drifting through a vast deep lotus pond.",Real Value,euler_ancestral,simple,9,1.0,1.0,1024,1280
311,perturbation,blk13_pos_d0.350,13,0.350,pos,,S2_W2_reordered,1234567,"{""13"": 0.35}","0.000,0.000,0.000,0.000,0.000,0.000,0.000,0.000,0.000,0.000,0.000,0.000,0.000,0.350,0.000,0.000,0.000,0.000,0.000,0.000,0.000,0.000,0.000,0.000,0.000,0.000,0.000,0.000,0.000,0.000,0.000,0.000,0.000,0.000",S2_W2_reordered_blk13_pos_d0.350_krea2_seed1234567,S2_W2_reordered_blk13_pos_d0.350_krea2_seed1234567_00001_.png,"Refined fantasy illustration, smooth painterly digital brushwork, rich botanical detail, softly modeled forms, subtle luminous highlights, atmospheric depth, elegant color transitions, tranquil magical light, serene and mysterious, award winning, a breathtaking masterpiece. The pond becomes progressively darker toward the edges, shifting into deep teal, petrol and midnight blue. Pale pink lotus blossoms and buds emerge between dense emerald leaves. A luminous turquoise opening in the vegetation surrounds the canoe, revealing clear water, submerged rocks and delicate caustic light patterns below. Inside, a young woman sleeps peacefully on her back along the length of the boat. She wears a flowing ivory dress with soft layered fabric cascading around her legs, her bare feet visible near the stern. One arm bends above her head while the other rests across her torso holding a small closed book. Her head is turned gently to one side, long dark wavy hair spread across the wooden boards. The entire canoe is visible and positioned near the center, surrounded by immense round lotus leaves in many sizes. Dreamlike top down fantasy scene viewed from a perfectly vertical overhead camera, looking straight down onto a narrow weathered wooden canoe drifting through a vast deep lotus pond.",Real Value,euler_ancestral,simple,9,1.0,1.0,1024,1280
312,perturbation,blk13_neg_d0.350,13,0.350,neg,,S2_W2_reordered,1234567,"{""13"": -0.35}","0.000,0.000,0.000,0.000,0.000,0.000,0.000,0.000,0.000,0.000,0.000,0.000,0.000,-0.350,0.000,0.000,0.000,0.000,0.000,0.000,0.000,0.000,0.000,0.000,0.000,0.000,0.000,0.000,0.000,0.000,0.000,0.000,0.000,0.000",S2_W2_reordered_blk13_neg_d0.350_krea2_seed1234567,S2_W2_reordered_blk13_neg_d0.350_krea2_seed1234567_00001_.png,"Refined fantasy illustration, smooth painterly digital brushwork, rich botanical detail, softly modeled forms, subtle luminous highlights, atmospheric depth, elegant color transitions, tranquil magical light, serene and mysterious, award winning, a breathtaking masterpiece. The pond becomes progressively darker toward the edges, shifting into deep teal, petrol and midnight blue. Pale pink lotus blossoms and buds emerge between dense emerald leaves. A luminous turquoise opening in the vegetation surrounds the canoe, revealing clear water, submerged rocks and delicate caustic light patterns below. Inside, a young woman sleeps peacefully on her back along the length of the boat. She wears a flowing ivory dress with soft layered fabric cascading around her legs, her bare feet visible near the stern. One arm bends above her head while the other rests across her torso holding a small closed book. Her head is turned gently to one side, long dark wavy hair spread across the wooden boards. The entire canoe is visible and positioned near the center, surrounded by immense round lotus leaves in many sizes. Dreamlike top down fantasy scene viewed from a perfectly vertical overhead camera, looking straight down onto a narrow weathered wooden canoe drifting through a vast deep lotus pond.",Real Value,euler_ancestral,simple,9,1.0,1.0,1024,1280
313,perturbation,blk15_pos_d0.350,15,0.350,pos,,S2_W2_reordered,1234567,"{""15"": 0.35}","0.000,0.000,0.000,0.000,0.000,0.000,0.000,0.000,0.000,0.000,0.000,0.000,0.000,0.000,0.000,0.350,0.000,0.000,0.000,0.000,0.000,0.000,0.000,0.000,0.000,0.000,0.000,0.000,0.000,0.000,0.000,0.000,0.000,0.000",S2_W2_reordered_blk15_pos_d0.350_krea2_seed1234567,S2_W2_reordered_blk15_pos_d0.350_krea2_seed1234567_00001_.png,"Refined fantasy illustration, smooth painterly digital brushwork, rich botanical detail, softly modeled forms, subtle luminous highlights, atmospheric depth, elegant color transitions, tranquil magical light, serene and mysterious, award winning, a breathtaking masterpiece. The pond becomes progressively darker toward the edges, shifting into deep teal, petrol and midnight blue. Pale pink lotus blossoms and buds emerge between dense emerald leaves. A luminous turquoise opening in the vegetation surrounds the canoe, revealing clear water, submerged rocks and delicate caustic light patterns below. Inside, a young woman sleeps peacefully on her back along the length of the boat. She wears a flowing ivory dress with soft layered fabric cascading around her legs, her bare feet visible near the stern. One arm bends above her head while the other rests across her torso holding a small closed book. Her head is turned gently to one side, long dark wavy hair spread across the wooden boards. The entire canoe is visible and positioned near the center, surrounded by immense round lotus leaves in many sizes. Dreamlike top down fantasy scene viewed from a perfectly vertical overhead camera, looking straight down onto a narrow weathered wooden canoe drifting through a vast deep lotus pond.",Real Value,euler_ancestral,simple,9,1.0,1.0,1024,1280
314,perturbation,blk15_neg_d0.350,15,0.350,neg,,S2_W2_reordered,1234567,"{""15"": -0.35}","0.000,0.000,0.000,0.000,0.000,0.000,0.000,0.000,0.000,0.000,0.000,0.000,0.000,0.000,0.000,-0.350,0.000,0.000,0.000,0.000,0.000,0.000,0.000,0.000,0.000,0.000,0.000,0.000,0.000,0.000,0.000,0.000,0.000,0.000",S2_W2_reordered_blk15_neg_d0.350_krea2_seed1234567,S2_W2_reordered_blk15_neg_d0.350_krea2_seed1234567_00001_.png,"Refined fantasy illustration, smooth painterly digital brushwork, rich botanical detail, softly modeled forms, subtle luminous highlights, atmospheric depth, elegant color transitions, tranquil magical light, serene and mysterious, award winning, a breathtaking masterpiece. The pond becomes progressively darker toward the edges, shifting into deep teal, petrol and midnight blue. Pale pink lotus blossoms and buds emerge between dense emerald leaves. A luminous turquoise opening in the vegetation surrounds the canoe, revealing clear water, submerged rocks and delicate caustic light patterns below. Inside, a young woman sleeps peacefully on her back along the length of the boat. She wears a flowing ivory dress with soft layered fabric cascading around her legs, her bare feet visible near the stern. One arm bends above her head while the other rests across her torso holding a small closed book. Her head is turned gently to one side, long dark wavy hair spread across the wooden boards. The entire canoe is visible and positioned near the center, surrounded by immense round lotus leaves in many sizes. Dreamlike top down fantasy scene viewed from a perfectly vertical overhead camera, looking straight down onto a narrow weathered wooden canoe drifting through a vast deep lotus pond.",Real Value,euler_ancestral,simple,9,1.0,1.0,1024,1280
315,perturbation,blk17_pos_d0.350,17,0.350,pos,,S2_W2_reordered,1234567,"{""17"": 0.35}","0.000,0.000,0.000,0.000,0.000,0.000,0.000,0.000,0.000,0.000,0.000,0.000,0.000,0.000,0.000,0.000,0.000,0.350,0.000,0.000,0.000,0.000,0.000,0.000,0.000,0.000,0.000,0.000,0.000,0.000,0.000,0.000,0.000,0.000",S2_W2_reordered_blk17_pos_d0.350_krea2_seed1234567,S2_W2_reordered_blk17_pos_d0.350_krea2_seed1234567_00001_.png,"Refined fantasy illustration, smooth painterly digital brushwork, rich botanical detail, softly modeled forms, subtle luminous highlights, atmospheric depth, elegant color transitions, tranquil magical light, serene and mysterious, award winning, a breathtaking masterpiece. The pond becomes progressively darker toward the edges, shifting into deep teal, petrol and midnight blue. Pale pink lotus blossoms and buds emerge between dense emerald leaves. A luminous turquoise opening in the vegetation surrounds the canoe, revealing clear water, submerged rocks and delicate caustic light patterns below. Inside, a young woman sleeps peacefully on her back along the length of the boat. She wears a flowing ivory dress with soft layered fabric cascading around her legs, her bare feet visible near the stern. One arm bends above her head while the other rests across her torso holding a small closed book. Her head is turned gently to one side, long dark wavy hair spread across the wooden boards. The entire canoe is visible and positioned near the center, surrounded by immense round lotus leaves in many sizes. Dreamlike top down fantasy scene viewed from a perfectly vertical overhead camera, looking straight down onto a narrow weathered wooden canoe drifting through a vast deep lotus pond.",Real Value,euler_ancestral,simple,9,1.0,1.0,1024,1280
316,perturbation,blk17_neg_d0.350,17,0.350,neg,,S2_W2_reordered,1234567,"{""17"": -0.35}","0.000,0.000,0.000,0.000,0.000,0.000,0.000,0.000,0.000,0.000,0.000,0.000,0.000,0.000,0.000,0.000,0.000,-0.350,0.000,0.000,0.000,0.000,0.000,0.000,0.000,0.000,0.000,0.000,0.000,0.000,0.000,0.000,0.000,0.000",S2_W2_reordered_blk17_neg_d0.350_krea2_seed1234567,S2_W2_reordered_blk17_neg_d0.350_krea2_seed1234567_00001_.png,"Refined fantasy illustration, smooth painterly digital brushwork, rich botanical detail, softly modeled forms, subtle luminous highlights, atmospheric depth, elegant color transitions, tranquil magical light, serene and mysterious, award winning, a breathtaking masterpiece. The pond becomes progressively darker toward the edges, shifting into deep teal, petrol and midnight blue. Pale pink lotus blossoms and buds emerge between dense emerald leaves. A luminous turquoise opening in the vegetation surrounds the canoe, revealing clear water, submerged rocks and delicate caustic light patterns below. Inside, a young woman sleeps peacefully on her back along the length of the boat. She wears a flowing ivory dress with soft layered fabric cascading around her legs, her bare feet visible near the stern. One arm bends above her head while the other rests across her torso holding a small closed book. Her head is turned gently to one side, long dark wavy hair spread across the wooden boards. The entire canoe is visible and positioned near the center, surrounded by immense round lotus leaves in many sizes. Dreamlike top down fantasy scene viewed from a perfectly vertical overhead camera, looking straight down onto a narrow weathered wooden canoe drifting through a vast deep lotus pond.",Real Value,euler_ancestral,simple,9,1.0,1.0,1024,1280
317,perturbation,blk19_pos_d0.350,19,0.350,pos,,S2_W2_reordered,1234567,"{""19"": 0.35}","0.000,0.000,0.000,0.000,0.000,0.000,0.000,0.000,0.000,0.000,0.000,0.000,0.000,0.000,0.000,0.000,0.000,0.000,0.000,0.350,0.000,0.000,0.000,0.000,0.000,0.000,0.000,0.000,0.000,0.000,0.000,0.000,0.000,0.000",S2_W2_reordered_blk19_pos_d0.350_krea2_seed1234567,S2_W2_reordered_blk19_pos_d0.350_krea2_seed1234567_00001_.png,"Refined fantasy illustration, smooth painterly digital brushwork, rich botanical detail, softly modeled forms, subtle luminous highlights, atmospheric depth, elegant color transitions, tranquil magical light, serene and mysterious, award winning, a breathtaking masterpiece. The pond becomes progressively darker toward the edges, shifting into deep teal, petrol and midnight blue. Pale pink lotus blossoms and buds emerge between dense emerald leaves. A luminous turquoise opening in the vegetation surrounds the canoe, revealing clear water, submerged rocks and delicate caustic light patterns below. Inside, a young woman sleeps peacefully on her back along the length of the boat. She wears a flowing ivory dress with soft layered fabric cascading around her legs, her bare feet visible near the stern. One arm bends above her head while the other rests across her torso holding a small closed book. Her head is turned gently to one side, long dark wavy hair spread across the wooden boards. The entire canoe is visible and positioned near the center, surrounded by immense round lotus leaves in many sizes. Dreamlike top down fantasy scene viewed from a perfectly vertical overhead camera, looking straight down onto a narrow weathered wooden canoe drifting through a vast deep lotus pond.",Real Value,euler_ancestral,simple,9,1.0,1.0,1024,1280
318,perturbation,blk19_neg_d0.350,19,0.350,neg,,S2_W2_reordered,1234567,"{""19"": -0.35}","0.000,0.000,0.000,0.000,0.000,0.000,0.000,0.000,0.000,0.000,0.000,0.000,0.000,0.000,0.000,0.000,0.000,0.000,0.000,-0.350,0.000,0.000,0.000,0.000,0.000,0.000,0.000,0.000,0.000,0.000,0.000,0.000,0.000,0.000",S2_W2_reordered_blk19_neg_d0.350_krea2_seed1234567,S2_W2_reordered_blk19_neg_d0.350_krea2_seed1234567_00001_.png,"Refined fantasy illustration, smooth painterly digital brushwork, rich botanical detail, softly modeled forms, subtle luminous highlights, atmospheric depth, elegant color transitions, tranquil magical light, serene and mysterious, award winning, a breathtaking masterpiece. The pond becomes progressively darker toward the edges, shifting into deep teal, petrol and midnight blue. Pale pink lotus blossoms and buds emerge between dense emerald leaves. A luminous turquoise opening in the vegetation surrounds the canoe, revealing clear water, submerged rocks and delicate caustic light patterns below. Inside, a young woman sleeps peacefully on her back along the length of the boat. She wears a flowing ivory dress with soft layered fabric cascading around her legs, her bare feet visible near the stern. One arm bends above her head while the other rests across her torso holding a small closed book. Her head is turned gently to one side, long dark wavy hair spread across the wooden boards. The entire canoe is visible and positioned near the center, surrounded by immense round lotus leaves in many sizes. Dreamlike top down fantasy scene viewed from a perfectly vertical overhead camera, looking straight down onto a narrow weathered wooden canoe drifting through a vast deep lotus pond.",Real Value,euler_ancestral,simple,9,1.0,1.0,1024,1280
319,perturbation,blk23_pos_d0.350,23,0.350,pos,,S2_W2_reordered,1234567,"{""23"": 0.35}","0.000,0.000,0.000,0.000,0.000,0.000,0.000,0.000,0.000,0.000,0.000,0.000,0.000,0.000,0.000,0.000,0.000,0.000,0.000,0.000,0.000,0.000,0.000,0.350,0.000,0.000,0.000,0.000,0.000,0.000,0.000,0.000,0.000,0.000",S2_W2_reordered_blk23_pos_d0.350_krea2_seed1234567,S2_W2_reordered_blk23_pos_d0.350_krea2_seed1234567_00001_.png,"Refined fantasy illustration, smooth painterly digital brushwork, rich botanical detail, softly modeled forms, subtle luminous highlights, atmospheric depth, elegant color transitions, tranquil magical light, serene and mysterious, award winning, a breathtaking masterpiece. The pond becomes progressively darker toward the edges, shifting into deep teal, petrol and midnight blue. Pale pink lotus blossoms and buds emerge between dense emerald leaves. A luminous turquoise opening in the vegetation surrounds the canoe, revealing clear water, submerged rocks and delicate caustic light patterns below. Inside, a young woman sleeps peacefully on her back along the length of the boat. She wears a flowing ivory dress with soft layered fabric cascading around her legs, her bare feet visible near the stern. One arm bends above her head while the other rests across her torso holding a small closed book. Her head is turned gently to one side, long dark wavy hair spread across the wooden boards. The entire canoe is visible and positioned near the center, surrounded by immense round lotus leaves in many sizes. Dreamlike top down fantasy scene viewed from a perfectly vertical overhead camera, looking straight down onto a narrow weathered wooden canoe drifting through a vast deep lotus pond.",Real Value,euler_ancestral,simple,9,1.0,1.0,1024,1280
320,perturbation,blk23_neg_d0.350,23,0.350,neg,,S2_W2_reordered,1234567,"{""23"": -0.35}","0.000,0.000,0.000,0.000,0.000,0.000,0.000,0.000,0.000,0.000,0.000,0.000,0.000,0.000,0.000,0.000,0.000,0.000,0.000,0.000,0.000,0.000,0.000,-0.350,0.000,0.000,0.000,0.000,0.000,0.000,0.000,0.000,0.000,0.000",S2_W2_reordered_blk23_neg_d0.350_krea2_seed1234567,S2_W2_reordered_blk23_neg_d0.350_krea2_seed1234567_00001_.png,"Refined fantasy illustration, smooth painterly digital brushwork, rich botanical detail, softly modeled forms, subtle luminous highlights, atmospheric depth, elegant color transitions, tranquil magical light, serene and mysterious, award winning, a breathtaking masterpiece. The pond becomes progressively darker toward the edges, shifting into deep teal, petrol and midnight blue. Pale pink lotus blossoms and buds emerge between dense emerald leaves. A luminous turquoise opening in the vegetation surrounds the canoe, revealing clear water, submerged rocks and delicate caustic light patterns below. Inside, a young woman sleeps peacefully on her back along the length of the boat. She wears a flowing ivory dress with soft layered fabric cascading around her legs, her bare feet visible near the stern. One arm bends above her head while the other rests across her torso holding a small closed book. Her head is turned gently to one side, long dark wavy hair spread across the wooden boards. The entire canoe is visible and positioned near the center, surrounded by immense round lotus leaves in many sizes. Dreamlike top down fantasy scene viewed from a perfectly vertical overhead camera, looking straight down onto a narrow weathered wooden canoe drifting through a vast deep lotus pond.",Real Value,euler_ancestral,simple,9,1.0,1.0,1024,1280
321,baseline,baseline,baseline,0.000,none,,S2_W2_reordered,1234567,{},"0.000,0.000,0.000,0.000,0.000,0.000,0.000,0.000,0.000,0.000,0.000,0.000,0.000,0.000,0.000,0.000,0.000,0.000,0.000,0.000,0.000,0.000,0.000,0.000,0.000,0.000,0.000,0.000,0.000,0.000,0.000,0.000,0.000,0.000",S2_W2_reordered_baseline_krea2_seed1234567,S2_W2_reordered_baseline_krea2_seed1234567_00001_.png,"Refined fantasy illustration, smooth painterly digital brushwork, rich botanical detail, softly modeled forms, subtle luminous highlights, atmospheric depth, elegant color transitions, tranquil magical light, serene and mysterious, award winning, a breathtaking masterpiece. The pond becomes progressively darker toward the edges, shifting into deep teal, petrol and midnight blue. Pale pink lotus blossoms and buds emerge between dense emerald leaves. A luminous turquoise opening in the vegetation surrounds the canoe, revealing clear water, submerged rocks and delicate caustic light patterns below. Inside, a young woman sleeps peacefully on her back along the length of the boat. She wears a flowing ivory dress with soft layered fabric cascading around her legs, her bare feet visible near the stern. One arm bends above her head while the other rests across her torso holding a small closed book. Her head is turned gently to one side, long dark wavy hair spread across the wooden boards. The entire canoe is visible and positioned near the center, surrounded by immense round lotus leaves in many sizes. Dreamlike top down fantasy scene viewed from a perfectly vertical overhead camera, looking straight down onto a narrow weathered wooden canoe drifting through a vast deep lotus pond.",Real Value,euler_ancestral,simple,9,1.0,1.0,1024,1280
322,perturbation,blk00_pos_d0.300,0,0.300,pos,,S2_W2_reordered,1234567,"{""0"": 0.3}","0.300,0.000,0.000,0.000,0.000,0.000,0.000,0.000,0.000,0.000,0.000,0.000,0.000,0.000,0.000,0.000,0.000,0.000,0.000,0.000,0.000,0.000,0.000,0.000,0.000,0.000,0.000,0.000,0.000,0.000,0.000,0.000,0.000,0.000",S2_W2_reordered_blk00_pos_d0.300_krea2_seed1234567,S2_W2_reordered_blk00_pos_d0.300_krea2_seed1234567_00001_.png,"Refined fantasy illustration, smooth painterly digital brushwork, rich botanical detail, softly modeled forms, subtle luminous highlights, atmospheric depth, elegant color transitions, tranquil magical light, serene and mysterious, award winning, a breathtaking masterpiece. The pond becomes progressively darker toward the edges, shifting into deep teal, petrol and midnight blue. Pale pink lotus blossoms and buds emerge between dense emerald leaves. A luminous turquoise opening in the vegetation surrounds the canoe, revealing clear water, submerged rocks and delicate caustic light patterns below. Inside, a young woman sleeps peacefully on her back along the length of the boat. She wears a flowing ivory dress with soft layered fabric cascading around her legs, her bare feet visible near the stern. One arm bends above her head while the other rests across her torso holding a small closed book. Her head is turned gently to one side, long dark wavy hair spread across the wooden boards. The entire canoe is visible and positioned near the center, surrounded by immense round lotus leaves in many sizes. Dreamlike top down fantasy scene viewed from a perfectly vertical overhead camera, looking straight down onto a narrow weathered wooden canoe drifting through a vast deep lotus pond.",Real Value,euler_ancestral,simple,9,1.0,1.0,1024,1280
323,perturbation,blk00_neg_d0.250,0,0.250,neg,,S2_W2_reordered,1234567,"{""0"": -0.25}","-0.250,0.000,0.000,0.000,0.000,0.000,0.000,0.000,0.000,0.000,0.000,0.000,0.000,0.000,0.000,0.000,0.000,0.000,0.000,0.000,0.000,0.000,0.000,0.000,0.000,0.000,0.000,0.000,0.000,0.000,0.000,0.000,0.000,0.000",S2_W2_reordered_blk00_neg_d0.250_krea2_seed1234567,S2_W2_reordered_blk00_neg_d0.250_krea2_seed1234567_00001_.png,"Refined fantasy illustration, smooth painterly digital brushwork, rich botanical detail, softly modeled forms, subtle luminous highlights, atmospheric depth, elegant color transitions, tranquil magical light, serene and mysterious, award winning, a breathtaking masterpiece. The pond becomes progressively darker toward the edges, shifting into deep teal, petrol and midnight blue. Pale pink lotus blossoms and buds emerge between dense emerald leaves. A luminous turquoise opening in the vegetation surrounds the canoe, revealing clear water, submerged rocks and delicate caustic light patterns below. Inside, a young woman sleeps peacefully on her back along the length of the boat. She wears a flowing ivory dress with soft layered fabric cascading around her legs, her bare feet visible near the stern. One arm bends above her head while the other rests across her torso holding a small closed book. Her head is turned gently to one side, long dark wavy hair spread across the wooden boards. The entire canoe is visible and positioned near the center, surrounded by immense round lotus leaves in many sizes. Dreamlike top down fantasy scene viewed from a perfectly vertical overhead camera, looking straight down onto a narrow weathered wooden canoe drifting through a vast deep lotus pond.",Real Value,euler_ancestral,simple,9,1.0,1.0,1024,1280
324,perturbation,blk27_pos_d0.100,27,0.100,pos,,S2_W2_reordered,1234567,"{""27"": 0.1}","0.000,0.000,0.000,0.000,0.000,0.000,0.000,0.000,0.000,0.000,0.000,0.000,0.000,0.000,0.000,0.000,0.000,0.000,0.000,0.000,0.000,0.000,0.000,0.000,0.000,0.000,0.000,0.100,0.000,0.000,0.000,0.000,0.000,0.000",S2_W2_reordered_blk27_pos_d0.100_krea2_seed1234567,S2_W2_reordered_blk27_pos_d0.100_krea2_seed1234567_00001_.png,"Refined fantasy illustration, smooth painterly digital brushwork, rich botanical detail, softly modeled forms, subtle luminous highlights, atmospheric depth, elegant color transitions, tranquil magical light, serene and mysterious, award winning, a breathtaking masterpiece. The pond becomes progressively darker toward the edges, shifting into deep teal, petrol and midnight blue. Pale pink lotus blossoms and buds emerge between dense emerald leaves. A luminous turquoise opening in the vegetation surrounds the canoe, revealing clear water, submerged rocks and delicate caustic light patterns below. Inside, a young woman sleeps peacefully on her back along the length of the boat. She wears a flowing ivory dress with soft layered fabric cascading around her legs, her bare feet visible near the stern. One arm bends above her head while the other rests across her torso holding a small closed book. Her head is turned gently to one side, long dark wavy hair spread across the wooden boards. The entire canoe is visible and positioned near the center, surrounded by immense round lotus leaves in many sizes. Dreamlike top down fantasy scene viewed from a perfectly vertical overhead camera, looking straight down onto a narrow weathered wooden canoe drifting through a vast deep lotus pond.",Real Value,euler_ancestral,simple,9,1.0,1.0,1024,1280
325,perturbation,blk27_neg_d0.075,27,0.075,neg,,S2_W2_reordered,1234567,"{""27"": -0.075}","0.000,0.000,0.000,0.000,0.000,0.000,0.000,0.000,0.000,0.000,0.000,0.000,0.000,0.000,0.000,0.000,0.000,0.000,0.000,0.000,0.000,0.000,0.000,0.000,0.000,0.000,0.000,-0.075,0.000,0.000,0.000,0.000,0.000,0.000",S2_W2_reordered_blk27_neg_d0.075_krea2_seed1234567,S2_W2_reordered_blk27_neg_d0.075_krea2_seed1234567_00001_.png,"Refined fantasy illustration, smooth painterly digital brushwork, rich botanical detail, softly modeled forms, subtle luminous highlights, atmospheric depth, elegant color transitions, tranquil magical light, serene and mysterious, award winning, a breathtaking masterpiece. The pond becomes progressively darker toward the edges, shifting into deep teal, petrol and midnight blue. Pale pink lotus blossoms and buds emerge between dense emerald leaves. A luminous turquoise opening in the vegetation surrounds the canoe, revealing clear water, submerged rocks and delicate caustic light patterns below. Inside, a young woman sleeps peacefully on her back along the length of the boat. She wears a flowing ivory dress with soft layered fabric cascading around her legs, her bare feet visible near the stern. One arm bends above her head while the other rests across her torso holding a small closed book. Her head is turned gently to one side, long dark wavy hair spread across the wooden boards. The entire canoe is visible and positioned near the center, surrounded by immense round lotus leaves in many sizes. Dreamlike top down fantasy scene viewed from a perfectly vertical overhead camera, looking straight down onto a narrow weathered wooden canoe drifting through a vast deep lotus pond.",Real Value,euler_ancestral,simple,9,1.0,1.0,1024,1280
326,perturbation,blk02_pos_d0.350,2,0.350,pos,,S2_W3_tags,1234567,"{""2"": 0.35}","0.000,0.000,0.350,0.000,0.000,0.000,0.000,0.000,0.000,0.000,0.000,0.000,0.000,0.000,0.000,0.000,0.000,0.000,0.000,0.000,0.000,0.000,0.000,0.000,0.000,0.000,0.000,0.000,0.000,0.000,0.000,0.000,0.000,0.000",S2_W3_tags_blk02_pos_d0.350_krea2_seed1234567,S2_W3_tags_blk02_pos_d0.350_krea2_seed1234567_00001_.png,"dreamlike fantasy scene, top-down view, perfectly vertical overhead camera, looking straight down, narrow weathered wooden canoe, drifting, vast deep lotus pond, entire canoe visible, canoe near center, immense round lotus leaves, lotus leaves in many sizes, young woman, sleeping peacefully, lying on her back along the boat, head turned to one side, long dark wavy hair spread on wooden boards, one arm bent above head, other arm across torso, holding a small closed book, flowing ivory dress, soft layered fabric around legs, bare feet near the stern, pale pink lotus blossoms, lotus buds, dense emerald leaves, luminous turquoise opening in the vegetation around the canoe, clear water, submerged rocks, caustic light patterns, pond darker toward the edges, deep teal, petrol blue, midnight blue, refined fantasy illustration, smooth painterly digital brushwork, rich botanical detail, softly modeled forms, subtle luminous highlights, atmospheric depth, elegant color transitions, tranquil magical light, serene, mysterious, award winning, breathtaking masterpiece",Real Value,euler_ancestral,simple,9,1.0,1.0,1024,1280
327,perturbation,blk02_neg_d0.350,2,0.350,neg,,S2_W3_tags,1234567,"{""2"": -0.35}","0.000,0.000,-0.350,0.000,0.000,0.000,0.000,0.000,0.000,0.000,0.000,0.000,0.000,0.000,0.000,0.000,0.000,0.000,0.000,0.000,0.000,0.000,0.000,0.000,0.000,0.000,0.000,0.000,0.000,0.000,0.000,0.000,0.000,0.000",S2_W3_tags_blk02_neg_d0.350_krea2_seed1234567,S2_W3_tags_blk02_neg_d0.350_krea2_seed1234567_00001_.png,"dreamlike fantasy scene, top-down view, perfectly vertical overhead camera, looking straight down, narrow weathered wooden canoe, drifting, vast deep lotus pond, entire canoe visible, canoe near center, immense round lotus leaves, lotus leaves in many sizes, young woman, sleeping peacefully, lying on her back along the boat, head turned to one side, long dark wavy hair spread on wooden boards, one arm bent above head, other arm across torso, holding a small closed book, flowing ivory dress, soft layered fabric around legs, bare feet near the stern, pale pink lotus blossoms, lotus buds, dense emerald leaves, luminous turquoise opening in the vegetation around the canoe, clear water, submerged rocks, caustic light patterns, pond darker toward the edges, deep teal, petrol blue, midnight blue, refined fantasy illustration, smooth painterly digital brushwork, rich botanical detail, softly modeled forms, subtle luminous highlights, atmospheric depth, elegant color transitions, tranquil magical light, serene, mysterious, award winning, breathtaking masterpiece",Real Value,euler_ancestral,simple,9,1.0,1.0,1024,1280
328,perturbation,blk05_pos_d0.350,5,0.350,pos,,S2_W3_tags,1234567,"{""5"": 0.35}","0.000,0.000,0.000,0.000,0.000,0.350,0.000,0.000,0.000,0.000,0.000,0.000,0.000,0.000,0.000,0.000,0.000,0.000,0.000,0.000,0.000,0.000,0.000,0.000,0.000,0.000,0.000,0.000,0.000,0.000,0.000,0.000,0.000,0.000",S2_W3_tags_blk05_pos_d0.350_krea2_seed1234567,S2_W3_tags_blk05_pos_d0.350_krea2_seed1234567_00001_.png,"dreamlike fantasy scene, top-down view, perfectly vertical overhead camera, looking straight down, narrow weathered wooden canoe, drifting, vast deep lotus pond, entire canoe visible, canoe near center, immense round lotus leaves, lotus leaves in many sizes, young woman, sleeping peacefully, lying on her back along the boat, head turned to one side, long dark wavy hair spread on wooden boards, one arm bent above head, other arm across torso, holding a small closed book, flowing ivory dress, soft layered fabric around legs, bare feet near the stern, pale pink lotus blossoms, lotus buds, dense emerald leaves, luminous turquoise opening in the vegetation around the canoe, clear water, submerged rocks, caustic light patterns, pond darker toward the edges, deep teal, petrol blue, midnight blue, refined fantasy illustration, smooth painterly digital brushwork, rich botanical detail, softly modeled forms, subtle luminous highlights, atmospheric depth, elegant color transitions, tranquil magical light, serene, mysterious, award winning, breathtaking masterpiece",Real Value,euler_ancestral,simple,9,1.0,1.0,1024,1280
329,perturbation,blk05_neg_d0.350,5,0.350,neg,,S2_W3_tags,1234567,"{""5"": -0.35}","0.000,0.000,0.000,0.000,0.000,-0.350,0.000,0.000,0.000,0.000,0.000,0.000,0.000,0.000,0.000,0.000,0.000,0.000,0.000,0.000,0.000,0.000,0.000,0.000,0.000,0.000,0.000,0.000,0.000,0.000,0.000,0.000,0.000,0.000",S2_W3_tags_blk05_neg_d0.350_krea2_seed1234567,S2_W3_tags_blk05_neg_d0.350_krea2_seed1234567_00001_.png,"dreamlike fantasy scene, top-down view, perfectly vertical overhead camera, looking straight down, narrow weathered wooden canoe, drifting, vast deep lotus pond, entire canoe visible, canoe near center, immense round lotus leaves, lotus leaves in many sizes, young woman, sleeping peacefully, lying on her back along the boat, head turned to one side, long dark wavy hair spread on wooden boards, one arm bent above head, other arm across torso, holding a small closed book, flowing ivory dress, soft layered fabric around legs, bare feet near the stern, pale pink lotus blossoms, lotus buds, dense emerald leaves, luminous turquoise opening in the vegetation around the canoe, clear water, submerged rocks, caustic light patterns, pond darker toward the edges, deep teal, petrol blue, midnight blue, refined fantasy illustration, smooth painterly digital brushwork, rich botanical detail, softly modeled forms, subtle luminous highlights, atmospheric depth, elegant color transitions, tranquil magical light, serene, mysterious, award winning, breathtaking masterpiece",Real Value,euler_ancestral,simple,9,1.0,1.0,1024,1280
330,perturbation,blk08_pos_d0.350,8,0.350,pos,,S2_W3_tags,1234567,"{""8"": 0.35}","0.000,0.000,0.000,0.000,0.000,0.000,0.000,0.000,0.350,0.000,0.000,0.000,0.000,0.000,0.000,0.000,0.000,0.000,0.000,0.000,0.000,0.000,0.000,0.000,0.000,0.000,0.000,0.000,0.000,0.000,0.000,0.000,0.000,0.000",S2_W3_tags_blk08_pos_d0.350_krea2_seed1234567,S2_W3_tags_blk08_pos_d0.350_krea2_seed1234567_00001_.png,"dreamlike fantasy scene, top-down view, perfectly vertical overhead camera, looking straight down, narrow weathered wooden canoe, drifting, vast deep lotus pond, entire canoe visible, canoe near center, immense round lotus leaves, lotus leaves in many sizes, young woman, sleeping peacefully, lying on her back along the boat, head turned to one side, long dark wavy hair spread on wooden boards, one arm bent above head, other arm across torso, holding a small closed book, flowing ivory dress, soft layered fabric around legs, bare feet near the stern, pale pink lotus blossoms, lotus buds, dense emerald leaves, luminous turquoise opening in the vegetation around the canoe, clear water, submerged rocks, caustic light patterns, pond darker toward the edges, deep teal, petrol blue, midnight blue, refined fantasy illustration, smooth painterly digital brushwork, rich botanical detail, softly modeled forms, subtle luminous highlights, atmospheric depth, elegant color transitions, tranquil magical light, serene, mysterious, award winning, breathtaking masterpiece",Real Value,euler_ancestral,simple,9,1.0,1.0,1024,1280
331,perturbation,blk08_neg_d0.350,8,0.350,neg,,S2_W3_tags,1234567,"{""8"": -0.35}","0.000,0.000,0.000,0.000,0.000,0.000,0.000,0.000,-0.350,0.000,0.000,0.000,0.000,0.000,0.000,0.000,0.000,0.000,0.000,0.000,0.000,0.000,0.000,0.000,0.000,0.000,0.000,0.000,0.000,0.000,0.000,0.000,0.000,0.000",S2_W3_tags_blk08_neg_d0.350_krea2_seed1234567,S2_W3_tags_blk08_neg_d0.350_krea2_seed1234567_00001_.png,"dreamlike fantasy scene, top-down view, perfectly vertical overhead camera, looking straight down, narrow weathered wooden canoe, drifting, vast deep lotus pond, entire canoe visible, canoe near center, immense round lotus leaves, lotus leaves in many sizes, young woman, sleeping peacefully, lying on her back along the boat, head turned to one side, long dark wavy hair spread on wooden boards, one arm bent above head, other arm across torso, holding a small closed book, flowing ivory dress, soft layered fabric around legs, bare feet near the stern, pale pink lotus blossoms, lotus buds, dense emerald leaves, luminous turquoise opening in the vegetation around the canoe, clear water, submerged rocks, caustic light patterns, pond darker toward the edges, deep teal, petrol blue, midnight blue, refined fantasy illustration, smooth painterly digital brushwork, rich botanical detail, softly modeled forms, subtle luminous highlights, atmospheric depth, elegant color transitions, tranquil magical light, serene, mysterious, award winning, breathtaking masterpiece",Real Value,euler_ancestral,simple,9,1.0,1.0,1024,1280
332,perturbation,blk09_pos_d0.350,9,0.350,pos,,S2_W3_tags,1234567,"{""9"": 0.35}","0.000,0.000,0.000,0.000,0.000,0.000,0.000,0.000,0.000,0.350,0.000,0.000,0.000,0.000,0.000,0.000,0.000,0.000,0.000,0.000,0.000,0.000,0.000,0.000,0.000,0.000,0.000,0.000,0.000,0.000,0.000,0.000,0.000,0.000",S2_W3_tags_blk09_pos_d0.350_krea2_seed1234567,S2_W3_tags_blk09_pos_d0.350_krea2_seed1234567_00001_.png,"dreamlike fantasy scene, top-down view, perfectly vertical overhead camera, looking straight down, narrow weathered wooden canoe, drifting, vast deep lotus pond, entire canoe visible, canoe near center, immense round lotus leaves, lotus leaves in many sizes, young woman, sleeping peacefully, lying on her back along the boat, head turned to one side, long dark wavy hair spread on wooden boards, one arm bent above head, other arm across torso, holding a small closed book, flowing ivory dress, soft layered fabric around legs, bare feet near the stern, pale pink lotus blossoms, lotus buds, dense emerald leaves, luminous turquoise opening in the vegetation around the canoe, clear water, submerged rocks, caustic light patterns, pond darker toward the edges, deep teal, petrol blue, midnight blue, refined fantasy illustration, smooth painterly digital brushwork, rich botanical detail, softly modeled forms, subtle luminous highlights, atmospheric depth, elegant color transitions, tranquil magical light, serene, mysterious, award winning, breathtaking masterpiece",Real Value,euler_ancestral,simple,9,1.0,1.0,1024,1280
333,perturbation,blk09_neg_d0.350,9,0.350,neg,,S2_W3_tags,1234567,"{""9"": -0.35}","0.000,0.000,0.000,0.000,0.000,0.000,0.000,0.000,0.000,-0.350,0.000,0.000,0.000,0.000,0.000,0.000,0.000,0.000,0.000,0.000,0.000,0.000,0.000,0.000,0.000,0.000,0.000,0.000,0.000,0.000,0.000,0.000,0.000,0.000",S2_W3_tags_blk09_neg_d0.350_krea2_seed1234567,S2_W3_tags_blk09_neg_d0.350_krea2_seed1234567_00001_.png,"dreamlike fantasy scene, top-down view, perfectly vertical overhead camera, looking straight down, narrow weathered wooden canoe, drifting, vast deep lotus pond, entire canoe visible, canoe near center, immense round lotus leaves, lotus leaves in many sizes, young woman, sleeping peacefully, lying on her back along the boat, head turned to one side, long dark wavy hair spread on wooden boards, one arm bent above head, other arm across torso, holding a small closed book, flowing ivory dress, soft layered fabric around legs, bare feet near the stern, pale pink lotus blossoms, lotus buds, dense emerald leaves, luminous turquoise opening in the vegetation around the canoe, clear water, submerged rocks, caustic light patterns, pond darker toward the edges, deep teal, petrol blue, midnight blue, refined fantasy illustration, smooth painterly digital brushwork, rich botanical detail, softly modeled forms, subtle luminous highlights, atmospheric depth, elegant color transitions, tranquil magical light, serene, mysterious, award winning, breathtaking masterpiece",Real Value,euler_ancestral,simple,9,1.0,1.0,1024,1280
334,perturbation,blk12_pos_d0.350,12,0.350,pos,,S2_W3_tags,1234567,"{""12"": 0.35}","0.000,0.000,0.000,0.000,0.000,0.000,0.000,0.000,0.000,0.000,0.000,0.000,0.350,0.000,0.000,0.000,0.000,0.000,0.000,0.000,0.000,0.000,0.000,0.000,0.000,0.000,0.000,0.000,0.000,0.000,0.000,0.000,0.000,0.000",S2_W3_tags_blk12_pos_d0.350_krea2_seed1234567,S2_W3_tags_blk12_pos_d0.350_krea2_seed1234567_00001_.png,"dreamlike fantasy scene, top-down view, perfectly vertical overhead camera, looking straight down, narrow weathered wooden canoe, drifting, vast deep lotus pond, entire canoe visible, canoe near center, immense round lotus leaves, lotus leaves in many sizes, young woman, sleeping peacefully, lying on her back along the boat, head turned to one side, long dark wavy hair spread on wooden boards, one arm bent above head, other arm across torso, holding a small closed book, flowing ivory dress, soft layered fabric around legs, bare feet near the stern, pale pink lotus blossoms, lotus buds, dense emerald leaves, luminous turquoise opening in the vegetation around the canoe, clear water, submerged rocks, caustic light patterns, pond darker toward the edges, deep teal, petrol blue, midnight blue, refined fantasy illustration, smooth painterly digital brushwork, rich botanical detail, softly modeled forms, subtle luminous highlights, atmospheric depth, elegant color transitions, tranquil magical light, serene, mysterious, award winning, breathtaking masterpiece",Real Value,euler_ancestral,simple,9,1.0,1.0,1024,1280
335,perturbation,blk12_neg_d0.350,12,0.350,neg,,S2_W3_tags,1234567,"{""12"": -0.35}","0.000,0.000,0.000,0.000,0.000,0.000,0.000,0.000,0.000,0.000,0.000,0.000,-0.350,0.000,0.000,0.000,0.000,0.000,0.000,0.000,0.000,0.000,0.000,0.000,0.000,0.000,0.000,0.000,0.000,0.000,0.000,0.000,0.000,0.000",S2_W3_tags_blk12_neg_d0.350_krea2_seed1234567,S2_W3_tags_blk12_neg_d0.350_krea2_seed1234567_00001_.png,"dreamlike fantasy scene, top-down view, perfectly vertical overhead camera, looking straight down, narrow weathered wooden canoe, drifting, vast deep lotus pond, entire canoe visible, canoe near center, immense round lotus leaves, lotus leaves in many sizes, young woman, sleeping peacefully, lying on her back along the boat, head turned to one side, long dark wavy hair spread on wooden boards, one arm bent above head, other arm across torso, holding a small closed book, flowing ivory dress, soft layered fabric around legs, bare feet near the stern, pale pink lotus blossoms, lotus buds, dense emerald leaves, luminous turquoise opening in the vegetation around the canoe, clear water, submerged rocks, caustic light patterns, pond darker toward the edges, deep teal, petrol blue, midnight blue, refined fantasy illustration, smooth painterly digital brushwork, rich botanical detail, softly modeled forms, subtle luminous highlights, atmospheric depth, elegant color transitions, tranquil magical light, serene, mysterious, award winning, breathtaking masterpiece",Real Value,euler_ancestral,simple,9,1.0,1.0,1024,1280
336,perturbation,blk13_pos_d0.350,13,0.350,pos,,S2_W3_tags,1234567,"{""13"": 0.35}","0.000,0.000,0.000,0.000,0.000,0.000,0.000,0.000,0.000,0.000,0.000,0.000,0.000,0.350,0.000,0.000,0.000,0.000,0.000,0.000,0.000,0.000,0.000,0.000,0.000,0.000,0.000,0.000,0.000,0.000,0.000,0.000,0.000,0.000",S2_W3_tags_blk13_pos_d0.350_krea2_seed1234567,S2_W3_tags_blk13_pos_d0.350_krea2_seed1234567_00001_.png,"dreamlike fantasy scene, top-down view, perfectly vertical overhead camera, looking straight down, narrow weathered wooden canoe, drifting, vast deep lotus pond, entire canoe visible, canoe near center, immense round lotus leaves, lotus leaves in many sizes, young woman, sleeping peacefully, lying on her back along the boat, head turned to one side, long dark wavy hair spread on wooden boards, one arm bent above head, other arm across torso, holding a small closed book, flowing ivory dress, soft layered fabric around legs, bare feet near the stern, pale pink lotus blossoms, lotus buds, dense emerald leaves, luminous turquoise opening in the vegetation around the canoe, clear water, submerged rocks, caustic light patterns, pond darker toward the edges, deep teal, petrol blue, midnight blue, refined fantasy illustration, smooth painterly digital brushwork, rich botanical detail, softly modeled forms, subtle luminous highlights, atmospheric depth, elegant color transitions, tranquil magical light, serene, mysterious, award winning, breathtaking masterpiece",Real Value,euler_ancestral,simple,9,1.0,1.0,1024,1280
337,perturbation,blk13_neg_d0.350,13,0.350,neg,,S2_W3_tags,1234567,"{""13"": -0.35}","0.000,0.000,0.000,0.000,0.000,0.000,0.000,0.000,0.000,0.000,0.000,0.000,0.000,-0.350,0.000,0.000,0.000,0.000,0.000,0.000,0.000,0.000,0.000,0.000,0.000,0.000,0.000,0.000,0.000,0.000,0.000,0.000,0.000,0.000",S2_W3_tags_blk13_neg_d0.350_krea2_seed1234567,S2_W3_tags_blk13_neg_d0.350_krea2_seed1234567_00001_.png,"dreamlike fantasy scene, top-down view, perfectly vertical overhead camera, looking straight down, narrow weathered wooden canoe, drifting, vast deep lotus pond, entire canoe visible, canoe near center, immense round lotus leaves, lotus leaves in many sizes, young woman, sleeping peacefully, lying on her back along the boat, head turned to one side, long dark wavy hair spread on wooden boards, one arm bent above head, other arm across torso, holding a small closed book, flowing ivory dress, soft layered fabric around legs, bare feet near the stern, pale pink lotus blossoms, lotus buds, dense emerald leaves, luminous turquoise opening in the vegetation around the canoe, clear water, submerged rocks, caustic light patterns, pond darker toward the edges, deep teal, petrol blue, midnight blue, refined fantasy illustration, smooth painterly digital brushwork, rich botanical detail, softly modeled forms, subtle luminous highlights, atmospheric depth, elegant color transitions, tranquil magical light, serene, mysterious, award winning, breathtaking masterpiece",Real Value,euler_ancestral,simple,9,1.0,1.0,1024,1280
338,perturbation,blk15_pos_d0.350,15,0.350,pos,,S2_W3_tags,1234567,"{""15"": 0.35}","0.000,0.000,0.000,0.000,0.000,0.000,0.000,0.000,0.000,0.000,0.000,0.000,0.000,0.000,0.000,0.350,0.000,0.000,0.000,0.000,0.000,0.000,0.000,0.000,0.000,0.000,0.000,0.000,0.000,0.000,0.000,0.000,0.000,0.000",S2_W3_tags_blk15_pos_d0.350_krea2_seed1234567,S2_W3_tags_blk15_pos_d0.350_krea2_seed1234567_00001_.png,"dreamlike fantasy scene, top-down view, perfectly vertical overhead camera, looking straight down, narrow weathered wooden canoe, drifting, vast deep lotus pond, entire canoe visible, canoe near center, immense round lotus leaves, lotus leaves in many sizes, young woman, sleeping peacefully, lying on her back along the boat, head turned to one side, long dark wavy hair spread on wooden boards, one arm bent above head, other arm across torso, holding a small closed book, flowing ivory dress, soft layered fabric around legs, bare feet near the stern, pale pink lotus blossoms, lotus buds, dense emerald leaves, luminous turquoise opening in the vegetation around the canoe, clear water, submerged rocks, caustic light patterns, pond darker toward the edges, deep teal, petrol blue, midnight blue, refined fantasy illustration, smooth painterly digital brushwork, rich botanical detail, softly modeled forms, subtle luminous highlights, atmospheric depth, elegant color transitions, tranquil magical light, serene, mysterious, award winning, breathtaking masterpiece",Real Value,euler_ancestral,simple,9,1.0,1.0,1024,1280
339,perturbation,blk15_neg_d0.350,15,0.350,neg,,S2_W3_tags,1234567,"{""15"": -0.35}","0.000,0.000,0.000,0.000,0.000,0.000,0.000,0.000,0.000,0.000,0.000,0.000,0.000,0.000,0.000,-0.350,0.000,0.000,0.000,0.000,0.000,0.000,0.000,0.000,0.000,0.000,0.000,0.000,0.000,0.000,0.000,0.000,0.000,0.000",S2_W3_tags_blk15_neg_d0.350_krea2_seed1234567,S2_W3_tags_blk15_neg_d0.350_krea2_seed1234567_00001_.png,"dreamlike fantasy scene, top-down view, perfectly vertical overhead camera, looking straight down, narrow weathered wooden canoe, drifting, vast deep lotus pond, entire canoe visible, canoe near center, immense round lotus leaves, lotus leaves in many sizes, young woman, sleeping peacefully, lying on her back along the boat, head turned to one side, long dark wavy hair spread on wooden boards, one arm bent above head, other arm across torso, holding a small closed book, flowing ivory dress, soft layered fabric around legs, bare feet near the stern, pale pink lotus blossoms, lotus buds, dense emerald leaves, luminous turquoise opening in the vegetation around the canoe, clear water, submerged rocks, caustic light patterns, pond darker toward the edges, deep teal, petrol blue, midnight blue, refined fantasy illustration, smooth painterly digital brushwork, rich botanical detail, softly modeled forms, subtle luminous highlights, atmospheric depth, elegant color transitions, tranquil magical light, serene, mysterious, award winning, breathtaking masterpiece",Real Value,euler_ancestral,simple,9,1.0,1.0,1024,1280
340,perturbation,blk17_pos_d0.350,17,0.350,pos,,S2_W3_tags,1234567,"{""17"": 0.35}","0.000,0.000,0.000,0.000,0.000,0.000,0.000,0.000,0.000,0.000,0.000,0.000,0.000,0.000,0.000,0.000,0.000,0.350,0.000,0.000,0.000,0.000,0.000,0.000,0.000,0.000,0.000,0.000,0.000,0.000,0.000,0.000,0.000,0.000",S2_W3_tags_blk17_pos_d0.350_krea2_seed1234567,S2_W3_tags_blk17_pos_d0.350_krea2_seed1234567_00001_.png,"dreamlike fantasy scene, top-down view, perfectly vertical overhead camera, looking straight down, narrow weathered wooden canoe, drifting, vast deep lotus pond, entire canoe visible, canoe near center, immense round lotus leaves, lotus leaves in many sizes, young woman, sleeping peacefully, lying on her back along the boat, head turned to one side, long dark wavy hair spread on wooden boards, one arm bent above head, other arm across torso, holding a small closed book, flowing ivory dress, soft layered fabric around legs, bare feet near the stern, pale pink lotus blossoms, lotus buds, dense emerald leaves, luminous turquoise opening in the vegetation around the canoe, clear water, submerged rocks, caustic light patterns, pond darker toward the edges, deep teal, petrol blue, midnight blue, refined fantasy illustration, smooth painterly digital brushwork, rich botanical detail, softly modeled forms, subtle luminous highlights, atmospheric depth, elegant color transitions, tranquil magical light, serene, mysterious, award winning, breathtaking masterpiece",Real Value,euler_ancestral,simple,9,1.0,1.0,1024,1280
341,perturbation,blk17_neg_d0.350,17,0.350,neg,,S2_W3_tags,1234567,"{""17"": -0.35}","0.000,0.000,0.000,0.000,0.000,0.000,0.000,0.000,0.000,0.000,0.000,0.000,0.000,0.000,0.000,0.000,0.000,-0.350,0.000,0.000,0.000,0.000,0.000,0.000,0.000,0.000,0.000,0.000,0.000,0.000,0.000,0.000,0.000,0.000",S2_W3_tags_blk17_neg_d0.350_krea2_seed1234567,S2_W3_tags_blk17_neg_d0.350_krea2_seed1234567_00001_.png,"dreamlike fantasy scene, top-down view, perfectly vertical overhead camera, looking straight down, narrow weathered wooden canoe, drifting, vast deep lotus pond, entire canoe visible, canoe near center, immense round lotus leaves, lotus leaves in many sizes, young woman, sleeping peacefully, lying on her back along the boat, head turned to one side, long dark wavy hair spread on wooden boards, one arm bent above head, other arm across torso, holding a small closed book, flowing ivory dress, soft layered fabric around legs, bare feet near the stern, pale pink lotus blossoms, lotus buds, dense emerald leaves, luminous turquoise opening in the vegetation around the canoe, clear water, submerged rocks, caustic light patterns, pond darker toward the edges, deep teal, petrol blue, midnight blue, refined fantasy illustration, smooth painterly digital brushwork, rich botanical detail, softly modeled forms, subtle luminous highlights, atmospheric depth, elegant color transitions, tranquil magical light, serene, mysterious, award winning, breathtaking masterpiece",Real Value,euler_ancestral,simple,9,1.0,1.0,1024,1280
342,perturbation,blk19_pos_d0.350,19,0.350,pos,,S2_W3_tags,1234567,"{""19"": 0.35}","0.000,0.000,0.000,0.000,0.000,0.000,0.000,0.000,0.000,0.000,0.000,0.000,0.000,0.000,0.000,0.000,0.000,0.000,0.000,0.350,0.000,0.000,0.000,0.000,0.000,0.000,0.000,0.000,0.000,0.000,0.000,0.000,0.000,0.000",S2_W3_tags_blk19_pos_d0.350_krea2_seed1234567,S2_W3_tags_blk19_pos_d0.350_krea2_seed1234567_00001_.png,"dreamlike fantasy scene, top-down view, perfectly vertical overhead camera, looking straight down, narrow weathered wooden canoe, drifting, vast deep lotus pond, entire canoe visible, canoe near center, immense round lotus leaves, lotus leaves in many sizes, young woman, sleeping peacefully, lying on her back along the boat, head turned to one side, long dark wavy hair spread on wooden boards, one arm bent above head, other arm across torso, holding a small closed book, flowing ivory dress, soft layered fabric around legs, bare feet near the stern, pale pink lotus blossoms, lotus buds, dense emerald leaves, luminous turquoise opening in the vegetation around the canoe, clear water, submerged rocks, caustic light patterns, pond darker toward the edges, deep teal, petrol blue, midnight blue, refined fantasy illustration, smooth painterly digital brushwork, rich botanical detail, softly modeled forms, subtle luminous highlights, atmospheric depth, elegant color transitions, tranquil magical light, serene, mysterious, award winning, breathtaking masterpiece",Real Value,euler_ancestral,simple,9,1.0,1.0,1024,1280
343,perturbation,blk19_neg_d0.350,19,0.350,neg,,S2_W3_tags,1234567,"{""19"": -0.35}","0.000,0.000,0.000,0.000,0.000,0.000,0.000,0.000,0.000,0.000,0.000,0.000,0.000,0.000,0.000,0.000,0.000,0.000,0.000,-0.350,0.000,0.000,0.000,0.000,0.000,0.000,0.000,0.000,0.000,0.000,0.000,0.000,0.000,0.000",S2_W3_tags_blk19_neg_d0.350_krea2_seed1234567,S2_W3_tags_blk19_neg_d0.350_krea2_seed1234567_00001_.png,"dreamlike fantasy scene, top-down view, perfectly vertical overhead camera, looking straight down, narrow weathered wooden canoe, drifting, vast deep lotus pond, entire canoe visible, canoe near center, immense round lotus leaves, lotus leaves in many sizes, young woman, sleeping peacefully, lying on her back along the boat, head turned to one side, long dark wavy hair spread on wooden boards, one arm bent above head, other arm across torso, holding a small closed book, flowing ivory dress, soft layered fabric around legs, bare feet near the stern, pale pink lotus blossoms, lotus buds, dense emerald leaves, luminous turquoise opening in the vegetation around the canoe, clear water, submerged rocks, caustic light patterns, pond darker toward the edges, deep teal, petrol blue, midnight blue, refined fantasy illustration, smooth painterly digital brushwork, rich botanical detail, softly modeled forms, subtle luminous highlights, atmospheric depth, elegant color transitions, tranquil magical light, serene, mysterious, award winning, breathtaking masterpiece",Real Value,euler_ancestral,simple,9,1.0,1.0,1024,1280
344,perturbation,blk23_pos_d0.350,23,0.350,pos,,S2_W3_tags,1234567,"{""23"": 0.35}","0.000,0.000,0.000,0.000,0.000,0.000,0.000,0.000,0.000,0.000,0.000,0.000,0.000,0.000,0.000,0.000,0.000,0.000,0.000,0.000,0.000,0.000,0.000,0.350,0.000,0.000,0.000,0.000,0.000,0.000,0.000,0.000,0.000,0.000",S2_W3_tags_blk23_pos_d0.350_krea2_seed1234567,S2_W3_tags_blk23_pos_d0.350_krea2_seed1234567_00001_.png,"dreamlike fantasy scene, top-down view, perfectly vertical overhead camera, looking straight down, narrow weathered wooden canoe, drifting, vast deep lotus pond, entire canoe visible, canoe near center, immense round lotus leaves, lotus leaves in many sizes, young woman, sleeping peacefully, lying on her back along the boat, head turned to one side, long dark wavy hair spread on wooden boards, one arm bent above head, other arm across torso, holding a small closed book, flowing ivory dress, soft layered fabric around legs, bare feet near the stern, pale pink lotus blossoms, lotus buds, dense emerald leaves, luminous turquoise opening in the vegetation around the canoe, clear water, submerged rocks, caustic light patterns, pond darker toward the edges, deep teal, petrol blue, midnight blue, refined fantasy illustration, smooth painterly digital brushwork, rich botanical detail, softly modeled forms, subtle luminous highlights, atmospheric depth, elegant color transitions, tranquil magical light, serene, mysterious, award winning, breathtaking masterpiece",Real Value,euler_ancestral,simple,9,1.0,1.0,1024,1280
345,perturbation,blk23_neg_d0.350,23,0.350,neg,,S2_W3_tags,1234567,"{""23"": -0.35}","0.000,0.000,0.000,0.000,0.000,0.000,0.000,0.000,0.000,0.000,0.000,0.000,0.000,0.000,0.000,0.000,0.000,0.000,0.000,0.000,0.000,0.000,0.000,-0.350,0.000,0.000,0.000,0.000,0.000,0.000,0.000,0.000,0.000,0.000",S2_W3_tags_blk23_neg_d0.350_krea2_seed1234567,S2_W3_tags_blk23_neg_d0.350_krea2_seed1234567_00001_.png,"dreamlike fantasy scene, top-down view, perfectly vertical overhead camera, looking straight down, narrow weathered wooden canoe, drifting, vast deep lotus pond, entire canoe visible, canoe near center, immense round lotus leaves, lotus leaves in many sizes, young woman, sleeping peacefully, lying on her back along the boat, head turned to one side, long dark wavy hair spread on wooden boards, one arm bent above head, other arm across torso, holding a small closed book, flowing ivory dress, soft layered fabric around legs, bare feet near the stern, pale pink lotus blossoms, lotus buds, dense emerald leaves, luminous turquoise opening in the vegetation around the canoe, clear water, submerged rocks, caustic light patterns, pond darker toward the edges, deep teal, petrol blue, midnight blue, refined fantasy illustration, smooth painterly digital brushwork, rich botanical detail, softly modeled forms, subtle luminous highlights, atmospheric depth, elegant color transitions, tranquil magical light, serene, mysterious, award winning, breathtaking masterpiece",Real Value,euler_ancestral,simple,9,1.0,1.0,1024,1280
346,baseline,baseline,baseline,0.000,none,,S2_W3_tags,1234567,{},"0.000,0.000,0.000,0.000,0.000,0.000,0.000,0.000,0.000,0.000,0.000,0.000,0.000,0.000,0.000,0.000,0.000,0.000,0.000,0.000,0.000,0.000,0.000,0.000,0.000,0.000,0.000,0.000,0.000,0.000,0.000,0.000,0.000,0.000",S2_W3_tags_baseline_krea2_seed1234567,S2_W3_tags_baseline_krea2_seed1234567_00001_.png,"dreamlike fantasy scene, top-down view, perfectly vertical overhead camera, looking straight down, narrow weathered wooden canoe, drifting, vast deep lotus pond, entire canoe visible, canoe near center, immense round lotus leaves, lotus leaves in many sizes, young woman, sleeping peacefully, lying on her back along the boat, head turned to one side, long dark wavy hair spread on wooden boards, one arm bent above head, other arm across torso, holding a small closed book, flowing ivory dress, soft layered fabric around legs, bare feet near the stern, pale pink lotus blossoms, lotus buds, dense emerald leaves, luminous turquoise opening in the vegetation around the canoe, clear water, submerged rocks, caustic light patterns, pond darker toward the edges, deep teal, petrol blue, midnight blue, refined fantasy illustration, smooth painterly digital brushwork, rich botanical detail, softly modeled forms, subtle luminous highlights, atmospheric depth, elegant color transitions, tranquil magical light, serene, mysterious, award winning, breathtaking masterpiece",Real Value,euler_ancestral,simple,9,1.0,1.0,1024,1280
347,perturbation,blk00_pos_d0.300,0,0.300,pos,,S2_W3_tags,1234567,"{""0"": 0.3}","0.300,0.000,0.000,0.000,0.000,0.000,0.000,0.000,0.000,0.000,0.000,0.000,0.000,0.000,0.000,0.000,0.000,0.000,0.000,0.000,0.000,0.000,0.000,0.000,0.000,0.000,0.000,0.000,0.000,0.000,0.000,0.000,0.000,0.000",S2_W3_tags_blk00_pos_d0.300_krea2_seed1234567,S2_W3_tags_blk00_pos_d0.300_krea2_seed1234567_00001_.png,"dreamlike fantasy scene, top-down view, perfectly vertical overhead camera, looking straight down, narrow weathered wooden canoe, drifting, vast deep lotus pond, entire canoe visible, canoe near center, immense round lotus leaves, lotus leaves in many sizes, young woman, sleeping peacefully, lying on her back along the boat, head turned to one side, long dark wavy hair spread on wooden boards, one arm bent above head, other arm across torso, holding a small closed book, flowing ivory dress, soft layered fabric around legs, bare feet near the stern, pale pink lotus blossoms, lotus buds, dense emerald leaves, luminous turquoise opening in the vegetation around the canoe, clear water, submerged rocks, caustic light patterns, pond darker toward the edges, deep teal, petrol blue, midnight blue, refined fantasy illustration, smooth painterly digital brushwork, rich botanical detail, softly modeled forms, subtle luminous highlights, atmospheric depth, elegant color transitions, tranquil magical light, serene, mysterious, award winning, breathtaking masterpiece",Real Value,euler_ancestral,simple,9,1.0,1.0,1024,1280
348,perturbation,blk00_neg_d0.250,0,0.250,neg,,S2_W3_tags,1234567,"{""0"": -0.25}","-0.250,0.000,0.000,0.000,0.000,0.000,0.000,0.000,0.000,0.000,0.000,0.000,0.000,0.000,0.000,0.000,0.000,0.000,0.000,0.000,0.000,0.000,0.000,0.000,0.000,0.000,0.000,0.000,0.000,0.000,0.000,0.000,0.000,0.000",S2_W3_tags_blk00_neg_d0.250_krea2_seed1234567,S2_W3_tags_blk00_neg_d0.250_krea2_seed1234567_00001_.png,"dreamlike fantasy scene, top-down view, perfectly vertical overhead camera, looking straight down, narrow weathered wooden canoe, drifting, vast deep lotus pond, entire canoe visible, canoe near center, immense round lotus leaves, lotus leaves in many sizes, young woman, sleeping peacefully, lying on her back along the boat, head turned to one side, long dark wavy hair spread on wooden boards, one arm bent above head, other arm across torso, holding a small closed book, flowing ivory dress, soft layered fabric around legs, bare feet near the stern, pale pink lotus blossoms, lotus buds, dense emerald leaves, luminous turquoise opening in the vegetation around the canoe, clear water, submerged rocks, caustic light patterns, pond darker toward the edges, deep teal, petrol blue, midnight blue, refined fantasy illustration, smooth painterly digital brushwork, rich botanical detail, softly modeled forms, subtle luminous highlights, atmospheric depth, elegant color transitions, tranquil magical light, serene, mysterious, award winning, breathtaking masterpiece",Real Value,euler_ancestral,simple,9,1.0,1.0,1024,1280
349,perturbation,blk27_pos_d0.100,27,0.100,pos,,S2_W3_tags,1234567,"{""27"": 0.1}","0.000,0.000,0.000,0.000,0.000,0.000,0.000,0.000,0.000,0.000,0.000,0.000,0.000,0.000,0.000,0.000,0.000,0.000,0.000,0.000,0.000,0.000,0.000,0.000,0.000,0.000,0.000,0.100,0.000,0.000,0.000,0.000,0.000,0.000",S2_W3_tags_blk27_pos_d0.100_krea2_seed1234567,S2_W3_tags_blk27_pos_d0.100_krea2_seed1234567_00001_.png,"dreamlike fantasy scene, top-down view, perfectly vertical overhead camera, looking straight down, narrow weathered wooden canoe, drifting, vast deep lotus pond, entire canoe visible, canoe near center, immense round lotus leaves, lotus leaves in many sizes, young woman, sleeping peacefully, lying on her back along the boat, head turned to one side, long dark wavy hair spread on wooden boards, one arm bent above head, other arm across torso, holding a small closed book, flowing ivory dress, soft layered fabric around legs, bare feet near the stern, pale pink lotus blossoms, lotus buds, dense emerald leaves, luminous turquoise opening in the vegetation around the canoe, clear water, submerged rocks, caustic light patterns, pond darker toward the edges, deep teal, petrol blue, midnight blue, refined fantasy illustration, smooth painterly digital brushwork, rich botanical detail, softly modeled forms, subtle luminous highlights, atmospheric depth, elegant color transitions, tranquil magical light, serene, mysterious, award winning, breathtaking masterpiece",Real Value,euler_ancestral,simple,9,1.0,1.0,1024,1280
350,perturbation,blk27_neg_d0.075,27,0.075,neg,,S2_W3_tags,1234567,"{""27"": -0.075}","0.000,0.000,0.000,0.000,0.000,0.000,0.000,0.000,0.000,0.000,0.000,0.000,0.000,0.000,0.000,0.000,0.000,0.000,0.000,0.000,0.000,0.000,0.000,0.000,0.000,0.000,0.000,-0.075,0.000,0.000,0.000,0.000,0.000,0.000",S2_W3_tags_blk27_neg_d0.075_krea2_seed1234567,S2_W3_tags_blk27_neg_d0.075_krea2_seed1234567_00001_.png,"dreamlike fantasy scene, top-down view, perfectly vertical overhead camera, looking straight down, narrow weathered wooden canoe, drifting, vast deep lotus pond, entire canoe visible, canoe near center, immense round lotus leaves, lotus leaves in many sizes, young woman, sleeping peacefully, lying on her back along the boat, head turned to one side, long dark wavy hair spread on wooden boards, one arm bent above head, other arm across torso, holding a small closed book, flowing ivory dress, soft layered fabric around legs, bare feet near the stern, pale pink lotus blossoms, lotus buds, dense emerald leaves, luminous turquoise opening in the vegetation around the canoe, clear water, submerged rocks, caustic light patterns, pond darker toward the edges, deep teal, petrol blue, midnight blue, refined fantasy illustration, smooth painterly digital brushwork, rich botanical detail, softly modeled forms, subtle luminous highlights, atmospheric depth, elegant color transitions, tranquil magical light, serene, mysterious, award winning, breathtaking masterpiece",Real Value,euler_ancestral,simple,9,1.0,1.0,1024,1280
351,perturbation,blk02_pos_d0.350,2,0.350,pos,,S2_W4_synonyms,1234567,"{""2"": 0.35}","0.000,0.000,0.350,0.000,0.000,0.000,0.000,0.000,0.000,0.000,0.000,0.000,0.000,0.000,0.000,0.000,0.000,0.000,0.000,0.000,0.000,0.000,0.000,0.000,0.000,0.000,0.000,0.000,0.000,0.000,0.000,0.000,0.000,0.000",S2_W4_synonyms_blk02_pos_d0.350_krea2_seed1234567,S2_W4_synonyms_blk02_pos_d0.350_krea2_seed1234567_00001_.png,"A fantasy scene with the quality of a dream, taken by a camera placed exactly overhead and aimed straight down at a slender, worn wooden canoe floating across an enormous, deep pond of lotuses. The whole boat can be seen, sitting close to the middle of the frame, ringed by huge circular lotus pads of varied sizes. In it a young woman lies asleep on her back, stretched along the boat, calm and at rest. Her face is tilted softly to one side and her long, dark, wavy hair fans out over the wooden planks. One of her arms is folded above her head; the other lies over her chest and holds a little closed book. She is dressed in a flowing gown of ivory, its soft layers of fabric spilling around her legs, and her bare feet show near the back of the canoe. Pale pink lotus flowers and buds rise among thick emerald leaves. Around the boat, a glowing turquoise gap in the plants shows clear water, rocks under the surface and fine rippling caustic light beneath. Toward its borders the pond grows steadily darker, turning deep teal, petrol and the blue of a midnight sky. An elegant fantasy painting with smooth digital brush strokes, lush botanical detail, gently sculpted shapes, delicate glowing highlights, a sense of atmospheric depth, graceful shifts of colour, calm enchanted light, peaceful and enigmatic, prize-winning, a stunning masterpiece.",Real Value,euler_ancestral,simple,9,1.0,1.0,1024,1280
352,perturbation,blk02_neg_d0.350,2,0.350,neg,,S2_W4_synonyms,1234567,"{""2"": -0.35}","0.000,0.000,-0.350,0.000,0.000,0.000,0.000,0.000,0.000,0.000,0.000,0.000,0.000,0.000,0.000,0.000,0.000,0.000,0.000,0.000,0.000,0.000,0.000,0.000,0.000,0.000,0.000,0.000,0.000,0.000,0.000,0.000,0.000,0.000",S2_W4_synonyms_blk02_neg_d0.350_krea2_seed1234567,S2_W4_synonyms_blk02_neg_d0.350_krea2_seed1234567_00001_.png,"A fantasy scene with the quality of a dream, taken by a camera placed exactly overhead and aimed straight down at a slender, worn wooden canoe floating across an enormous, deep pond of lotuses. The whole boat can be seen, sitting close to the middle of the frame, ringed by huge circular lotus pads of varied sizes. In it a young woman lies asleep on her back, stretched along the boat, calm and at rest. Her face is tilted softly to one side and her long, dark, wavy hair fans out over the wooden planks. One of her arms is folded above her head; the other lies over her chest and holds a little closed book. She is dressed in a flowing gown of ivory, its soft layers of fabric spilling around her legs, and her bare feet show near the back of the canoe. Pale pink lotus flowers and buds rise among thick emerald leaves. Around the boat, a glowing turquoise gap in the plants shows clear water, rocks under the surface and fine rippling caustic light beneath. Toward its borders the pond grows steadily darker, turning deep teal, petrol and the blue of a midnight sky. An elegant fantasy painting with smooth digital brush strokes, lush botanical detail, gently sculpted shapes, delicate glowing highlights, a sense of atmospheric depth, graceful shifts of colour, calm enchanted light, peaceful and enigmatic, prize-winning, a stunning masterpiece.",Real Value,euler_ancestral,simple,9,1.0,1.0,1024,1280
353,perturbation,blk05_pos_d0.350,5,0.350,pos,,S2_W4_synonyms,1234567,"{""5"": 0.35}","0.000,0.000,0.000,0.000,0.000,0.350,0.000,0.000,0.000,0.000,0.000,0.000,0.000,0.000,0.000,0.000,0.000,0.000,0.000,0.000,0.000,0.000,0.000,0.000,0.000,0.000,0.000,0.000,0.000,0.000,0.000,0.000,0.000,0.000",S2_W4_synonyms_blk05_pos_d0.350_krea2_seed1234567,S2_W4_synonyms_blk05_pos_d0.350_krea2_seed1234567_00001_.png,"A fantasy scene with the quality of a dream, taken by a camera placed exactly overhead and aimed straight down at a slender, worn wooden canoe floating across an enormous, deep pond of lotuses. The whole boat can be seen, sitting close to the middle of the frame, ringed by huge circular lotus pads of varied sizes. In it a young woman lies asleep on her back, stretched along the boat, calm and at rest. Her face is tilted softly to one side and her long, dark, wavy hair fans out over the wooden planks. One of her arms is folded above her head; the other lies over her chest and holds a little closed book. She is dressed in a flowing gown of ivory, its soft layers of fabric spilling around her legs, and her bare feet show near the back of the canoe. Pale pink lotus flowers and buds rise among thick emerald leaves. Around the boat, a glowing turquoise gap in the plants shows clear water, rocks under the surface and fine rippling caustic light beneath. Toward its borders the pond grows steadily darker, turning deep teal, petrol and the blue of a midnight sky. An elegant fantasy painting with smooth digital brush strokes, lush botanical detail, gently sculpted shapes, delicate glowing highlights, a sense of atmospheric depth, graceful shifts of colour, calm enchanted light, peaceful and enigmatic, prize-winning, a stunning masterpiece.",Real Value,euler_ancestral,simple,9,1.0,1.0,1024,1280
354,perturbation,blk05_neg_d0.350,5,0.350,neg,,S2_W4_synonyms,1234567,"{""5"": -0.35}","0.000,0.000,0.000,0.000,0.000,-0.350,0.000,0.000,0.000,0.000,0.000,0.000,0.000,0.000,0.000,0.000,0.000,0.000,0.000,0.000,0.000,0.000,0.000,0.000,0.000,0.000,0.000,0.000,0.000,0.000,0.000,0.000,0.000,0.000",S2_W4_synonyms_blk05_neg_d0.350_krea2_seed1234567,S2_W4_synonyms_blk05_neg_d0.350_krea2_seed1234567_00001_.png,"A fantasy scene with the quality of a dream, taken by a camera placed exactly overhead and aimed straight down at a slender, worn wooden canoe floating across an enormous, deep pond of lotuses. The whole boat can be seen, sitting close to the middle of the frame, ringed by huge circular lotus pads of varied sizes. In it a young woman lies asleep on her back, stretched along the boat, calm and at rest. Her face is tilted softly to one side and her long, dark, wavy hair fans out over the wooden planks. One of her arms is folded above her head; the other lies over her chest and holds a little closed book. She is dressed in a flowing gown of ivory, its soft layers of fabric spilling around her legs, and her bare feet show near the back of the canoe. Pale pink lotus flowers and buds rise among thick emerald leaves. Around the boat, a glowing turquoise gap in the plants shows clear water, rocks under the surface and fine rippling caustic light beneath. Toward its borders the pond grows steadily darker, turning deep teal, petrol and the blue of a midnight sky. An elegant fantasy painting with smooth digital brush strokes, lush botanical detail, gently sculpted shapes, delicate glowing highlights, a sense of atmospheric depth, graceful shifts of colour, calm enchanted light, peaceful and enigmatic, prize-winning, a stunning masterpiece.",Real Value,euler_ancestral,simple,9,1.0,1.0,1024,1280
355,perturbation,blk08_pos_d0.350,8,0.350,pos,,S2_W4_synonyms,1234567,"{""8"": 0.35}","0.000,0.000,0.000,0.000,0.000,0.000,0.000,0.000,0.350,0.000,0.000,0.000,0.000,0.000,0.000,0.000,0.000,0.000,0.000,0.000,0.000,0.000,0.000,0.000,0.000,0.000,0.000,0.000,0.000,0.000,0.000,0.000,0.000,0.000",S2_W4_synonyms_blk08_pos_d0.350_krea2_seed1234567,S2_W4_synonyms_blk08_pos_d0.350_krea2_seed1234567_00001_.png,"A fantasy scene with the quality of a dream, taken by a camera placed exactly overhead and aimed straight down at a slender, worn wooden canoe floating across an enormous, deep pond of lotuses. The whole boat can be seen, sitting close to the middle of the frame, ringed by huge circular lotus pads of varied sizes. In it a young woman lies asleep on her back, stretched along the boat, calm and at rest. Her face is tilted softly to one side and her long, dark, wavy hair fans out over the wooden planks. One of her arms is folded above her head; the other lies over her chest and holds a little closed book. She is dressed in a flowing gown of ivory, its soft layers of fabric spilling around her legs, and her bare feet show near the back of the canoe. Pale pink lotus flowers and buds rise among thick emerald leaves. Around the boat, a glowing turquoise gap in the plants shows clear water, rocks under the surface and fine rippling caustic light beneath. Toward its borders the pond grows steadily darker, turning deep teal, petrol and the blue of a midnight sky. An elegant fantasy painting with smooth digital brush strokes, lush botanical detail, gently sculpted shapes, delicate glowing highlights, a sense of atmospheric depth, graceful shifts of colour, calm enchanted light, peaceful and enigmatic, prize-winning, a stunning masterpiece.",Real Value,euler_ancestral,simple,9,1.0,1.0,1024,1280
356,perturbation,blk08_neg_d0.350,8,0.350,neg,,S2_W4_synonyms,1234567,"{""8"": -0.35}","0.000,0.000,0.000,0.000,0.000,0.000,0.000,0.000,-0.350,0.000,0.000,0.000,0.000,0.000,0.000,0.000,0.000,0.000,0.000,0.000,0.000,0.000,0.000,0.000,0.000,0.000,0.000,0.000,0.000,0.000,0.000,0.000,0.000,0.000",S2_W4_synonyms_blk08_neg_d0.350_krea2_seed1234567,S2_W4_synonyms_blk08_neg_d0.350_krea2_seed1234567_00001_.png,"A fantasy scene with the quality of a dream, taken by a camera placed exactly overhead and aimed straight down at a slender, worn wooden canoe floating across an enormous, deep pond of lotuses. The whole boat can be seen, sitting close to the middle of the frame, ringed by huge circular lotus pads of varied sizes. In it a young woman lies asleep on her back, stretched along the boat, calm and at rest. Her face is tilted softly to one side and her long, dark, wavy hair fans out over the wooden planks. One of her arms is folded above her head; the other lies over her chest and holds a little closed book. She is dressed in a flowing gown of ivory, its soft layers of fabric spilling around her legs, and her bare feet show near the back of the canoe. Pale pink lotus flowers and buds rise among thick emerald leaves. Around the boat, a glowing turquoise gap in the plants shows clear water, rocks under the surface and fine rippling caustic light beneath. Toward its borders the pond grows steadily darker, turning deep teal, petrol and the blue of a midnight sky. An elegant fantasy painting with smooth digital brush strokes, lush botanical detail, gently sculpted shapes, delicate glowing highlights, a sense of atmospheric depth, graceful shifts of colour, calm enchanted light, peaceful and enigmatic, prize-winning, a stunning masterpiece.",Real Value,euler_ancestral,simple,9,1.0,1.0,1024,1280
357,perturbation,blk09_pos_d0.350,9,0.350,pos,,S2_W4_synonyms,1234567,"{""9"": 0.35}","0.000,0.000,0.000,0.000,0.000,0.000,0.000,0.000,0.000,0.350,0.000,0.000,0.000,0.000,0.000,0.000,0.000,0.000,0.000,0.000,0.000,0.000,0.000,0.000,0.000,0.000,0.000,0.000,0.000,0.000,0.000,0.000,0.000,0.000",S2_W4_synonyms_blk09_pos_d0.350_krea2_seed1234567,S2_W4_synonyms_blk09_pos_d0.350_krea2_seed1234567_00001_.png,"A fantasy scene with the quality of a dream, taken by a camera placed exactly overhead and aimed straight down at a slender, worn wooden canoe floating across an enormous, deep pond of lotuses. The whole boat can be seen, sitting close to the middle of the frame, ringed by huge circular lotus pads of varied sizes. In it a young woman lies asleep on her back, stretched along the boat, calm and at rest. Her face is tilted softly to one side and her long, dark, wavy hair fans out over the wooden planks. One of her arms is folded above her head; the other lies over her chest and holds a little closed book. She is dressed in a flowing gown of ivory, its soft layers of fabric spilling around her legs, and her bare feet show near the back of the canoe. Pale pink lotus flowers and buds rise among thick emerald leaves. Around the boat, a glowing turquoise gap in the plants shows clear water, rocks under the surface and fine rippling caustic light beneath. Toward its borders the pond grows steadily darker, turning deep teal, petrol and the blue of a midnight sky. An elegant fantasy painting with smooth digital brush strokes, lush botanical detail, gently sculpted shapes, delicate glowing highlights, a sense of atmospheric depth, graceful shifts of colour, calm enchanted light, peaceful and enigmatic, prize-winning, a stunning masterpiece.",Real Value,euler_ancestral,simple,9,1.0,1.0,1024,1280
358,perturbation,blk09_neg_d0.350,9,0.350,neg,,S2_W4_synonyms,1234567,"{""9"": -0.35}","0.000,0.000,0.000,0.000,0.000,0.000,0.000,0.000,0.000,-0.350,0.000,0.000,0.000,0.000,0.000,0.000,0.000,0.000,0.000,0.000,0.000,0.000,0.000,0.000,0.000,0.000,0.000,0.000,0.000,0.000,0.000,0.000,0.000,0.000",S2_W4_synonyms_blk09_neg_d0.350_krea2_seed1234567,S2_W4_synonyms_blk09_neg_d0.350_krea2_seed1234567_00001_.png,"A fantasy scene with the quality of a dream, taken by a camera placed exactly overhead and aimed straight down at a slender, worn wooden canoe floating across an enormous, deep pond of lotuses. The whole boat can be seen, sitting close to the middle of the frame, ringed by huge circular lotus pads of varied sizes. In it a young woman lies asleep on her back, stretched along the boat, calm and at rest. Her face is tilted softly to one side and her long, dark, wavy hair fans out over the wooden planks. One of her arms is folded above her head; the other lies over her chest and holds a little closed book. She is dressed in a flowing gown of ivory, its soft layers of fabric spilling around her legs, and her bare feet show near the back of the canoe. Pale pink lotus flowers and buds rise among thick emerald leaves. Around the boat, a glowing turquoise gap in the plants shows clear water, rocks under the surface and fine rippling caustic light beneath. Toward its borders the pond grows steadily darker, turning deep teal, petrol and the blue of a midnight sky. An elegant fantasy painting with smooth digital brush strokes, lush botanical detail, gently sculpted shapes, delicate glowing highlights, a sense of atmospheric depth, graceful shifts of colour, calm enchanted light, peaceful and enigmatic, prize-winning, a stunning masterpiece.",Real Value,euler_ancestral,simple,9,1.0,1.0,1024,1280
359,perturbation,blk12_pos_d0.350,12,0.350,pos,,S2_W4_synonyms,1234567,"{""12"": 0.35}","0.000,0.000,0.000,0.000,0.000,0.000,0.000,0.000,0.000,0.000,0.000,0.000,0.350,0.000,0.000,0.000,0.000,0.000,0.000,0.000,0.000,0.000,0.000,0.000,0.000,0.000,0.000,0.000,0.000,0.000,0.000,0.000,0.000,0.000",S2_W4_synonyms_blk12_pos_d0.350_krea2_seed1234567,S2_W4_synonyms_blk12_pos_d0.350_krea2_seed1234567_00001_.png,"A fantasy scene with the quality of a dream, taken by a camera placed exactly overhead and aimed straight down at a slender, worn wooden canoe floating across an enormous, deep pond of lotuses. The whole boat can be seen, sitting close to the middle of the frame, ringed by huge circular lotus pads of varied sizes. In it a young woman lies asleep on her back, stretched along the boat, calm and at rest. Her face is tilted softly to one side and her long, dark, wavy hair fans out over the wooden planks. One of her arms is folded above her head; the other lies over her chest and holds a little closed book. She is dressed in a flowing gown of ivory, its soft layers of fabric spilling around her legs, and her bare feet show near the back of the canoe. Pale pink lotus flowers and buds rise among thick emerald leaves. Around the boat, a glowing turquoise gap in the plants shows clear water, rocks under the surface and fine rippling caustic light beneath. Toward its borders the pond grows steadily darker, turning deep teal, petrol and the blue of a midnight sky. An elegant fantasy painting with smooth digital brush strokes, lush botanical detail, gently sculpted shapes, delicate glowing highlights, a sense of atmospheric depth, graceful shifts of colour, calm enchanted light, peaceful and enigmatic, prize-winning, a stunning masterpiece.",Real Value,euler_ancestral,simple,9,1.0,1.0,1024,1280
360,perturbation,blk12_neg_d0.350,12,0.350,neg,,S2_W4_synonyms,1234567,"{""12"": -0.35}","0.000,0.000,0.000,0.000,0.000,0.000,0.000,0.000,0.000,0.000,0.000,0.000,-0.350,0.000,0.000,0.000,0.000,0.000,0.000,0.000,0.000,0.000,0.000,0.000,0.000,0.000,0.000,0.000,0.000,0.000,0.000,0.000,0.000,0.000",S2_W4_synonyms_blk12_neg_d0.350_krea2_seed1234567,S2_W4_synonyms_blk12_neg_d0.350_krea2_seed1234567_00001_.png,"A fantasy scene with the quality of a dream, taken by a camera placed exactly overhead and aimed straight down at a slender, worn wooden canoe floating across an enormous, deep pond of lotuses. The whole boat can be seen, sitting close to the middle of the frame, ringed by huge circular lotus pads of varied sizes. In it a young woman lies asleep on her back, stretched along the boat, calm and at rest. Her face is tilted softly to one side and her long, dark, wavy hair fans out over the wooden planks. One of her arms is folded above her head; the other lies over her chest and holds a little closed book. She is dressed in a flowing gown of ivory, its soft layers of fabric spilling around her legs, and her bare feet show near the back of the canoe. Pale pink lotus flowers and buds rise among thick emerald leaves. Around the boat, a glowing turquoise gap in the plants shows clear water, rocks under the surface and fine rippling caustic light beneath. Toward its borders the pond grows steadily darker, turning deep teal, petrol and the blue of a midnight sky. An elegant fantasy painting with smooth digital brush strokes, lush botanical detail, gently sculpted shapes, delicate glowing highlights, a sense of atmospheric depth, graceful shifts of colour, calm enchanted light, peaceful and enigmatic, prize-winning, a stunning masterpiece.",Real Value,euler_ancestral,simple,9,1.0,1.0,1024,1280
361,perturbation,blk13_pos_d0.350,13,0.350,pos,,S2_W4_synonyms,1234567,"{""13"": 0.35}","0.000,0.000,0.000,0.000,0.000,0.000,0.000,0.000,0.000,0.000,0.000,0.000,0.000,0.350,0.000,0.000,0.000,0.000,0.000,0.000,0.000,0.000,0.000,0.000,0.000,0.000,0.000,0.000,0.000,0.000,0.000,0.000,0.000,0.000",S2_W4_synonyms_blk13_pos_d0.350_krea2_seed1234567,S2_W4_synonyms_blk13_pos_d0.350_krea2_seed1234567_00001_.png,"A fantasy scene with the quality of a dream, taken by a camera placed exactly overhead and aimed straight down at a slender, worn wooden canoe floating across an enormous, deep pond of lotuses. The whole boat can be seen, sitting close to the middle of the frame, ringed by huge circular lotus pads of varied sizes. In it a young woman lies asleep on her back, stretched along the boat, calm and at rest. Her face is tilted softly to one side and her long, dark, wavy hair fans out over the wooden planks. One of her arms is folded above her head; the other lies over her chest and holds a little closed book. She is dressed in a flowing gown of ivory, its soft layers of fabric spilling around her legs, and her bare feet show near the back of the canoe. Pale pink lotus flowers and buds rise among thick emerald leaves. Around the boat, a glowing turquoise gap in the plants shows clear water, rocks under the surface and fine rippling caustic light beneath. Toward its borders the pond grows steadily darker, turning deep teal, petrol and the blue of a midnight sky. An elegant fantasy painting with smooth digital brush strokes, lush botanical detail, gently sculpted shapes, delicate glowing highlights, a sense of atmospheric depth, graceful shifts of colour, calm enchanted light, peaceful and enigmatic, prize-winning, a stunning masterpiece.",Real Value,euler_ancestral,simple,9,1.0,1.0,1024,1280
362,perturbation,blk13_neg_d0.350,13,0.350,neg,,S2_W4_synonyms,1234567,"{""13"": -0.35}","0.000,0.000,0.000,0.000,0.000,0.000,0.000,0.000,0.000,0.000,0.000,0.000,0.000,-0.350,0.000,0.000,0.000,0.000,0.000,0.000,0.000,0.000,0.000,0.000,0.000,0.000,0.000,0.000,0.000,0.000,0.000,0.000,0.000,0.000",S2_W4_synonyms_blk13_neg_d0.350_krea2_seed1234567,S2_W4_synonyms_blk13_neg_d0.350_krea2_seed1234567_00001_.png,"A fantasy scene with the quality of a dream, taken by a camera placed exactly overhead and aimed straight down at a slender, worn wooden canoe floating across an enormous, deep pond of lotuses. The whole boat can be seen, sitting close to the middle of the frame, ringed by huge circular lotus pads of varied sizes. In it a young woman lies asleep on her back, stretched along the boat, calm and at rest. Her face is tilted softly to one side and her long, dark, wavy hair fans out over the wooden planks. One of her arms is folded above her head; the other lies over her chest and holds a little closed book. She is dressed in a flowing gown of ivory, its soft layers of fabric spilling around her legs, and her bare feet show near the back of the canoe. Pale pink lotus flowers and buds rise among thick emerald leaves. Around the boat, a glowing turquoise gap in the plants shows clear water, rocks under the surface and fine rippling caustic light beneath. Toward its borders the pond grows steadily darker, turning deep teal, petrol and the blue of a midnight sky. An elegant fantasy painting with smooth digital brush strokes, lush botanical detail, gently sculpted shapes, delicate glowing highlights, a sense of atmospheric depth, graceful shifts of colour, calm enchanted light, peaceful and enigmatic, prize-winning, a stunning masterpiece.",Real Value,euler_ancestral,simple,9,1.0,1.0,1024,1280
363,perturbation,blk15_pos_d0.350,15,0.350,pos,,S2_W4_synonyms,1234567,"{""15"": 0.35}","0.000,0.000,0.000,0.000,0.000,0.000,0.000,0.000,0.000,0.000,0.000,0.000,0.000,0.000,0.000,0.350,0.000,0.000,0.000,0.000,0.000,0.000,0.000,0.000,0.000,0.000,0.000,0.000,0.000,0.000,0.000,0.000,0.000,0.000",S2_W4_synonyms_blk15_pos_d0.350_krea2_seed1234567,S2_W4_synonyms_blk15_pos_d0.350_krea2_seed1234567_00001_.png,"A fantasy scene with the quality of a dream, taken by a camera placed exactly overhead and aimed straight down at a slender, worn wooden canoe floating across an enormous, deep pond of lotuses. The whole boat can be seen, sitting close to the middle of the frame, ringed by huge circular lotus pads of varied sizes. In it a young woman lies asleep on her back, stretched along the boat, calm and at rest. Her face is tilted softly to one side and her long, dark, wavy hair fans out over the wooden planks. One of her arms is folded above her head; the other lies over her chest and holds a little closed book. She is dressed in a flowing gown of ivory, its soft layers of fabric spilling around her legs, and her bare feet show near the back of the canoe. Pale pink lotus flowers and buds rise among thick emerald leaves. Around the boat, a glowing turquoise gap in the plants shows clear water, rocks under the surface and fine rippling caustic light beneath. Toward its borders the pond grows steadily darker, turning deep teal, petrol and the blue of a midnight sky. An elegant fantasy painting with smooth digital brush strokes, lush botanical detail, gently sculpted shapes, delicate glowing highlights, a sense of atmospheric depth, graceful shifts of colour, calm enchanted light, peaceful and enigmatic, prize-winning, a stunning masterpiece.",Real Value,euler_ancestral,simple,9,1.0,1.0,1024,1280
364,perturbation,blk15_neg_d0.350,15,0.350,neg,,S2_W4_synonyms,1234567,"{""15"": -0.35}","0.000,0.000,0.000,0.000,0.000,0.000,0.000,0.000,0.000,0.000,0.000,0.000,0.000,0.000,0.000,-0.350,0.000,0.000,0.000,0.000,0.000,0.000,0.000,0.000,0.000,0.000,0.000,0.000,0.000,0.000,0.000,0.000,0.000,0.000",S2_W4_synonyms_blk15_neg_d0.350_krea2_seed1234567,S2_W4_synonyms_blk15_neg_d0.350_krea2_seed1234567_00001_.png,"A fantasy scene with the quality of a dream, taken by a camera placed exactly overhead and aimed straight down at a slender, worn wooden canoe floating across an enormous, deep pond of lotuses. The whole boat can be seen, sitting close to the middle of the frame, ringed by huge circular lotus pads of varied sizes. In it a young woman lies asleep on her back, stretched along the boat, calm and at rest. Her face is tilted softly to one side and her long, dark, wavy hair fans out over the wooden planks. One of her arms is folded above her head; the other lies over her chest and holds a little closed book. She is dressed in a flowing gown of ivory, its soft layers of fabric spilling around her legs, and her bare feet show near the back of the canoe. Pale pink lotus flowers and buds rise among thick emerald leaves. Around the boat, a glowing turquoise gap in the plants shows clear water, rocks under the surface and fine rippling caustic light beneath. Toward its borders the pond grows steadily darker, turning deep teal, petrol and the blue of a midnight sky. An elegant fantasy painting with smooth digital brush strokes, lush botanical detail, gently sculpted shapes, delicate glowing highlights, a sense of atmospheric depth, graceful shifts of colour, calm enchanted light, peaceful and enigmatic, prize-winning, a stunning masterpiece.",Real Value,euler_ancestral,simple,9,1.0,1.0,1024,1280
365,perturbation,blk17_pos_d0.350,17,0.350,pos,,S2_W4_synonyms,1234567,"{""17"": 0.35}","0.000,0.000,0.000,0.000,0.000,0.000,0.000,0.000,0.000,0.000,0.000,0.000,0.000,0.000,0.000,0.000,0.000,0.350,0.000,0.000,0.000,0.000,0.000,0.000,0.000,0.000,0.000,0.000,0.000,0.000,0.000,0.000,0.000,0.000",S2_W4_synonyms_blk17_pos_d0.350_krea2_seed1234567,S2_W4_synonyms_blk17_pos_d0.350_krea2_seed1234567_00001_.png,"A fantasy scene with the quality of a dream, taken by a camera placed exactly overhead and aimed straight down at a slender, worn wooden canoe floating across an enormous, deep pond of lotuses. The whole boat can be seen, sitting close to the middle of the frame, ringed by huge circular lotus pads of varied sizes. In it a young woman lies asleep on her back, stretched along the boat, calm and at rest. Her face is tilted softly to one side and her long, dark, wavy hair fans out over the wooden planks. One of her arms is folded above her head; the other lies over her chest and holds a little closed book. She is dressed in a flowing gown of ivory, its soft layers of fabric spilling around her legs, and her bare feet show near the back of the canoe. Pale pink lotus flowers and buds rise among thick emerald leaves. Around the boat, a glowing turquoise gap in the plants shows clear water, rocks under the surface and fine rippling caustic light beneath. Toward its borders the pond grows steadily darker, turning deep teal, petrol and the blue of a midnight sky. An elegant fantasy painting with smooth digital brush strokes, lush botanical detail, gently sculpted shapes, delicate glowing highlights, a sense of atmospheric depth, graceful shifts of colour, calm enchanted light, peaceful and enigmatic, prize-winning, a stunning masterpiece.",Real Value,euler_ancestral,simple,9,1.0,1.0,1024,1280
366,perturbation,blk17_neg_d0.350,17,0.350,neg,,S2_W4_synonyms,1234567,"{""17"": -0.35}","0.000,0.000,0.000,0.000,0.000,0.000,0.000,0.000,0.000,0.000,0.000,0.000,0.000,0.000,0.000,0.000,0.000,-0.350,0.000,0.000,0.000,0.000,0.000,0.000,0.000,0.000,0.000,0.000,0.000,0.000,0.000,0.000,0.000,0.000",S2_W4_synonyms_blk17_neg_d0.350_krea2_seed1234567,S2_W4_synonyms_blk17_neg_d0.350_krea2_seed1234567_00001_.png,"A fantasy scene with the quality of a dream, taken by a camera placed exactly overhead and aimed straight down at a slender, worn wooden canoe floating across an enormous, deep pond of lotuses. The whole boat can be seen, sitting close to the middle of the frame, ringed by huge circular lotus pads of varied sizes. In it a young woman lies asleep on her back, stretched along the boat, calm and at rest. Her face is tilted softly to one side and her long, dark, wavy hair fans out over the wooden planks. One of her arms is folded above her head; the other lies over her chest and holds a little closed book. She is dressed in a flowing gown of ivory, its soft layers of fabric spilling around her legs, and her bare feet show near the back of the canoe. Pale pink lotus flowers and buds rise among thick emerald leaves. Around the boat, a glowing turquoise gap in the plants shows clear water, rocks under the surface and fine rippling caustic light beneath. Toward its borders the pond grows steadily darker, turning deep teal, petrol and the blue of a midnight sky. An elegant fantasy painting with smooth digital brush strokes, lush botanical detail, gently sculpted shapes, delicate glowing highlights, a sense of atmospheric depth, graceful shifts of colour, calm enchanted light, peaceful and enigmatic, prize-winning, a stunning masterpiece.",Real Value,euler_ancestral,simple,9,1.0,1.0,1024,1280
367,perturbation,blk19_pos_d0.350,19,0.350,pos,,S2_W4_synonyms,1234567,"{""19"": 0.35}","0.000,0.000,0.000,0.000,0.000,0.000,0.000,0.000,0.000,0.000,0.000,0.000,0.000,0.000,0.000,0.000,0.000,0.000,0.000,0.350,0.000,0.000,0.000,0.000,0.000,0.000,0.000,0.000,0.000,0.000,0.000,0.000,0.000,0.000",S2_W4_synonyms_blk19_pos_d0.350_krea2_seed1234567,S2_W4_synonyms_blk19_pos_d0.350_krea2_seed1234567_00001_.png,"A fantasy scene with the quality of a dream, taken by a camera placed exactly overhead and aimed straight down at a slender, worn wooden canoe floating across an enormous, deep pond of lotuses. The whole boat can be seen, sitting close to the middle of the frame, ringed by huge circular lotus pads of varied sizes. In it a young woman lies asleep on her back, stretched along the boat, calm and at rest. Her face is tilted softly to one side and her long, dark, wavy hair fans out over the wooden planks. One of her arms is folded above her head; the other lies over her chest and holds a little closed book. She is dressed in a flowing gown of ivory, its soft layers of fabric spilling around her legs, and her bare feet show near the back of the canoe. Pale pink lotus flowers and buds rise among thick emerald leaves. Around the boat, a glowing turquoise gap in the plants shows clear water, rocks under the surface and fine rippling caustic light beneath. Toward its borders the pond grows steadily darker, turning deep teal, petrol and the blue of a midnight sky. An elegant fantasy painting with smooth digital brush strokes, lush botanical detail, gently sculpted shapes, delicate glowing highlights, a sense of atmospheric depth, graceful shifts of colour, calm enchanted light, peaceful and enigmatic, prize-winning, a stunning masterpiece.",Real Value,euler_ancestral,simple,9,1.0,1.0,1024,1280
368,perturbation,blk19_neg_d0.350,19,0.350,neg,,S2_W4_synonyms,1234567,"{""19"": -0.35}","0.000,0.000,0.000,0.000,0.000,0.000,0.000,0.000,0.000,0.000,0.000,0.000,0.000,0.000,0.000,0.000,0.000,0.000,0.000,-0.350,0.000,0.000,0.000,0.000,0.000,0.000,0.000,0.000,0.000,0.000,0.000,0.000,0.000,0.000",S2_W4_synonyms_blk19_neg_d0.350_krea2_seed1234567,S2_W4_synonyms_blk19_neg_d0.350_krea2_seed1234567_00001_.png,"A fantasy scene with the quality of a dream, taken by a camera placed exactly overhead and aimed straight down at a slender, worn wooden canoe floating across an enormous, deep pond of lotuses. The whole boat can be seen, sitting close to the middle of the frame, ringed by huge circular lotus pads of varied sizes. In it a young woman lies asleep on her back, stretched along the boat, calm and at rest. Her face is tilted softly to one side and her long, dark, wavy hair fans out over the wooden planks. One of her arms is folded above her head; the other lies over her chest and holds a little closed book. She is dressed in a flowing gown of ivory, its soft layers of fabric spilling around her legs, and her bare feet show near the back of the canoe. Pale pink lotus flowers and buds rise among thick emerald leaves. Around the boat, a glowing turquoise gap in the plants shows clear water, rocks under the surface and fine rippling caustic light beneath. Toward its borders the pond grows steadily darker, turning deep teal, petrol and the blue of a midnight sky. An elegant fantasy painting with smooth digital brush strokes, lush botanical detail, gently sculpted shapes, delicate glowing highlights, a sense of atmospheric depth, graceful shifts of colour, calm enchanted light, peaceful and enigmatic, prize-winning, a stunning masterpiece.",Real Value,euler_ancestral,simple,9,1.0,1.0,1024,1280
369,perturbation,blk23_pos_d0.350,23,0.350,pos,,S2_W4_synonyms,1234567,"{""23"": 0.35}","0.000,0.000,0.000,0.000,0.000,0.000,0.000,0.000,0.000,0.000,0.000,0.000,0.000,0.000,0.000,0.000,0.000,0.000,0.000,0.000,0.000,0.000,0.000,0.350,0.000,0.000,0.000,0.000,0.000,0.000,0.000,0.000,0.000,0.000",S2_W4_synonyms_blk23_pos_d0.350_krea2_seed1234567,S2_W4_synonyms_blk23_pos_d0.350_krea2_seed1234567_00001_.png,"A fantasy scene with the quality of a dream, taken by a camera placed exactly overhead and aimed straight down at a slender, worn wooden canoe floating across an enormous, deep pond of lotuses. The whole boat can be seen, sitting close to the middle of the frame, ringed by huge circular lotus pads of varied sizes. In it a young woman lies asleep on her back, stretched along the boat, calm and at rest. Her face is tilted softly to one side and her long, dark, wavy hair fans out over the wooden planks. One of her arms is folded above her head; the other lies over her chest and holds a little closed book. She is dressed in a flowing gown of ivory, its soft layers of fabric spilling around her legs, and her bare feet show near the back of the canoe. Pale pink lotus flowers and buds rise among thick emerald leaves. Around the boat, a glowing turquoise gap in the plants shows clear water, rocks under the surface and fine rippling caustic light beneath. Toward its borders the pond grows steadily darker, turning deep teal, petrol and the blue of a midnight sky. An elegant fantasy painting with smooth digital brush strokes, lush botanical detail, gently sculpted shapes, delicate glowing highlights, a sense of atmospheric depth, graceful shifts of colour, calm enchanted light, peaceful and enigmatic, prize-winning, a stunning masterpiece.",Real Value,euler_ancestral,simple,9,1.0,1.0,1024,1280
370,perturbation,blk23_neg_d0.350,23,0.350,neg,,S2_W4_synonyms,1234567,"{""23"": -0.35}","0.000,0.000,0.000,0.000,0.000,0.000,0.000,0.000,0.000,0.000,0.000,0.000,0.000,0.000,0.000,0.000,0.000,0.000,0.000,0.000,0.000,0.000,0.000,-0.350,0.000,0.000,0.000,0.000,0.000,0.000,0.000,0.000,0.000,0.000",S2_W4_synonyms_blk23_neg_d0.350_krea2_seed1234567,S2_W4_synonyms_blk23_neg_d0.350_krea2_seed1234567_00001_.png,"A fantasy scene with the quality of a dream, taken by a camera placed exactly overhead and aimed straight down at a slender, worn wooden canoe floating across an enormous, deep pond of lotuses. The whole boat can be seen, sitting close to the middle of the frame, ringed by huge circular lotus pads of varied sizes. In it a young woman lies asleep on her back, stretched along the boat, calm and at rest. Her face is tilted softly to one side and her long, dark, wavy hair fans out over the wooden planks. One of her arms is folded above her head; the other lies over her chest and holds a little closed book. She is dressed in a flowing gown of ivory, its soft layers of fabric spilling around her legs, and her bare feet show near the back of the canoe. Pale pink lotus flowers and buds rise among thick emerald leaves. Around the boat, a glowing turquoise gap in the plants shows clear water, rocks under the surface and fine rippling caustic light beneath. Toward its borders the pond grows steadily darker, turning deep teal, petrol and the blue of a midnight sky. An elegant fantasy painting with smooth digital brush strokes, lush botanical detail, gently sculpted shapes, delicate glowing highlights, a sense of atmospheric depth, graceful shifts of colour, calm enchanted light, peaceful and enigmatic, prize-winning, a stunning masterpiece.",Real Value,euler_ancestral,simple,9,1.0,1.0,1024,1280
371,baseline,baseline,baseline,0.000,none,,S2_W4_synonyms,1234567,{},"0.000,0.000,0.000,0.000,0.000,0.000,0.000,0.000,0.000,0.000,0.000,0.000,0.000,0.000,0.000,0.000,0.000,0.000,0.000,0.000,0.000,0.000,0.000,0.000,0.000,0.000,0.000,0.000,0.000,0.000,0.000,0.000,0.000,0.000",S2_W4_synonyms_baseline_krea2_seed1234567,S2_W4_synonyms_baseline_krea2_seed1234567_00001_.png,"A fantasy scene with the quality of a dream, taken by a camera placed exactly overhead and aimed straight down at a slender, worn wooden canoe floating across an enormous, deep pond of lotuses. The whole boat can be seen, sitting close to the middle of the frame, ringed by huge circular lotus pads of varied sizes. In it a young woman lies asleep on her back, stretched along the boat, calm and at rest. Her face is tilted softly to one side and her long, dark, wavy hair fans out over the wooden planks. One of her arms is folded above her head; the other lies over her chest and holds a little closed book. She is dressed in a flowing gown of ivory, its soft layers of fabric spilling around her legs, and her bare feet show near the back of the canoe. Pale pink lotus flowers and buds rise among thick emerald leaves. Around the boat, a glowing turquoise gap in the plants shows clear water, rocks under the surface and fine rippling caustic light beneath. Toward its borders the pond grows steadily darker, turning deep teal, petrol and the blue of a midnight sky. An elegant fantasy painting with smooth digital brush strokes, lush botanical detail, gently sculpted shapes, delicate glowing highlights, a sense of atmospheric depth, graceful shifts of colour, calm enchanted light, peaceful and enigmatic, prize-winning, a stunning masterpiece.",Real Value,euler_ancestral,simple,9,1.0,1.0,1024,1280
372,perturbation,blk00_pos_d0.300,0,0.300,pos,,S2_W4_synonyms,1234567,"{""0"": 0.3}","0.300,0.000,0.000,0.000,0.000,0.000,0.000,0.000,0.000,0.000,0.000,0.000,0.000,0.000,0.000,0.000,0.000,0.000,0.000,0.000,0.000,0.000,0.000,0.000,0.000,0.000,0.000,0.000,0.000,0.000,0.000,0.000,0.000,0.000",S2_W4_synonyms_blk00_pos_d0.300_krea2_seed1234567,S2_W4_synonyms_blk00_pos_d0.300_krea2_seed1234567_00001_.png,"A fantasy scene with the quality of a dream, taken by a camera placed exactly overhead and aimed straight down at a slender, worn wooden canoe floating across an enormous, deep pond of lotuses. The whole boat can be seen, sitting close to the middle of the frame, ringed by huge circular lotus pads of varied sizes. In it a young woman lies asleep on her back, stretched along the boat, calm and at rest. Her face is tilted softly to one side and her long, dark, wavy hair fans out over the wooden planks. One of her arms is folded above her head; the other lies over her chest and holds a little closed book. She is dressed in a flowing gown of ivory, its soft layers of fabric spilling around her legs, and her bare feet show near the back of the canoe. Pale pink lotus flowers and buds rise among thick emerald leaves. Around the boat, a glowing turquoise gap in the plants shows clear water, rocks under the surface and fine rippling caustic light beneath. Toward its borders the pond grows steadily darker, turning deep teal, petrol and the blue of a midnight sky. An elegant fantasy painting with smooth digital brush strokes, lush botanical detail, gently sculpted shapes, delicate glowing highlights, a sense of atmospheric depth, graceful shifts of colour, calm enchanted light, peaceful and enigmatic, prize-winning, a stunning masterpiece.",Real Value,euler_ancestral,simple,9,1.0,1.0,1024,1280
373,perturbation,blk00_neg_d0.250,0,0.250,neg,,S2_W4_synonyms,1234567,"{""0"": -0.25}","-0.250,0.000,0.000,0.000,0.000,0.000,0.000,0.000,0.000,0.000,0.000,0.000,0.000,0.000,0.000,0.000,0.000,0.000,0.000,0.000,0.000,0.000,0.000,0.000,0.000,0.000,0.000,0.000,0.000,0.000,0.000,0.000,0.000,0.000",S2_W4_synonyms_blk00_neg_d0.250_krea2_seed1234567,S2_W4_synonyms_blk00_neg_d0.250_krea2_seed1234567_00001_.png,"A fantasy scene with the quality of a dream, taken by a camera placed exactly overhead and aimed straight down at a slender, worn wooden canoe floating across an enormous, deep pond of lotuses. The whole boat can be seen, sitting close to the middle of the frame, ringed by huge circular lotus pads of varied sizes. In it a young woman lies asleep on her back, stretched along the boat, calm and at rest. Her face is tilted softly to one side and her long, dark, wavy hair fans out over the wooden planks. One of her arms is folded above her head; the other lies over her chest and holds a little closed book. She is dressed in a flowing gown of ivory, its soft layers of fabric spilling around her legs, and her bare feet show near the back of the canoe. Pale pink lotus flowers and buds rise among thick emerald leaves. Around the boat, a glowing turquoise gap in the plants shows clear water, rocks under the surface and fine rippling caustic light beneath. Toward its borders the pond grows steadily darker, turning deep teal, petrol and the blue of a midnight sky. An elegant fantasy painting with smooth digital brush strokes, lush botanical detail, gently sculpted shapes, delicate glowing highlights, a sense of atmospheric depth, graceful shifts of colour, calm enchanted light, peaceful and enigmatic, prize-winning, a stunning masterpiece.",Real Value,euler_ancestral,simple,9,1.0,1.0,1024,1280
374,perturbation,blk27_pos_d0.100,27,0.100,pos,,S2_W4_synonyms,1234567,"{""27"": 0.1}","0.000,0.000,0.000,0.000,0.000,0.000,0.000,0.000,0.000,0.000,0.000,0.000,0.000,0.000,0.000,0.000,0.000,0.000,0.000,0.000,0.000,0.000,0.000,0.000,0.000,0.000,0.000,0.100,0.000,0.000,0.000,0.000,0.000,0.000",S2_W4_synonyms_blk27_pos_d0.100_krea2_seed1234567,S2_W4_synonyms_blk27_pos_d0.100_krea2_seed1234567_00001_.png,"A fantasy scene with the quality of a dream, taken by a camera placed exactly overhead and aimed straight down at a slender, worn wooden canoe floating across an enormous, deep pond of lotuses. The whole boat can be seen, sitting close to the middle of the frame, ringed by huge circular lotus pads of varied sizes. In it a young woman lies asleep on her back, stretched along the boat, calm and at rest. Her face is tilted softly to one side and her long, dark, wavy hair fans out over the wooden planks. One of her arms is folded above her head; the other lies over her chest and holds a little closed book. She is dressed in a flowing gown of ivory, its soft layers of fabric spilling around her legs, and her bare feet show near the back of the canoe. Pale pink lotus flowers and buds rise among thick emerald leaves. Around the boat, a glowing turquoise gap in the plants shows clear water, rocks under the surface and fine rippling caustic light beneath. Toward its borders the pond grows steadily darker, turning deep teal, petrol and the blue of a midnight sky. An elegant fantasy painting with smooth digital brush strokes, lush botanical detail, gently sculpted shapes, delicate glowing highlights, a sense of atmospheric depth, graceful shifts of colour, calm enchanted light, peaceful and enigmatic, prize-winning, a stunning masterpiece.",Real Value,euler_ancestral,simple,9,1.0,1.0,1024,1280
375,perturbation,blk27_neg_d0.075,27,0.075,neg,,S2_W4_synonyms,1234567,"{""27"": -0.075}","0.000,0.000,0.000,0.000,0.000,0.000,0.000,0.000,0.000,0.000,0.000,0.000,0.000,0.000,0.000,0.000,0.000,0.000,0.000,0.000,0.000,0.000,0.000,0.000,0.000,0.000,0.000,-0.075,0.000,0.000,0.000,0.000,0.000,0.000",S2_W4_synonyms_blk27_neg_d0.075_krea2_seed1234567,S2_W4_synonyms_blk27_neg_d0.075_krea2_seed1234567_00001_.png,"A fantasy scene with the quality of a dream, taken by a camera placed exactly overhead and aimed straight down at a slender, worn wooden canoe floating across an enormous, deep pond of lotuses. The whole boat can be seen, sitting close to the middle of the frame, ringed by huge circular lotus pads of varied sizes. In it a young woman lies asleep on her back, stretched along the boat, calm and at rest. Her face is tilted softly to one side and her long, dark, wavy hair fans out over the wooden planks. One of her arms is folded above her head; the other lies over her chest and holds a little closed book. She is dressed in a flowing gown of ivory, its soft layers of fabric spilling around her legs, and her bare feet show near the back of the canoe. Pale pink lotus flowers and buds rise among thick emerald leaves. Around the boat, a glowing turquoise gap in the plants shows clear water, rocks under the surface and fine rippling caustic light beneath. Toward its borders the pond grows steadily darker, turning deep teal, petrol and the blue of a midnight sky. An elegant fantasy painting with smooth digital brush strokes, lush botanical detail, gently sculpted shapes, delicate glowing highlights, a sense of atmospheric depth, graceful shifts of colour, calm enchanted light, peaceful and enigmatic, prize-winning, a stunning masterpiece.",Real Value,euler_ancestral,simple,9,1.0,1.0,1024,1280
376,perturbation,blk02_pos_d0.350,2,0.350,pos,,S2_C1_oldman,1234567,"{""2"": 0.35}","0.000,0.000,0.350,0.000,0.000,0.000,0.000,0.000,0.000,0.000,0.000,0.000,0.000,0.000,0.000,0.000,0.000,0.000,0.000,0.000,0.000,0.000,0.000,0.000,0.000,0.000,0.000,0.000,0.000,0.000,0.000,0.000,0.000,0.000",S2_C1_oldman_blk02_pos_d0.350_krea2_seed1234567,S2_C1_oldman_blk02_pos_d0.350_krea2_seed1234567_00001_.png,"Dreamlike top down fantasy scene viewed from a perfectly vertical overhead camera, looking straight down onto a narrow weathered wooden canoe drifting through a vast deep lotus pond. The entire canoe is visible and positioned near the center, surrounded by immense round lotus leaves in many sizes. Inside, an old bearded man sleeps peacefully on his back along the length of the boat. His head is turned gently to one side, long grey beard spread across the wooden boards. One arm bends above her head while the other rests across her torso holding a small wooden flute. He wears a loose grey robe with heavy folds of fabric around his legs, his bare feet visible near the stern. Pale pink lotus blossoms and buds emerge between dense emerald leaves. A luminous turquoise opening in the vegetation surrounds the canoe, revealing clear water, submerged rocks and delicate caustic light patterns below. The pond becomes progressively darker toward the edges, shifting into deep teal, petrol and midnight blue. Refined fantasy illustration, smooth painterly digital brushwork, rich botanical detail, softly modeled forms, subtle luminous highlights, atmospheric depth, elegant color transitions, tranquil magical light, serene and mysterious, award winning, a breathtaking masterpiece",Real Value,euler_ancestral,simple,9,1.0,1.0,1024,1280
377,perturbation,blk02_neg_d0.350,2,0.350,neg,,S2_C1_oldman,1234567,"{""2"": -0.35}","0.000,0.000,-0.350,0.000,0.000,0.000,0.000,0.000,0.000,0.000,0.000,0.000,0.000,0.000,0.000,0.000,0.000,0.000,0.000,0.000,0.000,0.000,0.000,0.000,0.000,0.000,0.000,0.000,0.000,0.000,0.000,0.000,0.000,0.000",S2_C1_oldman_blk02_neg_d0.350_krea2_seed1234567,S2_C1_oldman_blk02_neg_d0.350_krea2_seed1234567_00001_.png,"Dreamlike top down fantasy scene viewed from a perfectly vertical overhead camera, looking straight down onto a narrow weathered wooden canoe drifting through a vast deep lotus pond. The entire canoe is visible and positioned near the center, surrounded by immense round lotus leaves in many sizes. Inside, an old bearded man sleeps peacefully on his back along the length of the boat. His head is turned gently to one side, long grey beard spread across the wooden boards. One arm bends above her head while the other rests across her torso holding a small wooden flute. He wears a loose grey robe with heavy folds of fabric around his legs, his bare feet visible near the stern. Pale pink lotus blossoms and buds emerge between dense emerald leaves. A luminous turquoise opening in the vegetation surrounds the canoe, revealing clear water, submerged rocks and delicate caustic light patterns below. The pond becomes progressively darker toward the edges, shifting into deep teal, petrol and midnight blue. Refined fantasy illustration, smooth painterly digital brushwork, rich botanical detail, softly modeled forms, subtle luminous highlights, atmospheric depth, elegant color transitions, tranquil magical light, serene and mysterious, award winning, a breathtaking masterpiece",Real Value,euler_ancestral,simple,9,1.0,1.0,1024,1280
378,perturbation,blk05_pos_d0.350,5,0.350,pos,,S2_C1_oldman,1234567,"{""5"": 0.35}","0.000,0.000,0.000,0.000,0.000,0.350,0.000,0.000,0.000,0.000,0.000,0.000,0.000,0.000,0.000,0.000,0.000,0.000,0.000,0.000,0.000,0.000,0.000,0.000,0.000,0.000,0.000,0.000,0.000,0.000,0.000,0.000,0.000,0.000",S2_C1_oldman_blk05_pos_d0.350_krea2_seed1234567,S2_C1_oldman_blk05_pos_d0.350_krea2_seed1234567_00001_.png,"Dreamlike top down fantasy scene viewed from a perfectly vertical overhead camera, looking straight down onto a narrow weathered wooden canoe drifting through a vast deep lotus pond. The entire canoe is visible and positioned near the center, surrounded by immense round lotus leaves in many sizes. Inside, an old bearded man sleeps peacefully on his back along the length of the boat. His head is turned gently to one side, long grey beard spread across the wooden boards. One arm bends above her head while the other rests across her torso holding a small wooden flute. He wears a loose grey robe with heavy folds of fabric around his legs, his bare feet visible near the stern. Pale pink lotus blossoms and buds emerge between dense emerald leaves. A luminous turquoise opening in the vegetation surrounds the canoe, revealing clear water, submerged rocks and delicate caustic light patterns below. The pond becomes progressively darker toward the edges, shifting into deep teal, petrol and midnight blue. Refined fantasy illustration, smooth painterly digital brushwork, rich botanical detail, softly modeled forms, subtle luminous highlights, atmospheric depth, elegant color transitions, tranquil magical light, serene and mysterious, award winning, a breathtaking masterpiece",Real Value,euler_ancestral,simple,9,1.0,1.0,1024,1280
379,perturbation,blk05_neg_d0.350,5,0.350,neg,,S2_C1_oldman,1234567,"{""5"": -0.35}","0.000,0.000,0.000,0.000,0.000,-0.350,0.000,0.000,0.000,0.000,0.000,0.000,0.000,0.000,0.000,0.000,0.000,0.000,0.000,0.000,0.000,0.000,0.000,0.000,0.000,0.000,0.000,0.000,0.000,0.000,0.000,0.000,0.000,0.000",S2_C1_oldman_blk05_neg_d0.350_krea2_seed1234567,S2_C1_oldman_blk05_neg_d0.350_krea2_seed1234567_00001_.png,"Dreamlike top down fantasy scene viewed from a perfectly vertical overhead camera, looking straight down onto a narrow weathered wooden canoe drifting through a vast deep lotus pond. The entire canoe is visible and positioned near the center, surrounded by immense round lotus leaves in many sizes. Inside, an old bearded man sleeps peacefully on his back along the length of the boat. His head is turned gently to one side, long grey beard spread across the wooden boards. One arm bends above her head while the other rests across her torso holding a small wooden flute. He wears a loose grey robe with heavy folds of fabric around his legs, his bare feet visible near the stern. Pale pink lotus blossoms and buds emerge between dense emerald leaves. A luminous turquoise opening in the vegetation surrounds the canoe, revealing clear water, submerged rocks and delicate caustic light patterns below. The pond becomes progressively darker toward the edges, shifting into deep teal, petrol and midnight blue. Refined fantasy illustration, smooth painterly digital brushwork, rich botanical detail, softly modeled forms, subtle luminous highlights, atmospheric depth, elegant color transitions, tranquil magical light, serene and mysterious, award winning, a breathtaking masterpiece",Real Value,euler_ancestral,simple,9,1.0,1.0,1024,1280
380,perturbation,blk08_pos_d0.350,8,0.350,pos,,S2_C1_oldman,1234567,"{""8"": 0.35}","0.000,0.000,0.000,0.000,0.000,0.000,0.000,0.000,0.350,0.000,0.000,0.000,0.000,0.000,0.000,0.000,0.000,0.000,0.000,0.000,0.000,0.000,0.000,0.000,0.000,0.000,0.000,0.000,0.000,0.000,0.000,0.000,0.000,0.000",S2_C1_oldman_blk08_pos_d0.350_krea2_seed1234567,S2_C1_oldman_blk08_pos_d0.350_krea2_seed1234567_00001_.png,"Dreamlike top down fantasy scene viewed from a perfectly vertical overhead camera, looking straight down onto a narrow weathered wooden canoe drifting through a vast deep lotus pond. The entire canoe is visible and positioned near the center, surrounded by immense round lotus leaves in many sizes. Inside, an old bearded man sleeps peacefully on his back along the length of the boat. His head is turned gently to one side, long grey beard spread across the wooden boards. One arm bends above her head while the other rests across her torso holding a small wooden flute. He wears a loose grey robe with heavy folds of fabric around his legs, his bare feet visible near the stern. Pale pink lotus blossoms and buds emerge between dense emerald leaves. A luminous turquoise opening in the vegetation surrounds the canoe, revealing clear water, submerged rocks and delicate caustic light patterns below. The pond becomes progressively darker toward the edges, shifting into deep teal, petrol and midnight blue. Refined fantasy illustration, smooth painterly digital brushwork, rich botanical detail, softly modeled forms, subtle luminous highlights, atmospheric depth, elegant color transitions, tranquil magical light, serene and mysterious, award winning, a breathtaking masterpiece",Real Value,euler_ancestral,simple,9,1.0,1.0,1024,1280
381,perturbation,blk08_neg_d0.350,8,0.350,neg,,S2_C1_oldman,1234567,"{""8"": -0.35}","0.000,0.000,0.000,0.000,0.000,0.000,0.000,0.000,-0.350,0.000,0.000,0.000,0.000,0.000,0.000,0.000,0.000,0.000,0.000,0.000,0.000,0.000,0.000,0.000,0.000,0.000,0.000,0.000,0.000,0.000,0.000,0.000,0.000,0.000",S2_C1_oldman_blk08_neg_d0.350_krea2_seed1234567,S2_C1_oldman_blk08_neg_d0.350_krea2_seed1234567_00001_.png,"Dreamlike top down fantasy scene viewed from a perfectly vertical overhead camera, looking straight down onto a narrow weathered wooden canoe drifting through a vast deep lotus pond. The entire canoe is visible and positioned near the center, surrounded by immense round lotus leaves in many sizes. Inside, an old bearded man sleeps peacefully on his back along the length of the boat. His head is turned gently to one side, long grey beard spread across the wooden boards. One arm bends above her head while the other rests across her torso holding a small wooden flute. He wears a loose grey robe with heavy folds of fabric around his legs, his bare feet visible near the stern. Pale pink lotus blossoms and buds emerge between dense emerald leaves. A luminous turquoise opening in the vegetation surrounds the canoe, revealing clear water, submerged rocks and delicate caustic light patterns below. The pond becomes progressively darker toward the edges, shifting into deep teal, petrol and midnight blue. Refined fantasy illustration, smooth painterly digital brushwork, rich botanical detail, softly modeled forms, subtle luminous highlights, atmospheric depth, elegant color transitions, tranquil magical light, serene and mysterious, award winning, a breathtaking masterpiece",Real Value,euler_ancestral,simple,9,1.0,1.0,1024,1280
382,perturbation,blk09_pos_d0.350,9,0.350,pos,,S2_C1_oldman,1234567,"{""9"": 0.35}","0.000,0.000,0.000,0.000,0.000,0.000,0.000,0.000,0.000,0.350,0.000,0.000,0.000,0.000,0.000,0.000,0.000,0.000,0.000,0.000,0.000,0.000,0.000,0.000,0.000,0.000,0.000,0.000,0.000,0.000,0.000,0.000,0.000,0.000",S2_C1_oldman_blk09_pos_d0.350_krea2_seed1234567,S2_C1_oldman_blk09_pos_d0.350_krea2_seed1234567_00001_.png,"Dreamlike top down fantasy scene viewed from a perfectly vertical overhead camera, looking straight down onto a narrow weathered wooden canoe drifting through a vast deep lotus pond. The entire canoe is visible and positioned near the center, surrounded by immense round lotus leaves in many sizes. Inside, an old bearded man sleeps peacefully on his back along the length of the boat. His head is turned gently to one side, long grey beard spread across the wooden boards. One arm bends above her head while the other rests across her torso holding a small wooden flute. He wears a loose grey robe with heavy folds of fabric around his legs, his bare feet visible near the stern. Pale pink lotus blossoms and buds emerge between dense emerald leaves. A luminous turquoise opening in the vegetation surrounds the canoe, revealing clear water, submerged rocks and delicate caustic light patterns below. The pond becomes progressively darker toward the edges, shifting into deep teal, petrol and midnight blue. Refined fantasy illustration, smooth painterly digital brushwork, rich botanical detail, softly modeled forms, subtle luminous highlights, atmospheric depth, elegant color transitions, tranquil magical light, serene and mysterious, award winning, a breathtaking masterpiece",Real Value,euler_ancestral,simple,9,1.0,1.0,1024,1280
383,perturbation,blk09_neg_d0.350,9,0.350,neg,,S2_C1_oldman,1234567,"{""9"": -0.35}","0.000,0.000,0.000,0.000,0.000,0.000,0.000,0.000,0.000,-0.350,0.000,0.000,0.000,0.000,0.000,0.000,0.000,0.000,0.000,0.000,0.000,0.000,0.000,0.000,0.000,0.000,0.000,0.000,0.000,0.000,0.000,0.000,0.000,0.000",S2_C1_oldman_blk09_neg_d0.350_krea2_seed1234567,S2_C1_oldman_blk09_neg_d0.350_krea2_seed1234567_00001_.png,"Dreamlike top down fantasy scene viewed from a perfectly vertical overhead camera, looking straight down onto a narrow weathered wooden canoe drifting through a vast deep lotus pond. The entire canoe is visible and positioned near the center, surrounded by immense round lotus leaves in many sizes. Inside, an old bearded man sleeps peacefully on his back along the length of the boat. His head is turned gently to one side, long grey beard spread across the wooden boards. One arm bends above her head while the other rests across her torso holding a small wooden flute. He wears a loose grey robe with heavy folds of fabric around his legs, his bare feet visible near the stern. Pale pink lotus blossoms and buds emerge between dense emerald leaves. A luminous turquoise opening in the vegetation surrounds the canoe, revealing clear water, submerged rocks and delicate caustic light patterns below. The pond becomes progressively darker toward the edges, shifting into deep teal, petrol and midnight blue. Refined fantasy illustration, smooth painterly digital brushwork, rich botanical detail, softly modeled forms, subtle luminous highlights, atmospheric depth, elegant color transitions, tranquil magical light, serene and mysterious, award winning, a breathtaking masterpiece",Real Value,euler_ancestral,simple,9,1.0,1.0,1024,1280
384,perturbation,blk12_pos_d0.350,12,0.350,pos,,S2_C1_oldman,1234567,"{""12"": 0.35}","0.000,0.000,0.000,0.000,0.000,0.000,0.000,0.000,0.000,0.000,0.000,0.000,0.350,0.000,0.000,0.000,0.000,0.000,0.000,0.000,0.000,0.000,0.000,0.000,0.000,0.000,0.000,0.000,0.000,0.000,0.000,0.000,0.000,0.000",S2_C1_oldman_blk12_pos_d0.350_krea2_seed1234567,S2_C1_oldman_blk12_pos_d0.350_krea2_seed1234567_00001_.png,"Dreamlike top down fantasy scene viewed from a perfectly vertical overhead camera, looking straight down onto a narrow weathered wooden canoe drifting through a vast deep lotus pond. The entire canoe is visible and positioned near the center, surrounded by immense round lotus leaves in many sizes. Inside, an old bearded man sleeps peacefully on his back along the length of the boat. His head is turned gently to one side, long grey beard spread across the wooden boards. One arm bends above her head while the other rests across her torso holding a small wooden flute. He wears a loose grey robe with heavy folds of fabric around his legs, his bare feet visible near the stern. Pale pink lotus blossoms and buds emerge between dense emerald leaves. A luminous turquoise opening in the vegetation surrounds the canoe, revealing clear water, submerged rocks and delicate caustic light patterns below. The pond becomes progressively darker toward the edges, shifting into deep teal, petrol and midnight blue. Refined fantasy illustration, smooth painterly digital brushwork, rich botanical detail, softly modeled forms, subtle luminous highlights, atmospheric depth, elegant color transitions, tranquil magical light, serene and mysterious, award winning, a breathtaking masterpiece",Real Value,euler_ancestral,simple,9,1.0,1.0,1024,1280
385,perturbation,blk12_neg_d0.350,12,0.350,neg,,S2_C1_oldman,1234567,"{""12"": -0.35}","0.000,0.000,0.000,0.000,0.000,0.000,0.000,0.000,0.000,0.000,0.000,0.000,-0.350,0.000,0.000,0.000,0.000,0.000,0.000,0.000,0.000,0.000,0.000,0.000,0.000,0.000,0.000,0.000,0.000,0.000,0.000,0.000,0.000,0.000",S2_C1_oldman_blk12_neg_d0.350_krea2_seed1234567,S2_C1_oldman_blk12_neg_d0.350_krea2_seed1234567_00001_.png,"Dreamlike top down fantasy scene viewed from a perfectly vertical overhead camera, looking straight down onto a narrow weathered wooden canoe drifting through a vast deep lotus pond. The entire canoe is visible and positioned near the center, surrounded by immense round lotus leaves in many sizes. Inside, an old bearded man sleeps peacefully on his back along the length of the boat. His head is turned gently to one side, long grey beard spread across the wooden boards. One arm bends above her head while the other rests across her torso holding a small wooden flute. He wears a loose grey robe with heavy folds of fabric around his legs, his bare feet visible near the stern. Pale pink lotus blossoms and buds emerge between dense emerald leaves. A luminous turquoise opening in the vegetation surrounds the canoe, revealing clear water, submerged rocks and delicate caustic light patterns below. The pond becomes progressively darker toward the edges, shifting into deep teal, petrol and midnight blue. Refined fantasy illustration, smooth painterly digital brushwork, rich botanical detail, softly modeled forms, subtle luminous highlights, atmospheric depth, elegant color transitions, tranquil magical light, serene and mysterious, award winning, a breathtaking masterpiece",Real Value,euler_ancestral,simple,9,1.0,1.0,1024,1280
386,perturbation,blk13_pos_d0.350,13,0.350,pos,,S2_C1_oldman,1234567,"{""13"": 0.35}","0.000,0.000,0.000,0.000,0.000,0.000,0.000,0.000,0.000,0.000,0.000,0.000,0.000,0.350,0.000,0.000,0.000,0.000,0.000,0.000,0.000,0.000,0.000,0.000,0.000,0.000,0.000,0.000,0.000,0.000,0.000,0.000,0.000,0.000",S2_C1_oldman_blk13_pos_d0.350_krea2_seed1234567,S2_C1_oldman_blk13_pos_d0.350_krea2_seed1234567_00001_.png,"Dreamlike top down fantasy scene viewed from a perfectly vertical overhead camera, looking straight down onto a narrow weathered wooden canoe drifting through a vast deep lotus pond. The entire canoe is visible and positioned near the center, surrounded by immense round lotus leaves in many sizes. Inside, an old bearded man sleeps peacefully on his back along the length of the boat. His head is turned gently to one side, long grey beard spread across the wooden boards. One arm bends above her head while the other rests across her torso holding a small wooden flute. He wears a loose grey robe with heavy folds of fabric around his legs, his bare feet visible near the stern. Pale pink lotus blossoms and buds emerge between dense emerald leaves. A luminous turquoise opening in the vegetation surrounds the canoe, revealing clear water, submerged rocks and delicate caustic light patterns below. The pond becomes progressively darker toward the edges, shifting into deep teal, petrol and midnight blue. Refined fantasy illustration, smooth painterly digital brushwork, rich botanical detail, softly modeled forms, subtle luminous highlights, atmospheric depth, elegant color transitions, tranquil magical light, serene and mysterious, award winning, a breathtaking masterpiece",Real Value,euler_ancestral,simple,9,1.0,1.0,1024,1280
387,perturbation,blk13_neg_d0.350,13,0.350,neg,,S2_C1_oldman,1234567,"{""13"": -0.35}","0.000,0.000,0.000,0.000,0.000,0.000,0.000,0.000,0.000,0.000,0.000,0.000,0.000,-0.350,0.000,0.000,0.000,0.000,0.000,0.000,0.000,0.000,0.000,0.000,0.000,0.000,0.000,0.000,0.000,0.000,0.000,0.000,0.000,0.000",S2_C1_oldman_blk13_neg_d0.350_krea2_seed1234567,S2_C1_oldman_blk13_neg_d0.350_krea2_seed1234567_00001_.png,"Dreamlike top down fantasy scene viewed from a perfectly vertical overhead camera, looking straight down onto a narrow weathered wooden canoe drifting through a vast deep lotus pond. The entire canoe is visible and positioned near the center, surrounded by immense round lotus leaves in many sizes. Inside, an old bearded man sleeps peacefully on his back along the length of the boat. His head is turned gently to one side, long grey beard spread across the wooden boards. One arm bends above her head while the other rests across her torso holding a small wooden flute. He wears a loose grey robe with heavy folds of fabric around his legs, his bare feet visible near the stern. Pale pink lotus blossoms and buds emerge between dense emerald leaves. A luminous turquoise opening in the vegetation surrounds the canoe, revealing clear water, submerged rocks and delicate caustic light patterns below. The pond becomes progressively darker toward the edges, shifting into deep teal, petrol and midnight blue. Refined fantasy illustration, smooth painterly digital brushwork, rich botanical detail, softly modeled forms, subtle luminous highlights, atmospheric depth, elegant color transitions, tranquil magical light, serene and mysterious, award winning, a breathtaking masterpiece",Real Value,euler_ancestral,simple,9,1.0,1.0,1024,1280
388,perturbation,blk15_pos_d0.350,15,0.350,pos,,S2_C1_oldman,1234567,"{""15"": 0.35}","0.000,0.000,0.000,0.000,0.000,0.000,0.000,0.000,0.000,0.000,0.000,0.000,0.000,0.000,0.000,0.350,0.000,0.000,0.000,0.000,0.000,0.000,0.000,0.000,0.000,0.000,0.000,0.000,0.000,0.000,0.000,0.000,0.000,0.000",S2_C1_oldman_blk15_pos_d0.350_krea2_seed1234567,S2_C1_oldman_blk15_pos_d0.350_krea2_seed1234567_00001_.png,"Dreamlike top down fantasy scene viewed from a perfectly vertical overhead camera, looking straight down onto a narrow weathered wooden canoe drifting through a vast deep lotus pond. The entire canoe is visible and positioned near the center, surrounded by immense round lotus leaves in many sizes. Inside, an old bearded man sleeps peacefully on his back along the length of the boat. His head is turned gently to one side, long grey beard spread across the wooden boards. One arm bends above her head while the other rests across her torso holding a small wooden flute. He wears a loose grey robe with heavy folds of fabric around his legs, his bare feet visible near the stern. Pale pink lotus blossoms and buds emerge between dense emerald leaves. A luminous turquoise opening in the vegetation surrounds the canoe, revealing clear water, submerged rocks and delicate caustic light patterns below. The pond becomes progressively darker toward the edges, shifting into deep teal, petrol and midnight blue. Refined fantasy illustration, smooth painterly digital brushwork, rich botanical detail, softly modeled forms, subtle luminous highlights, atmospheric depth, elegant color transitions, tranquil magical light, serene and mysterious, award winning, a breathtaking masterpiece",Real Value,euler_ancestral,simple,9,1.0,1.0,1024,1280
389,perturbation,blk15_neg_d0.350,15,0.350,neg,,S2_C1_oldman,1234567,"{""15"": -0.35}","0.000,0.000,0.000,0.000,0.000,0.000,0.000,0.000,0.000,0.000,0.000,0.000,0.000,0.000,0.000,-0.350,0.000,0.000,0.000,0.000,0.000,0.000,0.000,0.000,0.000,0.000,0.000,0.000,0.000,0.000,0.000,0.000,0.000,0.000",S2_C1_oldman_blk15_neg_d0.350_krea2_seed1234567,S2_C1_oldman_blk15_neg_d0.350_krea2_seed1234567_00001_.png,"Dreamlike top down fantasy scene viewed from a perfectly vertical overhead camera, looking straight down onto a narrow weathered wooden canoe drifting through a vast deep lotus pond. The entire canoe is visible and positioned near the center, surrounded by immense round lotus leaves in many sizes. Inside, an old bearded man sleeps peacefully on his back along the length of the boat. His head is turned gently to one side, long grey beard spread across the wooden boards. One arm bends above her head while the other rests across her torso holding a small wooden flute. He wears a loose grey robe with heavy folds of fabric around his legs, his bare feet visible near the stern. Pale pink lotus blossoms and buds emerge between dense emerald leaves. A luminous turquoise opening in the vegetation surrounds the canoe, revealing clear water, submerged rocks and delicate caustic light patterns below. The pond becomes progressively darker toward the edges, shifting into deep teal, petrol and midnight blue. Refined fantasy illustration, smooth painterly digital brushwork, rich botanical detail, softly modeled forms, subtle luminous highlights, atmospheric depth, elegant color transitions, tranquil magical light, serene and mysterious, award winning, a breathtaking masterpiece",Real Value,euler_ancestral,simple,9,1.0,1.0,1024,1280
390,perturbation,blk17_pos_d0.350,17,0.350,pos,,S2_C1_oldman,1234567,"{""17"": 0.35}","0.000,0.000,0.000,0.000,0.000,0.000,0.000,0.000,0.000,0.000,0.000,0.000,0.000,0.000,0.000,0.000,0.000,0.350,0.000,0.000,0.000,0.000,0.000,0.000,0.000,0.000,0.000,0.000,0.000,0.000,0.000,0.000,0.000,0.000",S2_C1_oldman_blk17_pos_d0.350_krea2_seed1234567,S2_C1_oldman_blk17_pos_d0.350_krea2_seed1234567_00001_.png,"Dreamlike top down fantasy scene viewed from a perfectly vertical overhead camera, looking straight down onto a narrow weathered wooden canoe drifting through a vast deep lotus pond. The entire canoe is visible and positioned near the center, surrounded by immense round lotus leaves in many sizes. Inside, an old bearded man sleeps peacefully on his back along the length of the boat. His head is turned gently to one side, long grey beard spread across the wooden boards. One arm bends above her head while the other rests across her torso holding a small wooden flute. He wears a loose grey robe with heavy folds of fabric around his legs, his bare feet visible near the stern. Pale pink lotus blossoms and buds emerge between dense emerald leaves. A luminous turquoise opening in the vegetation surrounds the canoe, revealing clear water, submerged rocks and delicate caustic light patterns below. The pond becomes progressively darker toward the edges, shifting into deep teal, petrol and midnight blue. Refined fantasy illustration, smooth painterly digital brushwork, rich botanical detail, softly modeled forms, subtle luminous highlights, atmospheric depth, elegant color transitions, tranquil magical light, serene and mysterious, award winning, a breathtaking masterpiece",Real Value,euler_ancestral,simple,9,1.0,1.0,1024,1280
391,perturbation,blk17_neg_d0.350,17,0.350,neg,,S2_C1_oldman,1234567,"{""17"": -0.35}","0.000,0.000,0.000,0.000,0.000,0.000,0.000,0.000,0.000,0.000,0.000,0.000,0.000,0.000,0.000,0.000,0.000,-0.350,0.000,0.000,0.000,0.000,0.000,0.000,0.000,0.000,0.000,0.000,0.000,0.000,0.000,0.000,0.000,0.000",S2_C1_oldman_blk17_neg_d0.350_krea2_seed1234567,S2_C1_oldman_blk17_neg_d0.350_krea2_seed1234567_00001_.png,"Dreamlike top down fantasy scene viewed from a perfectly vertical overhead camera, looking straight down onto a narrow weathered wooden canoe drifting through a vast deep lotus pond. The entire canoe is visible and positioned near the center, surrounded by immense round lotus leaves in many sizes. Inside, an old bearded man sleeps peacefully on his back along the length of the boat. His head is turned gently to one side, long grey beard spread across the wooden boards. One arm bends above her head while the other rests across her torso holding a small wooden flute. He wears a loose grey robe with heavy folds of fabric around his legs, his bare feet visible near the stern. Pale pink lotus blossoms and buds emerge between dense emerald leaves. A luminous turquoise opening in the vegetation surrounds the canoe, revealing clear water, submerged rocks and delicate caustic light patterns below. The pond becomes progressively darker toward the edges, shifting into deep teal, petrol and midnight blue. Refined fantasy illustration, smooth painterly digital brushwork, rich botanical detail, softly modeled forms, subtle luminous highlights, atmospheric depth, elegant color transitions, tranquil magical light, serene and mysterious, award winning, a breathtaking masterpiece",Real Value,euler_ancestral,simple,9,1.0,1.0,1024,1280
392,perturbation,blk19_pos_d0.350,19,0.350,pos,,S2_C1_oldman,1234567,"{""19"": 0.35}","0.000,0.000,0.000,0.000,0.000,0.000,0.000,0.000,0.000,0.000,0.000,0.000,0.000,0.000,0.000,0.000,0.000,0.000,0.000,0.350,0.000,0.000,0.000,0.000,0.000,0.000,0.000,0.000,0.000,0.000,0.000,0.000,0.000,0.000",S2_C1_oldman_blk19_pos_d0.350_krea2_seed1234567,S2_C1_oldman_blk19_pos_d0.350_krea2_seed1234567_00001_.png,"Dreamlike top down fantasy scene viewed from a perfectly vertical overhead camera, looking straight down onto a narrow weathered wooden canoe drifting through a vast deep lotus pond. The entire canoe is visible and positioned near the center, surrounded by immense round lotus leaves in many sizes. Inside, an old bearded man sleeps peacefully on his back along the length of the boat. His head is turned gently to one side, long grey beard spread across the wooden boards. One arm bends above her head while the other rests across her torso holding a small wooden flute. He wears a loose grey robe with heavy folds of fabric around his legs, his bare feet visible near the stern. Pale pink lotus blossoms and buds emerge between dense emerald leaves. A luminous turquoise opening in the vegetation surrounds the canoe, revealing clear water, submerged rocks and delicate caustic light patterns below. The pond becomes progressively darker toward the edges, shifting into deep teal, petrol and midnight blue. Refined fantasy illustration, smooth painterly digital brushwork, rich botanical detail, softly modeled forms, subtle luminous highlights, atmospheric depth, elegant color transitions, tranquil magical light, serene and mysterious, award winning, a breathtaking masterpiece",Real Value,euler_ancestral,simple,9,1.0,1.0,1024,1280
393,perturbation,blk19_neg_d0.350,19,0.350,neg,,S2_C1_oldman,1234567,"{""19"": -0.35}","0.000,0.000,0.000,0.000,0.000,0.000,0.000,0.000,0.000,0.000,0.000,0.000,0.000,0.000,0.000,0.000,0.000,0.000,0.000,-0.350,0.000,0.000,0.000,0.000,0.000,0.000,0.000,0.000,0.000,0.000,0.000,0.000,0.000,0.000",S2_C1_oldman_blk19_neg_d0.350_krea2_seed1234567,S2_C1_oldman_blk19_neg_d0.350_krea2_seed1234567_00001_.png,"Dreamlike top down fantasy scene viewed from a perfectly vertical overhead camera, looking straight down onto a narrow weathered wooden canoe drifting through a vast deep lotus pond. The entire canoe is visible and positioned near the center, surrounded by immense round lotus leaves in many sizes. Inside, an old bearded man sleeps peacefully on his back along the length of the boat. His head is turned gently to one side, long grey beard spread across the wooden boards. One arm bends above her head while the other rests across her torso holding a small wooden flute. He wears a loose grey robe with heavy folds of fabric around his legs, his bare feet visible near the stern. Pale pink lotus blossoms and buds emerge between dense emerald leaves. A luminous turquoise opening in the vegetation surrounds the canoe, revealing clear water, submerged rocks and delicate caustic light patterns below. The pond becomes progressively darker toward the edges, shifting into deep teal, petrol and midnight blue. Refined fantasy illustration, smooth painterly digital brushwork, rich botanical detail, softly modeled forms, subtle luminous highlights, atmospheric depth, elegant color transitions, tranquil magical light, serene and mysterious, award winning, a breathtaking masterpiece",Real Value,euler_ancestral,simple,9,1.0,1.0,1024,1280
394,perturbation,blk23_pos_d0.350,23,0.350,pos,,S2_C1_oldman,1234567,"{""23"": 0.35}","0.000,0.000,0.000,0.000,0.000,0.000,0.000,0.000,0.000,0.000,0.000,0.000,0.000,0.000,0.000,0.000,0.000,0.000,0.000,0.000,0.000,0.000,0.000,0.350,0.000,0.000,0.000,0.000,0.000,0.000,0.000,0.000,0.000,0.000",S2_C1_oldman_blk23_pos_d0.350_krea2_seed1234567,S2_C1_oldman_blk23_pos_d0.350_krea2_seed1234567_00001_.png,"Dreamlike top down fantasy scene viewed from a perfectly vertical overhead camera, looking straight down onto a narrow weathered wooden canoe drifting through a vast deep lotus pond. The entire canoe is visible and positioned near the center, surrounded by immense round lotus leaves in many sizes. Inside, an old bearded man sleeps peacefully on his back along the length of the boat. His head is turned gently to one side, long grey beard spread across the wooden boards. One arm bends above her head while the other rests across her torso holding a small wooden flute. He wears a loose grey robe with heavy folds of fabric around his legs, his bare feet visible near the stern. Pale pink lotus blossoms and buds emerge between dense emerald leaves. A luminous turquoise opening in the vegetation surrounds the canoe, revealing clear water, submerged rocks and delicate caustic light patterns below. The pond becomes progressively darker toward the edges, shifting into deep teal, petrol and midnight blue. Refined fantasy illustration, smooth painterly digital brushwork, rich botanical detail, softly modeled forms, subtle luminous highlights, atmospheric depth, elegant color transitions, tranquil magical light, serene and mysterious, award winning, a breathtaking masterpiece",Real Value,euler_ancestral,simple,9,1.0,1.0,1024,1280
395,perturbation,blk23_neg_d0.350,23,0.350,neg,,S2_C1_oldman,1234567,"{""23"": -0.35}","0.000,0.000,0.000,0.000,0.000,0.000,0.000,0.000,0.000,0.000,0.000,0.000,0.000,0.000,0.000,0.000,0.000,0.000,0.000,0.000,0.000,0.000,0.000,-0.350,0.000,0.000,0.000,0.000,0.000,0.000,0.000,0.000,0.000,0.000",S2_C1_oldman_blk23_neg_d0.350_krea2_seed1234567,S2_C1_oldman_blk23_neg_d0.350_krea2_seed1234567_00001_.png,"Dreamlike top down fantasy scene viewed from a perfectly vertical overhead camera, looking straight down onto a narrow weathered wooden canoe drifting through a vast deep lotus pond. The entire canoe is visible and positioned near the center, surrounded by immense round lotus leaves in many sizes. Inside, an old bearded man sleeps peacefully on his back along the length of the boat. His head is turned gently to one side, long grey beard spread across the wooden boards. One arm bends above her head while the other rests across her torso holding a small wooden flute. He wears a loose grey robe with heavy folds of fabric around his legs, his bare feet visible near the stern. Pale pink lotus blossoms and buds emerge between dense emerald leaves. A luminous turquoise opening in the vegetation surrounds the canoe, revealing clear water, submerged rocks and delicate caustic light patterns below. The pond becomes progressively darker toward the edges, shifting into deep teal, petrol and midnight blue. Refined fantasy illustration, smooth painterly digital brushwork, rich botanical detail, softly modeled forms, subtle luminous highlights, atmospheric depth, elegant color transitions, tranquil magical light, serene and mysterious, award winning, a breathtaking masterpiece",Real Value,euler_ancestral,simple,9,1.0,1.0,1024,1280
396,baseline,baseline,baseline,0.000,none,,S2_C1_oldman,1234567,{},"0.000,0.000,0.000,0.000,0.000,0.000,0.000,0.000,0.000,0.000,0.000,0.000,0.000,0.000,0.000,0.000,0.000,0.000,0.000,0.000,0.000,0.000,0.000,0.000,0.000,0.000,0.000,0.000,0.000,0.000,0.000,0.000,0.000,0.000",S2_C1_oldman_baseline_krea2_seed1234567,S2_C1_oldman_baseline_krea2_seed1234567_00001_.png,"Dreamlike top down fantasy scene viewed from a perfectly vertical overhead camera, looking straight down onto a narrow weathered wooden canoe drifting through a vast deep lotus pond. The entire canoe is visible and positioned near the center, surrounded by immense round lotus leaves in many sizes. Inside, an old bearded man sleeps peacefully on his back along the length of the boat. His head is turned gently to one side, long grey beard spread across the wooden boards. One arm bends above her head while the other rests across her torso holding a small wooden flute. He wears a loose grey robe with heavy folds of fabric around his legs, his bare feet visible near the stern. Pale pink lotus blossoms and buds emerge between dense emerald leaves. A luminous turquoise opening in the vegetation surrounds the canoe, revealing clear water, submerged rocks and delicate caustic light patterns below. The pond becomes progressively darker toward the edges, shifting into deep teal, petrol and midnight blue. Refined fantasy illustration, smooth painterly digital brushwork, rich botanical detail, softly modeled forms, subtle luminous highlights, atmospheric depth, elegant color transitions, tranquil magical light, serene and mysterious, award winning, a breathtaking masterpiece",Real Value,euler_ancestral,simple,9,1.0,1.0,1024,1280
397,perturbation,blk00_pos_d0.300,0,0.300,pos,,S2_C1_oldman,1234567,"{""0"": 0.3}","0.300,0.000,0.000,0.000,0.000,0.000,0.000,0.000,0.000,0.000,0.000,0.000,0.000,0.000,0.000,0.000,0.000,0.000,0.000,0.000,0.000,0.000,0.000,0.000,0.000,0.000,0.000,0.000,0.000,0.000,0.000,0.000,0.000,0.000",S2_C1_oldman_blk00_pos_d0.300_krea2_seed1234567,S2_C1_oldman_blk00_pos_d0.300_krea2_seed1234567_00001_.png,"Dreamlike top down fantasy scene viewed from a perfectly vertical overhead camera, looking straight down onto a narrow weathered wooden canoe drifting through a vast deep lotus pond. The entire canoe is visible and positioned near the center, surrounded by immense round lotus leaves in many sizes. Inside, an old bearded man sleeps peacefully on his back along the length of the boat. His head is turned gently to one side, long grey beard spread across the wooden boards. One arm bends above her head while the other rests across her torso holding a small wooden flute. He wears a loose grey robe with heavy folds of fabric around his legs, his bare feet visible near the stern. Pale pink lotus blossoms and buds emerge between dense emerald leaves. A luminous turquoise opening in the vegetation surrounds the canoe, revealing clear water, submerged rocks and delicate caustic light patterns below. The pond becomes progressively darker toward the edges, shifting into deep teal, petrol and midnight blue. Refined fantasy illustration, smooth painterly digital brushwork, rich botanical detail, softly modeled forms, subtle luminous highlights, atmospheric depth, elegant color transitions, tranquil magical light, serene and mysterious, award winning, a breathtaking masterpiece",Real Value,euler_ancestral,simple,9,1.0,1.0,1024,1280
398,perturbation,blk00_neg_d0.250,0,0.250,neg,,S2_C1_oldman,1234567,"{""0"": -0.25}","-0.250,0.000,0.000,0.000,0.000,0.000,0.000,0.000,0.000,0.000,0.000,0.000,0.000,0.000,0.000,0.000,0.000,0.000,0.000,0.000,0.000,0.000,0.000,0.000,0.000,0.000,0.000,0.000,0.000,0.000,0.000,0.000,0.000,0.000",S2_C1_oldman_blk00_neg_d0.250_krea2_seed1234567,S2_C1_oldman_blk00_neg_d0.250_krea2_seed1234567_00001_.png,"Dreamlike top down fantasy scene viewed from a perfectly vertical overhead camera, looking straight down onto a narrow weathered wooden canoe drifting through a vast deep lotus pond. The entire canoe is visible and positioned near the center, surrounded by immense round lotus leaves in many sizes. Inside, an old bearded man sleeps peacefully on his back along the length of the boat. His head is turned gently to one side, long grey beard spread across the wooden boards. One arm bends above her head while the other rests across her torso holding a small wooden flute. He wears a loose grey robe with heavy folds of fabric around his legs, his bare feet visible near the stern. Pale pink lotus blossoms and buds emerge between dense emerald leaves. A luminous turquoise opening in the vegetation surrounds the canoe, revealing clear water, submerged rocks and delicate caustic light patterns below. The pond becomes progressively darker toward the edges, shifting into deep teal, petrol and midnight blue. Refined fantasy illustration, smooth painterly digital brushwork, rich botanical detail, softly modeled forms, subtle luminous highlights, atmospheric depth, elegant color transitions, tranquil magical light, serene and mysterious, award winning, a breathtaking masterpiece",Real Value,euler_ancestral,simple,9,1.0,1.0,1024,1280
399,perturbation,blk27_pos_d0.100,27,0.100,pos,,S2_C1_oldman,1234567,"{""27"": 0.1}","0.000,0.000,0.000,0.000,0.000,0.000,0.000,0.000,0.000,0.000,0.000,0.000,0.000,0.000,0.000,0.000,0.000,0.000,0.000,0.000,0.000,0.000,0.000,0.000,0.000,0.000,0.000,0.100,0.000,0.000,0.000,0.000,0.000,0.000",S2_C1_oldman_blk27_pos_d0.100_krea2_seed1234567,S2_C1_oldman_blk27_pos_d0.100_krea2_seed1234567_00001_.png,"Dreamlike top down fantasy scene viewed from a perfectly vertical overhead camera, looking straight down onto a narrow weathered wooden canoe drifting through a vast deep lotus pond. The entire canoe is visible and positioned near the center, surrounded by immense round lotus leaves in many sizes. Inside, an old bearded man sleeps peacefully on his back along the length of the boat. His head is turned gently to one side, long grey beard spread across the wooden boards. One arm bends above her head while the other rests across her torso holding a small wooden flute. He wears a loose grey robe with heavy folds of fabric around his legs, his bare feet visible near the stern. Pale pink lotus blossoms and buds emerge between dense emerald leaves. A luminous turquoise opening in the vegetation surrounds the canoe, revealing clear water, submerged rocks and delicate caustic light patterns below. The pond becomes progressively darker toward the edges, shifting into deep teal, petrol and midnight blue. Refined fantasy illustration, smooth painterly digital brushwork, rich botanical detail, softly modeled forms, subtle luminous highlights, atmospheric depth, elegant color transitions, tranquil magical light, serene and mysterious, award winning, a breathtaking masterpiece",Real Value,euler_ancestral,simple,9,1.0,1.0,1024,1280
400,perturbation,blk27_neg_d0.075,27,0.075,neg,,S2_C1_oldman,1234567,"{""27"": -0.075}","0.000,0.000,0.000,0.000,0.000,0.000,0.000,0.000,0.000,0.000,0.000,0.000,0.000,0.000,0.000,0.000,0.000,0.000,0.000,0.000,0.000,0.000,0.000,0.000,0.000,0.000,0.000,-0.075,0.000,0.000,0.000,0.000,0.000,0.000",S2_C1_oldman_blk27_neg_d0.075_krea2_seed1234567,S2_C1_oldman_blk27_neg_d0.075_krea2_seed1234567_00001_.png,"Dreamlike top down fantasy scene viewed from a perfectly vertical overhead camera, looking straight down onto a narrow weathered wooden canoe drifting through a vast deep lotus pond. The entire canoe is visible and positioned near the center, surrounded by immense round lotus leaves in many sizes. Inside, an old bearded man sleeps peacefully on his back along the length of the boat. His head is turned gently to one side, long grey beard spread across the wooden boards. One arm bends above her head while the other rests across her torso holding a small wooden flute. He wears a loose grey robe with heavy folds of fabric around his legs, his bare feet visible near the stern. Pale pink lotus blossoms and buds emerge between dense emerald leaves. A luminous turquoise opening in the vegetation surrounds the canoe, revealing clear water, submerged rocks and delicate caustic light patterns below. The pond becomes progressively darker toward the edges, shifting into deep teal, petrol and midnight blue. Refined fantasy illustration, smooth painterly digital brushwork, rich botanical detail, softly modeled forms, subtle luminous highlights, atmospheric depth, elegant color transitions, tranquil magical light, serene and mysterious, award winning, a breathtaking masterpiece",Real Value,euler_ancestral,simple,9,1.0,1.0,1024,1280
