prompt_id,cond,seed,stroke_width_median_px,stroke_width_std_px,stroke_width_cv,edge_density,contour_mean_length_px,contour_n_components,crosshatch_entropy_mean,crosshatch_entropy_p90,color_top4_cluster_share,color_cluster_entropy_norm,color_n_effective,colorfulness_hs,luminance_hist_n_peaks,shadow_edge_transition_width_px,shadow_edge_transition_width_std,glcm_contrast,glcm_homogeneity,glcm_energy,glcm_correlation,lbp_entropy,lbp_uniform_share,fft_radial_slope,fft_high_freq_share
S1_W1_original,baseline,3141592,4.0,2.3316640853881836,0.5829160213470459,0.0932403564453125,115.73106060606061,1056,2.639761447906494,3.560413122177124,0.66785,0.7984314280593846,9.149708061388555,46.063758850097656,4,13.0,6.075810885622781,10.6293782525097,0.7711166853337941,0.2654645286736701,0.9629617198529943,2.6755393333103665,0.8994834899902344,-3.5686888282819287,5.4545951648103624e-06
S1_W1_original,baseline,1234567,2.799999952316284,2.1930389404296875,0.7832282063488996,0.10570220947265625,105.8411000763942,1309,2.7993502616882324,3.69612455368042,0.6701999999999999,0.8192404090734284,9.69312352343196,43.13957595825195,3,14.0,6.353021102606915,10.596528970118536,0.7521383542411781,0.24043574159783826,0.9621777121427048,2.7875006231965496,0.8951545715332032,-3.523238310371593,7.070341434689297e-06
S1_W1_original,blk00_neg_d0.250,3141592,4.393799781799316,2.485682964324951,0.5657251326338391,0.09758987426757812,92.42268786127168,1384,3.1110692024230957,3.8363420963287354,0.6547000000000001,0.8118817987405472,9.497364309238447,45.70000076293945,2,17.0,5.854915892887085,13.175057300872943,0.7383581750532446,0.2583217538881407,0.9556376798522995,2.72978057706205,0.9596054077148437,-3.613307387980427,5.814246855588761e-06
S1_W1_original,blk00_neg_d0.250,1234567,4.0,2.3044674396514893,0.5761168599128723,0.107135009765625,87.00371747211896,1614,3.1405346393585205,3.8659825325012207,0.6415000000000001,0.8417719722658031,10.317974557692823,49.531654357910156,3,18.0,5.833273031892892,13.106703751537964,0.7232046531071076,0.2365096596947907,0.951150672886999,2.795098081663702,0.9552322387695313,-3.5578419245002175,7.652110762171056e-06
S1_W1_original,blk00_pos_d0.300,3141592,2.799999952316284,2.2802255153656006,0.8143662693562894,0.09050216674804687,67.20849858356941,1765,2.562828540802002,3.4903953075408936,0.6877,0.7647425891583968,8.333776194408225,38.951698303222656,2,15.0,6.0887695898780425,8.023635443552402,0.8121682306719761,0.4148268103383362,0.9724080942036717,2.396273788121575,0.9046096801757812,-3.535218039375532,4.505133801375591e-06
S1_W1_original,blk00_pos_d0.300,1234567,2.799999952316284,2.117154359817505,0.756126569954439,0.11092147827148438,91.15172413793104,1595,2.569842576980591,3.5130624771118164,0.5569500000000001,0.8743896341923844,11.294578576561383,46.26335906982422,4,15.0,6.335051854354886,7.751389666596488,0.7670961728085532,0.2871839798413514,0.9672521218954127,2.8157628243326345,0.87191162109375,-3.540250248264492,5.518069081516354e-06
S1_W1_original,blk02_neg_d0.350,3141592,4.0,2.0828921794891357,0.5207230448722839,0.08893280029296875,112.19056785370549,1039,2.683335781097412,3.590980052947998,0.6735500000000001,0.7887238062672158,8.90672607627474,45.29555892944336,4,14.0,6.12887372986675,10.107240672343233,0.7982619484343202,0.33817151007793256,0.9663374122372854,2.5363637222929625,0.9176521301269531,-3.5954911659452744,4.817511849926359e-06
S1_W1_original,blk02_neg_d0.350,1234567,4.0,2.2352564334869385,0.5588141083717346,0.10914993286132812,115.84210526315789,1235,2.6582391262054443,3.59533429145813,0.6200000000000001,0.8507770600116584,10.578830501700118,46.64995574951172,5,13.0,6.145167689941423,11.257841451451458,0.7475363778955523,0.24765902781065682,0.9581588969387156,2.8140745977244292,0.8924652099609376,-3.570606579395059,6.646055558525955e-06
S1_W1_original,blk02_pos_d0.350,3141592,2.799999952316284,2.401305675506592,0.8576091844287802,0.08319244384765626,69.40929344366646,1571,2.475621223449707,3.4384422302246094,0.6819000000000001,0.7768593560985294,8.618503739334674,47.99169921875,5,15.0,6.785636593121138,10.310117950209923,0.8176060010325987,0.38368833032100985,0.9660338101834682,2.3602555826357383,0.9367210388183593,-3.48854669891658,5.978654361033874e-06
S1_W1_original,blk02_pos_d0.350,1234567,2.799999952316284,2.097123146057129,0.7489725649181871,0.09556350708007813,99.48927720413026,1259,2.549591064453125,3.4865760803222656,0.6569,0.8119567410190043,9.499337915721366,49.76564025878906,3,13.0,6.776354692676701,9.883574555479155,0.7852993467875442,0.2657811637452685,0.9649321141502046,2.6038161774191573,0.9116035461425781,-3.435880106933583,7.794743867046318e-06
S1_W1_original,blk05_neg_d0.350,3141592,4.0,2.18465256690979,0.5461631417274475,0.10159912109375,117.01933216168717,1138,2.697575807571411,3.5800483226776123,0.61525,0.8301374006626474,9.990449583355218,43.28363800048828,4,13.5,6.070956268114542,10.27690618376767,0.7704715281029233,0.3045807379429343,0.9642625699366215,2.7392142554793266,0.8998222351074219,-3.599941291278569,5.545149291537081e-06
S1_W1_original,blk05_neg_d0.350,1234567,4.0,2.2499825954437256,0.5624956488609314,0.10525894165039062,113.73866446826051,1213,2.7865488529205322,3.6903223991394043,0.66105,0.8198648306060272,9.709919415064197,48.09151077270508,3,14.0,6.316678538688838,10.441263818582833,0.7618514439488127,0.26537746330571477,0.9632432486627036,2.70611214324958,0.8976448059082031,-3.5500342881604974,6.229577053691253e-06
S1_W1_original,blk05_pos_d0.350,3141592,2.799999952316284,2.4100499153137207,0.8607321272702239,0.10312576293945312,64.73611111111111,2088,2.615124464035034,3.5618014335632324,0.6552,0.8098326169748132,9.44355766759378,49.5092658996582,5,16.0,6.6522705064761425,10.013071081663139,0.7609469042306098,0.2547247647351778,0.9655134538141227,2.564250821028244,0.9249008178710938,-3.407736171299932,7.641954325638808e-06
S1_W1_original,blk05_pos_d0.350,1234567,2.799999952316284,2.436506748199463,0.8701809963189022,0.10444259643554688,70.81996896016554,1933,2.673567295074463,3.629194974899292,0.6123500000000001,0.8327860457241195,10.064085528817287,49.14043426513672,4,15.0,6.802767584461295,12.24978284572412,0.7613629679566192,0.2738749257022641,0.955134133434869,2.5628692023147033,0.9324638366699218,-3.43091957465907,8.523159443414341e-06
S1_W1_original,blk08_neg_d0.350,3141592,2.799999952316284,2.116804838180542,0.756001740796255,0.09767837524414062,80.018125,1600,2.6365277767181396,3.5540902614593506,0.65835,0.7979019430209846,9.136285739807462,50.57746505737305,4,16.0,6.386044708015285,10.729491343312754,0.7957081721304533,0.3655080250000141,0.9651072661795086,2.3880178585798295,0.9439849853515625,-3.4952882948268673,6.363441142108996e-06
S1_W1_original,blk08_neg_d0.350,1234567,2.799999952316284,2.0821566581726074,0.7436273905826873,0.10507278442382813,88.2826923076923,1560,2.639586925506592,3.553166151046753,0.6275000000000001,0.8406795527319839,10.28677044582514,53.51816940307617,4,16.0,6.3152052729374075,10.490995851329583,0.767724154698497,0.27548237789404273,0.9627977298629973,2.5774207435971888,0.9329811096191406,-3.5039783977489245,7.4646602571323515e-06
S1_W1_original,blk08_pos_d0.350,3141592,4.0,2.4120349884033203,0.6030087471008301,0.0859954833984375,111.6,1010,2.6917898654937744,3.5830395221710205,0.6636500000000001,0.7788766556312716,8.666843313036521,42.90201187133789,3,13.0,6.2977570412012565,11.023887386455709,0.781254926108448,0.30047381106571114,0.9626525662010466,2.6007320050064853,0.9098411560058595,-3.637623458401318,4.4035531084751976e-06
S1_W1_original,blk08_pos_d0.350,1234567,4.0,2.338229179382324,0.584557294845581,0.10407028198242188,109.1256,1250,2.715080738067627,3.632534980773926,0.6172500000000001,0.8460781891750272,10.441902998983815,42.32545471191406,5,13.0,6.151588390092084,12.240661854475478,0.7438529731367226,0.2366672883023241,0.9556500504746794,2.8697328222279532,0.8842720031738281,-3.603647872871031,6.305094037698665e-06
S1_W1_original,blk09_neg_d0.350,3141592,2.799999952316284,2.1852948665618896,0.7804624656347285,0.0793182373046875,90.63993025283348,1147,2.6782803535461426,3.55303692817688,0.6939000000000001,0.7510808696682998,8.024010415742431,46.85387420654297,4,15.0,6.57079539849892,8.540423583646426,0.8121616979277544,0.3811401383957126,0.9728247804598533,2.395640117562879,0.9363037109375,-3.573509103529214,4.031251181596719e-06
S1_W1_original,blk09_neg_d0.350,1234567,4.0,2.402585983276367,0.6006464958190918,0.08948593139648438,90.4325366229761,1297,2.5850274562835693,3.541790246963501,0.6432500000000001,0.8080617403445057,9.3973042680556,52.320377349853516,4,14.0,6.465543795770122,10.255188365910863,0.7936081738670279,0.3159068086977973,0.9659574162809481,2.557457453300184,0.9257659912109375,-3.5192079845201936,6.152239861290264e-06
S1_W1_original,blk09_pos_d0.350,3141592,4.0,2.198058605194092,0.549514651298523,0.09618072509765625,91.81791697013838,1373,2.752779483795166,3.614475727081299,0.6840499999999999,0.7716044807851579,8.49384583159175,38.63444900512695,2,14.0,6.300624396817763,11.747258155022894,0.7812315030356916,0.3692292433971162,0.960174718283055,2.6127835282140843,0.9021003723144532,-3.527102895447958,5.2553878330979305e-06
S1_W1_original,blk09_pos_d0.350,1234567,4.0,2.267789363861084,0.566947340965271,0.11100540161132813,103.55658362989324,1405,2.682265281677246,3.536379337310791,0.6053499999999999,0.842140217451755,10.32851451150232,43.39060592651367,5,14.0,6.245072618960002,13.056382332266358,0.7316387219352765,0.2373352068757258,0.9504780626776557,2.882595202949947,0.8798538208007812,-3.528740054853473,7.660415615084596e-06
S1_W1_original,blk12_neg_d0.350,3141592,4.0,2.3525731563568115,0.5881432890892029,0.09415664672851562,100.09164639091647,1233,2.559748411178589,3.5428130626678467,0.65725,0.8039081445835871,9.289703677540103,47.05317306518555,5,14.0,6.551821192424286,12.665026877074371,0.7890924554841819,0.34534535830037344,0.957491177258603,2.51323417153576,0.9276939392089844,-3.558577952292118,5.602825937403345e-06
S1_W1_original,blk12_neg_d0.350,1234567,4.0,2.2247121334075928,0.5561780333518982,0.11813812255859375,108.13268156424581,1432,2.6884818077087402,3.6277170181274414,0.5633,0.8893661102873851,11.773443535279734,50.053184509277344,4,14.0,6.289656190921726,13.193126930602359,0.7404705388968928,0.23682625453548928,0.9460657569915143,2.853678791460948,0.8988059997558593,-3.514922256615543,8.840246693309095e-06
S1_W1_original,blk12_pos_d0.350,3141592,2.799999952316284,2.132801055908203,0.7617146757962818,0.08748855590820312,89.79874706342991,1277,2.5284695625305176,3.4749579429626465,0.6669,0.7942944537311456,9.045359326141847,43.191829681396484,4,14.0,6.5368536135447,9.713867081372905,0.8184173863906153,0.35496632301631353,0.9665866142823115,2.266513859781688,0.9496238708496094,-3.5119963747294247,5.982542201310637e-06
S1_W1_original,blk12_pos_d0.350,1234567,2.799999952316284,1.8974589109420776,0.6776639083055753,0.09864730834960937,80.66063630692452,1603,2.584336519241333,3.5360283851623535,0.6502,0.8270952545407289,9.906538314507873,47.90269470214844,4,15.0,5.98313031092719,10.302735485863817,0.7782188212487859,0.25606464364931464,0.9623969831105823,2.4948295528351605,0.9329574584960938,-3.3901664662985724,8.383432795063953e-06
S1_W1_original,blk13_neg_d0.350,3141592,4.0,2.3916280269622803,0.5979070067405701,0.09349288940429687,121.0899209486166,1012,2.6297450065612793,3.5487217903137207,0.6678,0.801896933663619,9.23804602998317,48.4268798828125,3,14.0,6.529680791518479,10.609091727950366,0.7851907898986996,0.29527264258971175,0.9649988858743328,2.6501031454628317,0.909764862060547,-3.5815956976554344,5.463293276953252e-06
S1_W1_original,blk13_neg_d0.350,1234567,4.0,2.340691566467285,0.5851728916168213,0.0969573974609375,119.43984962406014,1064,2.748694896697998,3.6700077056884766,0.62825,0.8381576790822269,10.215095002112118,51.31477737426758,4,13.0,6.354348412701337,10.706586869756354,0.7629995389437731,0.24491610940168662,0.961958034489677,2.80147106702171,0.8892601013183594,-3.5634540735581326,6.932034753455609e-06
S1_W1_original,blk13_pos_d0.350,3141592,4.0,2.3469715118408203,0.5867428779602051,0.09080276489257813,67.05183098591549,1775,2.6789681911468506,3.5334272384643555,0.6089499999999999,0.8300535016912594,9.988125901803762,40.2535400390625,2,17.0,6.502616870781896,9.007328317430051,0.7745391354230584,0.2676992639456749,0.9674750419997246,2.536696290685498,0.9328536987304688,-3.5595987290444953,5.043552886863872e-06
S1_W1_original,blk13_pos_d0.350,1234567,4.0,2.0822341442108154,0.5205585360527039,0.0989410400390625,67.89738219895288,1910,2.613250255584717,3.4675114154815674,0.5609000000000001,0.8862192535435214,11.671167776222811,43.560970306396484,5,16.0,6.2165069504191655,10.66268788165332,0.7572417233385209,0.18995344556074437,0.9579704566206126,2.6960860322379676,0.9267112731933594,-3.499468102051519,6.457709399648151e-06
S1_W1_original,blk15_neg_d0.350,3141592,4.0,2.237586736679077,0.5593966841697693,0.10132522583007812,108.85983606557377,1220,2.713367223739624,3.5813868045806885,0.68885,0.7918136957220826,8.983357715814334,38.2796630859375,2,15.0,6.072388327503439,9.754393642409548,0.7511887058096861,0.24700257148296184,0.9671245162491471,2.745352230279216,0.8993324279785156,-3.597407496674328,5.198694262065548e-06
S1_W1_original,blk15_neg_d0.350,1234567,4.0,2.267169713973999,0.5667924284934998,0.10404281616210938,103.07709750566893,1323,2.7861664295196533,3.703747510910034,0.65015,0.8312794183284357,10.022132930183403,39.02690887451172,2,15.0,6.376725595292229,9.274929426768402,0.7500660228012309,0.2500532574779202,0.9670777690396035,2.786704439284949,0.8953712463378906,-3.5883297796683435,5.9671606973040224e-06
S1_W1_original,blk15_pos_d0.350,3141592,4.0,2.3157012462615967,0.5789253115653992,0.08287353515625,76.87473460721868,1413,2.8030271530151367,3.6291093826293945,0.6677,0.76815611008187,8.413023885919767,44.928768157958984,3,13.0,6.128044920360211,9.746424647384128,0.7928317709783184,0.2664900330220203,0.9676334831367455,2.490722544085499,0.9231903076171876,-3.455786251099479,5.9339112731857355e-06
S1_W1_original,blk15_pos_d0.350,1234567,4.0,2.2893946170806885,0.5723486542701721,0.09609756469726563,78.82165206508135,1598,2.684750556945801,3.5739519596099854,0.6165,0.8437379081155987,10.37436862213859,51.708168029785156,3,12.0,6.522530183908695,11.894987977245046,0.7740700770787736,0.2355992397758034,0.9548227855795988,2.557402425978552,0.9262725830078126,-3.4516827680682534,8.156529850309377e-06
S1_W1_original,blk17_neg_d0.350,3141592,2.799999952316284,2.0446836948394775,0.7302441891643693,0.1090362548828125,79.75223214285714,1792,2.5750162601470947,3.497526168823242,0.6251499999999999,0.8288377944060172,9.954516037692974,49.11273956298828,3,15.0,6.4104230189503815,12.519467015763768,0.7519223231369836,0.23961687496041056,0.9558060098330237,2.5625378329154844,0.9321708679199219,-3.456028294376607,7.95863015843636e-06
S1_W1_original,blk17_neg_d0.350,1234567,4.0,2.1766250133514404,0.5441562533378601,0.1200714111328125,95.09365558912387,1655,2.5781524181365967,3.466883659362793,0.5754,0.8804762976749199,11.486801184375953,54.48482131958008,4,14.0,6.372676168548268,13.09815569305506,0.7532315530142962,0.26065304487084306,0.9474318657485717,2.610562116975033,0.9335403442382812,-3.458914727108506,1.0206354217317052e-05
S1_W1_original,blk17_pos_d0.350,3141592,4.0,2.3487846851348877,0.5871961712837219,0.07683258056640625,86.51718213058419,1164,2.5674259662628174,3.4713034629821777,0.69235,0.7674489274665559,8.39654440782776,46.556671142578125,3,15.0,6.5998739832693385,7.029152555351967,0.8345106520454535,0.3909671885273281,0.9767660911343854,2.334543319281228,0.9263778686523437,-3.5378486860486036,4.592486716432236e-06
S1_W1_original,blk17_pos_d0.350,1234567,2.799999952316284,2.34175181388855,0.8363399477744093,0.08498001098632812,90.5569105691057,1230,2.574345588684082,3.584019184112549,0.7081,0.7566357463227888,8.148547879619596,45.075016021728516,3,15.0,6.23931162500801,6.3600895490076885,0.8206372003609502,0.3819569542045091,0.9796747554782119,2.3448932079523392,0.9267242431640625,-3.6039954880310923,4.072844147532961e-06
S1_W1_original,blk19_neg_d0.350,3141592,2.799999952316284,2.1638126373291016,0.7727902407780757,0.0978668212890625,98.82588597842835,1298,2.6879639625549316,3.6377921104431152,0.64275,0.8000295379719284,9.19033946715197,40.73477554321289,3,15.0,6.245884192011304,9.460298913921148,0.7657291048342943,0.3035371524591714,0.965055309269724,2.7386059402833896,0.8844924926757813,-3.5618467269177025,4.882818817880876e-06
S1_W1_original,blk19_neg_d0.350,1234567,2.799999952316284,2.213956356048584,0.7906987120542988,0.10818099975585938,96.393609789259,1471,2.6886470317840576,3.66793155670166,0.5838,0.855000756460062,10.703442887159516,43.27671813964844,3,14.0,6.4681159109511945,10.428662701488564,0.7387821235956878,0.21901445422585275,0.9589907282670376,2.926129017902867,0.8649734497070313,-3.509028605540146,7.12273115399212e-06
S1_W1_original,blk19_pos_d0.350,3141592,2.799999952316284,2.4373464584350586,0.8704808928367221,0.08782424926757812,71.27739938080495,1615,2.8764395713806152,3.6464176177978516,0.6802,0.7606453160846529,8.239639763969224,50.29775619506836,3,17.0,6.851728316737858,7.196966373446468,0.7942005425673537,0.3063341574880889,0.9757410799067987,2.388311156457988,0.9412460327148438,-3.542596703848823,3.889201408308907e-06
S1_W1_original,blk19_pos_d0.350,1234567,2.799999952316284,2.2550857067108154,0.8053877661123917,0.10127639770507812,88.02718832891247,1508,2.7285547256469727,3.6400082111358643,0.5972000000000001,0.8686015843095471,11.114771137393701,53.87396240234375,3,15.0,6.923767259488545,7.696636995359272,0.7905185675796906,0.2748464577551011,0.9715417555609537,2.4774192098483594,0.9425987243652343,-3.4704833088985763,5.963656581563452e-06
S1_W1_original,blk23_neg_d0.350,3141592,2.799999952316284,2.2340633869171143,0.7978797946296384,0.09774169921875,103.14975845410628,1242,2.6454060077667236,3.522744655609131,0.5934499999999999,0.8281035070623279,9.93427048507533,54.999488830566406,3,14.0,6.347740715909044,10.977951673492495,0.7642749186312648,0.23601535695103537,0.960987659060489,2.626613282177671,0.9121009826660156,-3.563412241844136,5.410097561970178e-06
S1_W1_original,blk23_neg_d0.350,1234567,4.0,2.3751444816589355,0.5937861204147339,0.10299758911132813,114.02111486486487,1184,2.651242256164551,3.6227829456329346,0.6526500000000001,0.8249244046660965,9.847091191637228,52.08620834350586,5,12.5,6.4423889202686295,11.450104946702453,0.7659414905393975,0.2644279374399853,0.9590487160265921,2.6183557084632474,0.9193634033203125,-3.552680930119042,7.2257441907559605e-06
S1_W1_original,blk23_pos_d0.350,3141592,4.0,2.22220778465271,0.5555519461631775,0.09405059814453125,90.04674945215486,1369,2.905168294906616,3.719204902648926,0.64315,0.8001151161148292,9.192520345233591,32.31486129760742,3,18.0,6.176166629388243,6.588256680390872,0.7884334383200196,0.37787041743228067,0.9771897170095151,2.7463430804428794,0.8983268737792969,-3.6558063917405628,3.605323884694983e-06
S1_W1_original,blk23_pos_d0.350,1234567,4.0,2.1391422748565674,0.5347855687141418,0.0884765625,90.24747081712063,1285,3.0236613750457764,3.8372228145599365,0.6244000000000001,0.8272624234861798,9.911130967455254,40.73736572265625,3,18.0,6.116196160874399,5.785908088658594,0.7960565988412207,0.34416116378662687,0.9792350689394795,2.7503707703157705,0.89813232421875,-3.680801299648893,4.0881860187406846e-06
S1_W1_original,blk27_neg_d0.075,3141592,4.0,2.2500195503234863,0.5625048875808716,0.08613204956054688,105.50934579439253,1070,2.5937514305114746,3.5573534965515137,0.6595500000000001,0.8097847813582311,9.442305265844029,49.41121292114258,3,14.0,5.956492578094133,8.45096050418734,0.7966048724187246,0.35609122969007945,0.9724343365675101,2.5163152507526596,0.8924995422363281,-3.628211887309062,4.447502984847399e-06
S1_W1_original,blk27_neg_d0.075,1234567,2.799999952316284,2.1502816677093506,0.7679577515458678,0.09525070190429688,95.44877675840979,1308,2.7298331260681152,3.675449848175049,0.6380000000000001,0.8292157887274079,9.964954066079807,48.760894775390625,4,14.0,6.3852788557750895,8.175704738827353,0.791558726981006,0.3282843308978904,0.9724410544710957,2.5376536100078044,0.8920761108398438,-3.604028760969676,5.434295111975138e-06
S1_W1_original,blk27_pos_d0.100,3141592,4.0,2.3575828075408936,0.5893957018852234,0.0976593017578125,108.29441624365482,1182,3.169175386428833,3.940124988555908,0.6545,0.8075970834571332,9.385205493098708,41.301971435546875,6,16.0,6.647614233693167,12.4048762368895,0.7575158201603516,0.29732633765522054,0.9503938102592611,2.8426019378581286,0.9478034973144531,-3.5389839138386785,6.989563562362449e-06
S1_W1_original,blk27_pos_d0.100,1234567,4.0,2.2621219158172607,0.5655304789543152,0.11195144653320313,98.67989240080699,1487,3.0600900650024414,3.8121304512023926,0.6003000000000001,0.8531300763079471,10.648071843173287,41.35340881347656,4,16.0,6.368916705374628,13.686969144734693,0.7201578933809891,0.2098458092678439,0.9408232352469803,2.86090231541063,0.9472381591796875,-3.464611338598023,9.560477327908192e-06
S1_W2_reordered,baseline,3141592,2.799999952316284,2.123300552368164,0.7583216387599134,0.0883270263671875,95.28559670781893,1215,2.7180073261260986,3.599080801010132,0.6653,0.7654719882900098,8.350646841608677,43.750919342041016,3,15.0,6.547365405260348,9.505597969361943,0.7744853460135812,0.2831126395013277,0.9667573420142221,2.65590609457756,0.8967872619628906,-3.5857708578608722,4.1315172132142915e-06
S1_W2_reordered,baseline,1234567,4.0,2.2338979244232178,0.5584744811058044,0.08814468383789062,107.97476635514019,1070,2.7757558822631836,3.531558036804199,0.665,0.7880860979444492,8.890991981884062,44.422550201416016,3,14.0,6.390067966777554,9.487900711095167,0.777961916770308,0.2609748233580355,0.9681978052537776,2.6520684356385162,0.9054542541503907,-3.578137829530575,4.506212113416502e-06
S1_W2_reordered,blk00_neg_d0.250,3141592,4.0,2.2631995677948,0.5657998919487,0.08645095825195312,79.01882845188284,1434,3.1829581260681152,3.849419116973877,0.6944,0.7450523959183224,7.891007897805767,44.931060791015625,3,18.0,5.871440094357418,11.319982628876941,0.7658009337017551,0.32587404071922177,0.9609459044577514,2.689468495084617,0.9614501953125,-3.557792336325184,4.9019506608109985e-06
S1_W2_reordered,blk00_neg_d0.250,1234567,4.0,2.247122049331665,0.5617805123329163,0.09530410766601563,74.71112440191388,1672,3.2119879722595215,3.846931219100952,0.6555500000000001,0.7932560451228379,9.019354466044396,44.44017028808594,2,18.0,6.144250233958575,11.605098905495005,0.7488181194794746,0.2803854610736316,0.9588224194286733,2.73483882225282,0.9575370788574218,-3.525618268985165,5.6822588591862115e-06
S1_W2_reordered,blk00_pos_d0.300,3141592,2.799999952316284,2.2347590923309326,0.7981282608530906,0.07842025756835938,61.77103365384615,1664,2.717775821685791,3.4772794246673584,0.72215,0.7088008538942513,7.136434299781135,43.112308502197266,2,17.0,6.083620940689846,5.905595131722594,0.8322733745659012,0.49446642860791806,0.9784774158614931,2.3504973232764317,0.9051933288574219,-3.5129479038399203,3.1761239182811164e-06
S1_W2_reordered,blk00_pos_d0.300,1234567,2.799999952316284,2.103475332260132,0.7512412028864657,0.09351348876953125,79.69440832249676,1538,2.5949089527130127,3.4597928524017334,0.62505,0.8124647965023111,9.512728386559528,49.671817779541016,4,16.0,6.416007915215326,6.971149628519348,0.8041145985483409,0.3814356564978605,0.9737320041343265,2.55668216274012,0.8938056945800781,-3.489803545491324,4.3418894045783626e-06
S1_W2_reordered,blk02_neg_d0.350,3141592,2.799999952316284,2.233816146850586,0.7977914946043746,0.09001541137695312,99.9026248941575,1181,2.7564094066619873,3.6435513496398926,0.6908,0.76473552735504,8.333613025031747,42.12079620361328,3,15.0,6.312665110234733,9.709131126561225,0.7735892939580991,0.31461598334016116,0.9678434053015594,2.6811497323528712,0.9023696899414062,-3.614195657171818,4.049139080180685e-06
S1_W2_reordered,blk02_neg_d0.350,1234567,4.0,1.941490888595581,0.48537272214889526,0.09521102905273438,107.21219931271477,1164,2.680807590484619,3.597642183303833,0.6227,0.8106022788320043,9.463731319296151,43.95231628417969,3,14.0,6.390226424000952,9.465282603203873,0.781918623064489,0.3251357198488053,0.9661686762539143,2.6656118672197713,0.9018699645996093,-3.616142973782298,3.905518104604929e-06
S1_W2_reordered,blk02_pos_d0.350,3141592,2.799999952316284,2.392695903778076,0.8545342659019447,0.07592620849609374,70.83131672597865,1405,2.6348068714141846,3.427913188934326,0.7046,0.7168081281029434,7.296641194933369,42.251739501953125,2,15.0,6.751387170511367,8.681644178396711,0.8413733930296063,0.46983978993927694,0.9700484978580055,2.2582140236685277,0.9435325622558594,-3.519708511321404,3.890680516679802e-06
S1_W2_reordered,blk02_pos_d0.350,1234567,2.799999952316284,2.4611058235168457,0.8789663805104388,0.07283477783203125,83.08616187989556,1149,2.6786909103393555,3.387939929962158,0.6646500000000001,0.7876152838555541,8.879393485434107,44.866458892822266,4,14.0,7.102376796196299,8.55962095507125,0.8064837947760495,0.26392104354333923,0.9709572186285929,2.324582961148509,0.9409477233886718,-3.5632623917759494,4.186854808263305e-06
S1_W2_reordered,blk05_neg_d0.350,3141592,2.799999952316284,2.085146903991699,0.7446953355362643,0.08998641967773438,95.96989422294548,1229,2.7299554347991943,3.600590705871582,0.67795,0.7622689015404053,8.276814397157837,42.00813293457031,3,14.0,6.084603467506157,9.289685206317467,0.7877978076203976,0.3506626794219206,0.9677565462302693,2.566164739957893,0.9039100646972656,-3.581143643612331,3.837778886727858e-06
S1_W2_reordered,blk05_neg_d0.350,1234567,4.0,2.2013070583343506,0.5503267645835876,0.09045867919921875,84.50890947968638,1403,2.8354432582855225,3.6541359424591064,0.6589,0.7948316210161042,9.058841014329568,45.36595916748047,4,15.0,6.4092876053531445,8.886682447779698,0.7710915182060458,0.24746121001155594,0.9696018153772379,2.697942225851272,0.8972976684570313,-3.5824358983714495,4.562093124138315e-06
S1_W2_reordered,blk05_pos_d0.350,3141592,2.799999952316284,2.160540819168091,0.7716217342721008,0.0903106689453125,58.31133004926108,2030,2.7274580001831055,3.4979209899902344,0.65625,0.78324886174584,8.772545023291224,41.85343933105469,3,15.0,6.782586158686081,9.019953746964955,0.7771253635540393,0.28679457392764485,0.968318540463466,2.4611760536654383,0.9310638427734375,-3.39195178465829,5.982935256543058e-06
S1_W2_reordered,blk05_pos_d0.350,1234567,2.799999952316284,2.126706123352051,0.7595379141320145,0.09373931884765625,66.66630493760174,1843,2.6625518798828125,3.4211950302124023,0.68965,0.7731401031800382,8.530086744439444,44.5886116027832,3,15.5,7.08221287967218,9.805037124875751,0.7763568427304903,0.2714498522914439,0.9651605019077165,2.4540051773896208,0.9343055725097656,-3.4096786133327868,6.095731591334591e-06
S1_W2_reordered,blk08_neg_d0.350,3141592,2.799999952316284,2.292041778564453,0.8185863634277474,0.08592605590820312,64.54154727793696,1745,2.682767868041992,3.509904146194458,0.6522,0.7894694699453768,8.925159056140178,46.80842971801758,5,16.0,6.5307396733909435,9.023427151519023,0.7951792706716125,0.3231423297600504,0.9701186765910171,2.404144936720576,0.94002685546875,-3.4987454599044945,4.897624999017528e-06
S1_W2_reordered,blk08_neg_d0.350,1234567,2.799999952316284,2.179044723510742,0.7782302716498761,0.0863067626953125,73.69641693811074,1535,2.6940691471099854,3.5016796588897705,0.6346,0.8072145345560212,9.375256344894465,44.18122863769531,4,15.0,6.4231856728979135,10.12006249956252,0.7850287433092817,0.28266108580009675,0.9643067550081756,2.5033885382970755,0.93311767578125,-3.529461955148848,4.818198641240497e-06
S1_W2_reordered,blk08_pos_d0.350,3141592,4.0,2.440235137939453,0.6100587844848633,0.08290786743164062,113.31491136600626,959,2.820756673812866,3.507394790649414,0.6422500000000001,0.7800668826747335,8.695491226514038,42.39594650268555,3,14.0,6.756347191202129,8.788394302350138,0.7875487738587337,0.282544748118288,0.9705518094601,2.6303426970779284,0.8963302612304687,-3.60819004677456,3.940659862739197e-06
S1_W2_reordered,blk08_pos_d0.350,1234567,4.0,2.3082211017608643,0.5770552754402161,0.08480300903320312,107.29054054054055,1036,2.7623744010925293,3.6231749057769775,0.6387500000000002,0.7971310100020768,9.11677796616068,42.205810546875,5,15.0,6.701049310896839,9.564437763455844,0.7860507583576158,0.2917198397844152,0.9676368652368188,2.641481027526693,0.8959182739257813,-3.6060847920512042,4.832052591781002e-06
S1_W2_reordered,blk09_neg_d0.350,3141592,2.799999952316284,2.256321668624878,0.805829181089217,0.07771224975585937,65.9708549222798,1544,2.7824416160583496,3.6023242473602295,0.68225,0.7544387454927479,8.099062849351007,44.65410232543945,3,16.0,6.8369054240991805,8.499662714275436,0.8096144405342215,0.3777846495401161,0.9717484931312941,2.4626975407044305,0.9237091064453125,-3.580778064307029,3.5064381977772594e-06
S1_W2_reordered,blk09_neg_d0.350,1234567,2.799999952316284,2.1434192657470703,0.7655068936604584,0.07586517333984374,105.89776357827476,939,2.609715461730957,3.475376844406128,0.6639499999999999,0.7542202994118401,8.094159046881165,47.736732482910156,4,16.0,6.480122472640677,8.666084950959004,0.8208541030706444,0.40464581480058287,0.9699926017362012,2.300023311964408,0.9413513183593749,-3.583396193987276,3.4244896316801503e-06
S1_W2_reordered,blk09_pos_d0.350,3141592,2.799999952316284,2.175401210784912,0.7769290170827766,0.09646759033203126,75.57800358637179,1673,2.73490309715271,3.552354574203491,0.67885,0.7589013612668519,8.199895051091218,38.70340347290039,3,15.0,6.252302670646437,9.859020526552616,0.7945957428814063,0.39972674003313424,0.96682956204422,2.5878585363601467,0.90662841796875,-3.46859458086357,5.8279990736029065e-06
S1_W2_reordered,blk09_pos_d0.350,1234567,4.0,2.2562525272369385,0.5640631318092346,0.10605392456054688,86.28615766604594,1611,2.719597816467285,3.5674996376037598,0.6164499999999999,0.827271801000123,9.911388660105352,41.087711334228516,4,15.0,6.361516347771686,11.160897652957125,0.7483466431030408,0.2597437618821304,0.9603002006652481,2.7566805310654257,0.8903221130371093,-3.473232477154606,7.4214798050744876e-06
S1_W2_reordered,blk12_neg_d0.350,3141592,2.799999952316284,2.212472677230835,0.7901688267532216,0.08283004760742188,65.28382441371016,1663,2.637815237045288,3.5060646533966064,0.67645,0.7363817892339916,7.703569894582588,41.93706512451172,3,16.0,6.409075681515051,10.251606973732134,0.8063934369440311,0.4094211139915811,0.9631933869601316,2.320025888696333,0.9453445434570312,-3.526060635872435,4.377274774508466e-06
S1_W2_reordered,blk12_neg_d0.350,1234567,4.0,2.0402116775512695,0.5100529193878174,0.09579696655273437,111.21612046058459,1129,2.6300971508026123,3.508112907409668,0.61265,0.8227715501805177,9.788489171730264,46.31095886230469,4,16.0,6.681164064843148,10.24198425442765,0.781173082979264,0.3139821639535417,0.9634204816285554,2.626799914149986,0.9122795104980469,-3.509955399373193,5.329017344409056e-06
S1_W2_reordered,blk12_pos_d0.350,3141592,2.799999952316284,2.13481068611145,0.7624324008810929,0.0803802490234375,65.88868042526579,1599,2.6727123260498047,3.570711374282837,0.66365,0.7691662276840032,8.436618767758072,49.78742980957031,2,17.0,6.531998226798477,8.55803785443876,0.8240885811519345,0.4275780539043075,0.969654182038062,2.4340635785680385,0.9297683715820313,-3.488244866395503,4.608742618226066e-06
S1_W2_reordered,blk12_pos_d0.350,1234567,2.799999952316284,2.2067394256591797,0.7881212368713317,0.09200057983398438,62.12622359608449,1941,2.7148749828338623,3.615898370742798,0.6607500000000001,0.806849041138615,9.365760619802476,53.07666015625,3,15.0,6.672638632387315,8.06177173585232,0.7916938796475369,0.2972831216494991,0.9721060023671884,2.5241900770401813,0.9174598693847655,-3.4013292802940436,6.401867525566254e-06
S1_W2_reordered,blk13_neg_d0.350,3141592,2.799999952316284,2.102417469024658,0.7508633945816482,0.08919448852539062,103.55093002657219,1129,2.793276786804199,3.661029815673828,0.6515500000000001,0.7759786174003174,8.597483664585434,47.3787727355957,5,15.0,6.317296568746793,9.12481079559968,0.7884528713014498,0.35712864867128635,0.9696645979170921,2.602572881010785,0.9105621337890626,-3.596864587972894,3.90015368754297e-06
S1_W2_reordered,blk13_neg_d0.350,1234567,4.0,2.1899280548095703,0.5474820137023926,0.08538742065429687,108.44864341085271,1032,2.82169771194458,3.601492404937744,0.6503,0.7917123978238704,8.980835027506076,50.05498504638672,4,16.0,6.988519911717098,8.929116303399617,0.7888956879438191,0.29060669261943683,0.9702205750264273,2.5957145634491954,0.911968994140625,-3.575932744517884,4.662139031414323e-06
S1_W2_reordered,blk13_pos_d0.350,3141592,2.799999952316284,2.2676079273223877,0.8098599878355432,0.07988433837890625,53.01569620253164,1975,2.803755521774292,3.5830812454223633,0.68115,0.7500250475308771,8.000555591304751,34.506378173828125,2,17.0,6.063151476778836,7.583698601181162,0.8034134658283435,0.365322890148297,0.973450343097942,2.4121176321805615,0.9291580200195313,-3.502808055568551,4.285666590647949e-06
S1_W2_reordered,blk13_pos_d0.350,1234567,2.799999952316284,2.193204641342163,0.7832873852472201,0.08606491088867188,60.77963362068966,1856,2.76078462600708,3.603100299835205,0.62595,0.8179657028123251,9.658926201650889,35.75061798095703,3,17.0,6.495933052384008,7.990327431172395,0.7893898318271737,0.27703548582401316,0.9725899857862572,2.534304428430909,0.9250991821289063,-3.505898672496047,5.43204266796588e-06
S1_W2_reordered,blk15_neg_d0.350,3141592,4.0,2.2492456436157227,0.5623114109039307,0.0952789306640625,91.02332361516035,1372,2.7529995441436768,3.6283440589904785,0.6727500000000001,0.7710392403340529,8.480544877438675,37.553646087646484,3,16.0,6.18671375388814,9.066646346130412,0.759069096061323,0.28914256087405427,0.9686237397609544,2.7043017824367013,0.8975898742675782,-3.668349697475652,3.511815859740921e-06
S1_W2_reordered,blk15_neg_d0.350,1234567,4.0,2.2140631675720215,0.5535157918930054,0.09840774536132812,96.90833959429001,1331,2.6735968589782715,3.5592477321624756,0.6496500000000001,0.8067062551019686,9.3620535711849,40.576255798339844,3,16.0,6.3814711029276,9.97212104252943,0.7527290212102011,0.24781463692121378,0.9656956570263505,2.73613447791304,0.8978668212890626,-3.618607018196272,4.457950132840387e-06
S1_W2_reordered,blk15_pos_d0.350,3141592,4.0,2.1780941486358643,0.5445235371589661,0.0785186767578125,83.1308562197092,1238,2.767153739929199,3.638460636138916,0.6625,0.7582319253710003,8.184689584053947,44.690242767333984,4,14.0,6.698949348780689,9.169771354806596,0.8164318179280299,0.36172764602187835,0.9677465453588763,2.2802797383464313,0.9409721374511719,-3.532211510002425,4.374591382294754e-06
S1_W2_reordered,blk15_pos_d0.350,1234567,4.0,2.172755241394043,0.5431888103485107,0.07965087890625,90.23336214347451,1157,2.7762179374694824,3.605884075164795,0.6810499999999999,0.7848859477921881,8.812453813409464,48.625465393066406,5,14.0,6.5791925796407575,8.993415456625346,0.8107525669972798,0.32369171795829393,0.9685012201167218,2.3337667147732213,0.9373886108398437,-3.5593601349911403,4.707376792680844e-06
S1_W2_reordered,blk17_neg_d0.350,3141592,2.799999952316284,2.111154317855835,0.7539836977887784,0.0883880615234375,67.19953596287704,1724,2.76985764503479,3.492225408554077,0.6942,0.7619712869283309,8.269987493887394,44.00717544555664,2,16.0,6.54208412231397,10.08046055172821,0.7761383294850873,0.26732201559184054,0.9660885806801294,2.499868513435571,0.9259239196777344,-3.4871491248869515,4.9799096073096034e-06
S1_W2_reordered,blk17_neg_d0.350,1234567,4.0,2.003894567489624,0.500973641872406,0.09175872802734375,112.50701590271282,1069,2.6656980514526367,3.481285810470581,0.6265499999999999,0.8218499132444496,9.76350837842311,50.02635192871094,4,13.0,6.580811288652156,11.07349552102151,0.7847527502318998,0.28326939369567683,0.9613775866231016,2.549589867456469,0.9258705139160156,-3.5282884406457367,5.593507606915927e-06
S1_W2_reordered,blk17_pos_d0.350,3141592,4.0,2.5901710987091064,0.6475427746772766,0.0679290771484375,72.50488599348535,1228,2.6422693729400635,3.4555909633636475,0.7505,0.6890279474851583,6.755730559607152,43.08955383300781,2,16.5,6.468893913953771,5.881596140417621,0.847289882225063,0.4547838211883656,0.9803504982870896,2.203903881151081,0.928851318359375,-3.587762076383503,2.93974306274347e-06
S1_W2_reordered,blk17_pos_d0.350,1234567,4.0,2.6198818683624268,0.6549704670906067,0.07195510864257812,84.89018901890189,1111,2.6509006023406982,3.584150791168213,0.6885,0.7499973275755711,7.999940723948944,44.136192321777344,3,14.0,6.322235990431726,6.180824134184208,0.8393318243896235,0.3976888052053548,0.9798486531735695,2.3639030993649697,0.9162353515625,-3.5728604831339132,3.865289514551987e-06
S1_W2_reordered,blk19_neg_d0.350,3141592,2.799999952316284,1.9900808334350586,0.7107431669021192,0.09383621215820312,90.36958119030125,1361,2.748335838317871,3.6300039291381836,0.6583500000000001,0.754774341970739,8.106602299617315,39.4176025390625,4,16.0,6.26657801355732,8.231499507718823,0.7968635206667583,0.42304103999474607,0.9685341505706384,2.6118006992057863,0.899957275390625,-3.5617516166302465,3.850146243901218e-06
S1_W2_reordered,blk19_neg_d0.350,1234567,2.799999952316284,2.0671677589416504,0.7382742121947529,0.09893951416015626,89.99444829979181,1441,2.735607385635376,3.6446478366851807,0.64015,0.8062552980497978,9.350355337778511,41.99637222290039,4,16.0,6.673084176590518,8.093933114131582,0.7603051284057974,0.24497083328859354,0.9705992136311087,2.756517563389736,0.8833465576171875,-3.5376556363462797,4.6459928785456915e-06
S1_W2_reordered,blk19_pos_d0.350,3141592,4.0,2.3898072242736816,0.5974518060684204,0.08108673095703126,84.61942675159236,1256,2.8872592449188232,3.6750893592834473,0.6742,0.7478598349339312,7.952670181446115,49.263431549072266,3,19.0,6.80564859466909,5.818518837600208,0.7960831632640075,0.32767806582733255,0.9804763410698891,2.451653525597295,0.9373756408691406,-3.6626969224812114,2.4337819604142695e-06
S1_W2_reordered,blk19_pos_d0.350,1234567,2.799999952316284,2.497382879257202,0.8919224720669213,0.0653228759765625,74.97373029772329,1142,2.9203712940216064,3.662038803100586,0.6526,0.7754336876739906,8.584503826581058,50.426353454589844,3,18.0,6.948546437816703,5.3381914854796655,0.8014665154850386,0.27308304828785246,0.9818799035715131,2.504031321479973,0.92828369140625,-3.6264357321399228,2.6117504948347636e-06
S1_W2_reordered,blk23_neg_d0.350,3141592,2.799999952316284,1.9870824813842773,0.7096723268657468,0.08554840087890625,89.77582065652523,1249,2.7649757862091064,3.4361321926116943,0.6844,0.747914685339847,7.953879696542678,53.10625076293945,2,15.0,6.56712925874682,9.607322943329864,0.7775504831044112,0.28039777830829915,0.9652204307867364,2.523339343412535,0.9136741638183594,-3.558449725786808,4.000866004915335e-06
S1_W2_reordered,blk23_neg_d0.350,1234567,4.0,2.1232070922851562,0.5308017730712891,0.08755111694335938,117.21654749744637,979,2.744112014770508,3.5275216102600098,0.65425,0.80506549732029,9.319560943623834,53.94928741455078,4,14.0,6.3419412606307795,10.553037756893943,0.7774965703649397,0.25255221157202745,0.963112835801573,2.5691392181398216,0.9144271850585938,-3.5904732098784162,4.71584745651373e-06
S1_W2_reordered,blk23_pos_d0.350,3141592,4.0,2.161630630493164,0.540407657623291,0.08525543212890625,79.08421797593772,1413,2.863281011581421,3.7379066944122314,0.6589,0.7667002267860126,8.379132611246225,30.525039672851562,5,18.0,5.934453054404376,6.147170179816811,0.8059020498473938,0.4279216820783618,0.9783208816301437,2.6642879454830033,0.9038017272949219,-3.6853169635076637,2.9247891499766983e-06
S1_W2_reordered,blk23_pos_d0.350,1234567,4.0,2.1382997035980225,0.5345749258995056,0.08436126708984375,93.94562446898895,1177,2.870128631591797,3.711866855621338,0.6537,0.7842810594492468,8.797686775385419,32.340232849121094,3,18.0,6.204231606739048,6.136390610161576,0.8089424526113193,0.4032566924767129,0.9789452307974181,2.6320473300705127,0.9119575500488282,-3.690949383775471,2.891000149233028e-06
S1_W2_reordered,blk27_neg_d0.075,3141592,2.799999952316284,2.198852300643921,0.7853044064607689,0.08172683715820313,75.17263157894737,1425,2.606736183166504,3.5737392902374268,0.6751,0.7650690965051736,8.34132393273631,46.50216293334961,3,17.0,6.255631346188564,7.469016708774857,0.8129759460540562,0.4252081903614924,0.9758706968235016,2.377874958416084,0.8984062194824219,-3.6123342160698892,3.6883239219838603e-06
S1_W2_reordered,blk27_neg_d0.075,1234567,4.0,2.1791794300079346,0.5447948575019836,0.08104171752929687,112.64369034994698,943,2.584554433822632,3.5543298721313477,0.6982999999999999,0.7704956111594544,8.467772118714196,47.57718276977539,4,15.0,6.457003281423237,7.471610901702823,0.8184604824946005,0.39217126498777655,0.97631514296823,2.345436029187396,0.9077796936035156,-3.6222095750728864,3.67540418795791e-06
S1_W2_reordered,blk27_pos_d0.100,3141592,4.0,2.178659200668335,0.5446648001670837,0.09051513671875,80.10803511141121,1481,3.339773416519165,4.001019477844238,0.67365,0.7692620526366551,8.438860533272829,39.20424270629883,5,18.0,6.156089338005094,11.102972640585325,0.7628265352211342,0.309654496704447,0.9551154855664574,2.877713188920542,0.9439987182617188,-3.5129472641984285,5.494364748678769e-06
S1_W2_reordered,blk27_pos_d0.100,1234567,4.0,2.295419454574585,0.5738548636436462,0.08723983764648438,97.23384353741497,1176,3.2795748710632324,3.9463701248168945,0.6351000000000001,0.7983401121510539,9.147391818192258,41.48796844482422,4,17.0,6.413688914318581,10.454717105640093,0.7792808814640174,0.3213478458133917,0.9588484624466189,2.822233249529684,0.9474853515624999,-3.506869132364866,5.538075280946102e-06
S1_W3_tags,baseline,3141592,4.0,2.2902615070343018,0.5725653767585754,0.09399871826171875,97.70499603489294,1261,2.75276517868042,3.591146945953369,0.67585,0.770633781007805,8.47101664341214,43.90026092529297,2,14.0,6.071885983164112,11.056791029246563,0.7525037508412293,0.26033435132126853,0.9604686240899587,2.691583804730042,0.9048545837402344,-3.6451547870697305,3.7199819924112555e-06
S1_W3_tags,baseline,1234567,4.0,2.2328481674194336,0.5582120418548584,0.11155242919921875,111.95558958652374,1306,2.7129156589508057,3.61653208732605,0.55005,0.8910825361886073,11.829606214613543,48.04664993286133,5,13.0,6.204992519831017,12.24855625191457,0.7559651057120405,0.2698987091445244,0.9485446407745147,2.9460743452465956,0.8719970703125,-3.518652601056939,8.142695859886202e-06
S1_W3_tags,blk00_neg_d0.250,3141592,4.0,2.4312961101531982,0.6078240275382996,0.09107437133789062,91.33358837031369,1307,3.1081647872924805,3.7881593704223633,0.6738000000000001,0.7651416454623766,8.343001945629851,43.6473388671875,2,17.0,6.211871195541646,13.497917562826244,0.7592595961845667,0.3797008953732995,0.9493145704156105,2.7096427643678638,0.9623336791992188,-3.594490842176829,4.7322314681943166e-06
S1_W3_tags,blk00_neg_d0.250,1234567,4.393799781799316,2.255171298980713,0.5132621901258304,0.10468368530273438,94.04455106237148,1459,3.1434335708618164,3.8388571739196777,0.63995,0.8323533995443347,10.05202039365117,46.325889587402344,2,17.0,5.826879649636866,14.538348441113992,0.7319915266066721,0.30157086542717315,0.9454134322131013,2.7848250204344205,0.9571647644042969,-3.6049702681862006,6.769428299750784e-06
S1_W3_tags,blk00_pos_d0.300,3141592,2.799999952316284,2.1465282440185547,0.7666172430620405,0.094451904296875,103.16666666666667,1200,2.699453592300415,3.5216896533966064,0.6398499999999999,0.7844879482573043,8.802734730807291,40.88619613647461,2,16.0,6.236328544573479,7.672608651351949,0.7989391152012937,0.4142664302963134,0.9704095660247838,2.782413306328207,0.8707473754882813,-3.6930589403191623,2.4773481021395357e-06
S1_W3_tags,blk00_pos_d0.300,1234567,2.799999952316284,2.186561107635498,0.7809146945972901,0.11679153442382813,95.6158650843223,1601,2.715257406234741,3.569632053375244,0.54755,0.8879027712783379,11.72577265323626,46.28868103027344,4,16.0,6.2382373404308495,8.035278190346475,0.7458447531955271,0.26454955710837647,0.9629642861823595,3.0536003988397042,0.8172752380371093,-3.531155936435871,6.156258453118302e-06
S1_W3_tags,blk02_neg_d0.350,3141592,4.0,2.2295258045196533,0.5573814511299133,0.09843215942382813,105.49223221586263,1223,2.7207751274108887,3.602975368499756,0.63125,0.7984930924077147,9.151272519581859,44.786373138427734,2,14.0,6.281669637723716,10.74051746976923,0.7535538606423793,0.272766592788242,0.9627910267507762,2.7517276450973958,0.897180938720703,-3.6240664390490687,4.313991487896038e-06
S1_W3_tags,blk02_neg_d0.350,1234567,4.0,2.28523850440979,0.5713096261024475,0.10944671630859375,112.51294117647059,1275,2.7114503383636475,3.6185481548309326,0.5930500000000001,0.8629826155400543,10.942954968542823,48.53516387939453,5,14.0,6.153452934843679,12.043136182293258,0.7482847254268143,0.23715062980819832,0.9527359741503982,2.865581228350604,0.8899955749511719,-3.630963952610235,6.222880062587874e-06
S1_W3_tags,blk02_pos_d0.350,3141592,4.0,2.507955551147461,0.6269888877868652,0.09002609252929687,70.32121573301549,1678,2.5351083278656006,3.4590113162994385,0.6542499999999999,0.7796118637466913,8.684528082561442,48.70194625854492,3,14.0,6.615998715741195,10.256354496499796,0.7998615563051603,0.3729966157353431,0.9624396080071296,2.3012861779824973,0.9394775390625,-3.430736067567179,5.93222358860186e-06
S1_W3_tags,blk02_pos_d0.350,1234567,4.0,2.4208152294158936,0.6052038073539734,0.10539093017578124,98.31886120996441,1405,2.4322407245635986,3.3887782096862793,0.56265,0.8771411843139122,11.381073488959503,56.45798873901367,5,13.0,6.187086222885742,13.351029688419231,0.7737089830833733,0.2745679921066978,0.9445591532472095,2.720012369282387,0.9155715942382814,-3.471126785242963,9.592792283874985e-06
S1_W3_tags,blk05_neg_d0.350,3141592,4.0,2.2688276767730713,0.5672069191932678,0.09767303466796876,101.52418715305313,1261,2.6688103675842285,3.5553524494171143,0.6827,0.783658989188092,8.782526087110265,45.12812042236328,3,14.0,6.319601679404519,11.105891482096954,0.7813067113880573,0.35307723577159156,0.9618074482729515,2.5635890569567494,0.9145797729492187,-3.59540831480668,4.964938331436787e-06
S1_W3_tags,blk05_neg_d0.350,1234567,4.0,2.3677337169647217,0.5919334292411804,0.11620635986328125,109.81542898341745,1387,2.663512706756592,3.539283275604248,0.59515,0.8753616687455773,11.325059108453651,54.88852310180664,4,14.0,6.306888569203546,13.297625381093827,0.7497098537566506,0.2602190818601362,0.9440746886157585,2.8626091234663793,0.8918869018554688,-3.5261564237636653,8.559638443244151e-06
S1_W3_tags,blk05_pos_d0.350,3141592,4.0,2.309443712234497,0.5773609280586243,0.09156570434570313,91.61603053435114,1310,2.6787655353546143,3.4980947971343994,0.63245,0.8004414239963166,9.200840742976196,44.66349411010742,3,14.0,6.547705227787824,11.854988374766336,0.7745063511843,0.2914275798001575,0.9573627047898539,2.455342443463258,0.9398193359375,-3.4864467248390425,5.732983343441262e-06
S1_W3_tags,blk05_pos_d0.350,1234567,2.799999952316284,2.391479730606079,0.8540999183331203,0.10566482543945313,82.43869047619047,1680,2.517458915710449,3.4681365489959717,0.5812499999999999,0.8551472625329425,10.707791520427866,54.248233795166016,3,14.0,6.780785936784205,14.142643923352527,0.757017626872474,0.26493368782585947,0.9447087321323546,2.550346051645031,0.934667205810547,-3.404173201722418,8.758808467899867e-06
S1_W3_tags,blk08_neg_d0.350,3141592,4.0,2.377758741378784,0.594439685344696,0.09172515869140625,81.01482479784367,1484,2.6596693992614746,3.5148842334747314,0.6521,0.7834153435358743,8.77659523785433,52.20347595214844,4,14.0,6.46705359746492,11.859074165332455,0.7753318844943704,0.3128406206336411,0.9567264639877724,2.4367331080113646,0.9423004150390625,-3.5431079432476817,5.017981795623829e-06
S1_W3_tags,blk08_neg_d0.350,1234567,2.799999952316284,2.196556329727173,0.7844844168336803,0.1042449951171875,81.33095238095238,1680,2.5475428104400635,3.505335569381714,0.58095,0.862685559711011,10.933945912052796,55.108158111572266,4,15.0,6.220530804212693,12.22563488544434,0.7750404998100964,0.29008796226415057,0.95376073108063,2.499977895258784,0.9393203735351562,-3.4862618092754287,7.37479438277291e-06
S1_W3_tags,blk08_pos_d0.350,3141592,4.0,2.6076860427856445,0.6519215106964111,0.0861053466796875,104.3068391866913,1082,2.7449629306793213,3.5725462436676025,0.67025,0.7690863367166768,8.434750223200703,39.19272994995117,2,14.0,6.56503415356691,10.929622725570258,0.7723912887209163,0.285454462588987,0.9617849296507683,2.666796378896143,0.9002777099609376,-3.613427779170367,4.072546402846617e-06
S1_W3_tags,blk08_pos_d0.350,1234567,4.0,2.4406380653381348,0.6101595163345337,0.09820022583007812,112.51136363636364,1144,2.7562155723571777,3.6543850898742676,0.62695,0.8244136733716231,9.833157107544668,44.31083297729492,3,13.0,6.433726992170253,11.895197005158813,0.7475553185836608,0.24864737168480378,0.9572946182357742,2.852604735279711,0.8839080810546875,-3.578417366873584,5.42904373601927e-06
S1_W3_tags,blk09_neg_d0.350,3141592,2.799999952316284,2.247269868850708,0.8025963954005308,0.08394088745117187,96.42681858019282,1141,2.593430995941162,3.508558988571167,0.68885,0.7517575773376701,8.039079453357957,45.776023864746094,4,15.0,6.109815361367314,10.063600724939159,0.8027628469823509,0.3870322522541296,0.9656606793540681,2.3939592460430963,0.9351356506347657,-3.592997310625454,3.8535218962511735e-06
S1_W3_tags,blk09_neg_d0.350,1234567,4.0,2.3210041522979736,0.5802510380744934,0.09696273803710938,115.95894160583941,1096,2.5759904384613037,3.5262691974639893,0.6295,0.8353206271823437,10.135058483943645,54.83075714111328,6,14.0,6.162471820198839,12.534219404087807,0.7799215958953905,0.28490420269663486,0.9523374576077936,2.6508830383027218,0.9162925720214844,-3.563749526263693,6.505633890226605e-06
S1_W3_tags,blk09_pos_d0.350,3141592,4.0,2.3531458377838135,0.5882864594459534,0.0994842529296875,77.61666666666666,1680,2.769324541091919,3.6311049461364746,0.6789000000000001,0.7584643756081558,8.189966225875995,37.01132583618164,2,15.0,6.278317847958958,12.363791590436835,0.7804760301114271,0.41643491063442295,0.9560461518965635,2.6808481948737932,0.9025230407714844,-3.4816837773829463,5.546861703188774e-06
S1_W3_tags,blk09_pos_d0.350,1234567,4.0,2.2050960063934326,0.5512740015983582,0.11398696899414062,92.45358910891089,1616,2.710775375366211,3.5237534046173096,0.59545,0.8451811431652589,10.415964797349162,46.30866241455078,6,15.0,6.285799471825363,13.76653549694235,0.7265088220324635,0.2243773162967045,0.9447208145961631,2.931696918432473,0.8734962463378907,-3.4567034654819455,8.210163916559575e-06
S1_W3_tags,blk12_neg_d0.350,3141592,4.0,2.4029343128204346,0.6007335782051086,0.09523086547851563,93.92099322799098,1329,2.6337757110595703,3.575685739517212,0.6595000000000001,0.7784288227686732,8.656088750169243,47.18428039550781,3,15.0,6.62069435557933,12.502259564078388,0.7754125827266005,0.3591845190041751,0.9547356435341776,2.546373750098824,0.9293411254882813,-3.547198787479959,4.7074905585142524e-06
S1_W3_tags,blk12_neg_d0.350,1234567,4.0,2.29896879196167,0.5747421979904175,0.11119232177734376,105.228880866426,1385,2.5750505924224854,3.5039422512054443,0.5425,0.8974608188890355,12.040665893300169,50.4719352722168,6,13.0,6.146127342075698,13.751119466828765,0.7529081897661866,0.24875654967840374,0.943525839758627,2.7809455101952563,0.9075736999511719,-3.5252813100044826,8.250977105132111e-06
S1_W3_tags,blk12_pos_d0.350,3141592,2.799999952316284,2.3474395275115967,0.838371274102948,0.09033050537109374,84.63045032165833,1399,2.5855934619903564,3.5667717456817627,0.67195,0.7728399318079463,8.522990518057938,45.829341888427734,3,16.0,6.251874269604179,10.097178746141637,0.801377237561633,0.3688348939117397,0.9639306942384123,2.336845146164532,0.9401344299316405,-3.4923879448192627,4.918005762281265e-06
S1_W3_tags,blk12_pos_d0.350,1234567,2.799999952316284,2.277743101119995,0.8134796928249034,0.098699951171875,78.07362703681352,1657,2.615053176879883,3.6294310092926025,0.6577500000000001,0.8110375588343778,9.47515954109555,53.89692687988281,3,16.0,6.320924360672009,10.12943159846892,0.7765289233427387,0.2773603969516302,0.962825654302736,2.5357479828661136,0.9252166748046875,-3.4171529366553766,7.6015916345481135e-06
S1_W3_tags,blk13_neg_d0.350,3141592,4.0,2.183345317840576,0.545836329460144,0.08908538818359375,102.51624231782264,1139,2.7509100437164307,3.6042492389678955,0.67035,0.7717686264529898,8.497712332182811,45.04240798950195,3,15.0,6.58499507209359,10.815797785241447,0.7701316025316406,0.3014779750254935,0.9622959222380996,2.7242445698618254,0.8976760864257813,-3.627467669408474,3.754293955666183e-06
S1_W3_tags,blk13_neg_d0.350,1234567,4.0,2.2111709117889404,0.5527927279472351,0.112640380859375,111.67927382753403,1322,2.728025197982788,3.616269588470459,0.5809500000000001,0.8761745221428092,11.350611269342897,50.460914611816406,4,15.0,6.275884072022225,12.00034210485031,0.736250770129342,0.21894035647837956,0.952852499235219,2.9175245665765193,0.8812698364257813,-3.5443606937189505,6.85944741827523e-06
S1_W3_tags,blk13_pos_d0.350,3141592,4.0,2.1970200538635254,0.5492550134658813,0.08464279174804687,67.31978155339806,1648,2.7275712490081787,3.6025803089141846,0.6637000000000001,0.7694219589016994,8.44260276794371,39.54231262207031,4,17.0,6.15705177416767,8.554218652712992,0.7926684555746641,0.3689466368785634,0.9672868704191276,2.438647151286162,0.9331008911132813,-3.607959124877764,3.776165160586738e-06
S1_W3_tags,blk13_pos_d0.350,1234567,4.0,2.120699167251587,0.5301747918128967,0.10051727294921875,82.34375,1600,2.6799252033233643,3.574866533279419,0.5791499999999999,0.8729746297591968,11.250354207566412,44.43974304199219,6,15.0,6.235848027131533,10.628681975136,0.7612247351897649,0.2101400505757382,0.9580174272797928,2.6664831130009627,0.9227645874023438,-3.5432591717474438,6.988931589121359e-06
S1_W3_tags,blk15_neg_d0.350,3141592,4.0,2.2480685710906982,0.5620171427726746,0.10310897827148438,103.00838414634147,1312,2.78629207611084,3.614384174346924,0.6504000000000001,0.792310370197975,8.99573698624076,37.9455451965332,2,16.0,6.318395696862955,10.658163673402207,0.7667005235473314,0.37629122281340877,0.9595343201905617,2.7368255020719863,0.8999221801757813,-3.6583177333064656,3.624090186127686e-06
S1_W3_tags,blk15_neg_d0.350,1234567,4.0,2.3399760723114014,0.5849940180778503,0.1212066650390625,100.80456852791878,1576,2.795879364013672,3.6707491874694824,0.6174000000000001,0.8550588851347274,10.705168066969838,39.03002166748047,3,14.0,6.390052376507625,11.47107319772303,0.7340352471127609,0.2619482008943901,0.9519869744984355,3.019054581680329,0.8655235290527343,-3.5689728289769755,7.14973807209675e-06
S1_W3_tags,blk15_pos_d0.350,3141592,4.0,2.3265209197998047,0.5816302299499512,0.078369140625,83.10679611650485,1236,2.6864962577819824,3.5026967525482178,0.7501500000000001,0.7161778830508726,7.283902102234156,43.313472747802734,2,13.0,6.294599066595366,10.690625851905683,0.8011753330733618,0.31536545204653904,0.9641046453259258,2.2888803431439664,0.942034912109375,-3.591101205283602,3.9873993131e-06
S1_W3_tags,blk15_pos_d0.350,1234567,4.0,2.3405568599700928,0.5851392149925232,0.098492431640625,99.0,1304,2.635960340499878,3.6163506507873535,0.6148,0.8366819691817371,10.173384954041191,50.02192687988281,3,11.0,6.128497815522125,11.875269650756241,0.7644646431235816,0.2485310411155444,0.9557500381039019,2.5966203046863887,0.9270606994628906,-3.545635598740245,7.0970212834641616e-06
S1_W3_tags,blk17_neg_d0.350,3141592,4.0,2.172675848007202,0.5431689620018005,0.09547042846679688,84.03962390866353,1489,2.6739134788513184,3.5333786010742188,0.6407,0.7966112839542145,9.103650272155123,49.509490966796875,3,15.0,6.477798990317644,12.24942024384631,0.7577455415958388,0.2760912165168359,0.9557867927712542,2.6681224776011367,0.9168983459472656,-3.5444425742979693,5.079029238307819e-06
S1_W3_tags,blk17_neg_d0.350,1234567,4.0,2.1959242820739746,0.5489810705184937,0.11845855712890625,112.75671750181554,1377,2.550259828567505,3.4934659004211426,0.57265,0.8782618985482329,11.416492667119451,56.46437072753906,5,13.0,6.167249057521514,15.319888883353038,0.7518771076889903,0.24948582139293918,0.9345999699334079,2.790106472930709,0.9097915649414061,-3.459323998950172,1.0921408867927385e-05
S1_W3_tags,blk17_pos_d0.350,3141592,4.0,2.454479455947876,0.613619863986969,0.08237838745117188,84.61990595611286,1276,2.6111724376678467,3.5605392456054688,0.7156000000000001,0.7362494321540228,7.700743420728211,38.386966705322266,2,15.0,5.913129459093552,7.541798999584354,0.8223768877534898,0.4364533029785487,0.974619296049482,2.4865881327266224,0.9182113647460938,-3.636283841687056,2.7905375612177772e-06
S1_W3_tags,blk17_pos_d0.350,1234567,4.0,2.4923877716064453,0.6230969429016113,0.0977203369140625,81.73835354179961,1567,2.7027385234832764,3.679459571838379,0.6277,0.8143597482857331,9.56283904244347,44.749176025390625,2,15.0,5.956787597229832,8.294765075450208,0.7784955837471956,0.2991769632843111,0.970990893259576,2.6592635722377302,0.90391845703125,-3.5745970136266147,4.900447535651715e-06
S1_W3_tags,blk19_neg_d0.350,3141592,4.0,2.189753770828247,0.5474384427070618,0.10769424438476563,90.25383631713555,1564,2.7606656551361084,3.616725444793701,0.63385,0.8154248667240418,9.591121140534483,39.61211013793945,3,15.0,6.154500986822632,10.309375995327258,0.7512496750390985,0.3140663831423336,0.9603633379238182,2.8024203862325336,0.8870391845703125,-3.576454105030882,4.9975245148933705e-06
S1_W3_tags,blk19_neg_d0.350,1234567,4.0,2.0919787883758545,0.5229946970939636,0.11922607421875,97.30510585305106,1606,2.7054085731506348,3.6488687992095947,0.57985,0.8775710690880841,11.394646605734598,42.07674789428711,3,14.0,6.250130745298618,11.137310120245589,0.7272777193000499,0.22955532419206381,0.9530101599431041,2.957091486729105,0.8656707763671875,-3.5223879510712663,7.400186552011364e-06
S1_W3_tags,blk19_pos_d0.350,3141592,2.799999952316284,2.348588228225708,0.8387815243649742,0.08628158569335938,66.75974025974025,1694,2.986874580383301,3.7313504219055176,0.6482,0.7861888034807146,8.844344454741753,50.007877349853516,4,18.0,6.942056063114894,6.9583468484903,0.7812649724085181,0.2786582965305643,0.974796476978653,2.550965705200861,0.9302642822265625,-3.5500492830619437,3.288923710542902e-06
S1_W3_tags,blk19_pos_d0.350,1234567,2.799999952316284,2.298656463623047,0.820948750988905,0.10143585205078125,76.67474048442907,1734,2.86761212348938,3.748131275177002,0.5821999999999999,0.8765051944754636,11.361022490252056,59.25340270996094,5,16.0,6.910964042324633,8.326176136006808,0.7787576931625688,0.2517391305567045,0.9661899213163578,2.575170635214742,0.936407470703125,-3.5309055121343906,5.655370520007568e-06
S1_W3_tags,blk23_neg_d0.350,3141592,4.0,2.4316835403442383,0.6079208850860596,0.09409561157226562,106.68944636678201,1156,2.6728646755218506,3.5798604488372803,0.6562,0.7922699561612229,8.99472905686624,51.475337982177734,3,13.0,6.4792552378726365,12.3142754993901,0.7563110910475879,0.257726953366484,0.9554185802577163,2.6329010838272318,0.9177497863769531,-3.6068832143013405,4.411171073601682e-06
S1_W3_tags,blk23_neg_d0.350,1234567,4.0,2.456083297729492,0.614020824432373,0.1055694580078125,109.81904761904762,1260,2.552006483078003,3.5049426555633545,0.5760500000000001,0.8655848090874376,11.022191832490668,57.74778747558594,5,11.0,6.310892027473096,14.263608725320815,0.7711223452779621,0.29350634717225776,0.9420634232560856,2.7388415890792106,0.9030578613281249,-3.528931083792791,8.650633101407127e-06
S1_W3_tags,blk23_pos_d0.350,3141592,4.0,2.2219724655151367,0.5554931163787842,0.08893814086914062,90.57731157731158,1287,2.921283721923828,3.7411727905273438,0.6956,0.7458920693280248,7.9094001097398605,32.71257781982422,3,17.0,5.875262416324032,6.912363938113857,0.7968653241598986,0.4322588607841329,0.9750557317692172,2.6768016722086556,0.904986572265625,-3.7646900831165517,2.1277479607818867e-06
S1_W3_tags,blk23_pos_d0.350,1234567,4.0,2.3036317825317383,0.5759079456329346,0.1064727783203125,97.04867872044507,1438,2.9620110988616943,3.772601366043091,0.5669000000000001,0.8789335293512689,11.437771763673954,35.937255859375,5,17.0,6.201234509125738,7.349568284572757,0.7487526835158106,0.2727705797161045,0.9698976429960195,2.949214564563498,0.884222412109375,-3.746396045970285,3.957362591037405e-06
S1_W3_tags,blk27_neg_d0.075,3141592,4.0,2.2715861797332764,0.5678965449333191,0.09182586669921874,101.7396449704142,1183,2.6922521591186523,3.6156911849975586,0.66155,0.7770183314109224,8.622303381775978,47.14311599731445,2,15.0,5.946462091266062,8.827111213511646,0.7914004706749573,0.40602042825078677,0.9702654098583788,2.467295388686629,0.9040077209472657,-3.676571728142546,3.0057169467306702e-06
S1_W3_tags,blk27_neg_d0.075,1234567,4.0,2.173870801925659,0.5434677004814148,0.11193008422851562,105.85064935064935,1386,2.7058234214782715,3.5929477214813232,0.59385,0.8669771031395817,11.064822575275096,50.3778190612793,4,15.0,5.9530414565134215,9.93691902712892,0.7511656251523013,0.27641527571522095,0.9595436276480229,2.832255676817234,0.870062255859375,-3.5827945617573125,6.7014333912480295e-06
S1_W3_tags,blk27_pos_d0.100,3141592,4.0,2.3229682445526123,0.5807420611381531,0.09390716552734375,92.68524096385542,1328,3.3239386081695557,3.9920148849487305,0.6683000000000001,0.7724221661170371,8.513124117739364,38.646602630615234,4,16.0,6.496628848626661,12.713421193294543,0.7634982827714427,0.3673315788856809,0.9481201892419142,2.844485208669116,0.94793701171875,-3.5934771243259003,4.828563717490252e-06
S1_W3_tags,blk27_pos_d0.100,1234567,4.0,2.4865305423736572,0.6216326355934143,0.11179656982421875,92.04396984924622,1592,3.112853765487671,3.9654786586761475,0.58985,0.871379409259929,11.200705001763717,42.84418869018555,3,15.0,6.5724516694756785,14.382734345317393,0.715693820422487,0.19967786406157162,0.9287862821132489,2.898230308689779,0.9433174133300781,-3.4567708817419813,1.1259412914484609e-05
S1_W4_synonyms,baseline,3141592,2.799999952316284,2.141606092453003,0.7648593317586921,0.11275100708007812,84.49685534591195,1749,2.8215973377227783,3.696725845336914,0.6465,0.8526292070147116,10.633295079970035,50.642852783203125,6,16.0,6.51699193593503,9.97286415199126,0.7568462603760497,0.26848548636724867,0.9568958680503328,2.923037804044522,0.8663368225097656,-3.4727621036198224,8.049572748380126e-06
S1_W4_synonyms,baseline,1234567,2.799999952316284,1.9245867729187012,0.6873524306050782,0.1232269287109375,85.50344097406035,1889,2.8632419109344482,3.721994400024414,0.5652999999999999,0.8890406914288598,11.762825705269172,56.93555450439453,5,15.0,6.444228449795786,9.268162616430132,0.727216927784254,0.18189008137327878,0.955532601979229,2.9731843985249222,0.8592384338378907,-3.3380112827038797,1.0632651526241524e-05
S1_W4_synonyms,blk00_neg_d0.250,3141592,4.0,2.2330033779144287,0.5582508444786072,0.11078414916992188,72.27824788451966,2009,3.3581902980804443,3.935476779937744,0.63205,0.8333252673721858,10.07914299078778,47.360443115234375,4,18.0,5.789782623691569,11.714090378167388,0.7258160569990291,0.29825469582943387,0.9550049193348126,2.8414732827509543,0.9514953613281251,-3.5133897058126315,7.848344421976925e-06
S1_W4_synonyms,blk00_neg_d0.250,1234567,4.0,2.1165506839752197,0.5291376709938049,0.11192245483398437,74.80826109127996,1961,3.3091726303100586,3.9450695514678955,0.61535,0.8532422098022046,10.651382844033378,49.65354537963867,5,19.0,5.674843052072755,11.680043251473478,0.7219690391484737,0.2720759830541136,0.9517378018985073,2.8616114678801656,0.9488731384277342,-3.4864322539742725,8.150294597453786e-06
S1_W4_synonyms,blk00_pos_d0.300,3141592,2.799999952316284,2.096614360809326,0.7487908558980202,0.10727386474609375,79.52828054298642,1768,2.722175121307373,3.599945306777954,0.57255,0.8903793952321707,11.806566617973587,44.89596176147461,6,17.0,5.9108511659932015,5.851979675962964,0.7601276958223485,0.28025690026972494,0.9741437209035133,2.932539349047748,0.8483016967773438,-3.4848450183596524,5.734847807853687e-06
S1_W4_synonyms,blk00_pos_d0.300,1234567,2.799999952316284,2.0155997276306152,0.7198570578414553,0.117010498046875,70.22344322344323,2184,2.7288565635681152,3.5579497814178467,0.53895,0.9001833691930777,12.131898911091682,46.667179107666016,5,17.0,5.972944384766009,6.022932277751792,0.7466688187536212,0.27183904574345474,0.970818654854874,2.9886783401192862,0.834161376953125,-3.4006788927935947,6.956946191515518e-06
S1_W4_synonyms,blk02_neg_d0.350,3141592,2.799999952316284,1.928037405014038,0.6885847992315428,0.11310882568359375,83.90152801358234,1767,2.8952057361602783,3.7410154342651367,0.5707000000000001,0.8952098964455675,11.965755512642234,53.882389068603516,3,17.0,6.1097826270662035,9.413036320310354,0.7513830723976535,0.21789518952362807,0.9584185966986648,3.0026789323454763,0.8527465820312501,-3.4570009287473082,8.081313353219236e-06
S1_W4_synonyms,blk02_neg_d0.350,1234567,2.799999952316284,2.0717647075653076,0.7399159795883039,0.11211318969726562,86.44058823529411,1700,2.8684825897216797,3.7368826866149902,0.5831000000000001,0.8780000722086829,11.408208022892957,52.840396881103516,4,15.5,6.322824055932748,9.481280666029836,0.755025427878466,0.27815115437839444,0.9599054792713563,2.9243629132248485,0.8699401855468749,-3.4134347399633334,8.485187971959317e-06
S1_W4_synonyms,blk02_pos_d0.350,3141592,2.799999952316284,2.255107879638672,0.8053956850153324,0.10557327270507813,84.53084911423335,1637,2.8969223499298096,3.840909004211426,0.5629500000000001,0.9036563323629047,12.249282402534437,48.13807678222656,6,15.0,6.783725991168256,11.212464742419233,0.7529756995141162,0.20876730909454325,0.9502110860068541,3.086750534953623,0.8193565368652345,-3.3870845777007412,1.0075139942815756e-05
S1_W4_synonyms,blk02_pos_d0.350,1234567,2.799999952316284,2.084597587585449,0.7444991511021197,0.11012649536132812,78.1510557661072,1847,2.8171935081481934,3.8199105262756348,0.51805,0.9201546084240753,12.822613476450558,53.15057373046875,6,15.0,6.353403726245893,9.67626466434648,0.7407277366392171,0.1730966633091058,0.9523597366709279,2.9903261494134377,0.8412239074707031,-3.3073906766546215,1.0757448146814834e-05
S1_W4_synonyms,blk05_neg_d0.350,3141592,2.799999952316284,2.1104884147644043,0.7537458752520745,0.11701812744140624,90.86374407582939,1688,2.8650407791137695,3.6849470138549805,0.5626,0.8898813021581135,11.790272917446275,49.385887145996094,6,15.0,6.079707381727191,10.505853982210553,0.7481173280116873,0.2696917980313607,0.955353688842917,2.985477377843436,0.8612770080566406,-3.482175490745702,8.366930998892495e-06
S1_W4_synonyms,blk05_neg_d0.350,1234567,2.799999952316284,2.003096103668213,0.7153914777788346,0.12114410400390625,89.4569014084507,1775,2.820565700531006,3.6971611976623535,0.5690999999999999,0.8996646220765885,12.114462477845336,55.840667724609375,4,15.0,6.370790791612008,9.870448485877375,0.741204944289765,0.23955074084847908,0.953537712033596,2.988402809836999,0.8580337524414062,-3.4024147359727674,1.0141364139617488e-05
S1_W4_synonyms,blk05_pos_d0.350,3141592,2.799999952316284,2.0577054023742676,0.7348947990774223,0.11642074584960938,60.55357142857143,2520,2.8253250122070312,3.6737465858459473,0.57145,0.8867659155530895,11.688870815095646,51.0112419128418,6,17.0,6.129900528493288,8.344675101677568,0.7554617687506597,0.2698276758154482,0.9618615925925139,2.8843924849353524,0.8811340332031249,-3.3490640133724834,8.860851504091082e-06
S1_W4_synonyms,blk05_pos_d0.350,1234567,2.799999952316284,2.063488483428955,0.7369601852035554,0.11546783447265625,54.28479196556671,2788,2.851985216140747,3.8032608032226562,0.48455,0.9349123110878323,13.358158609850415,56.33530807495117,6,18.0,6.24067988777148,8.388179672783291,0.7352260866884168,0.16471868035004433,0.9593438967501307,2.9482513831323285,0.8798759460449218,-3.2731378974633007,1.0539373226354838e-05
S1_W4_synonyms,blk08_neg_d0.350,3141592,2.799999952316284,2.357808828353882,0.8420745958954027,0.09608917236328125,61.19825072886297,2058,2.7625207901000977,3.751702070236206,0.57365,0.8914960180659864,11.843175631477198,53.41322326660156,5,16.0,6.45120231274301,8.163078227229747,0.7707961967716552,0.23334401605371508,0.9688692610422618,2.7885855946167952,0.8949935913085938,-3.402466075156661,8.532271777284799e-06
S1_W4_synonyms,blk08_neg_d0.350,1234567,2.799999952316284,2.2717056274414062,0.8113234521886868,0.10037460327148437,62.64904761904762,2100,2.676912784576416,3.5937085151672363,0.57335,0.8788723330650607,11.435831257171825,61.24636459350586,6,16.0,6.408231190995311,7.0399613034325,0.7663103070171591,0.2673568383211359,0.9702045451233827,2.7481075024391384,0.9033897399902343,-3.3960100131066624,7.874574015302478e-06
S1_W4_synonyms,blk08_pos_d0.350,3141592,2.799999952316284,2.1749956607818604,0.7767841777935058,0.1082794189453125,91.38699291693496,1553,2.8180675506591797,3.795149803161621,0.63685,0.837636105619744,10.200333540270925,50.648902893066406,5,15.0,6.37789173591691,9.751912402911806,0.7668639481406024,0.2918950498205528,0.9565610088749033,2.9495549080030856,0.85823974609375,-3.4924897070172123,6.36986742427327e-06
S1_W4_synonyms,blk08_pos_d0.350,1234567,2.799999952316284,2.2640230655670166,0.8085796800439644,0.10688552856445313,90.56043956043956,1547,2.7990684509277344,3.6749188899993896,0.6106999999999999,0.8519887068604154,10.614428768738184,47.03007507324219,4,14.0,6.338627192020941,9.41102853839288,0.7699406240712149,0.302361002240801,0.9612036757447064,2.918488164036083,0.8678855895996094,-3.435654047268851,8.032579867240195e-06
S1_W4_synonyms,blk09_neg_d0.350,3141592,2.799999952316284,2.139582633972168,0.7641366680032299,0.09011764526367187,80.51738241308793,1467,2.7315845489501953,3.6004419326782227,0.63755,0.8365425551971156,10.169453317726814,57.31760025024414,6,16.0,6.371933753757569,7.100477782410798,0.7743726280367988,0.2483328422450349,0.9711427328331246,2.738900151600471,0.9012405395507812,-3.5468842152425006,5.100987083589887e-06
S1_W4_synonyms,blk09_neg_d0.350,1234567,2.799999952316284,2.205655097961426,0.7877339769726818,0.10706863403320313,74.33103813559322,1888,2.651019811630249,3.5583040714263916,0.5610499999999999,0.884257665183884,11.607864355056186,61.47202682495117,6,16.0,6.1616856707489545,7.636518570916172,0.7662569758230313,0.26120637923030476,0.9630651734459583,2.774798667686396,0.9042694091796875,-3.439049968379075,7.065122356907447e-06
S1_W4_synonyms,blk09_pos_d0.350,3141592,2.799999952316284,2.0884225368499756,0.7458652044341428,0.116619873046875,78.14723926380368,1956,2.834833860397339,3.6848196983337402,0.62605,0.8384046752291878,10.222092886381247,45.922847747802734,6,15.0,6.366473738608982,11.13966124507207,0.7534684799705245,0.3172606898018412,0.955336265701427,2.9970145181678016,0.8542327880859375,-3.4576259672117846,7.568694377210174e-06
S1_W4_synonyms,blk09_pos_d0.350,1234567,2.799999952316284,2.1113014221191406,0.7540362350265679,0.11451568603515624,77.37010309278351,1940,2.8296666145324707,3.6852893829345703,0.6071500000000001,0.8514227714568753,10.597786663653736,46.03757858276367,6,14.5,6.523409648144136,11.01180768083272,0.7613599121399776,0.3080427847412238,0.9550874870719536,2.971394838737736,0.8586013793945313,-3.4117889444016716,8.928486164988916e-06
S1_W4_synonyms,blk12_neg_d0.350,3141592,2.799999952316284,2.1316068172454834,0.7612881619809042,0.1220184326171875,75.36852026390198,2122,2.7349586486816406,3.658477783203125,0.6262,0.8521805972601637,10.62007749932176,48.228172302246094,4,16.0,6.093529435812837,10.011715937991518,0.7518185928582128,0.26318013752533664,0.9557369474175346,2.8669791231946253,0.8893386840820312,-3.473442713512628,8.154323308149699e-06
S1_W4_synonyms,blk12_neg_d0.350,1234567,2.799999952316284,2.163905382156372,0.7728233639312363,0.1214508056640625,80.03418803418803,1989,2.674283027648926,3.548971176147461,0.54545,0.8963024416810298,12.002056877054452,50.940208435058594,6,16.0,6.505596589683558,9.388761273006615,0.7358745386091925,0.23983875880321945,0.9568550445126198,2.885880293798454,0.8883087158203125,-3.4142705519367555,7.981376978255526e-06
S1_W4_synonyms,blk12_pos_d0.350,3141592,2.799999952316284,2.1063790321350098,0.7522782385737256,0.08941421508789063,57.87506172839506,2025,3.015031099319458,3.8962011337280273,0.558,0.8982692865556977,12.067685899895988,48.525794982910156,4,19.0,5.798842972629681,6.216437859888186,0.772786676916776,0.219960716999701,0.9763205938932527,2.9210832075272006,0.8677963256835938,-3.350407653166898,7.282449055081619e-06
S1_W4_synonyms,blk12_pos_d0.350,1234567,2.799999952316284,1.9726091623306274,0.7045032842585578,0.11524276733398438,64.05894826123834,2358,2.859846830368042,3.8373641967773438,0.57225,0.8950336666024867,11.959910318569131,50.21525955200195,5,18.0,5.99455528665421,8.217985902789696,0.7491037602167561,0.20239828181925157,0.9669221955374221,2.9417290433929066,0.8722396850585937,-3.3748274156932316,8.152901397240059e-06
S1_W4_synonyms,blk13_neg_d0.350,3141592,2.799999952316284,2.146695852279663,0.7666771031563129,0.10705337524414063,100.80244252873563,1392,2.910181760787964,3.7785277366638184,0.6668,0.8333676701545194,10.080328019689947,47.07072830200195,7,15.0,6.71185515666134,9.971912851851584,0.7607041239486197,0.25805654761647867,0.9580193643965401,3.0341382321080426,0.8448120117187501,-3.463908791650868,8.642543068460552e-06
S1_W4_synonyms,blk13_neg_d0.350,1234567,2.799999952316284,2.090505361557007,0.7466090704136077,0.12014694213867187,89.4258943781942,1761,2.876342296600342,3.7390518188476562,0.5602,0.8906539101041893,11.815556215261356,47.22484588623047,5,17.0,6.366655399659144,9.659931341446626,0.7451004408449585,0.2547972788715571,0.9553212073071922,3.036929058509187,0.8538352966308594,-3.3664102322165,1.0231199985686263e-05
S1_W4_synonyms,blk13_pos_d0.350,3141592,2.799999952316284,2.032998561859131,0.7260709273146038,0.1090484619140625,57.84378794010522,2471,2.926236629486084,3.7138607501983643,0.6214500000000001,0.8489869807778462,10.526456220425807,45.498565673828125,4,17.0,6.294121524783818,8.239630767596038,0.7425004599581215,0.21547521113701332,0.9658278311305528,2.8849266359015537,0.8764625549316407,-3.404758602305842,8.427518375643089e-06
S1_W4_synonyms,blk13_pos_d0.350,1234567,2.799999952316284,2.099552631378174,0.749840238261908,0.10423049926757813,72.24590163934427,1891,2.7374982833862305,3.585726261138916,0.5589999999999999,0.8787063210774122,11.430568750070934,45.78105545043945,4,17.0,6.244457568424659,9.720420389691284,0.7496453681853332,0.20840509734310098,0.9617434813178225,2.703626259724068,0.9164161682128906,-3.4851273771255644,7.103067609300956e-06
S1_W4_synonyms,blk15_neg_d0.350,3141592,2.799999952316284,2.1603827476501465,0.7715652801575879,0.12420501708984374,94.26635784597568,1727,2.8833043575286865,3.70706844329834,0.5708500000000001,0.8760200127910325,11.345749812298415,44.20560836791992,5,17.0,5.966217263685593,9.91799071161733,0.7192162168508907,0.23017750714365404,0.9570450466053474,3.090353869925479,0.8442100524902343,-3.544742925264511,7.165315937703866e-06
S1_W4_synonyms,blk15_neg_d0.350,1234567,2.799999952316284,2.0950348377227783,0.7482267405003605,0.11459426879882813,91.75381795968235,1637,2.915983200073242,3.7727651596069336,0.54385,0.8942669958358705,11.934514584001713,45.578975677490234,4,17.0,6.027447471134502,9.073611260098254,0.7382938492627633,0.25464024157607257,0.9607818057939128,3.0426111214812352,0.8527641296386719,-3.5100686593560524,7.14209102424094e-06
S1_W4_synonyms,blk15_pos_d0.350,3141592,4.0,2.1363766193389893,0.5340941548347473,0.10511627197265624,92.71736204576042,1486,2.679501533508301,3.6216721534729004,0.6354500000000001,0.8442493859369085,10.389091133935057,52.80867004394531,5,13.0,6.038173572230295,10.06144838135999,0.7720388078924785,0.28556619504236785,0.9605541553047018,2.794439600628589,0.8966987609863282,-3.4893630445358106,7.363565101114967e-06
S1_W4_synonyms,blk15_pos_d0.350,1234567,4.0,2.0608584880828857,0.5152146220207214,0.11693115234375,84.44297520661156,1815,2.8223366737365723,3.738722324371338,0.64565,0.8456758260337881,10.43026063768597,55.14134216308594,7,13.0,6.190778929181691,9.701510472901127,0.7437042201926318,0.21774959298352128,0.9567596051127121,2.830444522920139,0.899066162109375,-3.4428934162689644,8.959917154648315e-06
S1_W4_synonyms,blk17_neg_d0.350,3141592,2.799999952316284,1.8533085584640503,0.6618959250091813,0.1277679443359375,81.8114313629702,2047,2.859142541885376,3.7092626094818115,0.5791999999999999,0.8845586173014076,11.617554190105013,53.62163162231445,6,16.0,5.999427457704933,11.825122152901582,0.7125149322498883,0.17459963395803063,0.9453415951726225,3.0231565857203164,0.8537643432617188,-3.3839084321689508,1.2058832573718664e-05
S1_W4_synonyms,blk17_neg_d0.350,1234567,2.799999952316284,1.8564321994781494,0.6630115111046435,0.1238037109375,75.37018114259173,2153,2.711669683456421,3.6179256439208984,0.5589500000000001,0.8941760947407159,11.931507091171577,58.87677001953125,4,17.0,5.799436112559314,9.595365150607277,0.7414657098472235,0.23326108324621408,0.9523572185314355,2.955200466442109,0.8712287902832031,-3.3091210968818907,1.1413105985704002e-05
S1_W4_synonyms,blk17_pos_d0.350,3141592,4.0,2.3159921169281006,0.5789980292320251,0.09024276733398437,83.94819020581973,1409,2.8059725761413574,3.722073793411255,0.6638499999999999,0.8180757151405825,9.66187280645087,42.06542205810547,3,17.0,6.099834365032074,5.76687028899017,0.7902147754744406,0.3289907926557083,0.9793455707647811,2.7571038518188065,0.8902351379394531,-3.6650590161214183,4.141884175341345e-06
S1_W4_synonyms,blk17_pos_d0.350,1234567,2.799999952316284,2.1646170616149902,0.7730775351707856,0.09892807006835938,88.5098976109215,1465,2.7885494232177734,3.669375419616699,0.6230500000000001,0.8437224901133213,10.373925150397827,44.75340270996094,3,16.0,6.0223812751122505,6.585477934969227,0.7669072198759093,0.25499176722147365,0.9753522137843198,2.814529690885101,0.8843933105468751,-3.549552736385826,5.31228253104766e-06
S1_W4_synonyms,blk19_neg_d0.350,3141592,2.799999952316284,1.9328924417495728,0.690318740952334,0.1195709228515625,80.12474437627812,1956,2.902863025665283,3.7515926361083984,0.5489999999999999,0.8865494165302369,11.681856526784474,46.34678268432617,7,15.0,6.315546170957822,8.837280413272401,0.7366121148588929,0.2500838730984335,0.959423919653664,3.0439447080972726,0.8450630187988281,-3.562033325751473,6.4233443141284665e-06
S1_W4_synonyms,blk19_neg_d0.350,1234567,2.799999952316284,1.9484773874282837,0.6958847930752344,0.12002487182617187,74.84253092293054,2102,2.9336140155792236,3.7882003784179688,0.58815,0.8719684313627745,11.219011997411078,44.2789306640625,5,16.0,6.280916898506774,8.664646990363225,0.740660774663218,0.2775548305592084,0.9588839999434553,3.0155186147421906,0.8454574584960939,-3.4523160014406855,7.628969555247137e-06
S1_W4_synonyms,blk19_pos_d0.350,3141592,2.799999952316284,2.150102138519287,0.767893633976896,0.08539505004882812,51.96332404828227,2154,3.083406925201416,3.8126060962677,0.61625,0.8512060423906522,10.591420360611115,53.12620544433594,6,21.0,6.026123238811005,4.894889690332348,0.7848759110031471,0.31987106732730963,0.9795159240139202,2.801069461971554,0.8965522766113282,-3.4521661406711397,4.861233453841658e-06
S1_W4_synonyms,blk19_pos_d0.350,1234567,2.799999952316284,1.8708986043930054,0.6681780843765068,0.10966720581054687,70.39324191968659,2042,2.995117664337158,3.825026273727417,0.5139,0.9115005762599409,12.518608509147274,57.348533630371094,6,20.0,6.226391281512596,4.3334252437979295,0.7484226938686643,0.21437854025454434,0.9776257970868145,2.928856468235666,0.8873947143554688,-3.464625455677228,6.184265018431368e-06
S1_W4_synonyms,blk23_neg_d0.350,3141592,2.799999952316284,2.167165994644165,0.7739878684109938,0.10588607788085938,73.00736454497633,1901,2.7526028156280518,3.6558425426483154,0.5633,0.8908626589678376,11.82239674016901,63.98933792114258,5,16.0,6.491283800688701,9.240800298801503,0.7647351325575846,0.2680971641278189,0.9583559193763156,2.866846535818867,0.8802879333496093,-3.4468589188308845,7.752266445721631e-06
S1_W4_synonyms,blk23_neg_d0.350,1234567,2.799999952316284,2.118913173675537,0.7567547177715764,0.12463302612304687,89.80703683342496,1819,2.756305694580078,3.6688876152038574,0.5262,0.9166416230916438,12.698326670044619,63.92399978637695,5,15.0,6.697145757370766,10.798470809085835,0.7446809278160086,0.2480927695628647,0.947729174275862,2.979886405990699,0.8582015991210938,-3.341245499363869,1.0767168946933727e-05
S1_W4_synonyms,blk23_pos_d0.350,3141592,2.799999952316284,2.116952419281006,0.7560544483330326,0.10604248046875,82.83194278903457,1678,3.139773368835449,3.8296241760253906,0.5801999999999999,0.8654576226834051,11.01830570061134,34.753807067871094,5,19.0,5.798495988250165,6.161088046322753,0.7386639181359513,0.24616411613763223,0.9741571077354785,3.0249824291983964,0.8635696411132812,-3.659621929670462,4.320803402989813e-06
S1_W4_synonyms,blk23_pos_d0.350,1234567,2.799999952316284,1.9222843647003174,0.686530141941652,0.10685653686523437,77.33793484262839,1811,3.2144546508789062,3.965327024459839,0.55225,0.8870312253511309,11.697472252683784,36.11433410644531,4,19.0,5.6489482054428795,5.636207911567073,0.73984429513727,0.2516961778095117,0.9737398893367146,3.014735257355921,0.8633857727050782,-3.5769210123151485,4.7493938609732205e-06
S1_W4_synonyms,blk27_neg_d0.075,3141592,2.799999952316284,2.0670669078826904,0.7382381939587966,0.10263442993164062,88.38699080157687,1522,2.824221611022949,3.70717453956604,0.6273,0.8607204666503631,10.874535450160913,55.96351623535156,4,17.0,6.016877042406164,7.506396627073526,0.7603550705127637,0.28524193910203743,0.9713761347851722,2.8219895760847047,0.8627090454101562,-3.53504036889168,6.430079854841325e-06
S1_W4_synonyms,blk27_neg_d0.075,1234567,2.799999952316284,1.8639907836914062,0.6657110055124931,0.11367034912109375,87.74440518256773,1698,2.7920565605163574,3.6878414154052734,0.5569999999999999,0.9001068360324045,12.129324856177625,60.734519958496094,4,17.0,5.934948884039923,6.761562736117392,0.7476847786620913,0.25696203848864696,0.9703051731436084,2.876783792751071,0.8504104614257812,-3.4039541285264834,7.917185047252765e-06
S1_W4_synonyms,blk27_pos_d0.100,3141592,2.799999952316284,2.126655340194702,0.7595197772897955,0.11960296630859375,72.10947562097516,2174,3.177250385284424,3.904560089111328,0.5492,0.9044472050151349,12.276171665454571,45.15469741821289,4,18.0,6.291074855862826,12.019387576032766,0.7201182789713939,0.2098715518389988,0.9356857008626103,2.9269275800664674,0.939300537109375,-3.398726992002618,1.1207956236010755e-05
S1_W4_synonyms,blk27_pos_d0.100,1234567,2.799999952316284,2.1092545986175537,0.753305226620695,0.12015457153320312,65.8398829431438,2392,3.2526426315307617,3.9367756843566895,0.5347,0.9019869211077064,12.192716497669656,46.65921401977539,3,19.0,6.141153866825666,11.876165890045431,0.7149531048864153,0.23289150050452617,0.9359335405092624,2.9404795986519163,0.9371109008789061,-3.3061520941773774,1.2668703247430634e-05
S2_W1_original,baseline,3141592,4.0,1.950350046157837,0.48758751153945923,0.06187744140625,85.82433862433862,945,3.709533452987671,4.057880878448486,0.4987,0.9132775710364128,12.580438325755308,30.18472671508789,1,18.0,6.473032510938377,2.065915772252514,0.7938623698639429,0.19541291220697385,0.9562830890772918,3.181110807792094,0.8089340209960938,-3.4474598752598613,6.446765163767248e-06
S2_W1_original,baseline,1234567,4.0,2.0376200675964355,0.5094050168991089,0.060247039794921874,91.08073817762399,867,3.6798481941223145,4.052271366119385,0.5575,0.9023446771953217,12.20481658121988,31.425457000732422,3,18.0,6.7263369020032515,2.11465653120667,0.8019868707910198,0.20048685593049076,0.959494134870118,3.1658836345353674,0.81053466796875,-3.5477677683340256,5.3283584677265475e-06
S2_W1_original,blk00_neg_d0.250,3141592,4.0,2.0585081577301025,0.5146270394325256,0.09266357421875,64.33050847457628,1888,3.7867350578308105,4.0662336349487305,0.5397,0.9045635490154096,12.280132278788768,34.12151336669922,2,22.0,4.931814492990148,4.638301400201584,0.7130165037400396,0.15530221070412686,0.9306982762918459,2.928977279989873,0.9341552734375,-3.499429119560104,9.425448459079036e-06
S2_W1_original,blk00_neg_d0.250,1234567,4.0,2.1585354804992676,0.5396338701248169,0.09322280883789062,65.02873869079298,1879,3.735217809677124,4.052976131439209,0.5417,0.9060529599804288,12.330948230936913,36.93009948730469,1,21.0,4.901962460231388,5.063476463121329,0.7140497551030378,0.15588008032835377,0.9309510348304271,2.917774229332822,0.9358558654785156,-3.536330270530446,9.407862815270871e-06
S2_W1_original,blk00_pos_d0.300,3141592,2.799999952316284,1.7663542032241821,0.6308407976089341,0.03289718627929687,101.93617021276596,423,3.7444097995758057,4.040908336639404,0.6129,0.8619627708266259,10.912056265508973,32.91908645629883,2,18.0,5.820223214679834,0.8375184632648689,0.8495788964621844,0.2565119535896382,0.9808948182379978,3.117017020753525,0.7836677551269532,-3.485827354882452,3.1265108342357227e-06
S2_W1_original,blk00_pos_d0.300,1234567,2.799999952316284,1.8678107261657715,0.6670752707051425,0.03508071899414063,114.09677419354838,403,3.751577615737915,4.035727500915527,0.63125,0.8506465260298963,10.575002535362872,32.30870819091797,2,18.0,5.981918018244486,0.9185766239522926,0.8483201882822146,0.25748036882836045,0.9784698586678231,3.116874799899407,0.7838294982910157,-3.5284198465470906,3.060215868501699e-06
S2_W1_original,blk02_neg_d0.350,3141592,4.0,1.8973075151443481,0.47432687878608704,0.06267242431640625,84.86157024793388,968,3.741584539413452,4.064024925231934,0.5032,0.9014365347912994,12.174124663683031,30.169858932495117,1,19.0,5.817986364018055,1.897090912593381,0.7940198039958667,0.19797775568946913,0.9592672692617825,3.1834047003976993,0.8084686279296875,-3.4319593371859445,5.960409369827854e-06
S2_W1_original,blk02_neg_d0.350,1234567,4.0,1.9972106218338013,0.4993026554584503,0.058892822265625,85.57871396895787,902,3.741145610809326,4.064597129821777,0.5401,0.901868056380195,12.188698891469864,30.627391815185547,2,19.0,6.274860609626208,2.034332582562852,0.7963918737471227,0.19804902597872523,0.9597340278525661,3.1785160911785857,0.8157875061035156,-3.5632174893497877,5.014740129935264e-06
S2_W1_original,blk02_pos_d0.350,3141592,4.0,2.092979907989502,0.5232449769973755,0.06090621948242188,82.3,970,3.6632111072540283,4.042891502380371,0.5488,0.8942914179629031,11.93532272734777,27.14914894104004,2,18.0,6.718107187977867,2.1583850381824563,0.7972786938540468,0.208226362670285,0.9570952442145988,3.1742149243104527,0.8045448303222656,-3.522244120348518,5.97942597228182e-06
S2_W1_original,blk02_pos_d0.350,1234567,4.0,2.0403003692626953,0.5100750923156738,0.061588287353515625,89.10044150110376,906,3.6435112953186035,4.041353225708008,0.5108,0.9123038358903092,12.546519879009345,28.3673095703125,2,18.0,6.360259580299536,2.246098830916215,0.7941554159463541,0.20687488204477006,0.9594889563622389,3.1736937228252864,0.8064262390136718,-3.5776870410240726,5.306479179855358e-06
S2_W1_original,blk05_neg_d0.350,3141592,4.0,2.021145820617676,0.505286455154419,0.06519546508789062,87.55430327868852,976,3.705472946166992,4.048918724060059,0.57045,0.8802787409781414,11.480511086879048,28.467580795288086,2,18.0,6.330511747564512,2.187713947142796,0.7906203679619036,0.2017706301212357,0.9560408711135626,3.1764247906657572,0.8163002014160157,-3.5601125982200323,5.439911879687497e-06
S2_W1_original,blk05_neg_d0.350,1234567,4.0,2.035611391067505,0.5089028477668762,0.0611297607421875,78.47600391772772,1021,3.649714708328247,4.041455268859863,0.5779000000000001,0.8855060371219159,11.648111361762071,30.214569091796875,2,18.0,6.824817289802852,2.1985253171416628,0.8022039278656965,0.20412643748677473,0.9590505435683808,3.158940711024699,0.8182044982910157,-3.5664421709965595,5.484794953303113e-06
S2_W1_original,blk05_pos_d0.350,3141592,4.0,2.152869939804077,0.5382174849510193,0.057392120361328125,105.35714285714286,714,3.640705108642578,4.010318756103516,0.5929,0.8707633292649177,11.181589000344763,35.758201599121094,1,19.0,6.150345645581896,2.138393264490102,0.8169088313737806,0.21979483682381012,0.9607992983816482,3.135325640367873,0.8090713500976563,-3.4547205699368155,6.254681994994878e-06
S2_W1_original,blk05_pos_d0.350,1234567,4.0,2.127955913543701,0.5319889783859253,0.0558074951171875,96.88476821192053,755,3.6543736457824707,4.030402660369873,0.641,0.8609599057310345,10.881757082375412,35.69629669189453,2,18.0,6.4162835497174155,2.188264333348423,0.8166921497752775,0.22521829155618214,0.9636756820450532,3.128583399448347,0.8124839782714844,-3.5631169599117025,5.193842193242012e-06
S2_W1_original,blk08_neg_d0.350,3141592,4.0,2.099475145339966,0.5248687863349915,0.056821441650390624,98.9070385126162,753,3.6906566619873047,4.032443046569824,0.50935,0.9160721493414644,12.678292892569292,33.58966064453125,1,17.0,6.59497686609864,2.037654825397452,0.8144647067039715,0.20753721813568493,0.9650150790195829,3.1424921772780663,0.8173889160156249,-3.5112302303710314,5.708346180207499e-06
S2_W1_original,blk08_neg_d0.350,1234567,4.0,2.148881673812866,0.5372204184532166,0.05864791870117188,95.13737623762377,808,3.6424038410186768,4.024056434631348,0.52245,0.9154564505782974,12.656668501876451,34.79195785522461,2,18.0,6.979957164651223,2.228697703312893,0.8169612408005591,0.21103309257719205,0.9647242822745976,3.1228425394699,0.8235458374023438,-3.5704483023403295,5.321493691679088e-06
S2_W1_original,blk08_pos_d0.350,3141592,4.0,2.003648519515991,0.5009121298789978,0.04927139282226563,116.36216216216216,555,3.6302874088287354,4.039261341094971,0.6074499999999999,0.8501615631446273,10.560792914467271,26.375656127929688,1,19.0,6.392228009500892,1.6241784029332624,0.8161150348653252,0.21943983219555077,0.9677271117510626,3.1572626057965025,0.8113006591796874,-3.588272258737711,3.8075081407112284e-06
S2_W1_original,blk08_pos_d0.350,1234567,4.0,2.050478219985962,0.5126195549964905,0.055187225341796875,107.64136904761905,672,3.5935330390930176,4.0312724113464355,0.5663,0.8861507194721177,11.668950269034479,26.186376571655273,1,19.0,6.587875537595548,1.7510449227459355,0.8088184383001429,0.21321850017810295,0.9646134314652328,3.1544474711741075,0.8168640136718751,-3.6225055811400266,3.7094786905270123e-06
S2_W1_original,blk09_neg_d0.350,3141592,4.0,2.0911977291107178,0.5227994322776794,0.0513671875,107.21019108280255,628,3.6023523807525635,4.020148277282715,0.6068,0.8634876776069027,10.958289444157648,36.509063720703125,2,18.0,7.1481418884400085,1.856136805443802,0.8335070999548562,0.22394018351143774,0.9667650418883069,3.1039464009664806,0.7998115539550782,-3.4370712857200867,5.910088848765451e-06
S2_W1_original,blk09_neg_d0.350,1234567,4.0,2.0734314918518066,0.5183578729629517,0.050274658203125,104.10110584518168,633,3.597322702407837,4.002109527587891,0.5987500000000001,0.8697387050523407,11.149868732016984,36.08210754394531,2,17.0,7.252336199492823,1.7022969465264561,0.8380209145165706,0.23381501891418577,0.9676110488382775,3.093035337135692,0.8062141418457031,-3.5104296428061716,4.99694982681335e-06
S2_W1_original,blk09_pos_d0.350,3141592,4.0,1.9232629537582397,0.48081573843955994,0.06332626342773437,89.34660925726588,929,3.666781187057495,4.032857418060303,0.5669500000000001,0.8891040085644115,11.764890878537413,29.149070739746094,1,19.0,5.912219436779871,1.94548580327356,0.7903929727192317,0.20936291740680285,0.9570783920309538,3.176555619144211,0.8262847900390624,-3.5137429905629185,5.406003003539944e-06
S2_W1_original,blk09_pos_d0.350,1234567,4.0,2.0279383659362793,0.5069845914840698,0.06396255493164063,87.60397074190178,957,3.674586772918701,4.044093132019043,0.51595,0.9207526145589319,12.843891325726831,28.952655792236328,2,20.0,6.122671625629029,2.08334937281702,0.786178080890837,0.1893767599954861,0.9592642156274873,3.183960712936572,0.8249748229980469,-3.505269376496124,5.02591854903292e-06
S2_W1_original,blk12_neg_d0.350,3141592,4.0,1.910231113433838,0.4775577783584595,0.0680938720703125,90.15353535353535,990,3.6970930099487305,4.048698425292969,0.538,0.8951840134461045,11.964896845988056,29.794754028320312,1,19.0,6.182429979474965,2.198288541516379,0.7855522765021633,0.19604622050723386,0.9557067335564946,3.1749507812734525,0.8199806213378906,-3.4325975175139503,6.560391411759307e-06
S2_W1_original,blk12_neg_d0.350,1234567,4.0,2.0418076515197754,0.5104519128799438,0.06718292236328124,96.87348734873487,909,3.706540822982788,4.041747093200684,0.48855000000000004,0.9273071583214595,13.079437875342258,30.43499755859375,1,19.0,6.568125485421608,2.2890466687050477,0.7861842661258488,0.18906182450512948,0.95591358410713,3.1763637541222107,0.8228591918945312,-3.5771942571279602,4.87429309369026e-06
S2_W1_original,blk12_pos_d0.350,3141592,4.0,2.087494134902954,0.5218735337257385,0.05217742919921875,79.4308943089431,861,3.6461544036865234,4.033168792724609,0.57635,0.88026927522164,11.480209788840677,35.24410629272461,1,19.0,6.624831092796112,2.090459533615886,0.8086505516540106,0.2004274635414318,0.9645401452085084,3.162356203257606,0.8132072448730469,-3.3237448782232732,9.327275882637518e-06
S2_W1_original,blk12_pos_d0.350,1234567,4.0,2.0433576107025146,0.5108394026756287,0.053968048095703124,80.65792474344356,877,3.611912965774536,4.026293754577637,0.54465,0.9021768647855141,12.19913930853681,37.28822708129883,1,20.0,6.251123636369042,1.9950469316575254,0.8047055460295731,0.1988054187275241,0.9677531118341509,3.1579731804709503,0.822113037109375,-3.4507625710765253,6.785423037926767e-06
S2_W1_original,blk13_neg_d0.350,3141592,4.0,2.0429861545562744,0.5107465386390686,0.061712646484375,93.29642445213379,867,3.702814817428589,4.049202919006348,0.5327,0.8972526127610859,12.033717184387859,29.158754348754883,1,19.0,6.059182820470171,1.9342567512319937,0.787695325158337,0.18790772722934151,0.962596592751381,3.1883635735128784,0.8169219970703124,-3.569934192315084,4.470302094537676e-06
S2_W1_original,blk13_neg_d0.350,1234567,4.0,2.1365482807159424,0.5341370701789856,0.060919189453125,93.6084407971864,853,3.673790454864502,4.038728713989258,0.5543,0.8937222373962659,11.916502405461067,29.979019165039062,3,17.0,6.89589277404942,2.1738757342996413,0.7967482698822514,0.200029972986016,0.9611440430365807,3.1774412905011356,0.8134605407714844,-3.617144612065941,4.306175812878478e-06
S2_W1_original,blk13_pos_d0.350,3141592,4.0,2.1263842582702637,0.5315960645675659,0.05513458251953125,92.76765083440309,779,3.622645378112793,4.036770343780518,0.6164000000000001,0.869328565180984,11.13719687417237,37.37406921386719,1,19.0,6.27827963680642,2.1313016020608573,0.8054168573649388,0.21622372835175538,0.9517275722749665,3.1415091217580433,0.8245567321777344,-3.224443665971557,1.2480993214680465e-05
S2_W1_original,blk13_pos_d0.350,1234567,4.0,2.052877902984619,0.5132194757461548,0.052761077880859375,90.51701570680628,764,3.5954582691192627,4.048925876617432,0.6101500000000001,0.8714142475834563,11.201786956355546,38.63993835449219,3,18.0,6.696150847472818,2.0653664139435985,0.813852918746784,0.22311247401047787,0.9565198088388577,3.1307169553571006,0.8156051635742188,-3.2669031172647536,1.0293970887868548e-05
S2_W1_original,blk15_neg_d0.350,3141592,4.0,1.9371862411499023,0.4842965602874756,0.06444931030273438,78.65456238361266,1074,3.7207655906677246,4.064387321472168,0.50635,0.9079880605368303,12.39728449850632,26.238067626953125,1,19.0,6.094994480332222,1.976159300903094,0.777902433266891,0.19026878076777665,0.9516560348258243,3.1942590268827895,0.8269981384277344,-3.5147790457909873,5.386917717170393e-06
S2_W1_original,blk15_neg_d0.350,1234567,4.0,1.9869017601013184,0.4967254400253296,0.0650543212890625,77.3055303717135,1103,3.7218940258026123,4.069537162780762,0.5487,0.8942236715373797,11.933081090701023,26.691543579101562,1,19.0,5.728277664764118,2.145019431445938,0.775535402425374,0.18864639413756207,0.9539892267648752,3.195070458615455,0.8273857116699219,-3.5904681570234556,4.705520500342419e-06
S2_W1_original,blk15_pos_d0.350,3141592,4.0,2.167680025100708,0.541920006275177,0.0492645263671875,102.4952380952381,630,3.498131513595581,3.99495267868042,0.5451,0.8878000905065871,11.722434899985245,34.78144073486328,2,18.0,7.1496137302079665,2.139745697971189,0.82947535873563,0.20659495078465667,0.9677720606917375,3.1072325245021815,0.8205734252929688,-3.4091243935263886,6.6448560761563996e-06
S2_W1_original,blk15_pos_d0.350,1234567,4.0,2.191441535949707,0.5478603839874268,0.045619964599609375,106.58645276292336,561,3.533824920654297,4.007155895233154,0.57555,0.8859968582693875,11.663973428403427,34.378692626953125,3,17.0,7.005052807057708,1.9445466946630354,0.8301521815691719,0.20098050799275613,0.9703871970812372,3.1137872753390203,0.8266067504882812,-3.4672970522636346,5.2857192294598485e-06
S2_W1_original,blk17_neg_d0.350,3141592,4.0,2.012078046798706,0.5030195116996765,0.05641632080078125,99.25637583892617,745,3.6812386512756348,4.029171943664551,0.6100500000000001,0.8636984302813514,10.964694577955356,32.32179260253906,2,18.0,6.6346038334990665,1.8620623101965086,0.8165833422163302,0.2113112242949572,0.9652752683349602,3.1471945356484436,0.7976730346679688,-3.3792354793159802,7.2602109989797374e-06
S2_W1_original,blk17_neg_d0.350,1234567,4.0,2.043039083480835,0.5107597708702087,0.05648956298828125,100.32791327913279,738,3.6528992652893066,4.044464588165283,0.6353,0.8517343003641027,10.60694436654724,32.48786163330078,2,18.0,6.930582887296266,2.0106463748529326,0.8161910537743537,0.2181945724192679,0.9648978636180461,3.137728740940853,0.7947990417480468,-3.399758550398348,7.215248015582755e-06
S2_W1_original,blk17_pos_d0.350,3141592,4.0,2.245995044708252,0.561498761177063,0.0660430908203125,82.75717017208413,1046,3.6081109046936035,4.063966751098633,0.5286500000000001,0.8951212708186597,11.962815619529938,32.12834548950195,2,17.0,7.008450599877636,2.7992394278632053,0.7774149620304698,0.1773821239182634,0.9590107256299554,3.178276464621494,0.8399505615234375,-3.5747871953224797,5.382722033610658e-06
S2_W1_original,blk17_pos_d0.350,1234567,4.0,2.092790126800537,0.5231975317001343,0.06663589477539063,78.89882565492321,1107,3.5448849201202393,4.054457187652588,0.56865,0.8946577506623541,11.94745147270694,32.31986618041992,3,18.0,6.71902369008142,2.680509794599484,0.7765584132260708,0.17670172770153791,0.9619425294380981,3.1742211317306457,0.848712158203125,-3.53183740943785,5.57942789485916e-06
S2_W1_original,blk19_neg_d0.350,3141592,4.0,1.986952543258667,0.49673813581466675,0.061346435546875,83.67117585848075,961,3.720472812652588,4.046930313110352,0.55055,0.8922430182633517,11.867729739113454,27.484514236450195,1,19.0,5.958551692104779,1.8721926181633246,0.7937808461699025,0.20105764700188483,0.9573383884659545,3.178954905442972,0.8167152404785156,-3.590190312263587,4.17902407187393e-06
S2_W1_original,blk19_neg_d0.350,1234567,4.0,2.00946044921875,0.5023651123046875,0.059389495849609376,85.26067907995619,913,3.6807775497436523,4.04964542388916,0.508,0.9172560418484363,12.719977092868994,28.423696517944336,2,18.0,6.119878396607946,1.8387902609825375,0.8066456308578217,0.2069610832426957,0.9639030583083179,3.1613926972784068,0.8149955749511718,-3.562548177256722,4.458073255760581e-06
S2_W1_original,blk19_pos_d0.350,3141592,2.799999952316284,1.9565577507019043,0.6987706371506731,0.0399169921875,68.3921568627451,765,3.7895426750183105,4.081080436706543,0.6023000000000001,0.8591153394033596,10.826247406786909,38.444671630859375,1,21.0,6.18518925151067,1.4950541206100905,0.8207148152091339,0.24378719757494616,0.9733925541526355,3.174894796409256,0.8136222839355469,-3.4638887030624463,4.813316905177506e-06
S2_W1_original,blk19_pos_d0.350,1234567,2.799999952316284,2.0385284423828125,0.7280458846781234,0.0422119140625,65.16843345111896,849,3.822058916091919,4.091244697570801,0.6314500000000001,0.8464756766511314,10.453417043116342,38.2651252746582,1,21.0,5.930575659395387,1.392288125696315,0.8158514011075542,0.2718055142248294,0.9732752716469888,3.1800312770243293,0.8148696899414062,-3.509497734446317,4.056838213303065e-06
S2_W1_original,blk23_neg_d0.350,3141592,4.0,2.099707841873169,0.5249269604682922,0.062872314453125,97.98810939357907,841,3.653353452682495,4.036529541015625,0.58305,0.8694762288769642,11.141757495239982,37.71101379394531,1,18.0,6.521675310964228,2.2737184591854733,0.7994757410157413,0.19772065794533994,0.9596450130425206,3.156280886085715,0.8098846435546875,-3.4110248108470365,7.575175217980525e-06
S2_W1_original,blk23_neg_d0.350,1234567,4.0,2.1315364837646484,0.5328841209411621,0.06357650756835938,97.69167643610785,853,3.6321964263916016,4.032788276672363,0.54545,0.9025451768392951,12.211603162168503,36.925865173339844,2,18.0,6.861737018803045,2.4628950753218506,0.7972617134906804,0.19710109820862226,0.9601988248378557,3.145438655106725,0.8221267700195313,-3.5486568424624267,5.730041294410984e-06
S2_W1_original,blk23_pos_d0.350,3141592,2.799999952316284,1.7657876014709473,0.6306384398364755,0.04367752075195312,85.70209580838323,668,3.8277077674865723,4.1039814949035645,0.5173,0.8972493279278262,12.033607587908156,20.05356216430664,1,20.0,5.8046120995552375,1.3068987445975973,0.8094723409084656,0.2108382726667922,0.9687596715689875,3.1963529290099957,0.7922325134277344,-3.5419771807919025,4.0818579997119494e-06
S2_W1_original,blk23_pos_d0.350,1234567,2.799999952316284,1.946008563041687,0.6950030700650057,0.04462432861328125,79.04054054054055,740,3.8160312175750732,4.102654933929443,0.5172,0.8956884677537126,11.981643189409995,21.234792709350586,1,19.0,6.003748344123042,1.4843000364498646,0.8054779550820343,0.20857041064047846,0.9659431322492144,3.196020231417383,0.7949142456054688,-3.6455267558653572,3.3362957116503027e-06
S2_W1_original,blk27_neg_d0.075,3141592,4.0,1.9098623991012573,0.47746559977531433,0.041896820068359375,98.94594594594595,555,3.7117297649383545,4.064888954162598,0.62265,0.8566464750396127,10.752393227834574,33.71658706665039,1,19.0,6.397740162837915,1.23300048618056,0.8254494157683039,0.21924004259861063,0.976150927054255,3.1385802027130034,0.778704071044922,-3.4980315486060047,4.434349805509015e-06
S2_W1_original,blk27_neg_d0.075,1234567,4.0,1.9950834512710571,0.4987708628177643,0.043958282470703124,95.23471074380166,605,3.662914514541626,4.045284748077393,0.56215,0.8910984494839067,11.830128160456683,35.39009475708008,2,17.0,6.750507544143152,1.471098702270415,0.8231193707705882,0.22119656924178227,0.9737593683872701,3.134276523835929,0.7848320007324219,-3.6297493345710006,3.8099957369925406e-06
S2_W1_original,blk27_pos_d0.100,3141592,4.0,2.1452128887176514,0.5363032221794128,0.09631118774414063,65.57766233766233,1925,3.78332257270813,4.060279369354248,0.45549999999999996,0.9301861721922959,13.184259957247432,27.309627532958984,1,22.0,5.216709868208376,4.1646311649851055,0.7106652318326795,0.15614120650899194,0.909518625472705,2.923512834431516,0.9335983276367187,-3.3490674938922185,1.1897299802833177e-05
S2_W1_original,blk27_pos_d0.100,1234567,4.0,2.2061944007873535,0.5515486001968384,0.09280014038085938,73.18592057761732,1662,3.773650884628296,4.056269645690918,0.47054999999999997,0.9367129263413273,13.42501416546682,29.241249084472656,2,21.0,5.158663469771199,4.2786007981445895,0.7200589756413553,0.1616956023622952,0.9177499795113213,2.9072445109192864,0.9366188049316406,-3.464607146152891,9.494514231583838e-06
S2_W2_reordered,baseline,3141592,4.0,1.9925755262374878,0.49814388155937195,0.05413818359375,91.44329896907216,776,3.673090696334839,4.041653156280518,0.613,0.8631257372445923,10.947298187607934,30.19430923461914,1,19.0,6.119330317770178,1.5845489352881346,0.8075198606063774,0.20479442286914523,0.9713334115827583,3.1666090211970803,0.8101486206054687,-3.566601695735,4.128431467934335e-06
S2_W2_reordered,baseline,1234567,4.0,1.9466698169708252,0.4866674542427063,0.05198974609375,102.78129713423832,663,3.6358158588409424,4.018049716949463,0.6009,0.8682549835980354,11.104095181541341,32.344703674316406,2,19.0,5.977729476752455,1.5188385672010665,0.8138128182131026,0.21074015789926048,0.9737216790861408,3.154382850466195,0.8100296020507812,-3.5954502052619373,3.868553465668047e-06
S2_W2_reordered,blk00_neg_d0.250,3141592,4.0,2.1756985187530518,0.5439246296882629,0.09262771606445312,74.25626911314984,1635,3.766416072845459,4.062192440032959,0.51135,0.9125036115849104,12.553471269144877,30.80457305908203,1,22.0,5.044015315395472,4.320913510050732,0.7208570417875617,0.15903501127966796,0.9367272801843238,2.9230352297717515,0.9339813232421875,-3.4160388687044123,1.0651002300139326e-05
S2_W2_reordered,blk00_neg_d0.250,1234567,4.0,2.090369462966919,0.5225923657417297,0.0807952880859375,83.8479809976247,1263,3.724890947341919,4.0464324951171875,0.58675,0.8823015517835149,11.545079537048208,33.35685729980469,2,21.0,5.548457153223679,3.823588290021525,0.7477499595346374,0.17784973142861243,0.9476873866202054,2.9284549379950566,0.9353027343749999,-3.451689295929214,9.196061296106655e-06
S2_W2_reordered,blk00_pos_d0.300,3141592,4.0,1.8961604833602905,0.47404012084007263,0.023194122314453124,127.20083682008368,239,3.7096142768859863,4.0185089111328125,0.66715,0.8365947804641397,10.170925952908632,32.59381103515625,2,19.0,6.217051732110395,0.6130134028473907,0.8688924689813577,0.277762350715002,0.987625429544281,3.0900518058541,0.7807395935058593,-3.5188636401928695,2.258745351141473e-06
S2_W2_reordered,blk00_pos_d0.300,1234567,4.0,1.951022744178772,0.487755686044693,0.02673797607421875,119.61092150170649,293,3.6997451782226562,4.025553226470947,0.6774500000000001,0.8321772246054014,10.04711157622733,34.07373046875,1,19.0,5.669042640649345,0.7136209459914966,0.8590657797030236,0.2569215427038155,0.9846570313616594,3.106257983936163,0.7828742980957032,-3.5496824080318756,2.5190261925283136e-06
S2_W2_reordered,blk02_neg_d0.350,3141592,4.0,1.9359290599822998,0.48398226499557495,0.0535552978515625,100.13694721825964,701,3.6716275215148926,4.035373210906982,0.5512,0.8926392352764657,11.880774159545595,31.578765869140625,1,20.0,5.944993884433102,1.4928501459638366,0.8082971905661721,0.21152270786097105,0.9722007429962589,3.166286158673005,0.8087158203125,-3.569436283789242,3.908820654927397e-06
S2_W2_reordered,blk02_neg_d0.350,1234567,4.0,1.9513894319534302,0.48784735798835754,0.0514984130859375,106.973058637084,631,3.6552865505218506,4.03046989440918,0.60685,0.8701867202833932,11.163727280503574,32.21936798095703,2,19.0,5.7485055702988,1.4019056109631287,0.8164370288220759,0.2137700737638768,0.9751588722580862,3.157889304202893,0.8106712341308594,-3.5510961218571837,3.959216590098941e-06
S2_W2_reordered,blk02_pos_d0.350,3141592,4.0,2.212911605834961,0.5532279014587402,0.06253585815429688,105.08589743589744,780,3.583254814147949,4.021422386169434,0.52375,0.9108153494807418,12.494847583499405,27.75742530822754,2,18.0,6.23838571382135,2.2167176360681466,0.800663596088815,0.20846876761301344,0.9603658304348652,3.1592403491842256,0.8028511047363281,-3.4821720705140815,6.548917791047328e-06
S2_W2_reordered,blk02_pos_d0.350,1234567,4.0,2.1066019535064697,0.5266504883766174,0.05966339111328125,110.6110325318246,707,3.552180767059326,4.0121917724609375,0.55515,0.8889481606381582,11.75980834144092,29.43971061706543,2,19.0,6.391834597401805,2.0468490526918366,0.8063995948131374,0.20876661609544384,0.963481999403465,3.1574738044811186,0.8050849914550782,-3.541742432401379,5.528981225371179e-06
S2_W2_reordered,blk05_neg_d0.350,3141592,4.0,1.9978833198547363,0.4994708299636841,0.059809112548828126,97.8689138576779,801,3.6614623069763184,4.033759593963623,0.54095,0.9023806476476963,12.206033843783377,30.021263122558594,1,19.0,5.809381456489066,1.7274434902179379,0.8012159124936358,0.2028581910823246,0.9699423934411882,3.1684653348158798,0.8149002075195312,-3.562974790657844,4.300230420364795e-06
S2_W2_reordered,blk05_neg_d0.350,1234567,4.0,1.9187443256378174,0.47968608140945435,0.057340240478515624,94.53710691823899,795,3.651540517807007,4.032433032989502,0.5629500000000001,0.8905512271894486,11.812192834843353,30.639917373657227,2,20.0,6.041204168108198,1.6582577527460765,0.8046455110847861,0.20124948001512435,0.9727209416264723,3.1694922273567405,0.8108055114746093,-3.590785866314506,3.881301680277792e-06
S2_W2_reordered,blk05_pos_d0.350,3141592,4.0,2.124683141708374,0.5311707854270935,0.04796295166015625,111.86120996441281,562,3.5965118408203125,3.9839835166931152,0.6094499999999999,0.8695037225917704,11.142606850010443,33.791770935058594,1,18.0,6.545624271222979,1.5506704905153115,0.8313508100673082,0.23419894146226178,0.9716695720051833,3.120587491865766,0.8142845153808593,-3.6221802163748533,3.698820988799252e-06
S2_W2_reordered,blk05_pos_d0.350,1234567,4.0,2.105344772338867,0.5263361930847168,0.0467620849609375,112.25641025641026,546,3.6063196659088135,3.9805474281311035,0.6094,0.8773729601968857,11.388389535755534,33.51557159423828,2,18.0,6.732575709458732,1.5029987527473498,0.8334960584942976,0.23907467743115146,0.9740413664210972,3.112794975303875,0.8181854248046875,-3.58504651807459,3.822801904999697e-06
S2_W2_reordered,blk08_neg_d0.350,3141592,4.0,2.117326259613037,0.5293315649032593,0.05400238037109375,100.82905982905983,702,3.598031759262085,3.993067741394043,0.6366,0.8512266452386269,10.592025393968786,32.04396438598633,3,18.0,6.533034546597312,1.8560266815174078,0.8216005505032281,0.22427046425104985,0.9697555089902942,3.1255200280336553,0.8206275939941406,-3.582311705401217,4.589237925572662e-06
S2_W2_reordered,blk08_neg_d0.350,1234567,4.0,2.209261178970337,0.5523152947425842,0.05381851196289063,110.73940345368916,637,3.518563747406006,3.9533770084381104,0.6089,0.87023860123309,11.165333237175865,33.1501579284668,3,18.0,6.412198837933679,1.76647188362971,0.8265654028020714,0.2271261739726067,0.973047521648471,3.101057796116359,0.8257064819335938,-3.601648608720173,4.209343969506447e-06
S2_W2_reordered,blk08_pos_d0.350,3141592,4.0,1.824146032333374,0.4560365080833435,0.049272918701171876,108.54285714285714,595,3.5740902423858643,4.02207088470459,0.6132,0.8626904287384836,10.934093519248693,27.101957321166992,1,19.0,6.319922825850862,1.375600924744216,0.814817264783029,0.21469474258565718,0.9712576678120513,3.155523353905561,0.8171875,-3.605119810826829,3.434278623636845e-06
S2_W2_reordered,blk08_pos_d0.350,1234567,4.0,1.8601346015930176,0.4650336503982544,0.0504119873046875,123.27611940298507,536,3.5735361576080322,4.006453514099121,0.5626500000000001,0.891343389022242,11.838164925531142,27.455432891845703,1,20.0,5.869117385573525,1.443224305185795,0.8134883944695899,0.21537965337716652,0.9723463565727244,3.158438012575215,0.8169486999511719,-3.631335088208767,3.414202898216101e-06
S2_W2_reordered,blk09_neg_d0.350,3141592,4.0,2.0851242542266846,0.5212810635566711,0.04142913818359375,113.84067085953879,477,3.572807550430298,3.9689602851867676,0.65345,0.8450340537509158,10.411717840768485,39.713077545166016,4,17.0,6.6852055397912,1.232574227204347,0.8572977141245142,0.24843702955435237,0.9806177244540852,3.0729578331803955,0.8132995605468749,-3.625797391892,2.860504657001978e-06
S2_W2_reordered,blk09_neg_d0.350,1234567,4.0,2.0660245418548584,0.5165061354637146,0.040416717529296875,136.18251928020567,389,3.544619560241699,3.9662551879882812,0.60595,0.8691069100610851,11.130354518056258,37.18216323852539,3,17.0,7.0558087617209155,1.3360531136470817,0.8596852329236245,0.25698557138964406,0.9795377555848679,3.0651139356645323,0.8086738586425781,-3.6045160561135816,3.021654932101344e-06
S2_W2_reordered,blk09_pos_d0.350,3141592,4.0,2.0381176471710205,0.5095294117927551,0.06281356811523438,109.48271276595744,752,3.5651638507843018,4.018005847930908,0.55305,0.8956039926996499,11.978837242465932,29.63011360168457,1,20.0,6.034008923067884,2.0203346305632426,0.7951684333003481,0.21115040828518672,0.9596350780395995,3.157440086508816,0.8306510925292969,-3.5053532344272598,5.688039148458538e-06
S2_W2_reordered,blk09_pos_d0.350,1234567,4.0,2.0193185806274414,0.5048296451568604,0.06234817504882813,118.43623188405797,690,3.593377113342285,4.015661239624023,0.5708000000000001,0.8833643156394759,11.579148519470007,29.691913604736328,1,20.0,6.030668905876095,1.7956267061990783,0.7917406971737858,0.19860309364297923,0.9661402380235102,3.171650991709484,0.8289459228515625,-3.525029518722661,4.503122963757303e-06
S2_W2_reordered,blk12_neg_d0.350,3141592,4.0,1.9819858074188232,0.4954964518547058,0.0637542724609375,99.95693779904306,836,3.6266541481018066,4.0234479904174805,0.5055000000000001,0.9115921410085343,12.521787029132224,28.971097946166992,1,19.0,6.084698519192912,1.9677761703499939,0.7954531456140195,0.19678430668428148,0.9654520795498887,3.1705106425456395,0.8165557861328125,-3.507938589422354,5.148152147170999e-06
S2_W2_reordered,blk12_neg_d0.350,1234567,4.0,1.9386450052261353,0.4846612513065338,0.06042633056640625,104.21315789473684,760,3.6302947998046875,4.023009300231934,0.5502,0.895616706527659,11.979259506510417,29.38274574279785,1,19.0,6.203935825820869,1.7600368292416346,0.7970449017893264,0.1936248215504012,0.9696081442731712,3.172911144478762,0.814306640625,-3.587384907479961,3.9211564494722985e-06
S2_W2_reordered,blk12_pos_d0.350,3141592,4.0,1.9363696575164795,0.4840924143791199,0.0536834716796875,86.54858548585486,813,3.6052520275115967,4.021288871765137,0.6548,0.8474114784747199,10.480574628102506,35.201473236083984,2,19.0,6.369495742155749,1.766876145445286,0.8155130051360444,0.2195967254625733,0.9732969869544056,3.143335205106065,0.8200935363769531,-3.323058932388811,7.863476691979112e-06
S2_W2_reordered,blk12_pos_d0.350,1234567,4.0,1.90899658203125,0.4772491455078125,0.05193634033203125,98.23088023088023,693,3.553931951522827,3.999642848968506,0.6271,0.8673969954742812,11.07771161844105,32.610679626464844,2,19.0,6.14955614346454,1.6200709484652571,0.8186512087553061,0.22661373749544825,0.977123290984609,3.1353195995056655,0.8215965270996093,-3.4169976849230403,5.868721336385607e-06
S2_W2_reordered,blk13_neg_d0.350,3141592,4.0,1.9619122743606567,0.4904780685901642,0.0578338623046875,86.93119266055047,872,3.6770803928375244,4.0504279136657715,0.5652499999999999,0.8917951691337437,11.853002707116136,29.154518127441406,1,19.0,5.819728189117809,1.624313978339648,0.7946662005148365,0.1973672580173907,0.9722003448527701,3.1842035157288087,0.8174591064453125,-3.6352718854203543,3.3863853731247443e-06
S2_W2_reordered,blk13_neg_d0.350,1234567,4.0,1.941375970840454,0.4853439927101135,0.05552749633789063,98.48579161028417,739,3.6618363857269287,4.037514686584473,0.58385,0.8835206363488923,11.58416816109438,30.781299591064453,3,20.0,5.7709221410123135,1.5224273042924201,0.798353432751483,0.19864115659942383,0.9756400773183534,3.18116903702374,0.815252685546875,-3.6485895262300527,3.1148123710832065e-06
S2_W2_reordered,blk13_pos_d0.350,3141592,4.0,1.961236834526062,0.4903092086315155,0.054412841796875,106.28912071535022,671,3.59433913230896,4.01227331161499,0.5257,0.896044293723437,11.99346962095829,32.987396240234375,2,19.0,6.542759422749892,1.7653766221908307,0.8176988151410838,0.23131809512422025,0.9626099324567988,3.1126286119149267,0.8181015014648437,-3.325716082861708,8.591113448525908e-06
S2_W2_reordered,blk13_pos_d0.350,1234567,4.0,2.116649627685547,0.5291624069213867,0.05492401123046875,101.53737658674189,709,3.5095746517181396,3.9921278953552246,0.6271500000000001,0.8491423611289154,10.530992055876068,34.7513427734375,2,19.0,7.03017777828129,1.8117136963820568,0.822785582711151,0.23440940188033282,0.9676052344679025,3.0813208664003997,0.8269371032714844,-3.3058122312736855,8.454712049164837e-06
S2_W2_reordered,blk15_neg_d0.350,3141592,4.0,1.8839796781539917,0.4709949195384979,0.055242919921875,92.94993581514763,779,3.6858417987823486,4.045774459838867,0.5628,0.8820351053948994,11.536553802374371,27.531517028808594,2,19.0,5.742008148673028,1.5316726295163805,0.8045079671877804,0.2123808181286253,0.9711347219874278,3.1752155027532734,0.823284912109375,-3.6492892469654254,3.40845254549272e-06
S2_W2_reordered,blk15_neg_d0.350,1234567,4.0,1.9686113595962524,0.4921528398990631,0.056348419189453124,91.74782608695652,805,3.683340549468994,4.042986869812012,0.5899,0.8777148628466941,11.399190339997574,28.453264236450195,2,20.0,5.87799761741055,1.6043736378111635,0.799012373334167,0.21007865750406918,0.9701396788193298,3.1775202221017187,0.8265861511230469,-3.622681779089941,3.6275541327461567e-06
S2_W2_reordered,blk15_pos_d0.350,3141592,4.0,2.1190412044525146,0.5297603011131287,0.04904022216796875,138.23225806451612,465,3.4825990200042725,3.972083568572998,0.5768,0.8811140386197398,11.507130037232786,37.488243103027344,3,18.0,7.123414131703449,1.8848706219403748,0.8320407214384423,0.21623155771863278,0.9741607225605827,3.1013917315547217,0.8254943847656251,-3.3069207402579317,7.779649288402447e-06
S2_W2_reordered,blk15_pos_d0.350,1234567,4.0,2.0487241744995117,0.5121810436248779,0.0475494384765625,112.70162748643762,553,3.4994585514068604,3.9993577003479004,0.5868,0.8751371872052678,11.318012641507242,35.4390869140625,4,19.0,6.803174388058404,1.776218871936473,0.8244793973914046,0.21178553233429437,0.9761337244598205,3.1246351762433235,0.8244430541992187,-3.424558688542057,5.638114281860458e-06
S2_W2_reordered,blk17_neg_d0.350,3141592,4.0,2.0339810848236084,0.5084952712059021,0.048793792724609375,111.61431064572426,573,3.628798246383667,4.016597747802734,0.5755,0.8808068295646979,11.49733284700638,33.19732666015625,1,18.0,6.450503042637365,1.6160763689055444,0.8256420837424616,0.229629786650489,0.9723899958299064,3.134477878573826,0.8005027770996094,-3.400075499537356,6.224023714940695e-06
S2_W2_reordered,blk17_neg_d0.350,1234567,4.0,2.0405876636505127,0.5101469159126282,0.04785079956054687,117.89285714285714,532,3.6284632682800293,4.006932258605957,0.607,0.8703199482043246,11.167851769366122,32.834354400634766,3,18.0,6.594501080952811,1.5625798491709806,0.8328030851869257,0.23508905349484735,0.9754126307774766,3.1204331391992626,0.7997436523437501,-3.409218168909768,6.056875737307442e-06
S2_W2_reordered,blk17_pos_d0.350,3141592,4.393799781799316,2.2307183742523193,0.5076968649078525,0.06557540893554688,99.94302325581396,860,3.4610044956207275,3.9986531734466553,0.50715,0.9074859001205209,12.380035964067654,31.415254592895508,2,18.0,6.348210531246207,2.687489618659691,0.7911422576829531,0.18959780921580188,0.960674207633991,3.1604987842968275,0.8370338439941406,-3.6526417877828963,4.413368361888897e-06
S2_W2_reordered,blk17_pos_d0.350,1234567,4.0,2.109804630279541,0.5274511575698853,0.06300125122070313,113.74242424242425,726,3.462029218673706,4.003751277923584,0.53005,0.9132700761314888,12.580176903329058,32.00233840942383,2,18.0,6.762756212868625,2.225512199937473,0.7966935092743801,0.18358093718608584,0.9693110482798991,3.1602629941749107,0.8378875732421875,-3.6058603604566937,4.045643470493249e-06
S2_W2_reordered,blk19_neg_d0.350,3141592,4.0,2.014436960220337,0.5036092400550842,0.056172943115234374,93.08091024020227,791,3.6981213092803955,4.050060272216797,0.5561,0.8927876683343515,11.88566462500652,30.494752883911133,1,19.0,5.8400329776137765,1.6188159244215812,0.8037566600631377,0.20016803261951105,0.9707208298210752,3.173472002484311,0.8194259643554688,-3.6493654747973374,3.2109349047330283e-06
S2_W2_reordered,blk19_neg_d0.350,1234567,4.0,1.9623541831970215,0.49058854579925537,0.05351181030273437,102.69253294289898,683,3.623516082763672,4.018537998199463,0.5893,0.8867288354807584,11.687669169885588,30.879438400268555,2,19.0,6.060060611346712,1.5096899828594117,0.8165481231863113,0.21046306678852927,0.973083764888139,3.1530754454927536,0.8163970947265625,-3.5686895747095453,3.921003293999041e-06
S2_W2_reordered,blk19_pos_d0.350,3141592,2.799999952316284,1.7961041927337646,0.6414657940432991,0.03541259765625,69.48502994011976,668,3.798349142074585,4.075052261352539,0.7005999999999999,0.8075180424050389,9.383148966342086,41.55608367919922,1,22.0,6.259669737520009,1.227862456905942,0.8386991800604163,0.27343479054567793,0.976275142470928,3.150841194076045,0.8017356872558593,-3.3881269400541174,4.873024309775152e-06
S2_W2_reordered,blk19_pos_d0.350,1234567,2.799999952316284,1.844020128250122,0.6585786284477136,0.03329620361328125,65.52852852852853,666,3.824070930480957,4.07371711730957,0.62395,0.8549045172335678,10.700587249296229,37.358863830566406,2,22.0,6.355382551960358,0.9979312868168666,0.8442300555953426,0.2910893461862222,0.9814351229948968,3.145024884957253,0.8038467407226563,-3.414525274963212,3.971543457673018e-06
S2_W2_reordered,blk23_neg_d0.350,3141592,4.0,2.04596209526062,0.511490523815155,0.056475830078125,107.59302325581395,688,3.5969815254211426,4.013254165649414,0.5972000000000001,0.8684087347998845,11.108829742561026,36.725318908691406,1,19.0,5.977769034844359,1.729994814854133,0.806408422715567,0.2102434803540632,0.9697774187796465,3.154976644684005,0.8150535583496094,-3.5720604462224688,4.522252324839967e-06
S2_W2_reordered,blk23_neg_d0.350,1234567,4.0,2.0701212882995605,0.5175303220748901,0.055645751953125,122.58151260504202,595,3.5329229831695557,3.96667218208313,0.61605,0.8704333066580026,11.171362336290914,37.809349060058594,2,18.0,6.68647119044051,1.7450597675853534,0.8153331052119914,0.21582853145372768,0.9720786919189536,3.1220363326804996,0.8208816528320313,-3.5490941771888873,4.837437963871311e-06
S2_W2_reordered,blk23_pos_d0.350,3141592,2.799999952316284,1.7840543985366821,0.6371622960424814,0.040576171875,93.7989417989418,567,3.8105976581573486,4.096811294555664,0.52705,0.8884315214631411,11.742975322206442,19.465591430664062,1,21.0,5.552952764930542,1.1443129287078664,0.8179437925710601,0.21507473378618483,0.9770006907004094,3.1885314754401075,0.7970260620117188,-3.675111283680777,2.6692924307003695e-06
S2_W2_reordered,blk23_pos_d0.350,1234567,2.799999952316284,1.7697001695632935,0.6320357856075387,0.037699127197265626,95.39189189189189,518,3.7599809169769287,4.073315620422363,0.55725,0.866445570567394,11.048528121194469,21.046016693115234,2,20.0,5.84698027912859,1.0563427769235305,0.8282533172463036,0.22190664507803787,0.9797042821439764,3.1702511784524514,0.7942039489746094,-3.6068154563635475,2.882037157002046e-06
S2_W2_reordered,blk27_neg_d0.075,3141592,4.0,2.047234296798706,0.5118085741996765,0.03615264892578125,121.1918158567775,391,3.6672511100769043,4.033146381378174,0.64545,0.8491552317851309,10.531367861414825,33.2047004699707,2,19.0,5.837734717065424,0.93772373001535,0.8372455625472255,0.22729866450921543,0.9836996865465588,3.1306534055574504,0.7801338195800781,-3.597614948737732,3.0343030916531532e-06
S2_W2_reordered,blk27_neg_d0.075,1234567,4.0,2.0152430534362793,0.5038107633590698,0.03460693359375,104.75750577367205,433,3.6323487758636475,4.000025272369385,0.6028,0.8713707241297267,11.200435288741106,35.73749542236328,2,20.0,6.096858712505132,0.9531469614501962,0.8434450267174879,0.24051602023690322,0.9847806665633292,3.114891118397907,0.7892738342285157,-3.6386400265145418,2.8210506310955277e-06
S2_W2_reordered,blk27_pos_d0.100,3141592,4.0,2.1937122344970703,0.5484280586242676,0.09260711669921876,72.29422275163788,1679,3.762456178665161,4.054498672485352,0.47765,0.9193455345760482,12.793881655780053,27.63928985595703,1,21.0,5.300010782417417,3.4888177602782733,0.7198419993130327,0.15824329124706593,0.9347055392799998,2.919656772487006,0.9347976684570313,-3.450731762768434,8.490295754060467e-06
S2_W2_reordered,blk27_pos_d0.100,1234567,4.0,2.016188383102417,0.5040470957756042,0.09236679077148438,81.1441018766756,1492,3.731552839279175,4.040896415710449,0.49065000000000003,0.9283370023731612,13.116837407721869,29.759422302246094,2,21.0,5.150617838334631,3.2469872233992847,0.7335392178031628,0.16855973222576798,0.9397183794395247,2.9410096615844448,0.9314422607421875,-3.4445898777437813,8.438936105403528e-06
S2_W3_tags,baseline,3141592,4.0,2.042055606842041,0.5105139017105103,0.061656951904296875,84.80062959076601,953,3.690805673599243,4.060645580291748,0.5365,0.8907279386188058,11.817981614455144,31.387670516967773,2,18.0,6.430894445133787,2.1580698872354183,0.7863381293342946,0.19817504014665502,0.9529004838359161,3.184640641672335,0.8190742492675782,-3.624969731832801,4.872645745704313e-06
S2_W3_tags,baseline,1234567,4.0,2.1684021949768066,0.5421005487442017,0.053766632080078126,85.21523579201934,827,3.6533756256103516,4.033074855804443,0.6478,0.844475581062422,10.39560865494978,34.82801055908203,3,17.0,6.852972299661853,1.9879090168355138,0.8126252067874797,0.22828839437595938,0.9610007497990813,3.149576046422392,0.8103813171386718,-3.6123855011023553,5.1663304873811624e-06
S2_W3_tags,blk00_neg_d0.250,3141592,4.0,2.1073763370513916,0.5268440842628479,0.09543685913085938,67.7265836491608,1847,3.791377305984497,4.067944526672363,0.5751999999999999,0.8843869463372763,11.612025863998744,37.45515823364258,2,21.0,5.1685089024363515,4.6501152143913895,0.7047234710358665,0.15723263890570474,0.9225035975252851,2.891012613189787,0.9398506164550782,-3.563004633133725,9.630502922938527e-06
S2_W3_tags,blk00_neg_d0.250,1234567,4.0,2.137617349624634,0.5344043374061584,0.08361892700195313,64.28211143695015,1705,3.766664981842041,4.07137393951416,0.5397,0.8999706135456141,12.124744609452604,38.56962585449219,3,21.0,5.276284680477346,4.230087211913735,0.7298316388411961,0.17700668511752343,0.9295747151421689,2.930778890185316,0.9359397888183594,-3.5112698898362464,1.0781465972155271e-05
S2_W3_tags,blk00_pos_d0.300,3141592,2.799999952316284,1.9114832878112793,0.6826726144155879,0.03184814453125,104.62155388471177,399,3.7486929893493652,4.056646347045898,0.6443000000000001,0.8425377524209807,10.33990488632802,33.759735107421875,2,19.0,5.701759723689443,0.9432513044359132,0.8456486701338785,0.26518687826727644,0.9757704233355062,3.1236597537101765,0.7804122924804686,-3.5393518512399593,3.4862811274328163e-06
S2_W3_tags,blk00_pos_d0.300,1234567,2.799999952316284,1.8644518852233887,0.6658756846338627,0.0308380126953125,94.0,430,3.7534234523773193,4.064757347106934,0.6590499999999999,0.842935798118339,10.351322480423834,34.408267974853516,2,19.0,5.837463301639293,0.9431640260302375,0.8415996605039746,0.25583047556004906,0.9772612023504799,3.1265235631030905,0.7804412841796875,-3.5345984589151245,3.350104706304619e-06
S2_W3_tags,blk02_neg_d0.350,3141592,4.0,1.9318958520889282,0.48297396302223206,0.056537628173828125,100.27740189445196,739,3.7104272842407227,4.061867713928223,0.5419,0.8916697901623819,11.848883031177632,33.2022590637207,1,18.0,6.010472189820441,1.7585723671730498,0.7986371295492664,0.20390924305943348,0.9611741266432849,3.1802741242968806,0.8157417297363281,-3.5591718567229544,5.088042972765489e-06
S2_W3_tags,blk02_neg_d0.350,1234567,4.0,2.012782335281372,0.503195583820343,0.05721435546875,89.70334928229666,836,3.7186365127563477,4.055261611938477,0.59455,0.8730906919025587,11.253975070734851,32.442344665527344,2,18.0,6.4481179762919965,1.8221442769686444,0.7990679292898981,0.21403428788440482,0.9601052078296916,3.1744220581067784,0.8207496643066406,-3.608777476745055,4.935629747125819e-06
S2_W3_tags,blk02_pos_d0.350,3141592,4.0,2.032147169113159,0.5080367922782898,0.05855865478515625,92.9225181598063,826,3.6545679569244385,4.033713340759277,0.57665,0.8796541559952191,11.460647291652514,30.817134857177734,2,18.0,6.478738228282115,2.0638536013512203,0.8022594224423183,0.21940709159607408,0.955860068749395,3.1653060382271514,0.8118408203125,-3.520826772181561,6.5108752317080935e-06
S2_W3_tags,blk02_pos_d0.350,1234567,4.0,2.1848881244659424,0.5462220311164856,0.05704574584960938,89.65347721822542,834,3.6383931636810303,4.0329437255859375,0.55855,0.8870033712848976,11.69656891670022,32.63739013671875,2,18.0,6.2966760462325455,2.0873224173195575,0.8046065803101816,0.22416258667769637,0.961050966704933,3.1628314349555695,0.8088706970214844,-3.5604225413293262,5.7531655313000265e-06
S2_W3_tags,blk05_neg_d0.350,3141592,4.0,2.0503952503204346,0.5125988125801086,0.057489013671875,83.44629014396456,903,3.6891698837280273,4.04394006729126,0.49395,0.9100091904186904,12.466950944029547,31.969738006591797,2,17.0,6.485136249152191,2.090474272836732,0.8029132531504499,0.20448211280269935,0.9561602005098628,3.164151163025809,0.8163619995117188,-3.541333386962735,5.833213391180276e-06
S2_W3_tags,blk05_neg_d0.350,1234567,4.0,2.0496761798858643,0.5124190449714661,0.05317535400390625,90.870925684485,767,3.659456968307495,4.03734016418457,0.5206500000000001,0.9052460777792783,12.30339285366762,34.36083984375,3,17.0,6.798542444372139,2.038178693176594,0.8126884555515613,0.21645485305496798,0.9592714952672025,3.1521068390991935,0.8158248901367188,-3.602008913194397,5.148469597584069e-06
S2_W3_tags,blk05_pos_d0.350,3141592,4.0,2.009282112121582,0.5023205280303955,0.0599609375,95.2630303030303,825,3.681086540222168,4.030714511871338,0.5849,0.8751213761451117,11.317516498243844,38.116615295410156,1,18.0,5.99819438244927,1.9587170108527525,0.8029309057017292,0.2154043708343185,0.9556893761029914,3.1583837909590744,0.8185569763183593,-3.5301371620075694,5.902439400679656e-06
S2_W3_tags,blk05_pos_d0.350,1234567,4.0,2.153747797012329,0.5384369492530823,0.058990478515625,99.38303341902314,778,3.6409480571746826,4.01593542098999,0.664,0.8383564545155731,10.220726322691553,36.84446334838867,2,18.0,6.36496651391059,2.0944284067251226,0.7996704739065559,0.2196223990043259,0.9587283028804541,3.1571557904666636,0.8238380432128907,-3.625976807258367,5.121446159371555e-06
S2_W3_tags,blk08_neg_d0.350,3141592,4.0,2.1761066913604736,0.5440266728401184,0.05653457641601563,87.07520564042304,851,3.6944425106048584,4.037250518798828,0.63085,0.8565258910811291,10.748798984045843,37.34556198120117,2,18.0,6.440502846110037,2.0908142608934077,0.8098711555992462,0.21730584582511644,0.9578544464935466,3.1459913322904836,0.825701904296875,-3.5767949209831262,5.767498032291138e-06
S2_W3_tags,blk08_neg_d0.350,1234567,4.0,2.0548746585845947,0.5137186646461487,0.052263641357421876,89.4295039164491,766,3.670264720916748,4.036003112792969,0.61655,0.8657448930651935,11.02708508546192,37.410438537597656,2,18.0,6.275203839394176,1.7724279044813454,0.8198569546363195,0.23911004423598892,0.9652505372904004,3.134466794603048,0.8267486572265625,-3.661053037681987,4.463429514482554e-06
S2_W3_tags,blk08_pos_d0.350,3141592,4.0,1.9815013408660889,0.4953753352165222,0.05059356689453125,131.83697813121273,503,3.5703494548797607,4.033089637756348,0.6005,0.8620132440680441,10.913583422320428,29.16522979736328,1,18.0,6.0479051682877065,1.577447995944547,0.8193442479502033,0.2191736402334541,0.9630994190127726,3.152318346433136,0.8115455627441406,-3.6312945073551086,3.84466149795836e-06
S2_W3_tags,blk08_pos_d0.350,1234567,4.0,2.1157779693603516,0.5289444923400879,0.05406036376953125,115.59216965742252,613,3.5561211109161377,4.023151874542236,0.57355,0.8771385898021199,11.380991619340953,27.91403579711914,2,17.0,6.738195360664056,1.7819409253120513,0.8084241856587313,0.21515404795186038,0.9583657891690196,3.154888029323533,0.8155616760253908,-3.662142369153117,4.024455646293555e-06
S2_W3_tags,blk09_neg_d0.350,3141592,4.0,2.121462821960449,0.5303657054901123,0.053516387939453125,109.94514106583073,638,3.5755727291107178,4.0099897384643555,0.56085,0.8904853866226037,11.810036729864434,43.59275817871094,4,17.0,6.750481200594453,1.910159916541755,0.8293014063824742,0.22912069960961728,0.9622304951784603,3.125278218299338,0.8095466613769531,-3.5551076807684945,5.409977621961127e-06
S2_W3_tags,blk09_neg_d0.350,1234567,4.0,2.106930732727051,0.5267326831817627,0.04871063232421875,115.24548736462094,554,3.5766451358795166,3.991624593734741,0.64695,0.8528362103970799,10.639399654417753,44.67124938964844,3,17.0,7.101099408925701,1.711661385115006,0.8383331127830871,0.23448956605567745,0.9672395092314353,3.1083058880042995,0.8124099731445313,-3.64146275066644,4.223231654385747e-06
S2_W3_tags,blk09_pos_d0.350,3141592,4.0,1.952445387840271,0.48811134696006775,0.05642776489257813,91.08497536945812,812,3.6665985584259033,4.0425496101379395,0.54745,0.8935219460346463,11.909886704069807,30.622007369995117,2,19.5,5.934853701466484,1.7938645681064098,0.7944012680441302,0.2016380000775459,0.9560395611530312,3.177587609766908,0.8259445190429688,-3.5521296572441363,4.984605311628069e-06
S2_W3_tags,blk09_pos_d0.350,1234567,4.0,2.056807041168213,0.5142017602920532,0.055364990234375,87.22115384615384,832,3.665999174118042,4.045210838317871,0.5499,0.8980053943684209,12.05885963182502,30.10308074951172,1,20.0,5.977851248158113,1.8750852661176045,0.7960399140582755,0.19445229041067918,0.958289409107143,3.1741332843054284,0.8212326049804688,-3.581695851100738,4.721682579665413e-06
S2_W3_tags,blk12_neg_d0.350,3141592,4.0,1.9121079444885254,0.47802698612213135,0.0635467529296875,93.37668161434978,892,3.6792006492614746,4.035398960113525,0.55045,0.8926061171512188,11.879683282010681,31.813444137573242,1,18.0,6.085788606264737,2.037194175743073,0.7890829688818795,0.2029951359956515,0.9526909140598598,3.177700990794856,0.8207740783691407,-3.526008361678379,5.9651883526546414e-06
S2_W3_tags,blk12_neg_d0.350,1234567,4.0,2.065199613571167,0.5162999033927917,0.06714553833007812,92.25262054507337,954,3.6571195125579834,4.038276195526123,0.5339999999999999,0.8919576639430847,11.858344058680473,31.355632781982422,3,18.0,6.264532407726369,2.244518969887403,0.7843212229750149,0.20212072132586506,0.9529897201381707,3.172339603090229,0.8236587524414063,-3.6002658067542566,5.3263977667282545e-06
S2_W3_tags,blk12_pos_d0.350,3141592,4.0,2.174713373184204,0.543678343296051,0.04540176391601562,91.41167434715821,651,3.6311612129211426,4.037197113037109,0.6363,0.8566804826919262,10.753407110546252,39.654415130615234,1,18.0,6.815310151982944,1.8235294580915073,0.8218888396669518,0.21938819722839023,0.9662663789689689,3.1473093247873707,0.8153533935546875,-3.450026613711354,7.259991545759618e-06
S2_W3_tags,blk12_pos_d0.350,1234567,4.0,2.1223063468933105,0.5305765867233276,0.048571014404296876,94.17603550295858,676,3.6231701374053955,4.027336120605469,0.6273,0.8587620880023444,10.815649145269639,39.958194732666016,1,17.0,6.870892884562592,1.8443417502566122,0.8205692913374486,0.21934769627529,0.9653620554821503,3.1444491446230862,0.817962646484375,-3.4738671128185867,6.924776059446378e-06
S2_W3_tags,blk13_neg_d0.350,3141592,4.0,2.1154191493988037,0.5288547873497009,0.05921096801757812,106.31369863013698,730,3.6602604389190674,4.046256065368652,0.6046499999999999,0.8671567789261284,11.070336078609483,33.044551849365234,1,18.0,6.399237815042442,1.994341598466076,0.7939232296518839,0.20408403948597464,0.9595213671047247,3.1780082781040067,0.8173995971679687,-3.572717613450432,5.247322911670911e-06
S2_W3_tags,blk13_neg_d0.350,1234567,4.0,2.1463520526885986,0.5365880131721497,0.0553253173828125,85.21269095182139,851,3.6750073432922363,4.043397903442383,0.6077,0.8708524773090863,11.184353104924055,33.10118103027344,1,18.0,6.275545338380656,1.9728150495247698,0.7929575436475056,0.201605923152614,0.961021869719601,3.1789354128505343,0.8200485229492187,-3.677288929657465,4.20831011266302e-06
S2_W3_tags,blk13_pos_d0.350,3141592,4.0,2.1051976680755615,0.5262994170188904,0.05033111572265625,95.47033285094066,691,3.573781728744507,4.0259294509887695,0.63995,0.847595373718717,10.485919678017261,39.503021240234375,3,18.0,7.0441877013965986,2.1613725130285024,0.8158386129522222,0.24342495982513293,0.948417519569628,3.1252498687091306,0.8136833190917969,-3.3310983572037287,1.1726644736481172e-05
S2_W3_tags,blk13_pos_d0.350,1234567,4.0,2.029458999633789,0.5073647499084473,0.0514129638671875,90.0909090909091,748,3.578181028366089,4.017703056335449,0.60085,0.8764958913105726,11.360729449520779,38.891998291015625,3,18.0,6.634421321383315,2.1174055372073726,0.8175396937915579,0.24231715573527102,0.9497689647819015,3.1155996847345775,0.8149101257324218,-3.40318054729058,9.770664488335334e-06
S2_W3_tags,blk15_neg_d0.350,3141592,4.0,2.0829997062683105,0.5207499265670776,0.06159515380859375,84.8046218487395,952,3.7127389907836914,4.055695533752441,0.56545,0.8742299990715559,11.28958067356779,26.77800941467285,2,19.0,5.6004015252304145,1.9633977023994946,0.7791152632322152,0.19295583457373344,0.9544956914521071,3.189337721815772,0.8318923950195312,-3.6020506618726262,4.964180298629442e-06
S2_W3_tags,blk15_neg_d0.350,1234567,4.0,2.0430426597595215,0.5107606649398804,0.059793853759765626,79.97244897959183,980,3.705805540084839,4.065020561218262,0.5610999999999999,0.8827428186820051,11.559213027440961,27.565296173095703,3,19.0,5.943768488815667,1.9950360686729023,0.779999274795043,0.2004185236173013,0.9599770471162151,3.1917267310331607,0.8286224365234376,-3.653519579439397,4.307700124166511e-06
S2_W3_tags,blk15_pos_d0.350,3141592,4.0,2.1262049674987793,0.5315512418746948,0.044254302978515625,99.49399656946827,583,3.4949724674224854,3.995037317276001,0.5839,0.8749627599701388,11.312540404328335,43.50216293334961,3,16.0,7.4280581771441785,1.8096538836553737,0.8349326262041281,0.222112493278525,0.9678211043098615,3.099705336548572,0.8269111633300781,-3.4771118586532515,6.1511660536887e-06
S2_W3_tags,blk15_pos_d0.350,1234567,4.0,2.023521661758423,0.5058804154396057,0.041690826416015625,104.08571428571429,525,3.5407087802886963,4.006790637969971,0.5904,0.8789913378978873,11.439605148927866,42.509613037109375,3,16.0,7.20689411702005,1.6575933795926607,0.8392498388162506,0.24289250864036097,0.9700164598771193,3.095770854813068,0.8180465698242186,-3.5084874143725333,5.362114350380686e-06
S2_W3_tags,blk17_neg_d0.350,3141592,4.0,2.0201425552368164,0.5050356388092041,0.049344635009765624,115.28877005347593,561,3.7116923332214355,4.049499034881592,0.6263,0.8549756324383311,10.702697326501937,35.562103271484375,2,18.0,6.560956170777545,1.6924611307200066,0.8175164543012448,0.2268184502554645,0.9622519544253494,3.1562893780527754,0.8011177062988282,-3.489383601227022,6.369937117822868e-06
S2_W3_tags,blk17_neg_d0.350,1234567,4.0,2.041210651397705,0.5103026628494263,0.052919769287109376,102.00441176470588,680,3.690040349960327,4.043820381164551,0.5613,0.8850367286678118,11.632964703643918,34.599632263183594,2,17.0,6.904825521301041,1.790304000120094,0.8196048108695497,0.2322463900464261,0.9629191547881408,3.146007979916035,0.7986900329589843,-3.4680528618923048,6.713138549890893e-06
S2_W3_tags,blk17_pos_d0.350,3141592,4.0,1.9672974348068237,0.49182435870170593,0.055933380126953126,82.83954802259888,885,3.5477583408355713,4.044144630432129,0.5096,0.9031779042583796,12.233044692835373,32.593223571777344,2,18.0,7.032109885634262,2.354625816320566,0.7948258312653242,0.19730595503442766,0.9599415203233763,3.1754682102055067,0.8284217834472656,-3.5555697955088164,5.61787957645841e-06
S2_W3_tags,blk17_pos_d0.350,1234567,4.393799781799316,2.063493251800537,0.4696375243014625,0.05515594482421875,85.55502958579882,845,3.4547746181488037,4.024547576904297,0.53915,0.9062266183362032,12.336886804881741,37.47480392456055,1,18.0,7.3937775082844155,2.6179089859254923,0.8010020592209474,0.20413667858277987,0.96169469597627,3.1637105665964214,0.8332763671875,-3.58896588155411,5.437982686824842e-06
S2_W3_tags,blk19_neg_d0.350,3141592,4.0,2.0041022300720215,0.5010255575180054,0.056798553466796874,86.97079439252336,856,3.707571029663086,4.052009582519531,0.5550999999999999,0.8921774614851304,11.865572833038641,28.67764663696289,2,18.0,6.102192412814316,1.7949803455569926,0.7936976535631639,0.20224210797270745,0.9578794489772884,3.181718149019313,0.8195823669433594,-3.660102166652894,3.906672595436729e-06
S2_W3_tags,blk19_neg_d0.350,1234567,4.0,2.01495099067688,0.50373774766922,0.055410003662109374,88.46163215590742,821,3.7114667892456055,4.056256294250488,0.5583,0.9020054148799745,12.193341702850233,30.390827178955078,2,18.0,6.0683993453993565,1.7414864565200194,0.7985197040646257,0.20263486279878512,0.963293021115718,3.177457667223471,0.8184692382812501,-3.6643639716953973,3.7843857633964604e-06
S2_W3_tags,blk19_pos_d0.350,3141592,4.0,1.9651015996932983,0.4912753999233246,0.03808517456054687,58.866745283018865,848,3.7698440551757812,4.083235740661621,0.6383500000000001,0.833240376484569,10.076770967081842,38.74210739135742,2,20.0,6.644390297044634,1.662429926250665,0.8255441530797816,0.26753704567042047,0.9621858632527882,3.170624419562916,0.8070388793945312,-3.3872247913434324,7.510244118583435e-06
S2_W3_tags,blk19_pos_d0.350,1234567,4.0,2.057898998260498,0.5144747495651245,0.03638534545898438,66.14563106796116,721,3.7971909046173096,4.0855865478515625,0.70685,0.7983389295670635,9.147361825599015,40.05986022949219,1,20.0,6.381144817938141,1.5017856890140862,0.8296834054691876,0.28235610933944566,0.9659014684302114,3.1717841688737853,0.8162422180175781,-3.4729368155610727,5.9178261274884245e-06
S2_W3_tags,blk23_neg_d0.350,3141592,4.0,2.0968058109283447,0.5242014527320862,0.06620254516601562,93.20408163265306,931,3.643113374710083,4.031667709350586,0.5617500000000001,0.88606530765941,11.666187250753353,43.171142578125,2,18.0,6.628212802153536,2.4516677686820207,0.78374524233886,0.20072543906310972,0.9535682648837465,3.1669530923810267,0.8266532897949218,-3.585263746261721,5.7857414155632705e-06
S2_W3_tags,blk23_neg_d0.350,1234567,4.0,2.1054415702819824,0.5263603925704956,0.061046600341796875,89.90449438202248,890,3.6362717151641846,4.014391899108887,0.6217,0.8646202217123434,10.992753420358637,43.716270446777344,2,17.0,6.729637591021807,2.2149559276687913,0.8000494062681136,0.21790683039503256,0.9568009371078225,3.14825762865583,0.8252433776855468,-3.589874251033898,5.906320665437759e-06
S2_W3_tags,blk23_pos_d0.350,3141592,4.0,1.8180781602859497,0.4545195400714874,0.040924072265625,81.64383561643835,657,3.823690414428711,4.09866189956665,0.5264,0.8816191229978626,11.523255810016224,19.874942779541016,1,20.0,5.747232729766294,1.387943596848952,0.807318087298284,0.21989315734534917,0.9613346517012051,3.2051401389631557,0.8112777709960938,-3.7238152845404344,3.0780771075156443e-06
S2_W3_tags,blk23_pos_d0.350,1234567,4.0,1.9882614612579346,0.49706536531448364,0.04061737060546875,77.94729136163983,683,3.776348352432251,4.099604606628418,0.51695,0.8895547444634562,11.779602715489387,23.183303833007812,1,19.0,6.064363999128524,1.4603908363925233,0.8130410576791656,0.22605995705518017,0.9625624379491295,3.1950515823509025,0.8015007019042969,-3.7114433201618837,3.3379229492553618e-06
S2_W3_tags,blk27_neg_d0.075,3141592,4.0,1.9975694417953491,0.4993923604488373,0.043666839599609375,87.91858678955454,651,3.677542209625244,4.052770137786865,0.63425,0.8472394206387406,10.475576108282882,34.72601318359375,1,18.0,6.331639271415519,1.3716861326845124,0.8138094755283942,0.22137346515627493,0.9711768475529317,3.151861689946196,0.7857597351074219,-3.6443835727507197,4.042611300668073e-06
S2_W3_tags,blk27_neg_d0.075,1234567,4.0,2.208256483078003,0.5520641207695007,0.03473739624023438,100.73230088495575,452,3.640247344970703,4.027284622192383,0.6312,0.8552555003131237,10.711005398551182,37.91522979736328,2,17.0,6.656716772767398,1.23569837340459,0.8417852708869493,0.26019584781391747,0.9773810378256929,3.1161622512328577,0.7918777465820312,-3.735748681767863,3.2582547159319014e-06
S2_W3_tags,blk27_pos_d0.100,3141592,4.0,2.2005114555358887,0.5501278638839722,0.10182571411132812,66.17005453644026,2017,3.7820334434509277,4.062473297119141,0.4717,0.9297880542268406,13.169714970930292,28.435930252075195,2,22.0,5.076719654399204,4.180918869682348,0.7000797674488947,0.15649173955118179,0.9083801911716411,2.9028649860688582,0.9374420166015626,-3.5485398888236164,8.164185567537727e-06
S2_W3_tags,blk27_pos_d0.100,1234567,4.0,2.1906371116638184,0.5476592779159546,0.0902435302734375,73.05991352686844,1619,3.7793490886688232,4.052520751953125,0.51785,0.9110801829428321,12.504025597768328,31.42671775817871,3,21.0,5.171711236781129,3.7162140540943707,0.7250577570187743,0.16861397954949905,0.9220310238283099,2.916398433046292,0.9367134094238281,-3.529553995490851,8.532995836647403e-06
S2_W4_synonyms,baseline,3141592,4.0,2.099461078643799,0.5248652696609497,0.0600830078125,90.83275663206459,867,3.6859235763549805,4.039881706237793,0.58395,0.8824884423163578,11.551063407849274,31.081138610839844,1,19.0,6.082338462304378,1.9823242822126061,0.792650881139453,0.2136203763348869,0.9608574321000095,3.1755725768710157,0.81597900390625,-3.5575830663771355,5.24644409099862e-06
S2_W4_synonyms,baseline,1234567,4.0,2.0788495540618896,0.5197123885154724,0.057424163818359374,98.7755905511811,762,3.6930739879608154,4.042086124420166,0.5545500000000001,0.8912584320249609,11.835376764553672,32.825801849365234,1,19.0,5.87396887816624,1.7991919765640974,0.7957555687899396,0.20604033932499158,0.9648602686337873,3.1793123391099316,0.815802001953125,-3.607173426564077,4.301573578384025e-06
S2_W4_synonyms,blk00_neg_d0.250,3141592,4.0,2.125056028366089,0.5312640070915222,0.09852981567382812,72.14804469273743,1790,3.7651944160461426,4.0574212074279785,0.5448999999999999,0.8974140964241133,12.03910622022381,34.207496643066406,1,21.0,4.991743350884978,4.666137483061658,0.7015134496575606,0.1644046272510017,0.9252436913716575,2.9178657038103237,0.934332275390625,-3.5262455495827205,1.0472549719071166e-05
S2_W4_synonyms,blk00_neg_d0.250,1234567,4.0,2.0797529220581055,0.5199382305145264,0.08870620727539062,76.64403427818063,1517,3.765547752380371,4.058134078979492,0.5408,0.9025011418495713,12.210112327364467,35.12307357788086,1,21.0,4.896800063024262,4.186096261418472,0.7181657404312254,0.17099545497760593,0.9304322456739367,2.9297925656805384,0.9337493896484376,-3.5167133291704196,9.754701980145245e-06
S2_W4_synonyms,blk00_pos_d0.300,3141592,2.799999952316284,1.8666431903839111,0.6666582936330914,0.026604461669921874,115.46688741721854,302,3.800217866897583,4.0428147315979,0.63675,0.8396588209938248,10.257699328573683,34.59226989746094,1,19.0,5.621183169165548,0.674096872451597,0.864444760985525,0.29538016435651804,0.9828943983999223,3.1081517938687186,0.7758872985839844,-3.4672455770457487,2.9891123785629475e-06
S2_W4_synonyms,blk00_pos_d0.300,1234567,2.799999952316284,1.833783507347107,0.6549226923486623,0.02525177001953125,78.24586288416076,423,3.7803313732147217,4.047297954559326,0.6605000000000001,0.8293693644658613,9.969198070532311,37.09333801269531,1,19.0,5.765541398006261,0.7110467565253433,0.8532629512015439,0.25933234237020697,0.9836160166009842,3.11652892607119,0.7787384033203125,-3.469165262904417,2.918300296614611e-06
S2_W4_synonyms,blk02_neg_d0.350,3141592,4.0,2.072786569595337,0.5181966423988342,0.05320816040039063,90.3380829015544,772,3.70296573638916,4.033966541290283,0.57165,0.8828469336173921,11.562550282797268,31.706716537475586,2,19.0,6.188716774814401,1.7760494767714494,0.8104119743312399,0.23400200383040917,0.9658702089727702,3.163502011952612,0.8117965698242187,-3.52387856765567,5.229703199091873e-06
S2_W4_synonyms,blk02_neg_d0.350,1234567,4.0,2.0133285522460938,0.5033321380615234,0.0546661376953125,92.69340232858991,773,3.7122092247009277,4.046978950500488,0.57665,0.8814794986505052,11.51879578030279,33.703163146972656,2,19.0,6.082733092806527,1.7304569825587663,0.8070793926461559,0.21815509468922106,0.9671823151823403,3.171672511056044,0.811711883544922,-3.55504864912151,4.655354095318625e-06
S2_W4_synonyms,blk02_pos_d0.350,3141592,4.0,2.04555344581604,0.51138836145401,0.06103973388671875,86.02795698924731,930,3.6891279220581055,4.050199031829834,0.56635,0.8982991613155812,12.068685512814262,31.970054626464844,2,20.0,5.8109600657786995,1.928784988837649,0.7910671487609819,0.2134952674781661,0.9639912005850904,3.182715084302526,0.8082496643066406,-3.5735002607707766,4.934492932488033e-06
S2_W4_synonyms,blk02_pos_d0.350,1234567,4.0,2.026907205581665,0.5067268013954163,0.05789642333984375,94.03469640644362,807,3.600343942642212,4.024255275726318,0.5383,0.9025982010570067,12.213398575018314,33.77153396606445,2,19.0,6.094441546264007,2.0437481085715863,0.7981630798792981,0.20971113508996625,0.9617182432273061,3.1666023971387243,0.8033546447753905,-3.612705057233407,4.906945434777465e-06
S2_W4_synonyms,blk05_neg_d0.350,3141592,4.0,2.114731788635254,0.5286829471588135,0.06313629150390625,85.22554067971164,971,3.69999361038208,4.041998386383057,0.59315,0.8735720585303108,11.269005009913606,30.612632751464844,2,19.0,6.174629283873616,2.0835473639967965,0.7897726706487962,0.2088399674937286,0.9613285126817182,3.1791076002490937,0.8242218017578125,-3.591772826214338,4.657771667167723e-06
S2_W4_synonyms,blk05_neg_d0.350,1234567,4.0,2.0557336807250977,0.5139334201812744,0.061468505859375,92.18306636155606,874,3.6996750831604004,4.037391662597656,0.5238,0.9102211128474331,12.474278349455961,32.35033416748047,1,19.0,5.85925565737327,1.9879163770434303,0.790182286920992,0.2071925644948116,0.9618875137495133,3.179603826146409,0.8232917785644531,-3.579466559746748,4.950250050820112e-06
S2_W4_synonyms,blk05_pos_d0.350,3141592,4.0,2.0954387187957764,0.5238596796989441,0.05948715209960938,104.65906040268456,745,3.689368963241577,4.03963565826416,0.60095,0.8693448726009707,11.137700440200268,31.72246551513672,2,19.0,6.292768730392712,1.9933307992195912,0.8017793144940059,0.22478456452270013,0.9600358991793254,3.1682746223643603,0.8128181457519531,-3.5423436493505527,5.370694943385515e-06
S2_W4_synonyms,blk05_pos_d0.350,1234567,4.0,1.9842753410339355,0.4960688352584839,0.0577362060546875,100.1005291005291,756,3.671698808670044,4.039029598236084,0.542,0.9014811086661223,12.175629296128324,34.508087158203125,3,19.0,6.131169452522459,1.8109688724751862,0.8033743082164309,0.20915559545162463,0.9633937762972411,3.163450927417852,0.8100624084472656,-3.487257682489283,5.6691921362078874e-06
S2_W4_synonyms,blk08_neg_d0.350,3141592,4.0,2.1006174087524414,0.5251543521881104,0.054035186767578125,96.22961956521739,736,3.6564061641693115,4.009344577789307,0.5715,0.8884334135156527,11.743036924647987,32.47555160522461,1,18.0,6.368860340532078,1.7936257057168963,0.811089985780914,0.21503260760642767,0.9701012656966127,3.146570163255948,0.8140914916992188,-3.5137371399923563,5.2717454007879314e-06
S2_W4_synonyms,blk08_neg_d0.350,1234567,4.0,2.0448572635650635,0.5112143158912659,0.05597991943359375,97.3129973474801,754,3.66667103767395,4.026577949523926,0.57475,0.8895089696371921,11.77810780481979,33.82030487060547,1,18.0,6.22868300662989,1.8069350513193945,0.8114823470115682,0.2170729801567643,0.9679989747949393,3.152437765115508,0.8098304748535157,-3.561132268902872,4.55965068642282e-06
S2_W4_synonyms,blk08_pos_d0.350,3141592,4.0,2.0771639347076416,0.5192909836769104,0.05492324829101562,112.65884194053208,639,3.637502670288086,4.025770664215088,0.63005,0.8522845255816794,10.62313812081854,31.366168975830078,2,18.0,6.4378853209578795,1.670408770506297,0.8152851929373568,0.2327604733895737,0.9672448100183056,3.149100092236782,0.8179862976074219,-3.5726044503493446,4.184017512403978e-06
S2_W4_synonyms,blk08_pos_d0.350,1234567,4.0,1.9820287227630615,0.4955071806907654,0.055493927001953124,112.94565217391305,644,3.60440731048584,4.025218963623047,0.5668,0.8856679519140263,11.65334164224231,31.423677444458008,1,19.0,6.096899457821897,1.6331529463113126,0.8109497512890371,0.21684159633923195,0.9678242800977566,3.1617128434412254,0.8212493896484374,-3.644615993599899,3.3912444744658427e-06
S2_W4_synonyms,blk09_neg_d0.350,3141592,4.0,2.1719465255737305,0.5429866313934326,0.05224533081054687,112.07692307692308,611,3.6496875286102295,4.015971660614014,0.6480999999999999,0.8431148773049176,10.356463322051576,41.0260009765625,2,16.0,6.9006901724769785,1.9417594931406388,0.8260039204821984,0.2366583542069066,0.9663380686392085,3.1306929056723587,0.8066749572753906,-3.5598565746972444,4.454431908441039e-06
S2_W4_synonyms,blk09_neg_d0.350,1234567,4.0,2.1385672092437744,0.5346418023109436,0.0534149169921875,115.72231404958677,605,3.614428758621216,4.012253761291504,0.5952500000000001,0.8868391842945557,11.69124558127873,45.66981506347656,3,17.0,6.716986624845534,1.808244588945108,0.8224946742069092,0.22179314624387447,0.9693570704011156,3.134580023992725,0.8052299499511719,-3.5847867792541246,4.138440326760622e-06
S2_W4_synonyms,blk09_pos_d0.350,3141592,4.0,1.9337955713272095,0.48344889283180237,0.06622161865234374,97.74549549549549,888,3.6499767303466797,4.0401177406311035,0.53095,0.9060970797136049,12.33245671722588,30.92898941040039,1,20.0,5.198610682570545,1.928583003801874,0.7762261200089162,0.2062079436569609,0.9548007447450474,3.1868174561769247,0.8225257873535157,-3.527937906283254,5.262166885136104e-06
S2_W4_synonyms,blk09_pos_d0.350,1234567,4.0,1.7933673858642578,0.44834184646606445,0.07290725708007813,91.70921305182341,1042,3.624642848968506,4.029273986816406,0.5659000000000001,0.8826660200231,11.556751973573924,31.63495445251465,1,20.0,5.5073128132102145,2.0307194177218593,0.7685556991371832,0.1936362819116555,0.9539562323183464,3.18583685311359,0.8209121704101563,-3.4923773320338087,5.808210233627841e-06
S2_W4_synonyms,blk12_neg_d0.350,3141592,4.0,1.993717074394226,0.4984292685985565,0.06896286010742188,96.57158119658119,936,3.721714496612549,4.051863193511963,0.5264,0.9081714956397325,12.403591238275766,30.999910354614258,2,19.0,5.666825836949557,1.9142557754263096,0.7791706691555699,0.1990954011504495,0.958248888826269,3.191841317237348,0.8247856140136719,-3.609979974806365,4.255672072806318e-06
S2_W4_synonyms,blk12_neg_d0.350,1234567,4.0,1.9583879709243774,0.48959699273109436,0.06943588256835938,95.19979079497908,956,3.6846208572387695,4.047011852264404,0.59195,0.8776365895705178,11.396716760655297,31.934558868408203,1,19.0,5.658086257029035,1.9825581479729346,0.7759130844832396,0.19441004194098335,0.9600112894428612,3.1884843438741353,0.8266426086425781,-3.6210440986750245,4.096858310079698e-06
S2_W4_synonyms,blk12_pos_d0.350,3141592,4.0,2.0448780059814453,0.5112195014953613,0.05509796142578125,83.48901734104047,865,3.586541175842285,4.005709171295166,0.5607,0.8907744381024522,11.819505333474204,37.45484161376953,1,20.0,6.135157314022093,1.8322450551145066,0.8010521616466763,0.23027796571160003,0.9698367071269827,3.1639059633725557,0.8143157958984375,-3.501862880519998,5.8387951002945256e-06
S2_W4_synonyms,blk12_pos_d0.350,1234567,4.0,1.9112095832824707,0.4778023958206177,0.05150680541992188,99.86834319526628,676,3.5353598594665527,3.9786407947540283,0.6212,0.8534436076447157,10.657332166650697,39.085269927978516,2,19.0,6.544549932185587,1.809356085625092,0.8147647053952796,0.22042060329776808,0.9710591063131967,3.1409596729481684,0.8095497131347656,-3.42657714231746,6.867139642140775e-06
S2_W4_synonyms,blk13_neg_d0.350,3141592,4.0,2.028482437133789,0.5071206092834473,0.0631011962890625,99.17026378896882,834,3.6867895126342773,4.047444820404053,0.48345000000000005,0.9154313328700769,12.655787108572822,32.164756774902344,1,19.0,5.638311448666769,1.852185704236559,0.782072949931328,0.20204557606571036,0.9635643049539312,3.1871811585884062,0.8220108032226563,-3.63201425666455,4.147775576641439e-06
S2_W4_synonyms,blk13_neg_d0.350,1234567,4.0,2.0280754566192627,0.5070188641548157,0.06255950927734374,98.3189448441247,834,3.6568822860717773,4.030364036560059,0.5245500000000001,0.912181009846819,12.542247937996331,33.422454833984375,2,19.0,6.156952475049417,1.8534037213642378,0.787105093163319,0.19679790963861998,0.9665793542277612,3.1804650719872867,0.8216163635253906,-3.6729179710813424,3.6280352041400853e-06
S2_W4_synonyms,blk13_pos_d0.350,3141592,4.0,2.0696139335632324,0.5174034833908081,0.05304031372070313,91.475,760,3.626941680908203,4.057213306427002,0.56255,0.8911772357612695,11.83271263891978,41.5002326965332,1,19.0,6.218632266803426,2.0975369490363507,0.7995729835266909,0.22638641679800312,0.9483099210948773,3.1564964557448554,0.7969940185546875,-3.3027375009733313,1.1078020801875828e-05
S2_W4_synonyms,blk13_pos_d0.350,1234567,4.0,1.9905680418014526,0.49764201045036316,0.05876235961914063,106.67728531855956,722,3.5418355464935303,4.035424709320068,0.5877,0.8758780926446479,11.341286294572877,40.08340835571289,1,19.0,6.420604095744969,2.012711198442794,0.8093701706437255,0.22285919399902082,0.9591469623607902,3.1348395905496385,0.7975509643554688,-3.381301670091745,8.269525913490477e-06
S2_W4_synonyms,blk15_neg_d0.350,3141592,4.0,2.0096170902252197,0.5024042725563049,0.06405029296875,92.05263157894737,912,3.7289462089538574,4.057370662689209,0.5731999999999999,0.8782518001115719,11.416173023366992,29.020309448242188,1,20.0,5.391508355964469,1.898461309136251,0.7788673232813303,0.2052822314735153,0.9622983325414884,3.1904821887643466,0.8282020568847657,-3.597144100713894,4.566148111735068e-06
S2_W4_synonyms,blk15_neg_d0.350,1234567,4.0,1.9909089803695679,0.49772724509239197,0.064288330078125,92.29353778751369,913,3.7066407203674316,4.048051357269287,0.5061,0.9139743232592598,12.604764798509617,29.87217903137207,1,19.0,5.41297411688395,1.9057770710046709,0.7791674308388868,0.19671424728342007,0.9621058776193968,3.1909948360467197,0.8276397705078126,-3.5994894876799366,4.603392987312843e-06
S2_W4_synonyms,blk15_pos_d0.350,3141592,4.0,2.1867761611938477,0.5466940402984619,0.05200881958007812,113.2375415282392,602,3.5352025032043457,4.0108747482299805,0.57675,0.8854586951168731,11.64658253206078,39.94075012207031,1,19.0,6.621239474707875,1.8282168059203032,0.8209157832071805,0.2143645921574363,0.9718345125811684,3.1330812506377423,0.8143142700195312,-3.4433888697954735,5.904170015328217e-06
S2_W4_synonyms,blk15_pos_d0.350,1234567,4.0,2.157874822616577,0.5394687056541443,0.052342987060546874,105.06431852986218,653,3.5203487873077393,4.001839637756348,0.5664,0.8806176310933062,11.491303277913524,40.82186508178711,2,19.0,7.073286335686173,1.9868228048684802,0.8156692111265573,0.20211144610372014,0.9702171860330309,3.130368227512054,0.8160354614257812,-3.3390091094071432,7.574674638904755e-06
S2_W4_synonyms,blk17_neg_d0.350,3141592,4.0,2.047686815261841,0.5119217038154602,0.049869537353515625,103.75396825396825,630,3.6248397827148438,3.9930057525634766,0.57315,0.8822323918372972,11.54286595618955,34.39754867553711,3,19.0,6.552268611574849,1.6495354727097284,0.8188907461826398,0.24421597400916165,0.9656846336830619,3.1365729698490665,0.7964302062988281,-3.3540932811959725,7.89982856901925e-06
S2_W4_synonyms,blk17_neg_d0.350,1234567,4.0,1.9453452825546265,0.4863363206386566,0.050030517578125,116.68327402135232,562,3.6315906047821045,4.017405033111572,0.5748,0.8802582059262734,11.479857459680614,38.04079818725586,2,19.0,6.448092809675397,1.5807663921714634,0.8208846782924593,0.2375277098002243,0.9687717298487946,3.1363733787378103,0.7916557312011718,-3.400067392553163,6.611898402284711e-06
S2_W4_synonyms,blk17_pos_d0.350,3141592,4.0,2.046163320541382,0.5115408301353455,0.062085723876953124,115.1018387553041,707,3.4453811645507812,4.022472381591797,0.49760000000000004,0.9248734769882971,12.991480179395102,32.10984802246094,3,18.0,6.931121275891668,2.4955176370897703,0.788499291878602,0.2009111074670074,0.9605241120895882,3.1729936613783303,0.8286254882812499,-3.6660191740177743,4.255451177860511e-06
S2_W4_synonyms,blk17_pos_d0.350,1234567,4.0,1.9696632623672485,0.49241581559181213,0.06568832397460937,101.05516431924883,852,3.4421749114990234,4.013875961303711,0.5195,0.9104997332631753,12.483918450275079,32.31611633300781,2,18.0,6.89460206060558,2.528221719124806,0.7878470216279829,0.1825798465962496,0.9596993804567111,3.1682648055870066,0.8263534545898437,-3.6123433706023715,4.713404448425505e-06
S2_W4_synonyms,blk19_neg_d0.350,3141592,4.0,2.2040979862213135,0.5510244965553284,0.057660675048828124,92.16707317073171,820,3.7312655448913574,4.053299427032471,0.5004500000000001,0.9214067329337953,12.867206158336359,29.703031539916992,1,19.0,5.653760412591195,1.7482216314251642,0.7946178626023129,0.20618819882568706,0.9663501407258075,3.183398380798811,0.8171920776367188,-3.6450746200403925,3.6680379668849137e-06
S2_W4_synonyms,blk19_neg_d0.350,1234567,4.0,2.0519919395446777,0.5129979848861694,0.058911895751953124,101.33464566929133,762,3.689727783203125,4.0478363037109375,0.5288999999999999,0.9123448579364851,12.547946966990425,32.35151290893555,2,19.0,5.748799223944492,1.7067112601587682,0.793251686462831,0.1927247319029709,0.9687548719380732,3.1862233150334305,0.8169380187988281,-3.665441668870713,3.297126060700979e-06
S2_W4_synonyms,blk19_pos_d0.350,3141592,2.799999952316284,1.8381537199020386,0.6564834825734323,0.04238128662109375,71.9559585492228,772,3.828922986984253,4.083194732666016,0.6616000000000001,0.8435763578031997,10.369722852510009,40.667236328125,1,22.0,6.156342068607717,1.3830181007379845,0.82125062518196,0.24363286503515358,0.9722697473113027,3.169110127229111,0.802281951904297,-3.339451707563204,6.051485844413013e-06
S2_W4_synonyms,blk19_pos_d0.350,1234567,2.799999952316284,1.788871169090271,0.6388825712694879,0.043636322021484375,66.81658878504673,856,3.8131675720214844,4.0788679122924805,0.6004,0.8697897735699437,11.151447575958718,41.96485137939453,1,22.0,6.439881809707533,1.357423136597801,0.8228085896090299,0.23334985171630557,0.9744823802334466,3.1599852964365023,0.8004325866699218,-3.3050332020461535,6.5026124614153574e-06
S2_W4_synonyms,blk23_neg_d0.350,3141592,4.0,2.1121666431427,0.528041660785675,0.06846771240234376,100.38255033557047,894,3.6073694229125977,4.013514995574951,0.5629500000000001,0.8991089677121734,12.095813293708513,39.08510208129883,3,18.0,6.384947481250356,2.4006018223289107,0.7868895009509602,0.21001064253472668,0.9563361442385605,3.166653566401924,0.8220046997070313,-3.5550722565279123,6.0678473220686775e-06
S2_W4_synonyms,blk23_neg_d0.350,1234567,4.0,2.0575504302978516,0.5143876075744629,0.06342849731445313,104.57484276729559,795,3.5954248905181885,3.997459650039673,0.6286499999999999,0.862207901282993,10.919475121045735,41.91951370239258,1,18.0,6.06909607295909,2.1294533896357666,0.794134293568618,0.20534407162871965,0.961780949338245,3.159926690731506,0.8226318359375,-3.612735557721273,4.818537228076379e-06
S2_W4_synonyms,blk23_pos_d0.350,3141592,2.799999952316284,1.865234613418579,0.6661552304226199,0.040874481201171875,84.77056962025317,632,3.877373456954956,4.10262393951416,0.5093,0.9076263372035616,12.384857370171039,21.666210174560547,1,20.0,5.176284796161191,1.2187349112448853,0.8086672949134296,0.24573865474042372,0.9719591101177317,3.202668028233569,0.8005859375,-3.6481156887779767,3.357646482968029e-06
S2_W4_synonyms,blk23_pos_d0.350,1234567,2.799999952316284,1.8713781833648682,0.6683493625836604,0.04205322265625,92.17391304347827,598,3.8678364753723145,4.104732513427734,0.5760500000000001,0.8893888510571677,11.774185883737571,21.598066329956055,1,20.0,5.401544600631385,1.2965574670111275,0.8065498058644704,0.23300887411077364,0.9709659049768187,3.202837471051857,0.8006950378417969,-3.6495060013226928,3.4133200738843217e-06
S2_W4_synonyms,blk27_neg_d0.075,3141592,4.0,2.037951946258545,0.5094879865646362,0.040277099609375,106.00803212851406,498,3.6990814208984375,4.031486511230469,0.55015,0.8970420189951368,12.026692869371953,33.66725540161133,1,19.0,6.047605867729261,1.198039892893997,0.8241450363901246,0.24146127048472987,0.9774872070899302,3.141127497974256,0.7800361633300782,-3.5653887021377764,4.065634208880342e-06
S2_W4_synonyms,blk27_neg_d0.075,1234567,2.799999952316284,2.0428402423858643,0.7295858132768668,0.0344085693359375,105.37383177570094,428,3.718050956726074,4.034958362579346,0.6385,0.8488920135505412,10.52368491606847,35.44872283935547,3,19.0,6.058729586398615,1.0136345386258951,0.8303056580301311,0.23680273943308192,0.980837212732746,3.1347862589790987,0.7782096862792969,-3.5711526435905685,3.5823092642897654e-06
S2_W4_synonyms,blk27_pos_d0.100,3141592,4.0,2.1672043800354004,0.5418010950088501,0.09893569946289063,68.83067940552017,1884,3.7695019245147705,4.047913551330566,0.4699,0.9413763489166967,13.599723319623013,28.72724151611328,1,22.0,5.013665670677036,4.046328392836497,0.7036955418568136,0.15889986734521663,0.9177467034759472,2.886624449712129,0.939183807373047,-3.5452605834876425,8.042692131806287e-06
S2_W4_synonyms,blk27_pos_d0.100,1234567,4.0,2.0809292793273926,0.5202323198318481,0.0983795166015625,72.15892557358701,1787,3.786790132522583,4.048987865447998,0.48555000000000004,0.9320863129860293,13.253901998604235,30.95652961730957,1,21.0,4.878164514404468,3.7982497472679873,0.7038805541757663,0.15608263369438982,0.9236993852480659,2.8685868475223564,0.9413024902343751,-3.5952264601640738,6.6597434476085505e-06
S1_C1_flamegauntlet,baseline,3141592,4.0,2.1745355129241943,0.5436338782310486,0.09510879516601563,121.03009708737864,1030,2.703951597213745,3.6241614818573,0.6350999999999999,0.8214581971267841,9.75291030358578,61.33170700073242,4,13.0,6.347841396088595,10.252139430511376,0.7824157733476965,0.3157493781335011,0.9628783078961979,2.624993585311324,0.9028564453125,-3.583123243020454,5.04548147667467e-06
S1_C1_flamegauntlet,baseline,1234567,4.0,2.200829029083252,0.550207257270813,0.10967330932617188,110.49269792467332,1301,2.7738142013549805,3.7031373977661133,0.5524,0.884257051965043,11.607844619339701,58.078758239746094,5,13.0,6.29545811054709,11.35737486622106,0.7413777002410408,0.2126156591811299,0.9556900533077671,2.898197747765077,0.8782035827636718,-3.5398103817107107,7.059834209610283e-06
S1_C1_flamegauntlet,blk00_neg_d0.250,3141592,4.0,2.1440844535827637,0.5360211133956909,0.10007858276367188,86.92842942345925,1509,3.2231855392456055,3.8727645874023438,0.6484,0.8026247543010001,9.25670674177769,58.58348846435547,2,18.0,5.912703623537581,11.925169391991252,0.7438498309045226,0.32089449919550167,0.9571930331567879,2.7408261210598948,0.9605751037597657,-3.632620868562441,4.656565584277953e-06
S1_C1_flamegauntlet,blk00_neg_d0.250,1234567,4.0,2.2130396366119385,0.5532599091529846,0.10638198852539063,87.91740226986128,1586,3.234776020050049,3.8925981521606445,0.62605,0.8320567382222417,10.043755806845152,59.52642059326172,5,16.0,6.053401578529375,12.27846730929189,0.7261517810364052,0.2517128392514899,0.9549676511101726,2.769043877785422,0.9579383850097656,-3.6001101792057026,6.067532587624633e-06
S1_C1_flamegauntlet,blk00_pos_d0.300,3141592,2.799999952316284,2.2423224449157715,0.80082945825082,0.09742355346679688,105.44591246903386,1211,2.7255825996398926,3.634079694747925,0.5995,0.8556134337447039,10.721640300003935,55.89155197143555,4,15.0,6.372144809565976,7.151055460683057,0.7953990933204924,0.33138027948065624,0.9730660709297216,2.8007853921754546,0.8698638916015624,-3.593646925623093,4.530669413953781e-06
S1_C1_flamegauntlet,blk00_pos_d0.300,1234567,2.799999952316284,1.9679802656173706,0.7028501068328127,0.11386260986328126,110.46780162842339,1351,2.7868926525115967,3.6403963565826416,0.54335,0.8910386864772157,11.828168091455414,57.1806640625,4,16.0,5.929322572006097,7.072092558078909,0.7595831784392875,0.28631255333318223,0.9702580614541981,2.948935678974087,0.8481658935546875,-3.5761369004382346,4.7409937782245595e-06
S1_C1_flamegauntlet,blk02_neg_d0.350,3141592,4.0,2.1570136547088623,0.5392534136772156,0.1003204345703125,134.03873598369012,981,2.744544744491577,3.619335412979126,0.611,0.8332327772225361,10.076558655500683,60.03166961669922,4,13.0,5.990027756039156,10.973693239653358,0.7655223134726847,0.2603213131190435,0.961265619465176,2.7281005104304765,0.8996208190917969,-3.595269521003788,5.014294230122334e-06
S1_C1_flamegauntlet,blk02_neg_d0.350,1234567,4.0,2.1995835304260254,0.5498958826065063,0.10864486694335937,111.86410054988217,1273,2.8053910732269287,3.7160189151763916,0.6131000000000001,0.8578434036581437,10.78813529480558,57.21101760864258,4,13.0,6.194484473226032,10.708053362451807,0.7492468555237621,0.23009323309524193,0.9595047127319939,2.872726355132554,0.8827751159667969,-3.571968538587513,6.587160543761783e-06
S1_C1_flamegauntlet,blk02_pos_d0.350,3141592,4.0,2.151343584060669,0.5378358960151672,0.09701919555664062,111.15821678321679,1144,2.47782564163208,3.4578168392181396,0.65095,0.8245430457234442,9.836684857506457,65.77639770507812,4,13.0,6.414728048600346,11.920634123275516,0.7955065217363649,0.3028342566833141,0.9559080658632741,2.4243552373515547,0.9422348022460938,-3.526243908295354,7.052198274029217e-06
S1_C1_flamegauntlet,blk02_pos_d0.350,1234567,4.0,2.20076847076416,0.55019211769104,0.10102920532226563,108.7200328407225,1218,2.5287110805511475,3.531430959701538,0.6249,0.8555421929139461,10.719522754410235,59.58342742919922,5,13.0,6.251661546341055,11.882067341788156,0.7692127640913846,0.22878981869740583,0.9538975708257206,2.726980854865679,0.9070838928222656,-3.486005691762973,8.436738141873147e-06
S1_C1_flamegauntlet,blk05_neg_d0.350,3141592,4.0,2.2331831455230713,0.5582957863807678,0.1008880615234375,114.98782608695652,1150,2.7089178562164307,3.593125820159912,0.6288,0.8235619915592657,9.809964843821614,61.534915924072266,4,13.0,6.452153810912518,10.561829360398583,0.774705516825619,0.3052700575562036,0.9614940278575967,2.643904681647133,0.9046928405761718,-3.552359236947039,5.412568063215062e-06
S1_C1_flamegauntlet,blk05_neg_d0.350,1234567,4.0,2.2076683044433594,0.5519170761108398,0.11257400512695312,114.64879564879566,1287,2.734182834625244,3.6054434776306152,0.53045,0.9030253903545098,12.227872941523652,62.01597595214844,3,14.0,6.031477247278317,11.272680208025154,0.7448358631164538,0.22026846312197995,0.9530139916395072,2.8474125691075347,0.8859748840332031,-3.510168917649116,8.28913175354445e-06
S1_C1_flamegauntlet,blk05_pos_d0.350,3141592,2.799999952316284,2.4592785835266113,0.8783137947885274,0.10684051513671874,78.9391206313416,1774,2.6137685775756836,3.548901319503784,0.6169499999999999,0.8474704459847143,10.482288265135116,62.25092315673828,3,14.0,6.622594443917787,11.37662552953924,0.7675477412739059,0.28719007510332656,0.9578126829089835,2.539505913643429,0.9330162048339844,-3.465304231833498,7.554282767287147e-06
S1_C1_flamegauntlet,blk05_pos_d0.350,1234567,2.799999952316284,2.224461793899536,0.7944506542078198,0.11135787963867187,72.72496263079223,2007,2.6541190147399902,3.5738019943237305,0.5802499999999999,0.8674617797467432,11.079701577301355,62.83857727050781,4,15.0,6.706597094103457,11.548678531763702,0.7516064682338877,0.2399878645158699,0.9555160381898924,2.609376560771604,0.9266120910644532,-3.4166222465599185,8.754258849128903e-06
S1_C1_flamegauntlet,blk08_neg_d0.350,3141592,4.0,2.301302194595337,0.5753255486488342,0.09534988403320313,93.96766917293233,1330,2.6283793449401855,3.551762104034424,0.64505,0.8150458710115533,9.581048091049542,63.880191802978516,5,15.0,5.99678442479801,11.065209722598777,0.7841879594498745,0.3074987969814996,0.9621616838192497,2.4773343067541846,0.9402252197265626,-3.592597919366064,4.934499380445934e-06
S1_C1_flamegauntlet,blk08_neg_d0.350,1234567,2.799999952316284,2.0529606342315674,0.7332002389975997,0.1094879150390625,86.50271247739602,1659,2.6057379245758057,3.5417630672454834,0.59485,0.8646315896447782,10.993099902030764,64.7283706665039,4,15.0,6.101993256840092,11.280343761748352,0.7738682115693614,0.2782583859117708,0.9571480537020913,2.5518833401373926,0.9325126647949218,-3.4858142291732395,8.122805291765354e-06
S1_C1_flamegauntlet,blk08_pos_d0.350,3141592,4.0,2.1987154483795166,0.5496788620948792,0.09427261352539062,119.61761858664086,1033,2.8167858123779297,3.649890661239624,0.63295,0.8155414725488034,9.594222451248063,54.1065788269043,3,14.0,6.217562700729282,10.140963268250854,0.7715561144462654,0.2960386172396715,0.9626966141038666,2.7430902300318563,0.8875480651855469,-3.6113137560877338,4.8735775909756494e-06
S1_C1_flamegauntlet,blk08_pos_d0.350,1234567,4.0,2.2329654693603516,0.5582413673400879,0.10254058837890626,111.90840965861781,1201,2.772897481918335,3.6672799587249756,0.59495,0.8542547794982267,10.681327969932301,53.83070373535156,3,13.0,6.004419539049306,11.407399536303153,0.7487972646417353,0.2258455729125362,0.9560740096834603,2.9191695928141974,0.8713325500488281,-3.5614058306803775,6.853130949853018e-06
S1_C1_flamegauntlet,blk09_neg_d0.350,3141592,4.0,2.1071901321411133,0.5267975330352783,0.0866546630859375,106.24883068288119,1069,2.598445415496826,3.4810445308685303,0.6959500000000001,0.771794384226266,8.498319224027346,61.938385009765625,4,13.0,6.247992708302712,10.524816306052074,0.7998462060066205,0.34075726804012396,0.9641911711765425,2.4175436145453646,0.939825439453125,-3.5918853045667705,4.236560659641811e-06
S1_C1_flamegauntlet,blk09_neg_d0.350,1234567,4.0,2.4189255237579346,0.6047313809394836,0.0865020751953125,97.48925193465176,1163,2.5651907920837402,3.499297618865967,0.6358000000000001,0.8140046330124926,9.55342821378013,63.699066162109375,4,13.0,6.630628081200761,10.667387133041041,0.801089281772992,0.32014447594434503,0.9633268093774379,2.4414994791988622,0.9372871398925782,-3.5799171355610113,5.051592429317141e-06
S1_C1_flamegauntlet,blk09_pos_d0.350,3141592,4.0,2.29017972946167,0.5725449323654175,0.10115737915039062,88.33377748167888,1501,2.805429697036743,3.6527438163757324,0.6258,0.812996900466681,9.526772924042966,53.339569091796875,4,14.0,6.458703435731011,11.841557501178874,0.772318962110184,0.34139335539844234,0.9574742949082109,2.722077444428766,0.8887046813964843,-3.4829842330342546,6.1383634411317765e-06
S1_C1_flamegauntlet,blk09_pos_d0.350,1234567,4.0,2.272022247314453,0.5680055618286133,0.11583786010742188,100.75049767750498,1507,2.7447376251220703,3.5937957763671875,0.5906,0.8560951579549886,10.735969937961922,52.365108489990234,5,15.0,6.2890281443161,13.26916327207193,0.7336025431574039,0.2572939157869202,0.9471627956871798,2.8812673250075,0.8797401428222656,-3.5159227828826225,8.077222179464043e-06
S1_C1_flamegauntlet,blk12_neg_d0.350,3141592,4.0,2.284360885620117,0.5710902214050293,0.0977813720703125,127.14682539682539,1008,2.7071757316589355,3.604992151260376,0.6425500000000001,0.8114898579274719,9.48704921764893,59.55296325683594,3,13.0,6.36022177054531,11.7769655969511,0.7751663516640661,0.3063119519275439,0.9593846775242565,2.693492567371696,0.9011390686035157,-3.5567792984955138,5.140568326026081e-06
S1_C1_flamegauntlet,blk12_neg_d0.350,1234567,4.0,2.2340595722198486,0.5585148930549622,0.11544265747070312,102.65468113975577,1474,2.60209059715271,3.573781728744507,0.5925,0.8676797400486109,11.086399222663166,60.06737518310547,6,13.0,6.364582437631298,12.872484743459964,0.7533237598279601,0.2490606802516014,0.9468585708323454,2.824068973581071,0.8968536376953125,-3.5114832370339495,9.145563690594014e-06
S1_C1_flamegauntlet,blk12_pos_d0.350,3141592,2.799999952316284,2.220933198928833,0.7931904416968216,0.09203948974609374,89.49406528189911,1348,2.617509365081787,3.5885002613067627,0.61885,0.8325795992935542,10.058326584724396,57.322914123535156,3,15.0,6.582609126367185,9.586185921433444,0.8089697857444188,0.3308786544082182,0.9652568491114366,2.421144035600647,0.9354576110839845,-3.4909234905251347,6.933970294470295e-06
S1_C1_flamegauntlet,blk12_pos_d0.350,1234567,4.0,2.061333656311035,0.5153334140777588,0.10529937744140624,82.74460431654676,1668,2.638394355773926,3.575979471206665,0.61195,0.8507208866351905,10.577183022952086,57.33625030517578,5,14.0,6.137145992845534,10.200217253374,0.7666304615402709,0.2378492801453002,0.9612830152323666,2.6057196996976866,0.9201202392578125,-3.4581200853806635,7.782560624545437e-06
S1_C1_flamegauntlet,blk13_neg_d0.350,3141592,4.0,2.3316476345062256,0.5829119086265564,0.09414520263671874,112.58941605839416,1096,2.8014371395111084,3.6668872833251953,0.6582999999999999,0.8017007578023384,9.23302268461658,55.974185943603516,4,14.0,6.2356895210982195,9.951945691169154,0.7772183562411601,0.2791190432566344,0.9669317581050401,2.736967849744813,0.894915771484375,-3.5956456984314915,4.748961843703317e-06
S1_C1_flamegauntlet,blk13_neg_d0.350,1234567,4.0,2.138902187347412,0.534725546836853,0.10323028564453125,123.4543795620438,1096,2.8591201305389404,3.741039276123047,0.60885,0.8518607002724226,10.610662274255667,61.18696975708008,4,14.0,6.18965475052863,10.177364970589771,0.7548175181302351,0.23427754593470096,0.9621518440538596,2.8858016567377835,0.8809967041015625,-3.57367860536296,6.377869209198027e-06
S1_C1_flamegauntlet,blk13_pos_d0.350,3141592,2.799999952316284,2.3047232627868652,0.8231154650128818,0.09549026489257813,57.12505705157462,2191,2.75628662109375,3.5682570934295654,0.6154,0.8165286731393786,9.620518780703572,55.464942932128906,4,17.0,6.480943000547351,8.848746805038957,0.7745994971020886,0.29839590999504895,0.9671652385207201,2.5501060528555053,0.9275032043457031,-3.4996029295501447,5.753564875581948e-06
S1_C1_flamegauntlet,blk13_pos_d0.350,1234567,2.799999952316284,2.0707483291625977,0.7395529872954401,0.101629638671875,74.7100392596747,1783,2.604154109954834,3.4658892154693604,0.5729,0.8699038450064005,11.154975037516989,49.36305618286133,4,16.0,6.310990413556338,10.68084805104766,0.7568006318929434,0.21112868440315397,0.9585222532874738,2.661982501851218,0.9261810302734375,-3.513531905568136,6.6676484596135085e-06
S1_C1_flamegauntlet,blk15_neg_d0.350,3141592,4.0,2.2281570434570312,0.5570392608642578,0.1061279296875,117.48648648648648,1184,2.7432706356048584,3.608673095703125,0.6349499999999999,0.835758739824456,10.147377082247395,55.77999496459961,3,15.0,6.133275551306995,10.137833793925243,0.7479102270319751,0.25147320351842856,0.962942785700047,2.831013843178012,0.8870086669921875,-3.585464836403722,5.772612806009853e-06
S1_C1_flamegauntlet,blk15_neg_d0.350,1234567,4.0,2.3480913639068604,0.5870228409767151,0.11839675903320312,119.83397683397683,1295,2.723422050476074,3.5938467979431152,0.5548000000000001,0.8996161392891419,12.112834126965021,52.77800369262695,4,15.0,6.348869260971338,10.968563677476874,0.7253858850436091,0.1962984219179018,0.9522307757504245,2.9761896303813242,0.8707656860351564,-3.5669236429868434,7.543431744279083e-06
S1_C1_flamegauntlet,blk15_pos_d0.350,3141592,2.799999952316284,2.2620186805725098,0.807863828248021,0.09018402099609375,74.76660341555977,1581,2.790626287460327,3.6033592224121094,0.69635,0.7600825104227813,8.22679242046127,48.006282806396484,3,13.5,6.204624608841566,8.611729769785704,0.7951918261228103,0.30610771478193716,0.9716384951253059,2.4186018122962127,0.9272689819335938,-3.4510426817955207,5.936869417823035e-06
S1_C1_flamegauntlet,blk15_pos_d0.350,1234567,4.0,2.268773078918457,0.5671932697296143,0.1014739990234375,93.20532585844428,1427,2.7441511154174805,3.678725004196167,0.6619,0.8186611017992742,9.677567110940933,56.8343391418457,5,12.0,6.156398602267401,11.090251465698516,0.7752458524307406,0.26606102730391223,0.9597257477329268,2.5767739046607865,0.9204582214355469,-3.4674899904759036,7.644838837964246e-06
S1_C1_flamegauntlet,blk17_neg_d0.350,3141592,4.0,2.1747639179229736,0.5436909794807434,0.11277389526367188,113.7913779830639,1299,2.563494920730591,3.484910011291504,0.64435,0.8317943217723371,10.036450900159254,63.043243408203125,5,13.0,6.352189108395482,12.930971032829637,0.7533640122092853,0.25124375005664534,0.9522013297984238,2.7028542547492607,0.9182456970214843,-3.4955732970465356,8.651962909710613e-06
S1_C1_flamegauntlet,blk17_neg_d0.350,1234567,4.0,2.0733489990234375,0.5183372497558594,0.12012863159179688,101.6494512588767,1549,2.6430270671844482,3.513277769088745,0.55565,0.8980972733529228,12.061931928823595,62.26898956298828,5,14.0,6.552906678528239,12.688503796461791,0.7447153749999464,0.22728319211223635,0.9472049453104514,2.720675043350937,0.9207977294921874,-3.4395437267618263,1.0907465939697006e-05
S1_C1_flamegauntlet,blk17_pos_d0.350,3141592,4.0,2.2998363971710205,0.5749590992927551,0.08968276977539062,93.21887390959556,1261,2.589846611022949,3.514949083328247,0.6907500000000001,0.7877806831686045,8.88346636942282,57.39012908935547,4,14.0,6.352819372142741,7.554879762331087,0.8139793413767108,0.3694614347486688,0.9742395635942755,2.506213317862664,0.9139305114746094,-3.5791359798697964,4.672306434496225e-06
S1_C1_flamegauntlet,blk17_pos_d0.350,1234567,4.0,2.4051015377044678,0.6012753844261169,0.08573379516601562,89.25575853852264,1259,2.656324863433838,3.5877602100372314,0.6716500000000001,0.7896046904018341,8.92850582121173,52.784873962402344,3,15.0,6.374389791951088,6.831155595804464,0.8151962520741041,0.3548897628061254,0.9771886865080734,2.4224575977237484,0.9191261291503906,-3.596392618882709,4.590935256021961e-06
S1_C1_flamegauntlet,blk19_neg_d0.350,3141592,4.0,2.1266427040100098,0.5316606760025024,0.10173416137695312,97.54572055596196,1367,2.78004789352417,3.6704399585723877,0.59805,0.8326927598844298,10.06148285745228,53.99650573730469,2,15.0,6.42074064010295,9.596551888554643,0.7745069932214363,0.3435394114702266,0.9640150510969965,2.7654478098164925,0.8789871215820313,-3.5443334832150466,5.449352881577901e-06
S1_C1_flamegauntlet,blk19_neg_d0.350,1234567,4.0,2.1052162647247314,0.5263040661811829,0.1160247802734375,101.65508021390374,1496,2.799156427383423,3.6829261779785156,0.5595,0.8842485221571967,11.607570101134515,53.232872009277344,4,13.0,6.179679906758926,11.340262285471166,0.725632356838527,0.20183364006094712,0.9523827481442954,2.9747251256400253,0.8611473083496094,-3.5552254576195907,7.011773625201887e-06
S1_C1_flamegauntlet,blk19_pos_d0.350,3141592,2.799999952316284,2.520782709121704,0.9002795543037067,0.09350814819335937,61.55851330989452,1991,2.9741640090942383,3.7786972522735596,0.6092,0.8398348265601456,10.262706215580145,70.35369110107422,2,18.0,7.127578942273923,6.6023093219150315,0.7813799113202582,0.2677569049122462,0.9771219150337699,2.5824328033227086,0.9258270263671875,-3.4829553953124863,4.4583233923800055e-06
S1_C1_flamegauntlet,blk19_pos_d0.350,1234567,2.799999952316284,2.317929983139038,0.8278321509332682,0.10461807250976562,88.69663648124191,1546,2.9119861125946045,3.72745680809021,0.5661499999999999,0.8733327017525788,11.261528952037276,67.01899719238281,3,18.0,6.418924855334788,6.9563724530118085,0.764309641315276,0.23757230898027953,0.9746670769460845,2.683457113795171,0.9254684448242188,-3.526913084689438,5.560415561464747e-06
S1_C1_flamegauntlet,blk23_neg_d0.350,3141592,4.0,2.3006742000579834,0.5751685500144958,0.09658660888671874,118.87136150234741,1065,2.66325044631958,3.5827622413635254,0.6443000000000001,0.8275474276907042,9.918965832773189,68.60883331298828,3,13.0,6.270471820883169,11.658371021136087,0.7684740001511953,0.25401684352492915,0.9584052054988501,2.6208424835994717,0.9142715454101562,-3.5901859208230977,5.9381508127963855e-06
S1_C1_flamegauntlet,blk23_neg_d0.350,1234567,4.0,2.2178215980529785,0.5544553995132446,0.11119003295898437,108.6793437733035,1341,2.7200536727905273,3.6657614707946777,0.5661999999999999,0.8875837218941969,11.715404706441559,65.66862487792969,6,14.0,6.293206158231271,12.058266579953278,0.7463462317649796,0.21567196562848048,0.9490695179538974,2.780855152808869,0.89801025390625,-3.5397400003311184,7.752892419388828e-06
S1_C1_flamegauntlet,blk23_pos_d0.350,3141592,4.0,2.046706438064575,0.5116766095161438,0.092486572265625,87.71635311143271,1382,2.983517646789551,3.779083251953125,0.6418999999999999,0.8100035155146915,9.44803338169051,47.89800262451172,5,18.0,5.822807131386114,6.1033431687865045,0.7884533173073289,0.3748311538802871,0.9780389426385524,2.7763010584971273,0.8945991516113281,-3.6907363525768027,2.8605328394012435e-06
S1_C1_flamegauntlet,blk23_pos_d0.350,1234567,4.0,2.218329906463623,0.5545824766159058,0.0945648193359375,100.77073170731707,1230,3.037449836730957,3.847888946533203,0.5794,0.8619276307163574,10.910993165767074,46.81366729736328,4,17.0,5.913868285989468,6.193924991105409,0.7804719702600665,0.318007787324072,0.9766631304943549,2.8549200624753617,0.88909912109375,-3.700485430388269,3.6839044887365665e-06
S1_C1_flamegauntlet,blk27_neg_d0.075,3141592,4.0,2.14103364944458,0.535258412361145,0.09431076049804688,106.8409680207433,1157,2.7116782665252686,3.6241965293884277,0.6376,0.8114520969133551,9.48605601579601,64.88605499267578,5,14.0,6.196234614741781,8.345820597144312,0.7932601030902554,0.3581954862694101,0.9724344971893788,2.4856253767921226,0.8994812011718749,-3.63872327127461,4.013291605159099e-06
S1_C1_flamegauntlet,blk27_neg_d0.075,1234567,4.0,2.1226961612701416,0.5306740403175354,0.10303497314453125,101.77091183119819,1327,2.774277925491333,3.7045657634735107,0.5674,0.8764445234517043,11.35911154753762,63.54810333251953,5,15.0,6.113086624526872,8.516161656084247,0.7675793127039882,0.28452672666132817,0.968582621421122,2.7196911935942083,0.8763870239257813,-3.6028843011123852,5.369729126062255e-06
S1_C1_flamegauntlet,blk27_pos_d0.100,3141592,4.0,2.238309383392334,0.5595773458480835,0.09551620483398438,104.24229808492923,1201,3.2179408073425293,3.9405412673950195,0.6464000000000001,0.8168417054992675,9.628872149531063,53.44699478149414,4,16.0,6.185652628260012,11.989893062795618,0.760401924692249,0.30710316144427185,0.9520783666532996,2.825083496195125,0.9484619140624999,-3.579012429540602,5.402498044308094e-06
S1_C1_flamegauntlet,blk27_pos_d0.100,1234567,4.0,2.3269245624542236,0.5817311406135559,0.10910491943359375,93.65160445317616,1527,3.083690643310547,3.8120884895324707,0.5685,0.8725611172154453,11.237463065305887,52.43760681152344,5,16.0,6.229118993686026,13.678026870591435,0.7264215821488034,0.2150594499769501,0.9399656685633608,2.8657489174707993,0.9457366943359374,-3.4994373624481088,9.04073394475713e-06
S2_C1_oldman,baseline,3141592,4.0,2.014127254486084,0.503531813621521,0.06639328002929687,85.9911067193676,1012,3.727713108062744,4.058930397033691,0.51285,0.8979576589137274,12.057263737917866,29.217567443847656,1,19.0,5.7624040536514896,2.091627853716448,0.7741157700795679,0.19194175075715064,0.9490480441954563,3.194761906221772,0.8203529357910156,-3.6117092761621983,4.595545267997114e-06
S2_C1_oldman,baseline,1234567,4.0,2.132981538772583,0.5332453846931458,0.06350784301757813,84.93979591836735,980,3.667592763900757,4.036329746246338,0.59535,0.8618126258580447,10.907514628300634,32.07255172729492,2,19.0,5.999040845615691,2.2896142106458,0.7942597856524265,0.2144298294776885,0.948077920707176,3.1672670061689274,0.8143173217773436,-3.5205212778205452,6.43622378418654e-06
S2_C1_oldman,blk00_neg_d0.250,3141592,4.0,2.0883779525756836,0.5220944881439209,0.10782699584960938,64.32908511606736,2197,3.8134167194366455,4.0728631019592285,0.4804,0.9232547742579391,12.933305098610349,33.088191986083984,1,23.0,4.7637322946526695,5.074862372834238,0.682928950482085,0.14597028462816597,0.9070168819986884,2.911380532306668,0.9356163024902344,-3.515940777980503,1.0318268236755948e-05
S2_C1_oldman,blk00_neg_d0.250,1234567,4.0,2.128448486328125,0.5321121215820312,0.094219970703125,64.65759162303665,1910,3.757720708847046,4.05449914932251,0.5183,0.9109686515412057,12.500159566879361,35.82612991333008,1,22.0,4.9364617279549465,4.920886182215643,0.7048586846656524,0.15655737667455383,0.9147089195292857,2.917637120398869,0.9346923828124999,-3.48552521908668,1.07226009952139e-05
S2_C1_oldman,blk00_pos_d0.300,3141592,2.799999952316284,1.9012882709503174,0.6790315369032373,0.03628997802734375,100.56236786469344,473,3.7313616275787354,4.043147087097168,0.61145,0.8610399665355052,10.884172835951558,31.206417083740234,1,19.0,6.058923561289018,0.912449759014768,0.8425730664393369,0.2560539209682305,0.9739306032671105,3.127396083647338,0.7886268615722656,-3.552814928973617,3.1505575552884586e-06
S2_C1_oldman,blk00_pos_d0.300,1234567,2.799999952316284,1.851136326789856,0.6611201279694715,0.03707809448242187,99.38445807770961,489,3.740108013153076,4.0375542640686035,0.6092,0.8491131079245043,10.530137952238839,32.69355392456055,1,19.0,6.248390213935829,0.9681581674625065,0.8406359460829255,0.25442719998767055,0.9726551656730895,3.1250256107176604,0.7879379272460938,-3.5361034674599097,3.4548628733517563e-06
S2_C1_oldman,blk02_neg_d0.350,3141592,4.0,1.895451307296753,0.47386282682418823,0.06329727172851562,86.51199165797706,959,3.7699246406555176,4.067266464233398,0.5185,0.8966000779190384,12.011965336739946,29.047500610351562,1,20.0,5.322764517310329,1.8348190536052473,0.7752707491602395,0.1929278884752002,0.9520972008964736,3.1994649394083488,0.8210433959960938,-3.5785451555555965,4.786739085985482e-06
S2_C1_oldman,blk02_neg_d0.350,1234567,4.0,2.0680859088897705,0.5170214772224426,0.061737060546875,81.49043303121853,993,3.704010248184204,4.062681198120117,0.5503,0.8805485945941021,11.489103940125828,31.552692413330078,1,19.0,5.911379392596079,2.107333399334532,0.7856579878599115,0.20322623012285462,0.9504034778567102,3.1863695898564193,0.817816162109375,-3.5646761336202393,5.470677526045056e-06
S2_C1_oldman,blk02_pos_d0.350,3141592,4.0,2.0000431537628174,0.5000107884407043,0.06018218994140625,82.25443169968717,959,3.6468303203582764,4.043820858001709,0.5040499999999999,0.9025427476834486,12.21152091668631,27.562091827392578,1,18.0,6.237977448170421,2.161646131848198,0.7907976904127213,0.2033521581408425,0.9488355511232092,3.18527584552388,0.8121345520019531,-3.5250688906173937,5.830078144244528e-06
S2_C1_oldman,blk02_pos_d0.350,1234567,4.0,2.029909372329712,0.507477343082428,0.05826568603515625,89.74148061104583,851,3.651233673095703,4.042106628417969,0.59015,0.8813086552309468,11.51334086599409,28.28858184814453,2,19.0,6.544163843875438,1.9624173347493261,0.7984145520020695,0.214593194949226,0.9526235387604179,3.175764731590548,0.8084709167480469,-3.5431421437111497,5.656675442493345e-06
S2_C1_oldman,blk05_neg_d0.350,3141592,4.0,2.0808708667755127,0.5202177166938782,0.068023681640625,78.2791922739245,1139,3.716571569442749,4.060831069946289,0.5464,0.8975244620239359,12.042790731372545,26.918811798095703,2,19.0,6.430443724651969,2.2480691436907896,0.7687927466077077,0.1882564841518788,0.9465475330869129,3.1966458848363493,0.8258285522460938,-3.58583902574687,5.251864060802326e-06
S2_C1_oldman,blk05_neg_d0.350,1234567,4.0,2.152752161026001,0.5381880402565002,0.06813201904296876,81.4056517775752,1097,3.70003080368042,4.0520219802856445,0.5633,0.8865908136879879,11.683197415600803,28.095426559448242,1,19.0,5.979790080237409,2.34095297368396,0.7769839653653906,0.19614331245592326,0.9458383806333117,3.1897524890931495,0.8178596496582031,-3.511644375024296,6.336068956482327e-06
S2_C1_oldman,blk05_pos_d0.350,3141592,4.0,2.098736524581909,0.5246841311454773,0.056732177734375,113.35365853658537,656,3.645139455795288,4.008213043212891,0.6218499999999999,0.8573933884355018,10.77468325531457,37.365570068359375,1,18.0,6.1841120162316034,1.979893835719653,0.8091653211180512,0.2268635930550032,0.9571166937738961,3.14163325345534,0.8207015991210938,-3.530666027084721,5.832634997907062e-06
S2_C1_oldman,blk05_pos_d0.350,1234567,4.0,2.015599250793457,0.5038998126983643,0.053090667724609374,101.29112081513829,687,3.661985158920288,4.0097336769104,0.6611499999999999,0.8382212461553463,10.216895523768546,36.115814208984375,1,18.0,6.2767178119948195,1.9877986632479694,0.8174944344782172,0.23966397618724228,0.9601677015444092,3.124807156848817,0.8198356628417969,-3.5797610668184325,5.406062567750458e-06
S2_C1_oldman,blk08_neg_d0.350,3141592,4.0,2.0954604148864746,0.5238651037216187,0.0635955810546875,85.40573770491804,976,3.762362241744995,4.058907508850098,0.52805,0.893939528510276,11.923683771320182,29.76959991455078,1,19.0,6.239008995312689,2.0413085345210886,0.7914252542403988,0.2055020755018025,0.9528702075693027,3.180436983241652,0.8178390502929687,-3.4747220962886334,6.252507803053002e-06
S2_C1_oldman,blk08_neg_d0.350,1234567,4.0,2.16662335395813,0.5416558384895325,0.056055450439453126,89.27460510328068,823,3.719902276992798,4.045531272888184,0.5415,0.8979274326598992,12.05625332162579,32.440406799316406,2,18.0,6.416915123784304,2.1772708325513515,0.8117647031664543,0.2252903501296365,0.9559302904358504,3.152757080641144,0.8074478149414063,-3.4980650782297613,6.550380241720747e-06
S2_C1_oldman,blk08_pos_d0.350,3141592,4.0,1.997870922088623,0.49946773052215576,0.05340728759765625,120.07204116638079,583,3.6003551483154297,4.037529945373535,0.5837,0.8683145060460329,11.105927855669671,25.475048065185547,1,19.0,6.411462939449421,1.6264036831259578,0.8138986291891581,0.2195267522144232,0.9601241694392384,3.1549796612206875,0.817901611328125,-3.54283415700506,4.921295767927607e-06
S2_C1_oldman,blk08_pos_d0.350,1234567,4.0,2.0357306003570557,0.5089326500892639,0.05437545776367188,103.74235807860262,687,3.589996576309204,4.022302627563477,0.5804,0.8662971286136149,11.043981830811646,27.31482696533203,1,19.0,6.089055831608631,1.6690730678507162,0.8084233368305305,0.21592547425005376,0.9597760168148545,3.1525855339740576,0.8202957153320313,-3.5935092768955377,4.462459585966284e-06
S2_C1_oldman,blk09_neg_d0.350,3141592,4.0,2.0623650550842285,0.5155912637710571,0.04982452392578125,116.82647584973166,559,3.6493659019470215,4.028438091278076,0.656,0.8399801251382102,10.266841412491182,34.7313117980957,1,17.0,6.755126766813858,1.6587065167407877,0.8341549319724593,0.2292032239476415,0.9584861784624747,3.1199814706457873,0.8111167907714844,-3.527013435026679,5.0542763259964475e-06
S2_C1_oldman,blk09_neg_d0.350,1234567,4.0,2.14679217338562,0.536698043346405,0.04732437133789062,110.37188612099644,562,3.5756967067718506,3.972052812576294,0.64185,0.8471276178149765,10.472329358418234,39.613704681396484,2,17.0,6.910694076801831,1.6036082244522278,0.8411003569934905,0.23900938511381065,0.9632113078763356,3.085672585969136,0.8170783996582031,-3.558245278624985,4.903984663530151e-06
S2_C1_oldman,blk09_pos_d0.350,3141592,4.0,1.9416654109954834,0.48541635274887085,0.07237472534179687,81.84900776531492,1159,3.625007390975952,4.024672031402588,0.50505,0.9119395129307982,12.533852815534654,30.100210189819336,1,20.0,6.161340344050221,2.491592397580297,0.7648536827641037,0.19213432331259353,0.9332405058796476,3.181873944917063,0.8371437072753906,-3.483920450902188,7.440173809449299e-06
S2_C1_oldman,blk09_pos_d0.350,1234567,4.0,1.941238522529602,0.4853096306324005,0.07319183349609375,80.4140821458508,1193,3.6305785179138184,4.03983211517334,0.5195,0.9012530178219859,12.167931836768355,29.772268295288086,1,21.0,5.793165985956884,2.560345741080457,0.7581231436984774,0.17637650313316494,0.9374681446391169,3.189610861644253,0.8349334716796875,-3.486294168996249,7.346118503739192e-06
S2_C1_oldman,blk12_neg_d0.350,3141592,4.0,1.946973443031311,0.48674336075782776,0.06191253662109375,85.33123028391167,951,3.7330105304718018,4.0499958992004395,0.5999,0.8655326179358664,11.020596986043335,28.904699325561523,1,19.0,5.921019930495355,1.9293331447805886,0.7841535516530778,0.19973683109853857,0.94806012269346,3.189039894451236,0.8216934204101562,-3.547621141349621,5.20058303588611e-06
S2_C1_oldman,blk12_neg_d0.350,1234567,4.0,1.9732977151870728,0.4933244287967682,0.070562744140625,84.6184812442818,1093,3.6882741451263428,4.049720287322998,0.5338,0.9015552360104266,12.178131945111117,29.817415237426758,1,20.0,6.020369379410572,2.1446504282190393,0.779283980216425,0.2056986705101279,0.9472936418742532,3.1806816030204264,0.8230316162109376,-3.5436302869720175,5.596023467528636e-06
S2_C1_oldman,blk12_pos_d0.350,3141592,4.0,1.960442066192627,0.49011051654815674,0.051792144775390625,89.20499342969777,761,3.693516969680786,4.045044898986816,0.5905,0.8774703906787569,11.391466349994863,37.56523895263672,2,20.0,6.183357213136918,1.896744233963913,0.802313129837156,0.20273041686990698,0.9616728098314498,3.170935450111702,0.8080955505371094,-3.241877583463597,1.1396978804498064e-05
S2_C1_oldman,blk12_pos_d0.350,1234567,4.0,2.175222635269165,0.5438056588172913,0.05267486572265625,83.8906439854192,823,3.6168596744537354,4.0239481925964355,0.60845,0.8703065856734566,11.167438021497333,40.39727783203125,1,20.0,6.2412283140411375,2.077697158573182,0.8050164034876448,0.20807549787509153,0.9612368489313009,3.1569998415320595,0.817548370361328,-3.2790530190908154,1.0983693367115281e-05
S2_C1_oldman,blk13_neg_d0.350,3141592,4.0,2.0776896476745605,0.5194224119186401,0.0675506591796875,95.40948275862068,928,3.6676080226898193,4.037002086639404,0.54805,0.8919915002750006,11.859456592309282,30.591508865356445,1,19.0,6.0270131576485175,2.1333370374077045,0.7740379791376005,0.1870243748309159,0.9547887809230965,3.188218130902319,0.8219482421875,-3.601908616099199,4.58333365057078e-06
S2_C1_oldman,blk13_neg_d0.350,1234567,4.0,2.2218024730682373,0.5554506182670593,0.06592483520507812,95.58517699115045,904,3.665168046951294,4.044317722320557,0.5592999999999999,0.8970221722667872,12.026031096973796,31.22846221923828,2,19.0,6.483663044804538,2.175634638222049,0.7799951895885207,0.1917396034331893,0.9538829794056227,3.1868818878316034,0.8184822082519532,-3.6001819168740647,4.845754583923607e-06
S2_C1_oldman,blk13_pos_d0.350,3141592,4.0,2.021125078201294,0.5052812695503235,0.053243255615234374,89.47051282051282,780,3.5855274200439453,4.022087574005127,0.56505,0.8827432842259033,11.559227947640764,38.069339752197266,1,19.0,6.701782527861869,2.1621303210063685,0.8117614446179695,0.21536179553673102,0.9438132989468091,3.1368993837371337,0.8158241271972657,-3.3448573686606102,9.470335294247183e-06
S2_C1_oldman,blk13_pos_d0.350,1234567,4.0,2.111708641052246,0.5279271602630615,0.0486083984375,88.61196105702365,719,3.6036171913146973,4.026358127593994,0.61875,0.8612997177576718,10.892014258854125,40.85821533203125,1,19.0,6.762979843083998,2.148785636564599,0.8240371053466922,0.23027111484457394,0.9456819775088441,3.1222054904987067,0.8164459228515625,-3.3528052635347856,1.0232941262600343e-05
S2_C1_oldman,blk15_neg_d0.350,3141592,4.0,1.8345983028411865,0.45864957571029663,0.06460800170898437,82.77908113391985,1023,3.708106279373169,4.061142921447754,0.49360000000000004,0.9136526698522084,12.593528721312941,25.453418731689453,1,20.0,5.49939941112757,1.9150531610135824,0.7742433551725313,0.19825852048134687,0.9481299149353313,3.188480520896815,0.8334976196289063,-3.6649521595635144,3.93187261996539e-06
S2_C1_oldman,blk15_neg_d0.350,1234567,4.0,1.9590932130813599,0.48977330327033997,0.06305160522460937,80.0029041626331,1033,3.7213752269744873,4.061770915985107,0.5094000000000001,0.9116187153068004,12.522709663376979,26.944971084594727,1,20.0,5.8698462099957265,1.897284533448589,0.7780602968369388,0.1965602528865636,0.9507937384257006,3.191883738017764,0.8304351806640626,-3.5932193956581586,4.661729006866278e-06
S2_C1_oldman,blk15_pos_d0.350,3141592,4.0,2.009704351425171,0.5024260878562927,0.04817123413085937,95.37613293051359,662,3.5077311992645264,3.9942545890808105,0.58165,0.8641953499394708,10.9798116394176,37.4220085144043,1,20.0,6.7784218103254394,2.147745757675718,0.826967396169628,0.2155895384131466,0.954416958621043,3.1015701193318224,0.8050743103027344,-3.060827116124433,1.7696947048280805e-05
S2_C1_oldman,blk15_pos_d0.350,1234567,4.0,2.074775218963623,0.5186938047409058,0.04992752075195313,102.73312401883831,637,3.4832701683044434,3.987873077392578,0.57975,0.8734701286232548,11.26582072964263,37.81595993041992,1,18.0,7.0598026433025725,1.8335582551592204,0.8252539496147833,0.21277568638314526,0.9641117017373774,3.110334163818563,0.8250732421875,-3.4367178818776476,6.885518792903229e-06
S2_C1_oldman,blk17_neg_d0.350,3141592,4.0,2.045701503753662,0.5114253759384155,0.05701141357421875,93.0585305105853,803,3.6749966144561768,4.0294270515441895,0.6006,0.8687571692731106,11.119566785127763,33.94434356689453,1,18.0,6.3840386880541296,1.9119348766453423,0.8151826963386959,0.2229947131053853,0.959163371196212,3.14357885945067,0.7959060668945314,-3.340689738471833,8.653743645701956e-06
S2_C1_oldman,blk17_neg_d0.350,1234567,4.0,2.0650856494903564,0.5162714123725891,0.05659942626953125,94.625,784,3.6342945098876953,4.006669521331787,0.6323,0.8577838594793562,10.786354412175454,35.74878692626953,1,18.0,6.7569949479375815,2.103140088655816,0.8170928671251754,0.22688463327854186,0.9602496121349828,3.1354597742537167,0.7994598388671875,-3.4242363443496036,7.573946050437496e-06
S2_C1_oldman,blk17_pos_d0.350,3141592,4.0,1.965869426727295,0.49146735668182373,0.06972427368164062,76.41220735785953,1196,3.577955484390259,4.057554721832275,0.5186999999999999,0.9016750901567097,12.182179486996638,27.888187408447266,2,20.0,6.249932113144509,2.4108963991375454,0.7602233280428905,0.17671202074914139,0.956106205023296,3.185484129681587,0.8456985473632812,-3.5900084851483585,4.872841983686635e-06
S2_C1_oldman,blk17_pos_d0.350,1234567,4.0,2.0156445503234863,0.5039111375808716,0.07235336303710938,80.71063829787234,1175,3.5270566940307617,4.06151008605957,0.57255,0.8893615253339965,11.773293869979174,30.0777645111084,1,19.0,6.411319180098149,2.5328013532660436,0.7585722690135503,0.17629805918103209,0.9564127606667694,3.177940211576644,0.851910400390625,-3.5645476843847357,5.488220220981574e-06
S2_C1_oldman,blk19_neg_d0.350,3141592,4.0,1.92471182346344,0.48117795586586,0.0640838623046875,88.13850996852047,953,3.7188098430633545,4.0562849044799805,0.5198,0.8937122757506454,11.916173281616263,27.326854705810547,1,20.0,5.905965757168289,1.926329595681066,0.7780066008772709,0.19474004520166988,0.9492055335092922,3.189239148157216,0.8193222045898438,-3.6325084955002573,4.0775389750124835e-06
S2_C1_oldman,blk19_neg_d0.350,1234567,4.0,1.9999253749847412,0.4999813437461853,0.056676483154296874,82.5411111111111,900,3.7093939781188965,4.049900531768799,0.5885,0.8797618741381872,11.46407061807003,28.543731689453125,2,19.0,6.185059375863554,1.8034826859157551,0.8023284058926505,0.2147110972924933,0.9571509154986,3.17098393465982,0.8132873535156251,-3.5442753215982843,4.925399927723664e-06
S2_C1_oldman,blk19_pos_d0.350,3141592,4.0,1.9740264415740967,0.49350661039352417,0.043035125732421874,67.796875,832,3.7791833877563477,4.083209991455078,0.6067,0.8703354788154871,11.168332667387473,37.004825592041016,2,22.0,5.963353389937268,1.7420063652840394,0.8111762351343879,0.24200913208512903,0.9603792622519555,3.182714827328324,0.8186035156249999,-3.4498214973278825,6.158198089209772e-06
S2_C1_oldman,blk19_pos_d0.350,1234567,2.799999952316284,1.9076201915740967,0.681292937164527,0.04444427490234375,61.12696747114376,953,3.8033337593078613,4.0720534324646,0.6128499999999999,0.8585355090071154,10.808856776093917,38.83540725708008,1,22.0,5.902572117219601,1.4092785958373093,0.8127018851728112,0.2726005434406826,0.966637818313909,3.1709275458378694,0.8182891845703125,-3.431342780934536,5.568249673241951e-06
S2_C1_oldman,blk23_neg_d0.350,3141592,4.0,2.1219284534454346,0.5304821133613586,0.07373123168945313,97.51866801210898,991,3.6502809524536133,4.023608207702637,0.5598,0.8905068173554648,11.810738486658686,35.86405944824219,1,19.0,6.507203631780298,2.6742861063609618,0.7718409322677509,0.19222326687588143,0.9452573726492738,3.177657902543875,0.8284072875976561,-3.5511823502696536,6.195489730133186e-06
S2_C1_oldman,blk23_neg_d0.350,1234567,4.0,2.164235830307007,0.5410589575767517,0.06737823486328125,92.18580375782881,958,3.5869405269622803,3.9966025352478027,0.5670999999999999,0.884559519800159,11.61758326025767,40.19408416748047,2,18.0,6.830152878566439,2.616268623948513,0.7926958451064068,0.20775225145509899,0.9502242874278256,3.1417524357420787,0.8255599975585938,-3.5302826394128797,6.795352581027225e-06
S2_C1_oldman,blk23_pos_d0.350,3141592,2.799999952316284,1.7436251640319824,0.6227232834734795,0.04169158935546875,75.37379310344828,725,3.837273597717285,4.104541301727295,0.5265,0.8928378724540335,11.887319169713297,19.911548614501953,1,21.0,5.4133480332689485,1.2962650145260195,0.7985250579475938,0.2125153087252318,0.9630536702228892,3.21201583301254,0.8073165893554688,-3.6979305616094056,2.917042538074491e-06
S2_C1_oldman,blk23_pos_d0.350,1234567,4.0,1.8863590955734253,0.4715897738933563,0.045108795166015625,85.4407514450867,692,3.806319236755371,4.098708629608154,0.548,0.8949784494042266,11.958079461258823,20.844406127929688,1,21.0,6.052651042036386,1.4243499794797492,0.8019983180789245,0.22188202403598464,0.9623998652040446,3.1997372599375025,0.8010955810546876,-3.7017625155598797,3.277083817837559e-06
S2_C1_oldman,blk27_neg_d0.075,3141592,2.799999952316284,1.8576226234436035,0.6634366625281174,0.04469146728515625,89.70597243491578,653,3.722637176513672,4.061872482299805,0.5708,0.8710231231172956,11.189646017124653,32.234825134277344,1,20.0,5.908532934781585,1.2503928082915325,0.8075357809137302,0.2134691806890217,0.9704987550623974,3.1675489121609806,0.7841140747070312,-3.597101171121722,3.823160754202387e-06
S2_C1_oldman,blk27_neg_d0.075,1234567,4.0,1.967253565788269,0.49181339144706726,0.043264007568359374,84.38541666666667,672,3.6717171669006348,4.036886215209961,0.6274500000000001,0.8543373216651103,10.683772730120408,36.491695404052734,2,19.0,6.249787675538415,1.41207129651577,0.8249884320350356,0.2414829663226426,0.9698469589863621,3.1360427928218484,0.7872589111328125,-3.587139389864698,4.552076370943254e-06
S2_C1_oldman,blk27_pos_d0.100,3141592,4.0,2.072160005569458,0.5180400013923645,0.10576095581054687,67.42363813229572,2056,3.811272144317627,4.062139511108398,0.46004999999999996,0.9311046050787315,13.217875622094049,26.56063461303711,2,22.0,4.477179051330832,4.093367508356417,0.6890697469871243,0.15474215077052675,0.9033367944545836,2.8841097123133532,0.9387344360351563,-3.55780810264602,7.5084920475909595e-06
S2_C1_oldman,blk27_pos_d0.100,1234567,4.0,2.200559616088867,0.5501399040222168,0.10187759399414062,72.33640303358614,1846,3.7948007583618164,4.0591349601745605,0.5285000000000001,0.9037390945468403,12.25209351273279,28.96741485595703,1,22.0,4.985411069218135,4.111202624941265,0.7025144432710725,0.16195080161746866,0.9045477687428782,2.9056237504893705,0.9362113952636719,-3.5186592900456914,8.41115745961715e-06
