row,prompt_id,family,subject,seed,cond,vectors_override,prompt_text,sampler,scheduler,steps,cfg,denoise,width,height,output_prefix,expected_filename
0,REPRO_C3_fox,,fox,2718281,baseline,,"Cartoon style illustration. a red fox sitting in fresh snow at the edge of a birch forest, facing the viewer, bushy tail curled around its paws, clear winter morning light.",euler_ancestral,simple,9,1.0,1.0,1024,1280,REPRO_C3_fox_baseline_krea2_seed2718281,REPRO_C3_fox_baseline_krea2_seed2718281_00001_.png
1,F1cartoon_blacksmith,F1cartoon,blacksmith,5772156,baseline,,"Cartoon style illustration. medium wide shot, static centred composition, eye-level camera, subject centred and filling the middle third of the frame. A blacksmith woman stands behind a heavy oak workbench, facing the viewer, both hands resting flat on the wood. She has coarse dark curls tied back, weathered brown skin, a leather apron over a coarse linen shirt, and a polished steel gauntlet on her left forearm. On the bench lie a hammered copper bowl, a coil of frayed rope, and three rough granite offcuts. Behind her on the left a forge fire glows with a warm orange to deep red gradient, and thin smoke rises against a flat dark stone wall on the right. Cold blue window light falls from the upper left across the steel.",euler_ancestral,simple,9,1.0,1.0,1024,1280,F1cartoon_blacksmith_baseline_krea2_seed5772156,F1cartoon_blacksmith_baseline_krea2_seed5772156_00001_.png
2,F1cartoon_blacksmith,F1cartoon,blacksmith,5772156,blk16_pos_d0.300,"0.000,0.000,0.000,0.000,0.000,0.000,0.000,0.000,0.000,0.000,0.000,0.000,0.000,0.000,0.000,0.000,0.300,0.000,0.000,0.000,0.000,0.000,0.000,0.000,0.000,0.000,0.000,0.000,0.000,0.000,0.000,0.000,0.000,0.000","Cartoon style illustration. medium wide shot, static centred composition, eye-level camera, subject centred and filling the middle third of the frame. A blacksmith woman stands behind a heavy oak workbench, facing the viewer, both hands resting flat on the wood. She has coarse dark curls tied back, weathered brown skin, a leather apron over a coarse linen shirt, and a polished steel gauntlet on her left forearm. On the bench lie a hammered copper bowl, a coil of frayed rope, and three rough granite offcuts. Behind her on the left a forge fire glows with a warm orange to deep red gradient, and thin smoke rises against a flat dark stone wall on the right. Cold blue window light falls from the upper left across the steel.",euler_ancestral,simple,9,1.0,1.0,1024,1280,F1cartoon_blacksmith_blk16_pos_d0.300_krea2_seed5772156,F1cartoon_blacksmith_blk16_pos_d0.300_krea2_seed5772156_00001_.png
3,F1cartoon_blacksmith,F1cartoon,blacksmith,5772156,blk20_pos_d0.450,"0.000,0.000,0.000,0.000,0.000,0.000,0.000,0.000,0.000,0.000,0.000,0.000,0.000,0.000,0.000,0.000,0.000,0.000,0.000,0.000,0.450,0.000,0.000,0.000,0.000,0.000,0.000,0.000,0.000,0.000,0.000,0.000,0.000,0.000","Cartoon style illustration. medium wide shot, static centred composition, eye-level camera, subject centred and filling the middle third of the frame. A blacksmith woman stands behind a heavy oak workbench, facing the viewer, both hands resting flat on the wood. She has coarse dark curls tied back, weathered brown skin, a leather apron over a coarse linen shirt, and a polished steel gauntlet on her left forearm. On the bench lie a hammered copper bowl, a coil of frayed rope, and three rough granite offcuts. Behind her on the left a forge fire glows with a warm orange to deep red gradient, and thin smoke rises against a flat dark stone wall on the right. Cold blue window light falls from the upper left across the steel.",euler_ancestral,simple,9,1.0,1.0,1024,1280,F1cartoon_blacksmith_blk20_pos_d0.450_krea2_seed5772156,F1cartoon_blacksmith_blk20_pos_d0.450_krea2_seed5772156_00001_.png
4,F1cartoon_blacksmith,F1cartoon,blacksmith,5772156,blk23_neg_d0.300,"0.000,0.000,0.000,0.000,0.000,0.000,0.000,0.000,0.000,0.000,0.000,0.000,0.000,0.000,0.000,0.000,0.000,0.000,0.000,0.000,0.000,0.000,0.000,-0.300,0.000,0.000,0.000,0.000,0.000,0.000,0.000,0.000,0.000,0.000","Cartoon style illustration. medium wide shot, static centred composition, eye-level camera, subject centred and filling the middle third of the frame. A blacksmith woman stands behind a heavy oak workbench, facing the viewer, both hands resting flat on the wood. She has coarse dark curls tied back, weathered brown skin, a leather apron over a coarse linen shirt, and a polished steel gauntlet on her left forearm. On the bench lie a hammered copper bowl, a coil of frayed rope, and three rough granite offcuts. Behind her on the left a forge fire glows with a warm orange to deep red gradient, and thin smoke rises against a flat dark stone wall on the right. Cold blue window light falls from the upper left across the steel.",euler_ancestral,simple,9,1.0,1.0,1024,1280,F1cartoon_blacksmith_blk23_neg_d0.300_krea2_seed5772156,F1cartoon_blacksmith_blk23_neg_d0.300_krea2_seed5772156_00001_.png
5,F1cartoon_blacksmith,F1cartoon,blacksmith,5772156,blk26_pos_d0.150,"0.000,0.000,0.000,0.000,0.000,0.000,0.000,0.000,0.000,0.000,0.000,0.000,0.000,0.000,0.000,0.000,0.000,0.000,0.000,0.000,0.000,0.000,0.000,0.000,0.000,0.000,0.150,0.000,0.000,0.000,0.000,0.000,0.000,0.000","Cartoon style illustration. medium wide shot, static centred composition, eye-level camera, subject centred and filling the middle third of the frame. A blacksmith woman stands behind a heavy oak workbench, facing the viewer, both hands resting flat on the wood. She has coarse dark curls tied back, weathered brown skin, a leather apron over a coarse linen shirt, and a polished steel gauntlet on her left forearm. On the bench lie a hammered copper bowl, a coil of frayed rope, and three rough granite offcuts. Behind her on the left a forge fire glows with a warm orange to deep red gradient, and thin smoke rises against a flat dark stone wall on the right. Cold blue window light falls from the upper left across the steel.",euler_ancestral,simple,9,1.0,1.0,1024,1280,F1cartoon_blacksmith_blk26_pos_d0.150_krea2_seed5772156,F1cartoon_blacksmith_blk26_pos_d0.150_krea2_seed5772156_00001_.png
6,F1cartoon_blacksmith,F1cartoon,blacksmith,5772156,blk27_neg_d0.250,"0.000,0.000,0.000,0.000,0.000,0.000,0.000,0.000,0.000,0.000,0.000,0.000,0.000,0.000,0.000,0.000,0.000,0.000,0.000,0.000,0.000,0.000,0.000,0.000,0.000,0.000,0.000,-0.250,0.000,0.000,0.000,0.000,0.000,0.000","Cartoon style illustration. medium wide shot, static centred composition, eye-level camera, subject centred and filling the middle third of the frame. A blacksmith woman stands behind a heavy oak workbench, facing the viewer, both hands resting flat on the wood. She has coarse dark curls tied back, weathered brown skin, a leather apron over a coarse linen shirt, and a polished steel gauntlet on her left forearm. On the bench lie a hammered copper bowl, a coil of frayed rope, and three rough granite offcuts. Behind her on the left a forge fire glows with a warm orange to deep red gradient, and thin smoke rises against a flat dark stone wall on the right. Cold blue window light falls from the upper left across the steel.",euler_ancestral,simple,9,1.0,1.0,1024,1280,F1cartoon_blacksmith_blk27_neg_d0.250_krea2_seed5772156,F1cartoon_blacksmith_blk27_neg_d0.250_krea2_seed5772156_00001_.png
7,F1cartoon_blacksmith,F1cartoon,blacksmith,5772156,blk09_pos_d0.450,"0.000,0.000,0.000,0.000,0.000,0.000,0.000,0.000,0.000,0.450,0.000,0.000,0.000,0.000,0.000,0.000,0.000,0.000,0.000,0.000,0.000,0.000,0.000,0.000,0.000,0.000,0.000,0.000,0.000,0.000,0.000,0.000,0.000,0.000","Cartoon style illustration. medium wide shot, static centred composition, eye-level camera, subject centred and filling the middle third of the frame. A blacksmith woman stands behind a heavy oak workbench, facing the viewer, both hands resting flat on the wood. She has coarse dark curls tied back, weathered brown skin, a leather apron over a coarse linen shirt, and a polished steel gauntlet on her left forearm. On the bench lie a hammered copper bowl, a coil of frayed rope, and three rough granite offcuts. Behind her on the left a forge fire glows with a warm orange to deep red gradient, and thin smoke rises against a flat dark stone wall on the right. Cold blue window light falls from the upper left across the steel.",euler_ancestral,simple,9,1.0,1.0,1024,1280,F1cartoon_blacksmith_blk09_pos_d0.450_krea2_seed5772156,F1cartoon_blacksmith_blk09_pos_d0.450_krea2_seed5772156_00001_.png
8,F1cartoon_blacksmith,F1cartoon,blacksmith,5772156,combo,"0.000,0.000,0.000,0.000,0.000,0.000,0.000,0.000,0.000,0.000,0.000,0.000,0.000,0.000,0.000,0.000,0.200,0.000,0.000,0.000,0.300,0.000,0.000,-0.200,0.000,0.000,0.000,-0.100,0.000,0.000,0.000,0.000,0.000,0.000","Cartoon style illustration. medium wide shot, static centred composition, eye-level camera, subject centred and filling the middle third of the frame. A blacksmith woman stands behind a heavy oak workbench, facing the viewer, both hands resting flat on the wood. She has coarse dark curls tied back, weathered brown skin, a leather apron over a coarse linen shirt, and a polished steel gauntlet on her left forearm. On the bench lie a hammered copper bowl, a coil of frayed rope, and three rough granite offcuts. Behind her on the left a forge fire glows with a warm orange to deep red gradient, and thin smoke rises against a flat dark stone wall on the right. Cold blue window light falls from the upper left across the steel.",euler_ancestral,simple,9,1.0,1.0,1024,1280,F1cartoon_blacksmith_combo_krea2_seed5772156,F1cartoon_blacksmith_combo_krea2_seed5772156_00001_.png
9,F1cartoon_blacksmith,F1cartoon,blacksmith,5772156,blk03_pos_d0.400,"0.000,0.000,0.000,0.400,0.000,0.000,0.000,0.000,0.000,0.000,0.000,0.000,0.000,0.000,0.000,0.000,0.000,0.000,0.000,0.000,0.000,0.000,0.000,0.000,0.000,0.000,0.000,0.000,0.000,0.000,0.000,0.000,0.000,0.000","Cartoon style illustration. medium wide shot, static centred composition, eye-level camera, subject centred and filling the middle third of the frame. A blacksmith woman stands behind a heavy oak workbench, facing the viewer, both hands resting flat on the wood. She has coarse dark curls tied back, weathered brown skin, a leather apron over a coarse linen shirt, and a polished steel gauntlet on her left forearm. On the bench lie a hammered copper bowl, a coil of frayed rope, and three rough granite offcuts. Behind her on the left a forge fire glows with a warm orange to deep red gradient, and thin smoke rises against a flat dark stone wall on the right. Cold blue window light falls from the upper left across the steel.",euler_ancestral,simple,9,1.0,1.0,1024,1280,F1cartoon_blacksmith_blk03_pos_d0.400_krea2_seed5772156,F1cartoon_blacksmith_blk03_pos_d0.400_krea2_seed5772156_00001_.png
10,F1cartoon_blacksmith,F1cartoon,blacksmith,5772156,blk06_pos_d0.450,"0.000,0.000,0.000,0.000,0.000,0.000,0.450,0.000,0.000,0.000,0.000,0.000,0.000,0.000,0.000,0.000,0.000,0.000,0.000,0.000,0.000,0.000,0.000,0.000,0.000,0.000,0.000,0.000,0.000,0.000,0.000,0.000,0.000,0.000","Cartoon style illustration. medium wide shot, static centred composition, eye-level camera, subject centred and filling the middle third of the frame. A blacksmith woman stands behind a heavy oak workbench, facing the viewer, both hands resting flat on the wood. She has coarse dark curls tied back, weathered brown skin, a leather apron over a coarse linen shirt, and a polished steel gauntlet on her left forearm. On the bench lie a hammered copper bowl, a coil of frayed rope, and three rough granite offcuts. Behind her on the left a forge fire glows with a warm orange to deep red gradient, and thin smoke rises against a flat dark stone wall on the right. Cold blue window light falls from the upper left across the steel.",euler_ancestral,simple,9,1.0,1.0,1024,1280,F1cartoon_blacksmith_blk06_pos_d0.450_krea2_seed5772156,F1cartoon_blacksmith_blk06_pos_d0.450_krea2_seed5772156_00001_.png
11,F1cartoon_blacksmith,F1cartoon,blacksmith,5772156,blk13_neg_d0.450,"0.000,0.000,0.000,0.000,0.000,0.000,0.000,0.000,0.000,0.000,0.000,0.000,0.000,-0.450,0.000,0.000,0.000,0.000,0.000,0.000,0.000,0.000,0.000,0.000,0.000,0.000,0.000,0.000,0.000,0.000,0.000,0.000,0.000,0.000","Cartoon style illustration. medium wide shot, static centred composition, eye-level camera, subject centred and filling the middle third of the frame. A blacksmith woman stands behind a heavy oak workbench, facing the viewer, both hands resting flat on the wood. She has coarse dark curls tied back, weathered brown skin, a leather apron over a coarse linen shirt, and a polished steel gauntlet on her left forearm. On the bench lie a hammered copper bowl, a coil of frayed rope, and three rough granite offcuts. Behind her on the left a forge fire glows with a warm orange to deep red gradient, and thin smoke rises against a flat dark stone wall on the right. Cold blue window light falls from the upper left across the steel.",euler_ancestral,simple,9,1.0,1.0,1024,1280,F1cartoon_blacksmith_blk13_neg_d0.450_krea2_seed5772156,F1cartoon_blacksmith_blk13_neg_d0.450_krea2_seed5772156_00001_.png
12,F1cartoon_blacksmith,F1cartoon,blacksmith,5772156,blk17_pos_d0.400,"0.000,0.000,0.000,0.000,0.000,0.000,0.000,0.000,0.000,0.000,0.000,0.000,0.000,0.000,0.000,0.000,0.000,0.400,0.000,0.000,0.000,0.000,0.000,0.000,0.000,0.000,0.000,0.000,0.000,0.000,0.000,0.000,0.000,0.000","Cartoon style illustration. medium wide shot, static centred composition, eye-level camera, subject centred and filling the middle third of the frame. A blacksmith woman stands behind a heavy oak workbench, facing the viewer, both hands resting flat on the wood. She has coarse dark curls tied back, weathered brown skin, a leather apron over a coarse linen shirt, and a polished steel gauntlet on her left forearm. On the bench lie a hammered copper bowl, a coil of frayed rope, and three rough granite offcuts. Behind her on the left a forge fire glows with a warm orange to deep red gradient, and thin smoke rises against a flat dark stone wall on the right. Cold blue window light falls from the upper left across the steel.",euler_ancestral,simple,9,1.0,1.0,1024,1280,F1cartoon_blacksmith_blk17_pos_d0.400_krea2_seed5772156,F1cartoon_blacksmith_blk17_pos_d0.400_krea2_seed5772156_00001_.png
13,F1cartoon_blacksmith,F1cartoon,blacksmith,1414213,baseline,,"Cartoon style illustration. medium wide shot, static centred composition, eye-level camera, subject centred and filling the middle third of the frame. A blacksmith woman stands behind a heavy oak workbench, facing the viewer, both hands resting flat on the wood. She has coarse dark curls tied back, weathered brown skin, a leather apron over a coarse linen shirt, and a polished steel gauntlet on her left forearm. On the bench lie a hammered copper bowl, a coil of frayed rope, and three rough granite offcuts. Behind her on the left a forge fire glows with a warm orange to deep red gradient, and thin smoke rises against a flat dark stone wall on the right. Cold blue window light falls from the upper left across the steel.",euler_ancestral,simple,9,1.0,1.0,1024,1280,F1cartoon_blacksmith_baseline_krea2_seed1414213,F1cartoon_blacksmith_baseline_krea2_seed1414213_00001_.png
14,F1cartoon_blacksmith,F1cartoon,blacksmith,1414213,blk16_pos_d0.300,"0.000,0.000,0.000,0.000,0.000,0.000,0.000,0.000,0.000,0.000,0.000,0.000,0.000,0.000,0.000,0.000,0.300,0.000,0.000,0.000,0.000,0.000,0.000,0.000,0.000,0.000,0.000,0.000,0.000,0.000,0.000,0.000,0.000,0.000","Cartoon style illustration. medium wide shot, static centred composition, eye-level camera, subject centred and filling the middle third of the frame. A blacksmith woman stands behind a heavy oak workbench, facing the viewer, both hands resting flat on the wood. She has coarse dark curls tied back, weathered brown skin, a leather apron over a coarse linen shirt, and a polished steel gauntlet on her left forearm. On the bench lie a hammered copper bowl, a coil of frayed rope, and three rough granite offcuts. Behind her on the left a forge fire glows with a warm orange to deep red gradient, and thin smoke rises against a flat dark stone wall on the right. Cold blue window light falls from the upper left across the steel.",euler_ancestral,simple,9,1.0,1.0,1024,1280,F1cartoon_blacksmith_blk16_pos_d0.300_krea2_seed1414213,F1cartoon_blacksmith_blk16_pos_d0.300_krea2_seed1414213_00001_.png
15,F1cartoon_blacksmith,F1cartoon,blacksmith,1414213,blk20_pos_d0.450,"0.000,0.000,0.000,0.000,0.000,0.000,0.000,0.000,0.000,0.000,0.000,0.000,0.000,0.000,0.000,0.000,0.000,0.000,0.000,0.000,0.450,0.000,0.000,0.000,0.000,0.000,0.000,0.000,0.000,0.000,0.000,0.000,0.000,0.000","Cartoon style illustration. medium wide shot, static centred composition, eye-level camera, subject centred and filling the middle third of the frame. A blacksmith woman stands behind a heavy oak workbench, facing the viewer, both hands resting flat on the wood. She has coarse dark curls tied back, weathered brown skin, a leather apron over a coarse linen shirt, and a polished steel gauntlet on her left forearm. On the bench lie a hammered copper bowl, a coil of frayed rope, and three rough granite offcuts. Behind her on the left a forge fire glows with a warm orange to deep red gradient, and thin smoke rises against a flat dark stone wall on the right. Cold blue window light falls from the upper left across the steel.",euler_ancestral,simple,9,1.0,1.0,1024,1280,F1cartoon_blacksmith_blk20_pos_d0.450_krea2_seed1414213,F1cartoon_blacksmith_blk20_pos_d0.450_krea2_seed1414213_00001_.png
16,F1cartoon_blacksmith,F1cartoon,blacksmith,1414213,blk23_neg_d0.300,"0.000,0.000,0.000,0.000,0.000,0.000,0.000,0.000,0.000,0.000,0.000,0.000,0.000,0.000,0.000,0.000,0.000,0.000,0.000,0.000,0.000,0.000,0.000,-0.300,0.000,0.000,0.000,0.000,0.000,0.000,0.000,0.000,0.000,0.000","Cartoon style illustration. medium wide shot, static centred composition, eye-level camera, subject centred and filling the middle third of the frame. A blacksmith woman stands behind a heavy oak workbench, facing the viewer, both hands resting flat on the wood. She has coarse dark curls tied back, weathered brown skin, a leather apron over a coarse linen shirt, and a polished steel gauntlet on her left forearm. On the bench lie a hammered copper bowl, a coil of frayed rope, and three rough granite offcuts. Behind her on the left a forge fire glows with a warm orange to deep red gradient, and thin smoke rises against a flat dark stone wall on the right. Cold blue window light falls from the upper left across the steel.",euler_ancestral,simple,9,1.0,1.0,1024,1280,F1cartoon_blacksmith_blk23_neg_d0.300_krea2_seed1414213,F1cartoon_blacksmith_blk23_neg_d0.300_krea2_seed1414213_00001_.png
17,F1cartoon_blacksmith,F1cartoon,blacksmith,1414213,blk26_pos_d0.150,"0.000,0.000,0.000,0.000,0.000,0.000,0.000,0.000,0.000,0.000,0.000,0.000,0.000,0.000,0.000,0.000,0.000,0.000,0.000,0.000,0.000,0.000,0.000,0.000,0.000,0.000,0.150,0.000,0.000,0.000,0.000,0.000,0.000,0.000","Cartoon style illustration. medium wide shot, static centred composition, eye-level camera, subject centred and filling the middle third of the frame. A blacksmith woman stands behind a heavy oak workbench, facing the viewer, both hands resting flat on the wood. She has coarse dark curls tied back, weathered brown skin, a leather apron over a coarse linen shirt, and a polished steel gauntlet on her left forearm. On the bench lie a hammered copper bowl, a coil of frayed rope, and three rough granite offcuts. Behind her on the left a forge fire glows with a warm orange to deep red gradient, and thin smoke rises against a flat dark stone wall on the right. Cold blue window light falls from the upper left across the steel.",euler_ancestral,simple,9,1.0,1.0,1024,1280,F1cartoon_blacksmith_blk26_pos_d0.150_krea2_seed1414213,F1cartoon_blacksmith_blk26_pos_d0.150_krea2_seed1414213_00001_.png
18,F1cartoon_blacksmith,F1cartoon,blacksmith,1414213,blk27_neg_d0.250,"0.000,0.000,0.000,0.000,0.000,0.000,0.000,0.000,0.000,0.000,0.000,0.000,0.000,0.000,0.000,0.000,0.000,0.000,0.000,0.000,0.000,0.000,0.000,0.000,0.000,0.000,0.000,-0.250,0.000,0.000,0.000,0.000,0.000,0.000","Cartoon style illustration. medium wide shot, static centred composition, eye-level camera, subject centred and filling the middle third of the frame. A blacksmith woman stands behind a heavy oak workbench, facing the viewer, both hands resting flat on the wood. She has coarse dark curls tied back, weathered brown skin, a leather apron over a coarse linen shirt, and a polished steel gauntlet on her left forearm. On the bench lie a hammered copper bowl, a coil of frayed rope, and three rough granite offcuts. Behind her on the left a forge fire glows with a warm orange to deep red gradient, and thin smoke rises against a flat dark stone wall on the right. Cold blue window light falls from the upper left across the steel.",euler_ancestral,simple,9,1.0,1.0,1024,1280,F1cartoon_blacksmith_blk27_neg_d0.250_krea2_seed1414213,F1cartoon_blacksmith_blk27_neg_d0.250_krea2_seed1414213_00001_.png
19,F1cartoon_blacksmith,F1cartoon,blacksmith,1414213,blk09_pos_d0.450,"0.000,0.000,0.000,0.000,0.000,0.000,0.000,0.000,0.000,0.450,0.000,0.000,0.000,0.000,0.000,0.000,0.000,0.000,0.000,0.000,0.000,0.000,0.000,0.000,0.000,0.000,0.000,0.000,0.000,0.000,0.000,0.000,0.000,0.000","Cartoon style illustration. medium wide shot, static centred composition, eye-level camera, subject centred and filling the middle third of the frame. A blacksmith woman stands behind a heavy oak workbench, facing the viewer, both hands resting flat on the wood. She has coarse dark curls tied back, weathered brown skin, a leather apron over a coarse linen shirt, and a polished steel gauntlet on her left forearm. On the bench lie a hammered copper bowl, a coil of frayed rope, and three rough granite offcuts. Behind her on the left a forge fire glows with a warm orange to deep red gradient, and thin smoke rises against a flat dark stone wall on the right. Cold blue window light falls from the upper left across the steel.",euler_ancestral,simple,9,1.0,1.0,1024,1280,F1cartoon_blacksmith_blk09_pos_d0.450_krea2_seed1414213,F1cartoon_blacksmith_blk09_pos_d0.450_krea2_seed1414213_00001_.png
20,F1cartoon_blacksmith,F1cartoon,blacksmith,1414213,combo,"0.000,0.000,0.000,0.000,0.000,0.000,0.000,0.000,0.000,0.000,0.000,0.000,0.000,0.000,0.000,0.000,0.200,0.000,0.000,0.000,0.300,0.000,0.000,-0.200,0.000,0.000,0.000,-0.100,0.000,0.000,0.000,0.000,0.000,0.000","Cartoon style illustration. medium wide shot, static centred composition, eye-level camera, subject centred and filling the middle third of the frame. A blacksmith woman stands behind a heavy oak workbench, facing the viewer, both hands resting flat on the wood. She has coarse dark curls tied back, weathered brown skin, a leather apron over a coarse linen shirt, and a polished steel gauntlet on her left forearm. On the bench lie a hammered copper bowl, a coil of frayed rope, and three rough granite offcuts. Behind her on the left a forge fire glows with a warm orange to deep red gradient, and thin smoke rises against a flat dark stone wall on the right. Cold blue window light falls from the upper left across the steel.",euler_ancestral,simple,9,1.0,1.0,1024,1280,F1cartoon_blacksmith_combo_krea2_seed1414213,F1cartoon_blacksmith_combo_krea2_seed1414213_00001_.png
21,F1cartoon_blacksmith,F1cartoon,blacksmith,1414213,blk03_pos_d0.400,"0.000,0.000,0.000,0.400,0.000,0.000,0.000,0.000,0.000,0.000,0.000,0.000,0.000,0.000,0.000,0.000,0.000,0.000,0.000,0.000,0.000,0.000,0.000,0.000,0.000,0.000,0.000,0.000,0.000,0.000,0.000,0.000,0.000,0.000","Cartoon style illustration. medium wide shot, static centred composition, eye-level camera, subject centred and filling the middle third of the frame. A blacksmith woman stands behind a heavy oak workbench, facing the viewer, both hands resting flat on the wood. She has coarse dark curls tied back, weathered brown skin, a leather apron over a coarse linen shirt, and a polished steel gauntlet on her left forearm. On the bench lie a hammered copper bowl, a coil of frayed rope, and three rough granite offcuts. Behind her on the left a forge fire glows with a warm orange to deep red gradient, and thin smoke rises against a flat dark stone wall on the right. Cold blue window light falls from the upper left across the steel.",euler_ancestral,simple,9,1.0,1.0,1024,1280,F1cartoon_blacksmith_blk03_pos_d0.400_krea2_seed1414213,F1cartoon_blacksmith_blk03_pos_d0.400_krea2_seed1414213_00001_.png
22,F1cartoon_blacksmith,F1cartoon,blacksmith,1414213,blk06_pos_d0.450,"0.000,0.000,0.000,0.000,0.000,0.000,0.450,0.000,0.000,0.000,0.000,0.000,0.000,0.000,0.000,0.000,0.000,0.000,0.000,0.000,0.000,0.000,0.000,0.000,0.000,0.000,0.000,0.000,0.000,0.000,0.000,0.000,0.000,0.000","Cartoon style illustration. medium wide shot, static centred composition, eye-level camera, subject centred and filling the middle third of the frame. A blacksmith woman stands behind a heavy oak workbench, facing the viewer, both hands resting flat on the wood. She has coarse dark curls tied back, weathered brown skin, a leather apron over a coarse linen shirt, and a polished steel gauntlet on her left forearm. On the bench lie a hammered copper bowl, a coil of frayed rope, and three rough granite offcuts. Behind her on the left a forge fire glows with a warm orange to deep red gradient, and thin smoke rises against a flat dark stone wall on the right. Cold blue window light falls from the upper left across the steel.",euler_ancestral,simple,9,1.0,1.0,1024,1280,F1cartoon_blacksmith_blk06_pos_d0.450_krea2_seed1414213,F1cartoon_blacksmith_blk06_pos_d0.450_krea2_seed1414213_00001_.png
23,F1cartoon_blacksmith,F1cartoon,blacksmith,1414213,blk13_neg_d0.450,"0.000,0.000,0.000,0.000,0.000,0.000,0.000,0.000,0.000,0.000,0.000,0.000,0.000,-0.450,0.000,0.000,0.000,0.000,0.000,0.000,0.000,0.000,0.000,0.000,0.000,0.000,0.000,0.000,0.000,0.000,0.000,0.000,0.000,0.000","Cartoon style illustration. medium wide shot, static centred composition, eye-level camera, subject centred and filling the middle third of the frame. A blacksmith woman stands behind a heavy oak workbench, facing the viewer, both hands resting flat on the wood. She has coarse dark curls tied back, weathered brown skin, a leather apron over a coarse linen shirt, and a polished steel gauntlet on her left forearm. On the bench lie a hammered copper bowl, a coil of frayed rope, and three rough granite offcuts. Behind her on the left a forge fire glows with a warm orange to deep red gradient, and thin smoke rises against a flat dark stone wall on the right. Cold blue window light falls from the upper left across the steel.",euler_ancestral,simple,9,1.0,1.0,1024,1280,F1cartoon_blacksmith_blk13_neg_d0.450_krea2_seed1414213,F1cartoon_blacksmith_blk13_neg_d0.450_krea2_seed1414213_00001_.png
24,F1cartoon_blacksmith,F1cartoon,blacksmith,1414213,blk17_pos_d0.400,"0.000,0.000,0.000,0.000,0.000,0.000,0.000,0.000,0.000,0.000,0.000,0.000,0.000,0.000,0.000,0.000,0.000,0.400,0.000,0.000,0.000,0.000,0.000,0.000,0.000,0.000,0.000,0.000,0.000,0.000,0.000,0.000,0.000,0.000","Cartoon style illustration. medium wide shot, static centred composition, eye-level camera, subject centred and filling the middle third of the frame. A blacksmith woman stands behind a heavy oak workbench, facing the viewer, both hands resting flat on the wood. She has coarse dark curls tied back, weathered brown skin, a leather apron over a coarse linen shirt, and a polished steel gauntlet on her left forearm. On the bench lie a hammered copper bowl, a coil of frayed rope, and three rough granite offcuts. Behind her on the left a forge fire glows with a warm orange to deep red gradient, and thin smoke rises against a flat dark stone wall on the right. Cold blue window light falls from the upper left across the steel.",euler_ancestral,simple,9,1.0,1.0,1024,1280,F1cartoon_blacksmith_blk17_pos_d0.400_krea2_seed1414213,F1cartoon_blacksmith_blk17_pos_d0.400_krea2_seed1414213_00001_.png
25,F1cartoon_rally,F1cartoon,rally,5772156,baseline,,"Cartoon style illustration. a yellow and blue rally car cruising in a deep jungle, uneven street, daylight, lush plants, humidity, reflective ponds.",euler_ancestral,simple,9,1.0,1.0,1024,1280,F1cartoon_rally_baseline_krea2_seed5772156,F1cartoon_rally_baseline_krea2_seed5772156_00001_.png
26,F1cartoon_rally,F1cartoon,rally,5772156,blk16_pos_d0.300,"0.000,0.000,0.000,0.000,0.000,0.000,0.000,0.000,0.000,0.000,0.000,0.000,0.000,0.000,0.000,0.000,0.300,0.000,0.000,0.000,0.000,0.000,0.000,0.000,0.000,0.000,0.000,0.000,0.000,0.000,0.000,0.000,0.000,0.000","Cartoon style illustration. a yellow and blue rally car cruising in a deep jungle, uneven street, daylight, lush plants, humidity, reflective ponds.",euler_ancestral,simple,9,1.0,1.0,1024,1280,F1cartoon_rally_blk16_pos_d0.300_krea2_seed5772156,F1cartoon_rally_blk16_pos_d0.300_krea2_seed5772156_00001_.png
27,F1cartoon_rally,F1cartoon,rally,5772156,blk20_pos_d0.450,"0.000,0.000,0.000,0.000,0.000,0.000,0.000,0.000,0.000,0.000,0.000,0.000,0.000,0.000,0.000,0.000,0.000,0.000,0.000,0.000,0.450,0.000,0.000,0.000,0.000,0.000,0.000,0.000,0.000,0.000,0.000,0.000,0.000,0.000","Cartoon style illustration. a yellow and blue rally car cruising in a deep jungle, uneven street, daylight, lush plants, humidity, reflective ponds.",euler_ancestral,simple,9,1.0,1.0,1024,1280,F1cartoon_rally_blk20_pos_d0.450_krea2_seed5772156,F1cartoon_rally_blk20_pos_d0.450_krea2_seed5772156_00001_.png
28,F1cartoon_rally,F1cartoon,rally,5772156,blk23_neg_d0.300,"0.000,0.000,0.000,0.000,0.000,0.000,0.000,0.000,0.000,0.000,0.000,0.000,0.000,0.000,0.000,0.000,0.000,0.000,0.000,0.000,0.000,0.000,0.000,-0.300,0.000,0.000,0.000,0.000,0.000,0.000,0.000,0.000,0.000,0.000","Cartoon style illustration. a yellow and blue rally car cruising in a deep jungle, uneven street, daylight, lush plants, humidity, reflective ponds.",euler_ancestral,simple,9,1.0,1.0,1024,1280,F1cartoon_rally_blk23_neg_d0.300_krea2_seed5772156,F1cartoon_rally_blk23_neg_d0.300_krea2_seed5772156_00001_.png
29,F1cartoon_rally,F1cartoon,rally,5772156,blk26_pos_d0.150,"0.000,0.000,0.000,0.000,0.000,0.000,0.000,0.000,0.000,0.000,0.000,0.000,0.000,0.000,0.000,0.000,0.000,0.000,0.000,0.000,0.000,0.000,0.000,0.000,0.000,0.000,0.150,0.000,0.000,0.000,0.000,0.000,0.000,0.000","Cartoon style illustration. a yellow and blue rally car cruising in a deep jungle, uneven street, daylight, lush plants, humidity, reflective ponds.",euler_ancestral,simple,9,1.0,1.0,1024,1280,F1cartoon_rally_blk26_pos_d0.150_krea2_seed5772156,F1cartoon_rally_blk26_pos_d0.150_krea2_seed5772156_00001_.png
30,F1cartoon_rally,F1cartoon,rally,5772156,blk27_neg_d0.250,"0.000,0.000,0.000,0.000,0.000,0.000,0.000,0.000,0.000,0.000,0.000,0.000,0.000,0.000,0.000,0.000,0.000,0.000,0.000,0.000,0.000,0.000,0.000,0.000,0.000,0.000,0.000,-0.250,0.000,0.000,0.000,0.000,0.000,0.000","Cartoon style illustration. a yellow and blue rally car cruising in a deep jungle, uneven street, daylight, lush plants, humidity, reflective ponds.",euler_ancestral,simple,9,1.0,1.0,1024,1280,F1cartoon_rally_blk27_neg_d0.250_krea2_seed5772156,F1cartoon_rally_blk27_neg_d0.250_krea2_seed5772156_00001_.png
31,F1cartoon_rally,F1cartoon,rally,5772156,blk09_pos_d0.450,"0.000,0.000,0.000,0.000,0.000,0.000,0.000,0.000,0.000,0.450,0.000,0.000,0.000,0.000,0.000,0.000,0.000,0.000,0.000,0.000,0.000,0.000,0.000,0.000,0.000,0.000,0.000,0.000,0.000,0.000,0.000,0.000,0.000,0.000","Cartoon style illustration. a yellow and blue rally car cruising in a deep jungle, uneven street, daylight, lush plants, humidity, reflective ponds.",euler_ancestral,simple,9,1.0,1.0,1024,1280,F1cartoon_rally_blk09_pos_d0.450_krea2_seed5772156,F1cartoon_rally_blk09_pos_d0.450_krea2_seed5772156_00001_.png
32,F1cartoon_rally,F1cartoon,rally,5772156,combo,"0.000,0.000,0.000,0.000,0.000,0.000,0.000,0.000,0.000,0.000,0.000,0.000,0.000,0.000,0.000,0.000,0.200,0.000,0.000,0.000,0.300,0.000,0.000,-0.200,0.000,0.000,0.000,-0.100,0.000,0.000,0.000,0.000,0.000,0.000","Cartoon style illustration. a yellow and blue rally car cruising in a deep jungle, uneven street, daylight, lush plants, humidity, reflective ponds.",euler_ancestral,simple,9,1.0,1.0,1024,1280,F1cartoon_rally_combo_krea2_seed5772156,F1cartoon_rally_combo_krea2_seed5772156_00001_.png
33,F1cartoon_rally,F1cartoon,rally,5772156,blk03_pos_d0.400,"0.000,0.000,0.000,0.400,0.000,0.000,0.000,0.000,0.000,0.000,0.000,0.000,0.000,0.000,0.000,0.000,0.000,0.000,0.000,0.000,0.000,0.000,0.000,0.000,0.000,0.000,0.000,0.000,0.000,0.000,0.000,0.000,0.000,0.000","Cartoon style illustration. a yellow and blue rally car cruising in a deep jungle, uneven street, daylight, lush plants, humidity, reflective ponds.",euler_ancestral,simple,9,1.0,1.0,1024,1280,F1cartoon_rally_blk03_pos_d0.400_krea2_seed5772156,F1cartoon_rally_blk03_pos_d0.400_krea2_seed5772156_00001_.png
34,F1cartoon_rally,F1cartoon,rally,5772156,blk06_pos_d0.450,"0.000,0.000,0.000,0.000,0.000,0.000,0.450,0.000,0.000,0.000,0.000,0.000,0.000,0.000,0.000,0.000,0.000,0.000,0.000,0.000,0.000,0.000,0.000,0.000,0.000,0.000,0.000,0.000,0.000,0.000,0.000,0.000,0.000,0.000","Cartoon style illustration. a yellow and blue rally car cruising in a deep jungle, uneven street, daylight, lush plants, humidity, reflective ponds.",euler_ancestral,simple,9,1.0,1.0,1024,1280,F1cartoon_rally_blk06_pos_d0.450_krea2_seed5772156,F1cartoon_rally_blk06_pos_d0.450_krea2_seed5772156_00001_.png
35,F1cartoon_rally,F1cartoon,rally,5772156,blk13_neg_d0.450,"0.000,0.000,0.000,0.000,0.000,0.000,0.000,0.000,0.000,0.000,0.000,0.000,0.000,-0.450,0.000,0.000,0.000,0.000,0.000,0.000,0.000,0.000,0.000,0.000,0.000,0.000,0.000,0.000,0.000,0.000,0.000,0.000,0.000,0.000","Cartoon style illustration. a yellow and blue rally car cruising in a deep jungle, uneven street, daylight, lush plants, humidity, reflective ponds.",euler_ancestral,simple,9,1.0,1.0,1024,1280,F1cartoon_rally_blk13_neg_d0.450_krea2_seed5772156,F1cartoon_rally_blk13_neg_d0.450_krea2_seed5772156_00001_.png
36,F1cartoon_rally,F1cartoon,rally,5772156,blk17_pos_d0.400,"0.000,0.000,0.000,0.000,0.000,0.000,0.000,0.000,0.000,0.000,0.000,0.000,0.000,0.000,0.000,0.000,0.000,0.400,0.000,0.000,0.000,0.000,0.000,0.000,0.000,0.000,0.000,0.000,0.000,0.000,0.000,0.000,0.000,0.000","Cartoon style illustration. a yellow and blue rally car cruising in a deep jungle, uneven street, daylight, lush plants, humidity, reflective ponds.",euler_ancestral,simple,9,1.0,1.0,1024,1280,F1cartoon_rally_blk17_pos_d0.400_krea2_seed5772156,F1cartoon_rally_blk17_pos_d0.400_krea2_seed5772156_00001_.png
37,F1cartoon_rally,F1cartoon,rally,1414213,baseline,,"Cartoon style illustration. a yellow and blue rally car cruising in a deep jungle, uneven street, daylight, lush plants, humidity, reflective ponds.",euler_ancestral,simple,9,1.0,1.0,1024,1280,F1cartoon_rally_baseline_krea2_seed1414213,F1cartoon_rally_baseline_krea2_seed1414213_00001_.png
38,F1cartoon_rally,F1cartoon,rally,1414213,blk16_pos_d0.300,"0.000,0.000,0.000,0.000,0.000,0.000,0.000,0.000,0.000,0.000,0.000,0.000,0.000,0.000,0.000,0.000,0.300,0.000,0.000,0.000,0.000,0.000,0.000,0.000,0.000,0.000,0.000,0.000,0.000,0.000,0.000,0.000,0.000,0.000","Cartoon style illustration. a yellow and blue rally car cruising in a deep jungle, uneven street, daylight, lush plants, humidity, reflective ponds.",euler_ancestral,simple,9,1.0,1.0,1024,1280,F1cartoon_rally_blk16_pos_d0.300_krea2_seed1414213,F1cartoon_rally_blk16_pos_d0.300_krea2_seed1414213_00001_.png
39,F1cartoon_rally,F1cartoon,rally,1414213,blk20_pos_d0.450,"0.000,0.000,0.000,0.000,0.000,0.000,0.000,0.000,0.000,0.000,0.000,0.000,0.000,0.000,0.000,0.000,0.000,0.000,0.000,0.000,0.450,0.000,0.000,0.000,0.000,0.000,0.000,0.000,0.000,0.000,0.000,0.000,0.000,0.000","Cartoon style illustration. a yellow and blue rally car cruising in a deep jungle, uneven street, daylight, lush plants, humidity, reflective ponds.",euler_ancestral,simple,9,1.0,1.0,1024,1280,F1cartoon_rally_blk20_pos_d0.450_krea2_seed1414213,F1cartoon_rally_blk20_pos_d0.450_krea2_seed1414213_00001_.png
40,F1cartoon_rally,F1cartoon,rally,1414213,blk23_neg_d0.300,"0.000,0.000,0.000,0.000,0.000,0.000,0.000,0.000,0.000,0.000,0.000,0.000,0.000,0.000,0.000,0.000,0.000,0.000,0.000,0.000,0.000,0.000,0.000,-0.300,0.000,0.000,0.000,0.000,0.000,0.000,0.000,0.000,0.000,0.000","Cartoon style illustration. a yellow and blue rally car cruising in a deep jungle, uneven street, daylight, lush plants, humidity, reflective ponds.",euler_ancestral,simple,9,1.0,1.0,1024,1280,F1cartoon_rally_blk23_neg_d0.300_krea2_seed1414213,F1cartoon_rally_blk23_neg_d0.300_krea2_seed1414213_00001_.png
41,F1cartoon_rally,F1cartoon,rally,1414213,blk26_pos_d0.150,"0.000,0.000,0.000,0.000,0.000,0.000,0.000,0.000,0.000,0.000,0.000,0.000,0.000,0.000,0.000,0.000,0.000,0.000,0.000,0.000,0.000,0.000,0.000,0.000,0.000,0.000,0.150,0.000,0.000,0.000,0.000,0.000,0.000,0.000","Cartoon style illustration. a yellow and blue rally car cruising in a deep jungle, uneven street, daylight, lush plants, humidity, reflective ponds.",euler_ancestral,simple,9,1.0,1.0,1024,1280,F1cartoon_rally_blk26_pos_d0.150_krea2_seed1414213,F1cartoon_rally_blk26_pos_d0.150_krea2_seed1414213_00001_.png
42,F1cartoon_rally,F1cartoon,rally,1414213,blk27_neg_d0.250,"0.000,0.000,0.000,0.000,0.000,0.000,0.000,0.000,0.000,0.000,0.000,0.000,0.000,0.000,0.000,0.000,0.000,0.000,0.000,0.000,0.000,0.000,0.000,0.000,0.000,0.000,0.000,-0.250,0.000,0.000,0.000,0.000,0.000,0.000","Cartoon style illustration. a yellow and blue rally car cruising in a deep jungle, uneven street, daylight, lush plants, humidity, reflective ponds.",euler_ancestral,simple,9,1.0,1.0,1024,1280,F1cartoon_rally_blk27_neg_d0.250_krea2_seed1414213,F1cartoon_rally_blk27_neg_d0.250_krea2_seed1414213_00001_.png
43,F1cartoon_rally,F1cartoon,rally,1414213,blk09_pos_d0.450,"0.000,0.000,0.000,0.000,0.000,0.000,0.000,0.000,0.000,0.450,0.000,0.000,0.000,0.000,0.000,0.000,0.000,0.000,0.000,0.000,0.000,0.000,0.000,0.000,0.000,0.000,0.000,0.000,0.000,0.000,0.000,0.000,0.000,0.000","Cartoon style illustration. a yellow and blue rally car cruising in a deep jungle, uneven street, daylight, lush plants, humidity, reflective ponds.",euler_ancestral,simple,9,1.0,1.0,1024,1280,F1cartoon_rally_blk09_pos_d0.450_krea2_seed1414213,F1cartoon_rally_blk09_pos_d0.450_krea2_seed1414213_00001_.png
44,F1cartoon_rally,F1cartoon,rally,1414213,combo,"0.000,0.000,0.000,0.000,0.000,0.000,0.000,0.000,0.000,0.000,0.000,0.000,0.000,0.000,0.000,0.000,0.200,0.000,0.000,0.000,0.300,0.000,0.000,-0.200,0.000,0.000,0.000,-0.100,0.000,0.000,0.000,0.000,0.000,0.000","Cartoon style illustration. a yellow and blue rally car cruising in a deep jungle, uneven street, daylight, lush plants, humidity, reflective ponds.",euler_ancestral,simple,9,1.0,1.0,1024,1280,F1cartoon_rally_combo_krea2_seed1414213,F1cartoon_rally_combo_krea2_seed1414213_00001_.png
45,F1cartoon_rally,F1cartoon,rally,1414213,blk03_pos_d0.400,"0.000,0.000,0.000,0.400,0.000,0.000,0.000,0.000,0.000,0.000,0.000,0.000,0.000,0.000,0.000,0.000,0.000,0.000,0.000,0.000,0.000,0.000,0.000,0.000,0.000,0.000,0.000,0.000,0.000,0.000,0.000,0.000,0.000,0.000","Cartoon style illustration. a yellow and blue rally car cruising in a deep jungle, uneven street, daylight, lush plants, humidity, reflective ponds.",euler_ancestral,simple,9,1.0,1.0,1024,1280,F1cartoon_rally_blk03_pos_d0.400_krea2_seed1414213,F1cartoon_rally_blk03_pos_d0.400_krea2_seed1414213_00001_.png
46,F1cartoon_rally,F1cartoon,rally,1414213,blk06_pos_d0.450,"0.000,0.000,0.000,0.000,0.000,0.000,0.450,0.000,0.000,0.000,0.000,0.000,0.000,0.000,0.000,0.000,0.000,0.000,0.000,0.000,0.000,0.000,0.000,0.000,0.000,0.000,0.000,0.000,0.000,0.000,0.000,0.000,0.000,0.000","Cartoon style illustration. a yellow and blue rally car cruising in a deep jungle, uneven street, daylight, lush plants, humidity, reflective ponds.",euler_ancestral,simple,9,1.0,1.0,1024,1280,F1cartoon_rally_blk06_pos_d0.450_krea2_seed1414213,F1cartoon_rally_blk06_pos_d0.450_krea2_seed1414213_00001_.png
47,F1cartoon_rally,F1cartoon,rally,1414213,blk13_neg_d0.450,"0.000,0.000,0.000,0.000,0.000,0.000,0.000,0.000,0.000,0.000,0.000,0.000,0.000,-0.450,0.000,0.000,0.000,0.000,0.000,0.000,0.000,0.000,0.000,0.000,0.000,0.000,0.000,0.000,0.000,0.000,0.000,0.000,0.000,0.000","Cartoon style illustration. a yellow and blue rally car cruising in a deep jungle, uneven street, daylight, lush plants, humidity, reflective ponds.",euler_ancestral,simple,9,1.0,1.0,1024,1280,F1cartoon_rally_blk13_neg_d0.450_krea2_seed1414213,F1cartoon_rally_blk13_neg_d0.450_krea2_seed1414213_00001_.png
48,F1cartoon_rally,F1cartoon,rally,1414213,blk17_pos_d0.400,"0.000,0.000,0.000,0.000,0.000,0.000,0.000,0.000,0.000,0.000,0.000,0.000,0.000,0.000,0.000,0.000,0.000,0.400,0.000,0.000,0.000,0.000,0.000,0.000,0.000,0.000,0.000,0.000,0.000,0.000,0.000,0.000,0.000,0.000","Cartoon style illustration. a yellow and blue rally car cruising in a deep jungle, uneven street, daylight, lush plants, humidity, reflective ponds.",euler_ancestral,simple,9,1.0,1.0,1024,1280,F1cartoon_rally_blk17_pos_d0.400_krea2_seed1414213,F1cartoon_rally_blk17_pos_d0.400_krea2_seed1414213_00001_.png
49,F1cartoon_fox,F1cartoon,fox,5772156,baseline,,"Cartoon style illustration. a red fox sitting in fresh snow at the edge of a birch forest, facing the viewer, bushy tail curled around its paws, clear winter morning light.",euler_ancestral,simple,9,1.0,1.0,1024,1280,F1cartoon_fox_baseline_krea2_seed5772156,F1cartoon_fox_baseline_krea2_seed5772156_00001_.png
50,F1cartoon_fox,F1cartoon,fox,5772156,blk16_pos_d0.300,"0.000,0.000,0.000,0.000,0.000,0.000,0.000,0.000,0.000,0.000,0.000,0.000,0.000,0.000,0.000,0.000,0.300,0.000,0.000,0.000,0.000,0.000,0.000,0.000,0.000,0.000,0.000,0.000,0.000,0.000,0.000,0.000,0.000,0.000","Cartoon style illustration. a red fox sitting in fresh snow at the edge of a birch forest, facing the viewer, bushy tail curled around its paws, clear winter morning light.",euler_ancestral,simple,9,1.0,1.0,1024,1280,F1cartoon_fox_blk16_pos_d0.300_krea2_seed5772156,F1cartoon_fox_blk16_pos_d0.300_krea2_seed5772156_00001_.png
51,F1cartoon_fox,F1cartoon,fox,5772156,blk20_pos_d0.450,"0.000,0.000,0.000,0.000,0.000,0.000,0.000,0.000,0.000,0.000,0.000,0.000,0.000,0.000,0.000,0.000,0.000,0.000,0.000,0.000,0.450,0.000,0.000,0.000,0.000,0.000,0.000,0.000,0.000,0.000,0.000,0.000,0.000,0.000","Cartoon style illustration. a red fox sitting in fresh snow at the edge of a birch forest, facing the viewer, bushy tail curled around its paws, clear winter morning light.",euler_ancestral,simple,9,1.0,1.0,1024,1280,F1cartoon_fox_blk20_pos_d0.450_krea2_seed5772156,F1cartoon_fox_blk20_pos_d0.450_krea2_seed5772156_00001_.png
52,F1cartoon_fox,F1cartoon,fox,5772156,blk23_neg_d0.300,"0.000,0.000,0.000,0.000,0.000,0.000,0.000,0.000,0.000,0.000,0.000,0.000,0.000,0.000,0.000,0.000,0.000,0.000,0.000,0.000,0.000,0.000,0.000,-0.300,0.000,0.000,0.000,0.000,0.000,0.000,0.000,0.000,0.000,0.000","Cartoon style illustration. a red fox sitting in fresh snow at the edge of a birch forest, facing the viewer, bushy tail curled around its paws, clear winter morning light.",euler_ancestral,simple,9,1.0,1.0,1024,1280,F1cartoon_fox_blk23_neg_d0.300_krea2_seed5772156,F1cartoon_fox_blk23_neg_d0.300_krea2_seed5772156_00001_.png
53,F1cartoon_fox,F1cartoon,fox,5772156,blk26_pos_d0.150,"0.000,0.000,0.000,0.000,0.000,0.000,0.000,0.000,0.000,0.000,0.000,0.000,0.000,0.000,0.000,0.000,0.000,0.000,0.000,0.000,0.000,0.000,0.000,0.000,0.000,0.000,0.150,0.000,0.000,0.000,0.000,0.000,0.000,0.000","Cartoon style illustration. a red fox sitting in fresh snow at the edge of a birch forest, facing the viewer, bushy tail curled around its paws, clear winter morning light.",euler_ancestral,simple,9,1.0,1.0,1024,1280,F1cartoon_fox_blk26_pos_d0.150_krea2_seed5772156,F1cartoon_fox_blk26_pos_d0.150_krea2_seed5772156_00001_.png
54,F1cartoon_fox,F1cartoon,fox,5772156,blk27_neg_d0.250,"0.000,0.000,0.000,0.000,0.000,0.000,0.000,0.000,0.000,0.000,0.000,0.000,0.000,0.000,0.000,0.000,0.000,0.000,0.000,0.000,0.000,0.000,0.000,0.000,0.000,0.000,0.000,-0.250,0.000,0.000,0.000,0.000,0.000,0.000","Cartoon style illustration. a red fox sitting in fresh snow at the edge of a birch forest, facing the viewer, bushy tail curled around its paws, clear winter morning light.",euler_ancestral,simple,9,1.0,1.0,1024,1280,F1cartoon_fox_blk27_neg_d0.250_krea2_seed5772156,F1cartoon_fox_blk27_neg_d0.250_krea2_seed5772156_00001_.png
55,F1cartoon_fox,F1cartoon,fox,5772156,blk09_pos_d0.450,"0.000,0.000,0.000,0.000,0.000,0.000,0.000,0.000,0.000,0.450,0.000,0.000,0.000,0.000,0.000,0.000,0.000,0.000,0.000,0.000,0.000,0.000,0.000,0.000,0.000,0.000,0.000,0.000,0.000,0.000,0.000,0.000,0.000,0.000","Cartoon style illustration. a red fox sitting in fresh snow at the edge of a birch forest, facing the viewer, bushy tail curled around its paws, clear winter morning light.",euler_ancestral,simple,9,1.0,1.0,1024,1280,F1cartoon_fox_blk09_pos_d0.450_krea2_seed5772156,F1cartoon_fox_blk09_pos_d0.450_krea2_seed5772156_00001_.png
56,F1cartoon_fox,F1cartoon,fox,5772156,combo,"0.000,0.000,0.000,0.000,0.000,0.000,0.000,0.000,0.000,0.000,0.000,0.000,0.000,0.000,0.000,0.000,0.200,0.000,0.000,0.000,0.300,0.000,0.000,-0.200,0.000,0.000,0.000,-0.100,0.000,0.000,0.000,0.000,0.000,0.000","Cartoon style illustration. a red fox sitting in fresh snow at the edge of a birch forest, facing the viewer, bushy tail curled around its paws, clear winter morning light.",euler_ancestral,simple,9,1.0,1.0,1024,1280,F1cartoon_fox_combo_krea2_seed5772156,F1cartoon_fox_combo_krea2_seed5772156_00001_.png
57,F1cartoon_fox,F1cartoon,fox,5772156,blk03_pos_d0.400,"0.000,0.000,0.000,0.400,0.000,0.000,0.000,0.000,0.000,0.000,0.000,0.000,0.000,0.000,0.000,0.000,0.000,0.000,0.000,0.000,0.000,0.000,0.000,0.000,0.000,0.000,0.000,0.000,0.000,0.000,0.000,0.000,0.000,0.000","Cartoon style illustration. a red fox sitting in fresh snow at the edge of a birch forest, facing the viewer, bushy tail curled around its paws, clear winter morning light.",euler_ancestral,simple,9,1.0,1.0,1024,1280,F1cartoon_fox_blk03_pos_d0.400_krea2_seed5772156,F1cartoon_fox_blk03_pos_d0.400_krea2_seed5772156_00001_.png
58,F1cartoon_fox,F1cartoon,fox,5772156,blk06_pos_d0.450,"0.000,0.000,0.000,0.000,0.000,0.000,0.450,0.000,0.000,0.000,0.000,0.000,0.000,0.000,0.000,0.000,0.000,0.000,0.000,0.000,0.000,0.000,0.000,0.000,0.000,0.000,0.000,0.000,0.000,0.000,0.000,0.000,0.000,0.000","Cartoon style illustration. a red fox sitting in fresh snow at the edge of a birch forest, facing the viewer, bushy tail curled around its paws, clear winter morning light.",euler_ancestral,simple,9,1.0,1.0,1024,1280,F1cartoon_fox_blk06_pos_d0.450_krea2_seed5772156,F1cartoon_fox_blk06_pos_d0.450_krea2_seed5772156_00001_.png
59,F1cartoon_fox,F1cartoon,fox,5772156,blk13_neg_d0.450,"0.000,0.000,0.000,0.000,0.000,0.000,0.000,0.000,0.000,0.000,0.000,0.000,0.000,-0.450,0.000,0.000,0.000,0.000,0.000,0.000,0.000,0.000,0.000,0.000,0.000,0.000,0.000,0.000,0.000,0.000,0.000,0.000,0.000,0.000","Cartoon style illustration. a red fox sitting in fresh snow at the edge of a birch forest, facing the viewer, bushy tail curled around its paws, clear winter morning light.",euler_ancestral,simple,9,1.0,1.0,1024,1280,F1cartoon_fox_blk13_neg_d0.450_krea2_seed5772156,F1cartoon_fox_blk13_neg_d0.450_krea2_seed5772156_00001_.png
60,F1cartoon_fox,F1cartoon,fox,5772156,blk17_pos_d0.400,"0.000,0.000,0.000,0.000,0.000,0.000,0.000,0.000,0.000,0.000,0.000,0.000,0.000,0.000,0.000,0.000,0.000,0.400,0.000,0.000,0.000,0.000,0.000,0.000,0.000,0.000,0.000,0.000,0.000,0.000,0.000,0.000,0.000,0.000","Cartoon style illustration. a red fox sitting in fresh snow at the edge of a birch forest, facing the viewer, bushy tail curled around its paws, clear winter morning light.",euler_ancestral,simple,9,1.0,1.0,1024,1280,F1cartoon_fox_blk17_pos_d0.400_krea2_seed5772156,F1cartoon_fox_blk17_pos_d0.400_krea2_seed5772156_00001_.png
61,F1cartoon_fox,F1cartoon,fox,1414213,baseline,,"Cartoon style illustration. a red fox sitting in fresh snow at the edge of a birch forest, facing the viewer, bushy tail curled around its paws, clear winter morning light.",euler_ancestral,simple,9,1.0,1.0,1024,1280,F1cartoon_fox_baseline_krea2_seed1414213,F1cartoon_fox_baseline_krea2_seed1414213_00001_.png
62,F1cartoon_fox,F1cartoon,fox,1414213,blk16_pos_d0.300,"0.000,0.000,0.000,0.000,0.000,0.000,0.000,0.000,0.000,0.000,0.000,0.000,0.000,0.000,0.000,0.000,0.300,0.000,0.000,0.000,0.000,0.000,0.000,0.000,0.000,0.000,0.000,0.000,0.000,0.000,0.000,0.000,0.000,0.000","Cartoon style illustration. a red fox sitting in fresh snow at the edge of a birch forest, facing the viewer, bushy tail curled around its paws, clear winter morning light.",euler_ancestral,simple,9,1.0,1.0,1024,1280,F1cartoon_fox_blk16_pos_d0.300_krea2_seed1414213,F1cartoon_fox_blk16_pos_d0.300_krea2_seed1414213_00001_.png
63,F1cartoon_fox,F1cartoon,fox,1414213,blk20_pos_d0.450,"0.000,0.000,0.000,0.000,0.000,0.000,0.000,0.000,0.000,0.000,0.000,0.000,0.000,0.000,0.000,0.000,0.000,0.000,0.000,0.000,0.450,0.000,0.000,0.000,0.000,0.000,0.000,0.000,0.000,0.000,0.000,0.000,0.000,0.000","Cartoon style illustration. a red fox sitting in fresh snow at the edge of a birch forest, facing the viewer, bushy tail curled around its paws, clear winter morning light.",euler_ancestral,simple,9,1.0,1.0,1024,1280,F1cartoon_fox_blk20_pos_d0.450_krea2_seed1414213,F1cartoon_fox_blk20_pos_d0.450_krea2_seed1414213_00001_.png
64,F1cartoon_fox,F1cartoon,fox,1414213,blk23_neg_d0.300,"0.000,0.000,0.000,0.000,0.000,0.000,0.000,0.000,0.000,0.000,0.000,0.000,0.000,0.000,0.000,0.000,0.000,0.000,0.000,0.000,0.000,0.000,0.000,-0.300,0.000,0.000,0.000,0.000,0.000,0.000,0.000,0.000,0.000,0.000","Cartoon style illustration. a red fox sitting in fresh snow at the edge of a birch forest, facing the viewer, bushy tail curled around its paws, clear winter morning light.",euler_ancestral,simple,9,1.0,1.0,1024,1280,F1cartoon_fox_blk23_neg_d0.300_krea2_seed1414213,F1cartoon_fox_blk23_neg_d0.300_krea2_seed1414213_00001_.png
65,F1cartoon_fox,F1cartoon,fox,1414213,blk26_pos_d0.150,"0.000,0.000,0.000,0.000,0.000,0.000,0.000,0.000,0.000,0.000,0.000,0.000,0.000,0.000,0.000,0.000,0.000,0.000,0.000,0.000,0.000,0.000,0.000,0.000,0.000,0.000,0.150,0.000,0.000,0.000,0.000,0.000,0.000,0.000","Cartoon style illustration. a red fox sitting in fresh snow at the edge of a birch forest, facing the viewer, bushy tail curled around its paws, clear winter morning light.",euler_ancestral,simple,9,1.0,1.0,1024,1280,F1cartoon_fox_blk26_pos_d0.150_krea2_seed1414213,F1cartoon_fox_blk26_pos_d0.150_krea2_seed1414213_00001_.png
66,F1cartoon_fox,F1cartoon,fox,1414213,blk27_neg_d0.250,"0.000,0.000,0.000,0.000,0.000,0.000,0.000,0.000,0.000,0.000,0.000,0.000,0.000,0.000,0.000,0.000,0.000,0.000,0.000,0.000,0.000,0.000,0.000,0.000,0.000,0.000,0.000,-0.250,0.000,0.000,0.000,0.000,0.000,0.000","Cartoon style illustration. a red fox sitting in fresh snow at the edge of a birch forest, facing the viewer, bushy tail curled around its paws, clear winter morning light.",euler_ancestral,simple,9,1.0,1.0,1024,1280,F1cartoon_fox_blk27_neg_d0.250_krea2_seed1414213,F1cartoon_fox_blk27_neg_d0.250_krea2_seed1414213_00001_.png
67,F1cartoon_fox,F1cartoon,fox,1414213,blk09_pos_d0.450,"0.000,0.000,0.000,0.000,0.000,0.000,0.000,0.000,0.000,0.450,0.000,0.000,0.000,0.000,0.000,0.000,0.000,0.000,0.000,0.000,0.000,0.000,0.000,0.000,0.000,0.000,0.000,0.000,0.000,0.000,0.000,0.000,0.000,0.000","Cartoon style illustration. a red fox sitting in fresh snow at the edge of a birch forest, facing the viewer, bushy tail curled around its paws, clear winter morning light.",euler_ancestral,simple,9,1.0,1.0,1024,1280,F1cartoon_fox_blk09_pos_d0.450_krea2_seed1414213,F1cartoon_fox_blk09_pos_d0.450_krea2_seed1414213_00001_.png
68,F1cartoon_fox,F1cartoon,fox,1414213,combo,"0.000,0.000,0.000,0.000,0.000,0.000,0.000,0.000,0.000,0.000,0.000,0.000,0.000,0.000,0.000,0.000,0.200,0.000,0.000,0.000,0.300,0.000,0.000,-0.200,0.000,0.000,0.000,-0.100,0.000,0.000,0.000,0.000,0.000,0.000","Cartoon style illustration. a red fox sitting in fresh snow at the edge of a birch forest, facing the viewer, bushy tail curled around its paws, clear winter morning light.",euler_ancestral,simple,9,1.0,1.0,1024,1280,F1cartoon_fox_combo_krea2_seed1414213,F1cartoon_fox_combo_krea2_seed1414213_00001_.png
69,F1cartoon_fox,F1cartoon,fox,1414213,blk03_pos_d0.400,"0.000,0.000,0.000,0.400,0.000,0.000,0.000,0.000,0.000,0.000,0.000,0.000,0.000,0.000,0.000,0.000,0.000,0.000,0.000,0.000,0.000,0.000,0.000,0.000,0.000,0.000,0.000,0.000,0.000,0.000,0.000,0.000,0.000,0.000","Cartoon style illustration. a red fox sitting in fresh snow at the edge of a birch forest, facing the viewer, bushy tail curled around its paws, clear winter morning light.",euler_ancestral,simple,9,1.0,1.0,1024,1280,F1cartoon_fox_blk03_pos_d0.400_krea2_seed1414213,F1cartoon_fox_blk03_pos_d0.400_krea2_seed1414213_00001_.png
70,F1cartoon_fox,F1cartoon,fox,1414213,blk06_pos_d0.450,"0.000,0.000,0.000,0.000,0.000,0.000,0.450,0.000,0.000,0.000,0.000,0.000,0.000,0.000,0.000,0.000,0.000,0.000,0.000,0.000,0.000,0.000,0.000,0.000,0.000,0.000,0.000,0.000,0.000,0.000,0.000,0.000,0.000,0.000","Cartoon style illustration. a red fox sitting in fresh snow at the edge of a birch forest, facing the viewer, bushy tail curled around its paws, clear winter morning light.",euler_ancestral,simple,9,1.0,1.0,1024,1280,F1cartoon_fox_blk06_pos_d0.450_krea2_seed1414213,F1cartoon_fox_blk06_pos_d0.450_krea2_seed1414213_00001_.png
71,F1cartoon_fox,F1cartoon,fox,1414213,blk13_neg_d0.450,"0.000,0.000,0.000,0.000,0.000,0.000,0.000,0.000,0.000,0.000,0.000,0.000,0.000,-0.450,0.000,0.000,0.000,0.000,0.000,0.000,0.000,0.000,0.000,0.000,0.000,0.000,0.000,0.000,0.000,0.000,0.000,0.000,0.000,0.000","Cartoon style illustration. a red fox sitting in fresh snow at the edge of a birch forest, facing the viewer, bushy tail curled around its paws, clear winter morning light.",euler_ancestral,simple,9,1.0,1.0,1024,1280,F1cartoon_fox_blk13_neg_d0.450_krea2_seed1414213,F1cartoon_fox_blk13_neg_d0.450_krea2_seed1414213_00001_.png
72,F1cartoon_fox,F1cartoon,fox,1414213,blk17_pos_d0.400,"0.000,0.000,0.000,0.000,0.000,0.000,0.000,0.000,0.000,0.000,0.000,0.000,0.000,0.000,0.000,0.000,0.000,0.400,0.000,0.000,0.000,0.000,0.000,0.000,0.000,0.000,0.000,0.000,0.000,0.000,0.000,0.000,0.000,0.000","Cartoon style illustration. a red fox sitting in fresh snow at the edge of a birch forest, facing the viewer, bushy tail curled around its paws, clear winter morning light.",euler_ancestral,simple,9,1.0,1.0,1024,1280,F1cartoon_fox_blk17_pos_d0.400_krea2_seed1414213,F1cartoon_fox_blk17_pos_d0.400_krea2_seed1414213_00001_.png
73,F1cartoon_stilllife,F1cartoon,stilllife,5772156,baseline,,"Cartoon style illustration. a still life on a wooden kitchen table: a white ceramic teapot, two lemons and a glass of water, soft window light from the left, plain wall behind.",euler_ancestral,simple,9,1.0,1.0,1024,1280,F1cartoon_stilllife_baseline_krea2_seed5772156,F1cartoon_stilllife_baseline_krea2_seed5772156_00001_.png
74,F1cartoon_stilllife,F1cartoon,stilllife,5772156,blk16_pos_d0.300,"0.000,0.000,0.000,0.000,0.000,0.000,0.000,0.000,0.000,0.000,0.000,0.000,0.000,0.000,0.000,0.000,0.300,0.000,0.000,0.000,0.000,0.000,0.000,0.000,0.000,0.000,0.000,0.000,0.000,0.000,0.000,0.000,0.000,0.000","Cartoon style illustration. a still life on a wooden kitchen table: a white ceramic teapot, two lemons and a glass of water, soft window light from the left, plain wall behind.",euler_ancestral,simple,9,1.0,1.0,1024,1280,F1cartoon_stilllife_blk16_pos_d0.300_krea2_seed5772156,F1cartoon_stilllife_blk16_pos_d0.300_krea2_seed5772156_00001_.png
75,F1cartoon_stilllife,F1cartoon,stilllife,5772156,blk20_pos_d0.450,"0.000,0.000,0.000,0.000,0.000,0.000,0.000,0.000,0.000,0.000,0.000,0.000,0.000,0.000,0.000,0.000,0.000,0.000,0.000,0.000,0.450,0.000,0.000,0.000,0.000,0.000,0.000,0.000,0.000,0.000,0.000,0.000,0.000,0.000","Cartoon style illustration. a still life on a wooden kitchen table: a white ceramic teapot, two lemons and a glass of water, soft window light from the left, plain wall behind.",euler_ancestral,simple,9,1.0,1.0,1024,1280,F1cartoon_stilllife_blk20_pos_d0.450_krea2_seed5772156,F1cartoon_stilllife_blk20_pos_d0.450_krea2_seed5772156_00001_.png
76,F1cartoon_stilllife,F1cartoon,stilllife,5772156,blk23_neg_d0.300,"0.000,0.000,0.000,0.000,0.000,0.000,0.000,0.000,0.000,0.000,0.000,0.000,0.000,0.000,0.000,0.000,0.000,0.000,0.000,0.000,0.000,0.000,0.000,-0.300,0.000,0.000,0.000,0.000,0.000,0.000,0.000,0.000,0.000,0.000","Cartoon style illustration. a still life on a wooden kitchen table: a white ceramic teapot, two lemons and a glass of water, soft window light from the left, plain wall behind.",euler_ancestral,simple,9,1.0,1.0,1024,1280,F1cartoon_stilllife_blk23_neg_d0.300_krea2_seed5772156,F1cartoon_stilllife_blk23_neg_d0.300_krea2_seed5772156_00001_.png
77,F1cartoon_stilllife,F1cartoon,stilllife,5772156,blk26_pos_d0.150,"0.000,0.000,0.000,0.000,0.000,0.000,0.000,0.000,0.000,0.000,0.000,0.000,0.000,0.000,0.000,0.000,0.000,0.000,0.000,0.000,0.000,0.000,0.000,0.000,0.000,0.000,0.150,0.000,0.000,0.000,0.000,0.000,0.000,0.000","Cartoon style illustration. a still life on a wooden kitchen table: a white ceramic teapot, two lemons and a glass of water, soft window light from the left, plain wall behind.",euler_ancestral,simple,9,1.0,1.0,1024,1280,F1cartoon_stilllife_blk26_pos_d0.150_krea2_seed5772156,F1cartoon_stilllife_blk26_pos_d0.150_krea2_seed5772156_00001_.png
78,F1cartoon_stilllife,F1cartoon,stilllife,5772156,blk27_neg_d0.250,"0.000,0.000,0.000,0.000,0.000,0.000,0.000,0.000,0.000,0.000,0.000,0.000,0.000,0.000,0.000,0.000,0.000,0.000,0.000,0.000,0.000,0.000,0.000,0.000,0.000,0.000,0.000,-0.250,0.000,0.000,0.000,0.000,0.000,0.000","Cartoon style illustration. a still life on a wooden kitchen table: a white ceramic teapot, two lemons and a glass of water, soft window light from the left, plain wall behind.",euler_ancestral,simple,9,1.0,1.0,1024,1280,F1cartoon_stilllife_blk27_neg_d0.250_krea2_seed5772156,F1cartoon_stilllife_blk27_neg_d0.250_krea2_seed5772156_00001_.png
79,F1cartoon_stilllife,F1cartoon,stilllife,5772156,blk09_pos_d0.450,"0.000,0.000,0.000,0.000,0.000,0.000,0.000,0.000,0.000,0.450,0.000,0.000,0.000,0.000,0.000,0.000,0.000,0.000,0.000,0.000,0.000,0.000,0.000,0.000,0.000,0.000,0.000,0.000,0.000,0.000,0.000,0.000,0.000,0.000","Cartoon style illustration. a still life on a wooden kitchen table: a white ceramic teapot, two lemons and a glass of water, soft window light from the left, plain wall behind.",euler_ancestral,simple,9,1.0,1.0,1024,1280,F1cartoon_stilllife_blk09_pos_d0.450_krea2_seed5772156,F1cartoon_stilllife_blk09_pos_d0.450_krea2_seed5772156_00001_.png
80,F1cartoon_stilllife,F1cartoon,stilllife,5772156,combo,"0.000,0.000,0.000,0.000,0.000,0.000,0.000,0.000,0.000,0.000,0.000,0.000,0.000,0.000,0.000,0.000,0.200,0.000,0.000,0.000,0.300,0.000,0.000,-0.200,0.000,0.000,0.000,-0.100,0.000,0.000,0.000,0.000,0.000,0.000","Cartoon style illustration. a still life on a wooden kitchen table: a white ceramic teapot, two lemons and a glass of water, soft window light from the left, plain wall behind.",euler_ancestral,simple,9,1.0,1.0,1024,1280,F1cartoon_stilllife_combo_krea2_seed5772156,F1cartoon_stilllife_combo_krea2_seed5772156_00001_.png
81,F1cartoon_stilllife,F1cartoon,stilllife,5772156,blk03_pos_d0.400,"0.000,0.000,0.000,0.400,0.000,0.000,0.000,0.000,0.000,0.000,0.000,0.000,0.000,0.000,0.000,0.000,0.000,0.000,0.000,0.000,0.000,0.000,0.000,0.000,0.000,0.000,0.000,0.000,0.000,0.000,0.000,0.000,0.000,0.000","Cartoon style illustration. a still life on a wooden kitchen table: a white ceramic teapot, two lemons and a glass of water, soft window light from the left, plain wall behind.",euler_ancestral,simple,9,1.0,1.0,1024,1280,F1cartoon_stilllife_blk03_pos_d0.400_krea2_seed5772156,F1cartoon_stilllife_blk03_pos_d0.400_krea2_seed5772156_00001_.png
82,F1cartoon_stilllife,F1cartoon,stilllife,5772156,blk06_pos_d0.450,"0.000,0.000,0.000,0.000,0.000,0.000,0.450,0.000,0.000,0.000,0.000,0.000,0.000,0.000,0.000,0.000,0.000,0.000,0.000,0.000,0.000,0.000,0.000,0.000,0.000,0.000,0.000,0.000,0.000,0.000,0.000,0.000,0.000,0.000","Cartoon style illustration. a still life on a wooden kitchen table: a white ceramic teapot, two lemons and a glass of water, soft window light from the left, plain wall behind.",euler_ancestral,simple,9,1.0,1.0,1024,1280,F1cartoon_stilllife_blk06_pos_d0.450_krea2_seed5772156,F1cartoon_stilllife_blk06_pos_d0.450_krea2_seed5772156_00001_.png
83,F1cartoon_stilllife,F1cartoon,stilllife,5772156,blk13_neg_d0.450,"0.000,0.000,0.000,0.000,0.000,0.000,0.000,0.000,0.000,0.000,0.000,0.000,0.000,-0.450,0.000,0.000,0.000,0.000,0.000,0.000,0.000,0.000,0.000,0.000,0.000,0.000,0.000,0.000,0.000,0.000,0.000,0.000,0.000,0.000","Cartoon style illustration. a still life on a wooden kitchen table: a white ceramic teapot, two lemons and a glass of water, soft window light from the left, plain wall behind.",euler_ancestral,simple,9,1.0,1.0,1024,1280,F1cartoon_stilllife_blk13_neg_d0.450_krea2_seed5772156,F1cartoon_stilllife_blk13_neg_d0.450_krea2_seed5772156_00001_.png
84,F1cartoon_stilllife,F1cartoon,stilllife,5772156,blk17_pos_d0.400,"0.000,0.000,0.000,0.000,0.000,0.000,0.000,0.000,0.000,0.000,0.000,0.000,0.000,0.000,0.000,0.000,0.000,0.400,0.000,0.000,0.000,0.000,0.000,0.000,0.000,0.000,0.000,0.000,0.000,0.000,0.000,0.000,0.000,0.000","Cartoon style illustration. a still life on a wooden kitchen table: a white ceramic teapot, two lemons and a glass of water, soft window light from the left, plain wall behind.",euler_ancestral,simple,9,1.0,1.0,1024,1280,F1cartoon_stilllife_blk17_pos_d0.400_krea2_seed5772156,F1cartoon_stilllife_blk17_pos_d0.400_krea2_seed5772156_00001_.png
85,F1cartoon_stilllife,F1cartoon,stilllife,1414213,baseline,,"Cartoon style illustration. a still life on a wooden kitchen table: a white ceramic teapot, two lemons and a glass of water, soft window light from the left, plain wall behind.",euler_ancestral,simple,9,1.0,1.0,1024,1280,F1cartoon_stilllife_baseline_krea2_seed1414213,F1cartoon_stilllife_baseline_krea2_seed1414213_00001_.png
86,F1cartoon_stilllife,F1cartoon,stilllife,1414213,blk16_pos_d0.300,"0.000,0.000,0.000,0.000,0.000,0.000,0.000,0.000,0.000,0.000,0.000,0.000,0.000,0.000,0.000,0.000,0.300,0.000,0.000,0.000,0.000,0.000,0.000,0.000,0.000,0.000,0.000,0.000,0.000,0.000,0.000,0.000,0.000,0.000","Cartoon style illustration. a still life on a wooden kitchen table: a white ceramic teapot, two lemons and a glass of water, soft window light from the left, plain wall behind.",euler_ancestral,simple,9,1.0,1.0,1024,1280,F1cartoon_stilllife_blk16_pos_d0.300_krea2_seed1414213,F1cartoon_stilllife_blk16_pos_d0.300_krea2_seed1414213_00001_.png
87,F1cartoon_stilllife,F1cartoon,stilllife,1414213,blk20_pos_d0.450,"0.000,0.000,0.000,0.000,0.000,0.000,0.000,0.000,0.000,0.000,0.000,0.000,0.000,0.000,0.000,0.000,0.000,0.000,0.000,0.000,0.450,0.000,0.000,0.000,0.000,0.000,0.000,0.000,0.000,0.000,0.000,0.000,0.000,0.000","Cartoon style illustration. a still life on a wooden kitchen table: a white ceramic teapot, two lemons and a glass of water, soft window light from the left, plain wall behind.",euler_ancestral,simple,9,1.0,1.0,1024,1280,F1cartoon_stilllife_blk20_pos_d0.450_krea2_seed1414213,F1cartoon_stilllife_blk20_pos_d0.450_krea2_seed1414213_00001_.png
88,F1cartoon_stilllife,F1cartoon,stilllife,1414213,blk23_neg_d0.300,"0.000,0.000,0.000,0.000,0.000,0.000,0.000,0.000,0.000,0.000,0.000,0.000,0.000,0.000,0.000,0.000,0.000,0.000,0.000,0.000,0.000,0.000,0.000,-0.300,0.000,0.000,0.000,0.000,0.000,0.000,0.000,0.000,0.000,0.000","Cartoon style illustration. a still life on a wooden kitchen table: a white ceramic teapot, two lemons and a glass of water, soft window light from the left, plain wall behind.",euler_ancestral,simple,9,1.0,1.0,1024,1280,F1cartoon_stilllife_blk23_neg_d0.300_krea2_seed1414213,F1cartoon_stilllife_blk23_neg_d0.300_krea2_seed1414213_00001_.png
89,F1cartoon_stilllife,F1cartoon,stilllife,1414213,blk26_pos_d0.150,"0.000,0.000,0.000,0.000,0.000,0.000,0.000,0.000,0.000,0.000,0.000,0.000,0.000,0.000,0.000,0.000,0.000,0.000,0.000,0.000,0.000,0.000,0.000,0.000,0.000,0.000,0.150,0.000,0.000,0.000,0.000,0.000,0.000,0.000","Cartoon style illustration. a still life on a wooden kitchen table: a white ceramic teapot, two lemons and a glass of water, soft window light from the left, plain wall behind.",euler_ancestral,simple,9,1.0,1.0,1024,1280,F1cartoon_stilllife_blk26_pos_d0.150_krea2_seed1414213,F1cartoon_stilllife_blk26_pos_d0.150_krea2_seed1414213_00001_.png
90,F1cartoon_stilllife,F1cartoon,stilllife,1414213,blk27_neg_d0.250,"0.000,0.000,0.000,0.000,0.000,0.000,0.000,0.000,0.000,0.000,0.000,0.000,0.000,0.000,0.000,0.000,0.000,0.000,0.000,0.000,0.000,0.000,0.000,0.000,0.000,0.000,0.000,-0.250,0.000,0.000,0.000,0.000,0.000,0.000","Cartoon style illustration. a still life on a wooden kitchen table: a white ceramic teapot, two lemons and a glass of water, soft window light from the left, plain wall behind.",euler_ancestral,simple,9,1.0,1.0,1024,1280,F1cartoon_stilllife_blk27_neg_d0.250_krea2_seed1414213,F1cartoon_stilllife_blk27_neg_d0.250_krea2_seed1414213_00001_.png
91,F1cartoon_stilllife,F1cartoon,stilllife,1414213,blk09_pos_d0.450,"0.000,0.000,0.000,0.000,0.000,0.000,0.000,0.000,0.000,0.450,0.000,0.000,0.000,0.000,0.000,0.000,0.000,0.000,0.000,0.000,0.000,0.000,0.000,0.000,0.000,0.000,0.000,0.000,0.000,0.000,0.000,0.000,0.000,0.000","Cartoon style illustration. a still life on a wooden kitchen table: a white ceramic teapot, two lemons and a glass of water, soft window light from the left, plain wall behind.",euler_ancestral,simple,9,1.0,1.0,1024,1280,F1cartoon_stilllife_blk09_pos_d0.450_krea2_seed1414213,F1cartoon_stilllife_blk09_pos_d0.450_krea2_seed1414213_00001_.png
92,F1cartoon_stilllife,F1cartoon,stilllife,1414213,combo,"0.000,0.000,0.000,0.000,0.000,0.000,0.000,0.000,0.000,0.000,0.000,0.000,0.000,0.000,0.000,0.000,0.200,0.000,0.000,0.000,0.300,0.000,0.000,-0.200,0.000,0.000,0.000,-0.100,0.000,0.000,0.000,0.000,0.000,0.000","Cartoon style illustration. a still life on a wooden kitchen table: a white ceramic teapot, two lemons and a glass of water, soft window light from the left, plain wall behind.",euler_ancestral,simple,9,1.0,1.0,1024,1280,F1cartoon_stilllife_combo_krea2_seed1414213,F1cartoon_stilllife_combo_krea2_seed1414213_00001_.png
93,F1cartoon_stilllife,F1cartoon,stilllife,1414213,blk03_pos_d0.400,"0.000,0.000,0.000,0.400,0.000,0.000,0.000,0.000,0.000,0.000,0.000,0.000,0.000,0.000,0.000,0.000,0.000,0.000,0.000,0.000,0.000,0.000,0.000,0.000,0.000,0.000,0.000,0.000,0.000,0.000,0.000,0.000,0.000,0.000","Cartoon style illustration. a still life on a wooden kitchen table: a white ceramic teapot, two lemons and a glass of water, soft window light from the left, plain wall behind.",euler_ancestral,simple,9,1.0,1.0,1024,1280,F1cartoon_stilllife_blk03_pos_d0.400_krea2_seed1414213,F1cartoon_stilllife_blk03_pos_d0.400_krea2_seed1414213_00001_.png
94,F1cartoon_stilllife,F1cartoon,stilllife,1414213,blk06_pos_d0.450,"0.000,0.000,0.000,0.000,0.000,0.000,0.450,0.000,0.000,0.000,0.000,0.000,0.000,0.000,0.000,0.000,0.000,0.000,0.000,0.000,0.000,0.000,0.000,0.000,0.000,0.000,0.000,0.000,0.000,0.000,0.000,0.000,0.000,0.000","Cartoon style illustration. a still life on a wooden kitchen table: a white ceramic teapot, two lemons and a glass of water, soft window light from the left, plain wall behind.",euler_ancestral,simple,9,1.0,1.0,1024,1280,F1cartoon_stilllife_blk06_pos_d0.450_krea2_seed1414213,F1cartoon_stilllife_blk06_pos_d0.450_krea2_seed1414213_00001_.png
95,F1cartoon_stilllife,F1cartoon,stilllife,1414213,blk13_neg_d0.450,"0.000,0.000,0.000,0.000,0.000,0.000,0.000,0.000,0.000,0.000,0.000,0.000,0.000,-0.450,0.000,0.000,0.000,0.000,0.000,0.000,0.000,0.000,0.000,0.000,0.000,0.000,0.000,0.000,0.000,0.000,0.000,0.000,0.000,0.000","Cartoon style illustration. a still life on a wooden kitchen table: a white ceramic teapot, two lemons and a glass of water, soft window light from the left, plain wall behind.",euler_ancestral,simple,9,1.0,1.0,1024,1280,F1cartoon_stilllife_blk13_neg_d0.450_krea2_seed1414213,F1cartoon_stilllife_blk13_neg_d0.450_krea2_seed1414213_00001_.png
96,F1cartoon_stilllife,F1cartoon,stilllife,1414213,blk17_pos_d0.400,"0.000,0.000,0.000,0.000,0.000,0.000,0.000,0.000,0.000,0.000,0.000,0.000,0.000,0.000,0.000,0.000,0.000,0.400,0.000,0.000,0.000,0.000,0.000,0.000,0.000,0.000,0.000,0.000,0.000,0.000,0.000,0.000,0.000,0.000","Cartoon style illustration. a still life on a wooden kitchen table: a white ceramic teapot, two lemons and a glass of water, soft window light from the left, plain wall behind.",euler_ancestral,simple,9,1.0,1.0,1024,1280,F1cartoon_stilllife_blk17_pos_d0.400_krea2_seed1414213,F1cartoon_stilllife_blk17_pos_d0.400_krea2_seed1414213_00001_.png
97,F1cartoon_fisherman,F1cartoon,fisherman,5772156,baseline,,"Cartoon style illustration. an old fisherman with a grey beard mending a fishing net on a wooden pier, harbour boats behind him, overcast afternoon light.",euler_ancestral,simple,9,1.0,1.0,1024,1280,F1cartoon_fisherman_baseline_krea2_seed5772156,F1cartoon_fisherman_baseline_krea2_seed5772156_00001_.png
98,F1cartoon_fisherman,F1cartoon,fisherman,5772156,blk16_pos_d0.300,"0.000,0.000,0.000,0.000,0.000,0.000,0.000,0.000,0.000,0.000,0.000,0.000,0.000,0.000,0.000,0.000,0.300,0.000,0.000,0.000,0.000,0.000,0.000,0.000,0.000,0.000,0.000,0.000,0.000,0.000,0.000,0.000,0.000,0.000","Cartoon style illustration. an old fisherman with a grey beard mending a fishing net on a wooden pier, harbour boats behind him, overcast afternoon light.",euler_ancestral,simple,9,1.0,1.0,1024,1280,F1cartoon_fisherman_blk16_pos_d0.300_krea2_seed5772156,F1cartoon_fisherman_blk16_pos_d0.300_krea2_seed5772156_00001_.png
99,F1cartoon_fisherman,F1cartoon,fisherman,5772156,blk20_pos_d0.450,"0.000,0.000,0.000,0.000,0.000,0.000,0.000,0.000,0.000,0.000,0.000,0.000,0.000,0.000,0.000,0.000,0.000,0.000,0.000,0.000,0.450,0.000,0.000,0.000,0.000,0.000,0.000,0.000,0.000,0.000,0.000,0.000,0.000,0.000","Cartoon style illustration. an old fisherman with a grey beard mending a fishing net on a wooden pier, harbour boats behind him, overcast afternoon light.",euler_ancestral,simple,9,1.0,1.0,1024,1280,F1cartoon_fisherman_blk20_pos_d0.450_krea2_seed5772156,F1cartoon_fisherman_blk20_pos_d0.450_krea2_seed5772156_00001_.png
100,F1cartoon_fisherman,F1cartoon,fisherman,5772156,blk23_neg_d0.300,"0.000,0.000,0.000,0.000,0.000,0.000,0.000,0.000,0.000,0.000,0.000,0.000,0.000,0.000,0.000,0.000,0.000,0.000,0.000,0.000,0.000,0.000,0.000,-0.300,0.000,0.000,0.000,0.000,0.000,0.000,0.000,0.000,0.000,0.000","Cartoon style illustration. an old fisherman with a grey beard mending a fishing net on a wooden pier, harbour boats behind him, overcast afternoon light.",euler_ancestral,simple,9,1.0,1.0,1024,1280,F1cartoon_fisherman_blk23_neg_d0.300_krea2_seed5772156,F1cartoon_fisherman_blk23_neg_d0.300_krea2_seed5772156_00001_.png
101,F1cartoon_fisherman,F1cartoon,fisherman,5772156,blk26_pos_d0.150,"0.000,0.000,0.000,0.000,0.000,0.000,0.000,0.000,0.000,0.000,0.000,0.000,0.000,0.000,0.000,0.000,0.000,0.000,0.000,0.000,0.000,0.000,0.000,0.000,0.000,0.000,0.150,0.000,0.000,0.000,0.000,0.000,0.000,0.000","Cartoon style illustration. an old fisherman with a grey beard mending a fishing net on a wooden pier, harbour boats behind him, overcast afternoon light.",euler_ancestral,simple,9,1.0,1.0,1024,1280,F1cartoon_fisherman_blk26_pos_d0.150_krea2_seed5772156,F1cartoon_fisherman_blk26_pos_d0.150_krea2_seed5772156_00001_.png
102,F1cartoon_fisherman,F1cartoon,fisherman,5772156,blk27_neg_d0.250,"0.000,0.000,0.000,0.000,0.000,0.000,0.000,0.000,0.000,0.000,0.000,0.000,0.000,0.000,0.000,0.000,0.000,0.000,0.000,0.000,0.000,0.000,0.000,0.000,0.000,0.000,0.000,-0.250,0.000,0.000,0.000,0.000,0.000,0.000","Cartoon style illustration. an old fisherman with a grey beard mending a fishing net on a wooden pier, harbour boats behind him, overcast afternoon light.",euler_ancestral,simple,9,1.0,1.0,1024,1280,F1cartoon_fisherman_blk27_neg_d0.250_krea2_seed5772156,F1cartoon_fisherman_blk27_neg_d0.250_krea2_seed5772156_00001_.png
103,F1cartoon_fisherman,F1cartoon,fisherman,5772156,blk09_pos_d0.450,"0.000,0.000,0.000,0.000,0.000,0.000,0.000,0.000,0.000,0.450,0.000,0.000,0.000,0.000,0.000,0.000,0.000,0.000,0.000,0.000,0.000,0.000,0.000,0.000,0.000,0.000,0.000,0.000,0.000,0.000,0.000,0.000,0.000,0.000","Cartoon style illustration. an old fisherman with a grey beard mending a fishing net on a wooden pier, harbour boats behind him, overcast afternoon light.",euler_ancestral,simple,9,1.0,1.0,1024,1280,F1cartoon_fisherman_blk09_pos_d0.450_krea2_seed5772156,F1cartoon_fisherman_blk09_pos_d0.450_krea2_seed5772156_00001_.png
104,F1cartoon_fisherman,F1cartoon,fisherman,5772156,combo,"0.000,0.000,0.000,0.000,0.000,0.000,0.000,0.000,0.000,0.000,0.000,0.000,0.000,0.000,0.000,0.000,0.200,0.000,0.000,0.000,0.300,0.000,0.000,-0.200,0.000,0.000,0.000,-0.100,0.000,0.000,0.000,0.000,0.000,0.000","Cartoon style illustration. an old fisherman with a grey beard mending a fishing net on a wooden pier, harbour boats behind him, overcast afternoon light.",euler_ancestral,simple,9,1.0,1.0,1024,1280,F1cartoon_fisherman_combo_krea2_seed5772156,F1cartoon_fisherman_combo_krea2_seed5772156_00001_.png
105,F1cartoon_fisherman,F1cartoon,fisherman,5772156,blk03_pos_d0.400,"0.000,0.000,0.000,0.400,0.000,0.000,0.000,0.000,0.000,0.000,0.000,0.000,0.000,0.000,0.000,0.000,0.000,0.000,0.000,0.000,0.000,0.000,0.000,0.000,0.000,0.000,0.000,0.000,0.000,0.000,0.000,0.000,0.000,0.000","Cartoon style illustration. an old fisherman with a grey beard mending a fishing net on a wooden pier, harbour boats behind him, overcast afternoon light.",euler_ancestral,simple,9,1.0,1.0,1024,1280,F1cartoon_fisherman_blk03_pos_d0.400_krea2_seed5772156,F1cartoon_fisherman_blk03_pos_d0.400_krea2_seed5772156_00001_.png
106,F1cartoon_fisherman,F1cartoon,fisherman,5772156,blk06_pos_d0.450,"0.000,0.000,0.000,0.000,0.000,0.000,0.450,0.000,0.000,0.000,0.000,0.000,0.000,0.000,0.000,0.000,0.000,0.000,0.000,0.000,0.000,0.000,0.000,0.000,0.000,0.000,0.000,0.000,0.000,0.000,0.000,0.000,0.000,0.000","Cartoon style illustration. an old fisherman with a grey beard mending a fishing net on a wooden pier, harbour boats behind him, overcast afternoon light.",euler_ancestral,simple,9,1.0,1.0,1024,1280,F1cartoon_fisherman_blk06_pos_d0.450_krea2_seed5772156,F1cartoon_fisherman_blk06_pos_d0.450_krea2_seed5772156_00001_.png
107,F1cartoon_fisherman,F1cartoon,fisherman,5772156,blk13_neg_d0.450,"0.000,0.000,0.000,0.000,0.000,0.000,0.000,0.000,0.000,0.000,0.000,0.000,0.000,-0.450,0.000,0.000,0.000,0.000,0.000,0.000,0.000,0.000,0.000,0.000,0.000,0.000,0.000,0.000,0.000,0.000,0.000,0.000,0.000,0.000","Cartoon style illustration. an old fisherman with a grey beard mending a fishing net on a wooden pier, harbour boats behind him, overcast afternoon light.",euler_ancestral,simple,9,1.0,1.0,1024,1280,F1cartoon_fisherman_blk13_neg_d0.450_krea2_seed5772156,F1cartoon_fisherman_blk13_neg_d0.450_krea2_seed5772156_00001_.png
108,F1cartoon_fisherman,F1cartoon,fisherman,5772156,blk17_pos_d0.400,"0.000,0.000,0.000,0.000,0.000,0.000,0.000,0.000,0.000,0.000,0.000,0.000,0.000,0.000,0.000,0.000,0.000,0.400,0.000,0.000,0.000,0.000,0.000,0.000,0.000,0.000,0.000,0.000,0.000,0.000,0.000,0.000,0.000,0.000","Cartoon style illustration. an old fisherman with a grey beard mending a fishing net on a wooden pier, harbour boats behind him, overcast afternoon light.",euler_ancestral,simple,9,1.0,1.0,1024,1280,F1cartoon_fisherman_blk17_pos_d0.400_krea2_seed5772156,F1cartoon_fisherman_blk17_pos_d0.400_krea2_seed5772156_00001_.png
109,F1cartoon_fisherman,F1cartoon,fisherman,1414213,baseline,,"Cartoon style illustration. an old fisherman with a grey beard mending a fishing net on a wooden pier, harbour boats behind him, overcast afternoon light.",euler_ancestral,simple,9,1.0,1.0,1024,1280,F1cartoon_fisherman_baseline_krea2_seed1414213,F1cartoon_fisherman_baseline_krea2_seed1414213_00001_.png
110,F1cartoon_fisherman,F1cartoon,fisherman,1414213,blk16_pos_d0.300,"0.000,0.000,0.000,0.000,0.000,0.000,0.000,0.000,0.000,0.000,0.000,0.000,0.000,0.000,0.000,0.000,0.300,0.000,0.000,0.000,0.000,0.000,0.000,0.000,0.000,0.000,0.000,0.000,0.000,0.000,0.000,0.000,0.000,0.000","Cartoon style illustration. an old fisherman with a grey beard mending a fishing net on a wooden pier, harbour boats behind him, overcast afternoon light.",euler_ancestral,simple,9,1.0,1.0,1024,1280,F1cartoon_fisherman_blk16_pos_d0.300_krea2_seed1414213,F1cartoon_fisherman_blk16_pos_d0.300_krea2_seed1414213_00001_.png
111,F1cartoon_fisherman,F1cartoon,fisherman,1414213,blk20_pos_d0.450,"0.000,0.000,0.000,0.000,0.000,0.000,0.000,0.000,0.000,0.000,0.000,0.000,0.000,0.000,0.000,0.000,0.000,0.000,0.000,0.000,0.450,0.000,0.000,0.000,0.000,0.000,0.000,0.000,0.000,0.000,0.000,0.000,0.000,0.000","Cartoon style illustration. an old fisherman with a grey beard mending a fishing net on a wooden pier, harbour boats behind him, overcast afternoon light.",euler_ancestral,simple,9,1.0,1.0,1024,1280,F1cartoon_fisherman_blk20_pos_d0.450_krea2_seed1414213,F1cartoon_fisherman_blk20_pos_d0.450_krea2_seed1414213_00001_.png
112,F1cartoon_fisherman,F1cartoon,fisherman,1414213,blk23_neg_d0.300,"0.000,0.000,0.000,0.000,0.000,0.000,0.000,0.000,0.000,0.000,0.000,0.000,0.000,0.000,0.000,0.000,0.000,0.000,0.000,0.000,0.000,0.000,0.000,-0.300,0.000,0.000,0.000,0.000,0.000,0.000,0.000,0.000,0.000,0.000","Cartoon style illustration. an old fisherman with a grey beard mending a fishing net on a wooden pier, harbour boats behind him, overcast afternoon light.",euler_ancestral,simple,9,1.0,1.0,1024,1280,F1cartoon_fisherman_blk23_neg_d0.300_krea2_seed1414213,F1cartoon_fisherman_blk23_neg_d0.300_krea2_seed1414213_00001_.png
113,F1cartoon_fisherman,F1cartoon,fisherman,1414213,blk26_pos_d0.150,"0.000,0.000,0.000,0.000,0.000,0.000,0.000,0.000,0.000,0.000,0.000,0.000,0.000,0.000,0.000,0.000,0.000,0.000,0.000,0.000,0.000,0.000,0.000,0.000,0.000,0.000,0.150,0.000,0.000,0.000,0.000,0.000,0.000,0.000","Cartoon style illustration. an old fisherman with a grey beard mending a fishing net on a wooden pier, harbour boats behind him, overcast afternoon light.",euler_ancestral,simple,9,1.0,1.0,1024,1280,F1cartoon_fisherman_blk26_pos_d0.150_krea2_seed1414213,F1cartoon_fisherman_blk26_pos_d0.150_krea2_seed1414213_00001_.png
114,F1cartoon_fisherman,F1cartoon,fisherman,1414213,blk27_neg_d0.250,"0.000,0.000,0.000,0.000,0.000,0.000,0.000,0.000,0.000,0.000,0.000,0.000,0.000,0.000,0.000,0.000,0.000,0.000,0.000,0.000,0.000,0.000,0.000,0.000,0.000,0.000,0.000,-0.250,0.000,0.000,0.000,0.000,0.000,0.000","Cartoon style illustration. an old fisherman with a grey beard mending a fishing net on a wooden pier, harbour boats behind him, overcast afternoon light.",euler_ancestral,simple,9,1.0,1.0,1024,1280,F1cartoon_fisherman_blk27_neg_d0.250_krea2_seed1414213,F1cartoon_fisherman_blk27_neg_d0.250_krea2_seed1414213_00001_.png
115,F1cartoon_fisherman,F1cartoon,fisherman,1414213,blk09_pos_d0.450,"0.000,0.000,0.000,0.000,0.000,0.000,0.000,0.000,0.000,0.450,0.000,0.000,0.000,0.000,0.000,0.000,0.000,0.000,0.000,0.000,0.000,0.000,0.000,0.000,0.000,0.000,0.000,0.000,0.000,0.000,0.000,0.000,0.000,0.000","Cartoon style illustration. an old fisherman with a grey beard mending a fishing net on a wooden pier, harbour boats behind him, overcast afternoon light.",euler_ancestral,simple,9,1.0,1.0,1024,1280,F1cartoon_fisherman_blk09_pos_d0.450_krea2_seed1414213,F1cartoon_fisherman_blk09_pos_d0.450_krea2_seed1414213_00001_.png
116,F1cartoon_fisherman,F1cartoon,fisherman,1414213,combo,"0.000,0.000,0.000,0.000,0.000,0.000,0.000,0.000,0.000,0.000,0.000,0.000,0.000,0.000,0.000,0.000,0.200,0.000,0.000,0.000,0.300,0.000,0.000,-0.200,0.000,0.000,0.000,-0.100,0.000,0.000,0.000,0.000,0.000,0.000","Cartoon style illustration. an old fisherman with a grey beard mending a fishing net on a wooden pier, harbour boats behind him, overcast afternoon light.",euler_ancestral,simple,9,1.0,1.0,1024,1280,F1cartoon_fisherman_combo_krea2_seed1414213,F1cartoon_fisherman_combo_krea2_seed1414213_00001_.png
117,F1cartoon_fisherman,F1cartoon,fisherman,1414213,blk03_pos_d0.400,"0.000,0.000,0.000,0.400,0.000,0.000,0.000,0.000,0.000,0.000,0.000,0.000,0.000,0.000,0.000,0.000,0.000,0.000,0.000,0.000,0.000,0.000,0.000,0.000,0.000,0.000,0.000,0.000,0.000,0.000,0.000,0.000,0.000,0.000","Cartoon style illustration. an old fisherman with a grey beard mending a fishing net on a wooden pier, harbour boats behind him, overcast afternoon light.",euler_ancestral,simple,9,1.0,1.0,1024,1280,F1cartoon_fisherman_blk03_pos_d0.400_krea2_seed1414213,F1cartoon_fisherman_blk03_pos_d0.400_krea2_seed1414213_00001_.png
118,F1cartoon_fisherman,F1cartoon,fisherman,1414213,blk06_pos_d0.450,"0.000,0.000,0.000,0.000,0.000,0.000,0.450,0.000,0.000,0.000,0.000,0.000,0.000,0.000,0.000,0.000,0.000,0.000,0.000,0.000,0.000,0.000,0.000,0.000,0.000,0.000,0.000,0.000,0.000,0.000,0.000,0.000,0.000,0.000","Cartoon style illustration. an old fisherman with a grey beard mending a fishing net on a wooden pier, harbour boats behind him, overcast afternoon light.",euler_ancestral,simple,9,1.0,1.0,1024,1280,F1cartoon_fisherman_blk06_pos_d0.450_krea2_seed1414213,F1cartoon_fisherman_blk06_pos_d0.450_krea2_seed1414213_00001_.png
119,F1cartoon_fisherman,F1cartoon,fisherman,1414213,blk13_neg_d0.450,"0.000,0.000,0.000,0.000,0.000,0.000,0.000,0.000,0.000,0.000,0.000,0.000,0.000,-0.450,0.000,0.000,0.000,0.000,0.000,0.000,0.000,0.000,0.000,0.000,0.000,0.000,0.000,0.000,0.000,0.000,0.000,0.000,0.000,0.000","Cartoon style illustration. an old fisherman with a grey beard mending a fishing net on a wooden pier, harbour boats behind him, overcast afternoon light.",euler_ancestral,simple,9,1.0,1.0,1024,1280,F1cartoon_fisherman_blk13_neg_d0.450_krea2_seed1414213,F1cartoon_fisherman_blk13_neg_d0.450_krea2_seed1414213_00001_.png
120,F1cartoon_fisherman,F1cartoon,fisherman,1414213,blk17_pos_d0.400,"0.000,0.000,0.000,0.000,0.000,0.000,0.000,0.000,0.000,0.000,0.000,0.000,0.000,0.000,0.000,0.000,0.000,0.400,0.000,0.000,0.000,0.000,0.000,0.000,0.000,0.000,0.000,0.000,0.000,0.000,0.000,0.000,0.000,0.000","Cartoon style illustration. an old fisherman with a grey beard mending a fishing net on a wooden pier, harbour boats behind him, overcast afternoon light.",euler_ancestral,simple,9,1.0,1.0,1024,1280,F1cartoon_fisherman_blk17_pos_d0.400_krea2_seed1414213,F1cartoon_fisherman_blk17_pos_d0.400_krea2_seed1414213_00001_.png
121,F1cartoon_lighthouse,F1cartoon,lighthouse,5772156,baseline,,"Cartoon style illustration. a white lighthouse on a rocky coast at dusk, waves breaking on the rocks, a few seagulls in the sky.",euler_ancestral,simple,9,1.0,1.0,1024,1280,F1cartoon_lighthouse_baseline_krea2_seed5772156,F1cartoon_lighthouse_baseline_krea2_seed5772156_00001_.png
122,F1cartoon_lighthouse,F1cartoon,lighthouse,5772156,blk16_pos_d0.300,"0.000,0.000,0.000,0.000,0.000,0.000,0.000,0.000,0.000,0.000,0.000,0.000,0.000,0.000,0.000,0.000,0.300,0.000,0.000,0.000,0.000,0.000,0.000,0.000,0.000,0.000,0.000,0.000,0.000,0.000,0.000,0.000,0.000,0.000","Cartoon style illustration. a white lighthouse on a rocky coast at dusk, waves breaking on the rocks, a few seagulls in the sky.",euler_ancestral,simple,9,1.0,1.0,1024,1280,F1cartoon_lighthouse_blk16_pos_d0.300_krea2_seed5772156,F1cartoon_lighthouse_blk16_pos_d0.300_krea2_seed5772156_00001_.png
123,F1cartoon_lighthouse,F1cartoon,lighthouse,5772156,blk20_pos_d0.450,"0.000,0.000,0.000,0.000,0.000,0.000,0.000,0.000,0.000,0.000,0.000,0.000,0.000,0.000,0.000,0.000,0.000,0.000,0.000,0.000,0.450,0.000,0.000,0.000,0.000,0.000,0.000,0.000,0.000,0.000,0.000,0.000,0.000,0.000","Cartoon style illustration. a white lighthouse on a rocky coast at dusk, waves breaking on the rocks, a few seagulls in the sky.",euler_ancestral,simple,9,1.0,1.0,1024,1280,F1cartoon_lighthouse_blk20_pos_d0.450_krea2_seed5772156,F1cartoon_lighthouse_blk20_pos_d0.450_krea2_seed5772156_00001_.png
124,F1cartoon_lighthouse,F1cartoon,lighthouse,5772156,blk23_neg_d0.300,"0.000,0.000,0.000,0.000,0.000,0.000,0.000,0.000,0.000,0.000,0.000,0.000,0.000,0.000,0.000,0.000,0.000,0.000,0.000,0.000,0.000,0.000,0.000,-0.300,0.000,0.000,0.000,0.000,0.000,0.000,0.000,0.000,0.000,0.000","Cartoon style illustration. a white lighthouse on a rocky coast at dusk, waves breaking on the rocks, a few seagulls in the sky.",euler_ancestral,simple,9,1.0,1.0,1024,1280,F1cartoon_lighthouse_blk23_neg_d0.300_krea2_seed5772156,F1cartoon_lighthouse_blk23_neg_d0.300_krea2_seed5772156_00001_.png
125,F1cartoon_lighthouse,F1cartoon,lighthouse,5772156,blk26_pos_d0.150,"0.000,0.000,0.000,0.000,0.000,0.000,0.000,0.000,0.000,0.000,0.000,0.000,0.000,0.000,0.000,0.000,0.000,0.000,0.000,0.000,0.000,0.000,0.000,0.000,0.000,0.000,0.150,0.000,0.000,0.000,0.000,0.000,0.000,0.000","Cartoon style illustration. a white lighthouse on a rocky coast at dusk, waves breaking on the rocks, a few seagulls in the sky.",euler_ancestral,simple,9,1.0,1.0,1024,1280,F1cartoon_lighthouse_blk26_pos_d0.150_krea2_seed5772156,F1cartoon_lighthouse_blk26_pos_d0.150_krea2_seed5772156_00001_.png
126,F1cartoon_lighthouse,F1cartoon,lighthouse,5772156,blk27_neg_d0.250,"0.000,0.000,0.000,0.000,0.000,0.000,0.000,0.000,0.000,0.000,0.000,0.000,0.000,0.000,0.000,0.000,0.000,0.000,0.000,0.000,0.000,0.000,0.000,0.000,0.000,0.000,0.000,-0.250,0.000,0.000,0.000,0.000,0.000,0.000","Cartoon style illustration. a white lighthouse on a rocky coast at dusk, waves breaking on the rocks, a few seagulls in the sky.",euler_ancestral,simple,9,1.0,1.0,1024,1280,F1cartoon_lighthouse_blk27_neg_d0.250_krea2_seed5772156,F1cartoon_lighthouse_blk27_neg_d0.250_krea2_seed5772156_00001_.png
127,F1cartoon_lighthouse,F1cartoon,lighthouse,5772156,blk09_pos_d0.450,"0.000,0.000,0.000,0.000,0.000,0.000,0.000,0.000,0.000,0.450,0.000,0.000,0.000,0.000,0.000,0.000,0.000,0.000,0.000,0.000,0.000,0.000,0.000,0.000,0.000,0.000,0.000,0.000,0.000,0.000,0.000,0.000,0.000,0.000","Cartoon style illustration. a white lighthouse on a rocky coast at dusk, waves breaking on the rocks, a few seagulls in the sky.",euler_ancestral,simple,9,1.0,1.0,1024,1280,F1cartoon_lighthouse_blk09_pos_d0.450_krea2_seed5772156,F1cartoon_lighthouse_blk09_pos_d0.450_krea2_seed5772156_00001_.png
128,F1cartoon_lighthouse,F1cartoon,lighthouse,5772156,combo,"0.000,0.000,0.000,0.000,0.000,0.000,0.000,0.000,0.000,0.000,0.000,0.000,0.000,0.000,0.000,0.000,0.200,0.000,0.000,0.000,0.300,0.000,0.000,-0.200,0.000,0.000,0.000,-0.100,0.000,0.000,0.000,0.000,0.000,0.000","Cartoon style illustration. a white lighthouse on a rocky coast at dusk, waves breaking on the rocks, a few seagulls in the sky.",euler_ancestral,simple,9,1.0,1.0,1024,1280,F1cartoon_lighthouse_combo_krea2_seed5772156,F1cartoon_lighthouse_combo_krea2_seed5772156_00001_.png
129,F1cartoon_lighthouse,F1cartoon,lighthouse,5772156,blk03_pos_d0.400,"0.000,0.000,0.000,0.400,0.000,0.000,0.000,0.000,0.000,0.000,0.000,0.000,0.000,0.000,0.000,0.000,0.000,0.000,0.000,0.000,0.000,0.000,0.000,0.000,0.000,0.000,0.000,0.000,0.000,0.000,0.000,0.000,0.000,0.000","Cartoon style illustration. a white lighthouse on a rocky coast at dusk, waves breaking on the rocks, a few seagulls in the sky.",euler_ancestral,simple,9,1.0,1.0,1024,1280,F1cartoon_lighthouse_blk03_pos_d0.400_krea2_seed5772156,F1cartoon_lighthouse_blk03_pos_d0.400_krea2_seed5772156_00001_.png
130,F1cartoon_lighthouse,F1cartoon,lighthouse,5772156,blk06_pos_d0.450,"0.000,0.000,0.000,0.000,0.000,0.000,0.450,0.000,0.000,0.000,0.000,0.000,0.000,0.000,0.000,0.000,0.000,0.000,0.000,0.000,0.000,0.000,0.000,0.000,0.000,0.000,0.000,0.000,0.000,0.000,0.000,0.000,0.000,0.000","Cartoon style illustration. a white lighthouse on a rocky coast at dusk, waves breaking on the rocks, a few seagulls in the sky.",euler_ancestral,simple,9,1.0,1.0,1024,1280,F1cartoon_lighthouse_blk06_pos_d0.450_krea2_seed5772156,F1cartoon_lighthouse_blk06_pos_d0.450_krea2_seed5772156_00001_.png
131,F1cartoon_lighthouse,F1cartoon,lighthouse,5772156,blk13_neg_d0.450,"0.000,0.000,0.000,0.000,0.000,0.000,0.000,0.000,0.000,0.000,0.000,0.000,0.000,-0.450,0.000,0.000,0.000,0.000,0.000,0.000,0.000,0.000,0.000,0.000,0.000,0.000,0.000,0.000,0.000,0.000,0.000,0.000,0.000,0.000","Cartoon style illustration. a white lighthouse on a rocky coast at dusk, waves breaking on the rocks, a few seagulls in the sky.",euler_ancestral,simple,9,1.0,1.0,1024,1280,F1cartoon_lighthouse_blk13_neg_d0.450_krea2_seed5772156,F1cartoon_lighthouse_blk13_neg_d0.450_krea2_seed5772156_00001_.png
132,F1cartoon_lighthouse,F1cartoon,lighthouse,5772156,blk17_pos_d0.400,"0.000,0.000,0.000,0.000,0.000,0.000,0.000,0.000,0.000,0.000,0.000,0.000,0.000,0.000,0.000,0.000,0.000,0.400,0.000,0.000,0.000,0.000,0.000,0.000,0.000,0.000,0.000,0.000,0.000,0.000,0.000,0.000,0.000,0.000","Cartoon style illustration. a white lighthouse on a rocky coast at dusk, waves breaking on the rocks, a few seagulls in the sky.",euler_ancestral,simple,9,1.0,1.0,1024,1280,F1cartoon_lighthouse_blk17_pos_d0.400_krea2_seed5772156,F1cartoon_lighthouse_blk17_pos_d0.400_krea2_seed5772156_00001_.png
133,F1cartoon_lighthouse,F1cartoon,lighthouse,1414213,baseline,,"Cartoon style illustration. a white lighthouse on a rocky coast at dusk, waves breaking on the rocks, a few seagulls in the sky.",euler_ancestral,simple,9,1.0,1.0,1024,1280,F1cartoon_lighthouse_baseline_krea2_seed1414213,F1cartoon_lighthouse_baseline_krea2_seed1414213_00001_.png
134,F1cartoon_lighthouse,F1cartoon,lighthouse,1414213,blk16_pos_d0.300,"0.000,0.000,0.000,0.000,0.000,0.000,0.000,0.000,0.000,0.000,0.000,0.000,0.000,0.000,0.000,0.000,0.300,0.000,0.000,0.000,0.000,0.000,0.000,0.000,0.000,0.000,0.000,0.000,0.000,0.000,0.000,0.000,0.000,0.000","Cartoon style illustration. a white lighthouse on a rocky coast at dusk, waves breaking on the rocks, a few seagulls in the sky.",euler_ancestral,simple,9,1.0,1.0,1024,1280,F1cartoon_lighthouse_blk16_pos_d0.300_krea2_seed1414213,F1cartoon_lighthouse_blk16_pos_d0.300_krea2_seed1414213_00001_.png
135,F1cartoon_lighthouse,F1cartoon,lighthouse,1414213,blk20_pos_d0.450,"0.000,0.000,0.000,0.000,0.000,0.000,0.000,0.000,0.000,0.000,0.000,0.000,0.000,0.000,0.000,0.000,0.000,0.000,0.000,0.000,0.450,0.000,0.000,0.000,0.000,0.000,0.000,0.000,0.000,0.000,0.000,0.000,0.000,0.000","Cartoon style illustration. a white lighthouse on a rocky coast at dusk, waves breaking on the rocks, a few seagulls in the sky.",euler_ancestral,simple,9,1.0,1.0,1024,1280,F1cartoon_lighthouse_blk20_pos_d0.450_krea2_seed1414213,F1cartoon_lighthouse_blk20_pos_d0.450_krea2_seed1414213_00001_.png
136,F1cartoon_lighthouse,F1cartoon,lighthouse,1414213,blk23_neg_d0.300,"0.000,0.000,0.000,0.000,0.000,0.000,0.000,0.000,0.000,0.000,0.000,0.000,0.000,0.000,0.000,0.000,0.000,0.000,0.000,0.000,0.000,0.000,0.000,-0.300,0.000,0.000,0.000,0.000,0.000,0.000,0.000,0.000,0.000,0.000","Cartoon style illustration. a white lighthouse on a rocky coast at dusk, waves breaking on the rocks, a few seagulls in the sky.",euler_ancestral,simple,9,1.0,1.0,1024,1280,F1cartoon_lighthouse_blk23_neg_d0.300_krea2_seed1414213,F1cartoon_lighthouse_blk23_neg_d0.300_krea2_seed1414213_00001_.png
137,F1cartoon_lighthouse,F1cartoon,lighthouse,1414213,blk26_pos_d0.150,"0.000,0.000,0.000,0.000,0.000,0.000,0.000,0.000,0.000,0.000,0.000,0.000,0.000,0.000,0.000,0.000,0.000,0.000,0.000,0.000,0.000,0.000,0.000,0.000,0.000,0.000,0.150,0.000,0.000,0.000,0.000,0.000,0.000,0.000","Cartoon style illustration. a white lighthouse on a rocky coast at dusk, waves breaking on the rocks, a few seagulls in the sky.",euler_ancestral,simple,9,1.0,1.0,1024,1280,F1cartoon_lighthouse_blk26_pos_d0.150_krea2_seed1414213,F1cartoon_lighthouse_blk26_pos_d0.150_krea2_seed1414213_00001_.png
138,F1cartoon_lighthouse,F1cartoon,lighthouse,1414213,blk27_neg_d0.250,"0.000,0.000,0.000,0.000,0.000,0.000,0.000,0.000,0.000,0.000,0.000,0.000,0.000,0.000,0.000,0.000,0.000,0.000,0.000,0.000,0.000,0.000,0.000,0.000,0.000,0.000,0.000,-0.250,0.000,0.000,0.000,0.000,0.000,0.000","Cartoon style illustration. a white lighthouse on a rocky coast at dusk, waves breaking on the rocks, a few seagulls in the sky.",euler_ancestral,simple,9,1.0,1.0,1024,1280,F1cartoon_lighthouse_blk27_neg_d0.250_krea2_seed1414213,F1cartoon_lighthouse_blk27_neg_d0.250_krea2_seed1414213_00001_.png
139,F1cartoon_lighthouse,F1cartoon,lighthouse,1414213,blk09_pos_d0.450,"0.000,0.000,0.000,0.000,0.000,0.000,0.000,0.000,0.000,0.450,0.000,0.000,0.000,0.000,0.000,0.000,0.000,0.000,0.000,0.000,0.000,0.000,0.000,0.000,0.000,0.000,0.000,0.000,0.000,0.000,0.000,0.000,0.000,0.000","Cartoon style illustration. a white lighthouse on a rocky coast at dusk, waves breaking on the rocks, a few seagulls in the sky.",euler_ancestral,simple,9,1.0,1.0,1024,1280,F1cartoon_lighthouse_blk09_pos_d0.450_krea2_seed1414213,F1cartoon_lighthouse_blk09_pos_d0.450_krea2_seed1414213_00001_.png
140,F1cartoon_lighthouse,F1cartoon,lighthouse,1414213,combo,"0.000,0.000,0.000,0.000,0.000,0.000,0.000,0.000,0.000,0.000,0.000,0.000,0.000,0.000,0.000,0.000,0.200,0.000,0.000,0.000,0.300,0.000,0.000,-0.200,0.000,0.000,0.000,-0.100,0.000,0.000,0.000,0.000,0.000,0.000","Cartoon style illustration. a white lighthouse on a rocky coast at dusk, waves breaking on the rocks, a few seagulls in the sky.",euler_ancestral,simple,9,1.0,1.0,1024,1280,F1cartoon_lighthouse_combo_krea2_seed1414213,F1cartoon_lighthouse_combo_krea2_seed1414213_00001_.png
141,F1cartoon_lighthouse,F1cartoon,lighthouse,1414213,blk03_pos_d0.400,"0.000,0.000,0.000,0.400,0.000,0.000,0.000,0.000,0.000,0.000,0.000,0.000,0.000,0.000,0.000,0.000,0.000,0.000,0.000,0.000,0.000,0.000,0.000,0.000,0.000,0.000,0.000,0.000,0.000,0.000,0.000,0.000,0.000,0.000","Cartoon style illustration. a white lighthouse on a rocky coast at dusk, waves breaking on the rocks, a few seagulls in the sky.",euler_ancestral,simple,9,1.0,1.0,1024,1280,F1cartoon_lighthouse_blk03_pos_d0.400_krea2_seed1414213,F1cartoon_lighthouse_blk03_pos_d0.400_krea2_seed1414213_00001_.png
142,F1cartoon_lighthouse,F1cartoon,lighthouse,1414213,blk06_pos_d0.450,"0.000,0.000,0.000,0.000,0.000,0.000,0.450,0.000,0.000,0.000,0.000,0.000,0.000,0.000,0.000,0.000,0.000,0.000,0.000,0.000,0.000,0.000,0.000,0.000,0.000,0.000,0.000,0.000,0.000,0.000,0.000,0.000,0.000,0.000","Cartoon style illustration. a white lighthouse on a rocky coast at dusk, waves breaking on the rocks, a few seagulls in the sky.",euler_ancestral,simple,9,1.0,1.0,1024,1280,F1cartoon_lighthouse_blk06_pos_d0.450_krea2_seed1414213,F1cartoon_lighthouse_blk06_pos_d0.450_krea2_seed1414213_00001_.png
143,F1cartoon_lighthouse,F1cartoon,lighthouse,1414213,blk13_neg_d0.450,"0.000,0.000,0.000,0.000,0.000,0.000,0.000,0.000,0.000,0.000,0.000,0.000,0.000,-0.450,0.000,0.000,0.000,0.000,0.000,0.000,0.000,0.000,0.000,0.000,0.000,0.000,0.000,0.000,0.000,0.000,0.000,0.000,0.000,0.000","Cartoon style illustration. a white lighthouse on a rocky coast at dusk, waves breaking on the rocks, a few seagulls in the sky.",euler_ancestral,simple,9,1.0,1.0,1024,1280,F1cartoon_lighthouse_blk13_neg_d0.450_krea2_seed1414213,F1cartoon_lighthouse_blk13_neg_d0.450_krea2_seed1414213_00001_.png
144,F1cartoon_lighthouse,F1cartoon,lighthouse,1414213,blk17_pos_d0.400,"0.000,0.000,0.000,0.000,0.000,0.000,0.000,0.000,0.000,0.000,0.000,0.000,0.000,0.000,0.000,0.000,0.000,0.400,0.000,0.000,0.000,0.000,0.000,0.000,0.000,0.000,0.000,0.000,0.000,0.000,0.000,0.000,0.000,0.000","Cartoon style illustration. a white lighthouse on a rocky coast at dusk, waves breaking on the rocks, a few seagulls in the sky.",euler_ancestral,simple,9,1.0,1.0,1024,1280,F1cartoon_lighthouse_blk17_pos_d0.400_krea2_seed1414213,F1cartoon_lighthouse_blk17_pos_d0.400_krea2_seed1414213_00001_.png
145,F2oil_blacksmith,F2oil,blacksmith,5772156,baseline,,"Oil painting. medium wide shot, static centred composition, eye-level camera, subject centred and filling the middle third of the frame. A blacksmith woman stands behind a heavy oak workbench, facing the viewer, both hands resting flat on the wood. She has coarse dark curls tied back, weathered brown skin, a leather apron over a coarse linen shirt, and a polished steel gauntlet on her left forearm. On the bench lie a hammered copper bowl, a coil of frayed rope, and three rough granite offcuts. Behind her on the left a forge fire glows with a warm orange to deep red gradient, and thin smoke rises against a flat dark stone wall on the right. Cold blue window light falls from the upper left across the steel.",euler_ancestral,simple,9,1.0,1.0,1024,1280,F2oil_blacksmith_baseline_krea2_seed5772156,F2oil_blacksmith_baseline_krea2_seed5772156_00001_.png
146,F2oil_blacksmith,F2oil,blacksmith,5772156,blk16_pos_d0.300,"0.000,0.000,0.000,0.000,0.000,0.000,0.000,0.000,0.000,0.000,0.000,0.000,0.000,0.000,0.000,0.000,0.300,0.000,0.000,0.000,0.000,0.000,0.000,0.000,0.000,0.000,0.000,0.000,0.000,0.000,0.000,0.000,0.000,0.000","Oil painting. medium wide shot, static centred composition, eye-level camera, subject centred and filling the middle third of the frame. A blacksmith woman stands behind a heavy oak workbench, facing the viewer, both hands resting flat on the wood. She has coarse dark curls tied back, weathered brown skin, a leather apron over a coarse linen shirt, and a polished steel gauntlet on her left forearm. On the bench lie a hammered copper bowl, a coil of frayed rope, and three rough granite offcuts. Behind her on the left a forge fire glows with a warm orange to deep red gradient, and thin smoke rises against a flat dark stone wall on the right. Cold blue window light falls from the upper left across the steel.",euler_ancestral,simple,9,1.0,1.0,1024,1280,F2oil_blacksmith_blk16_pos_d0.300_krea2_seed5772156,F2oil_blacksmith_blk16_pos_d0.300_krea2_seed5772156_00001_.png
147,F2oil_blacksmith,F2oil,blacksmith,5772156,blk20_pos_d0.450,"0.000,0.000,0.000,0.000,0.000,0.000,0.000,0.000,0.000,0.000,0.000,0.000,0.000,0.000,0.000,0.000,0.000,0.000,0.000,0.000,0.450,0.000,0.000,0.000,0.000,0.000,0.000,0.000,0.000,0.000,0.000,0.000,0.000,0.000","Oil painting. medium wide shot, static centred composition, eye-level camera, subject centred and filling the middle third of the frame. A blacksmith woman stands behind a heavy oak workbench, facing the viewer, both hands resting flat on the wood. She has coarse dark curls tied back, weathered brown skin, a leather apron over a coarse linen shirt, and a polished steel gauntlet on her left forearm. On the bench lie a hammered copper bowl, a coil of frayed rope, and three rough granite offcuts. Behind her on the left a forge fire glows with a warm orange to deep red gradient, and thin smoke rises against a flat dark stone wall on the right. Cold blue window light falls from the upper left across the steel.",euler_ancestral,simple,9,1.0,1.0,1024,1280,F2oil_blacksmith_blk20_pos_d0.450_krea2_seed5772156,F2oil_blacksmith_blk20_pos_d0.450_krea2_seed5772156_00001_.png
148,F2oil_blacksmith,F2oil,blacksmith,5772156,blk23_neg_d0.300,"0.000,0.000,0.000,0.000,0.000,0.000,0.000,0.000,0.000,0.000,0.000,0.000,0.000,0.000,0.000,0.000,0.000,0.000,0.000,0.000,0.000,0.000,0.000,-0.300,0.000,0.000,0.000,0.000,0.000,0.000,0.000,0.000,0.000,0.000","Oil painting. medium wide shot, static centred composition, eye-level camera, subject centred and filling the middle third of the frame. A blacksmith woman stands behind a heavy oak workbench, facing the viewer, both hands resting flat on the wood. She has coarse dark curls tied back, weathered brown skin, a leather apron over a coarse linen shirt, and a polished steel gauntlet on her left forearm. On the bench lie a hammered copper bowl, a coil of frayed rope, and three rough granite offcuts. Behind her on the left a forge fire glows with a warm orange to deep red gradient, and thin smoke rises against a flat dark stone wall on the right. Cold blue window light falls from the upper left across the steel.",euler_ancestral,simple,9,1.0,1.0,1024,1280,F2oil_blacksmith_blk23_neg_d0.300_krea2_seed5772156,F2oil_blacksmith_blk23_neg_d0.300_krea2_seed5772156_00001_.png
149,F2oil_blacksmith,F2oil,blacksmith,5772156,blk26_pos_d0.150,"0.000,0.000,0.000,0.000,0.000,0.000,0.000,0.000,0.000,0.000,0.000,0.000,0.000,0.000,0.000,0.000,0.000,0.000,0.000,0.000,0.000,0.000,0.000,0.000,0.000,0.000,0.150,0.000,0.000,0.000,0.000,0.000,0.000,0.000","Oil painting. medium wide shot, static centred composition, eye-level camera, subject centred and filling the middle third of the frame. A blacksmith woman stands behind a heavy oak workbench, facing the viewer, both hands resting flat on the wood. She has coarse dark curls tied back, weathered brown skin, a leather apron over a coarse linen shirt, and a polished steel gauntlet on her left forearm. On the bench lie a hammered copper bowl, a coil of frayed rope, and three rough granite offcuts. Behind her on the left a forge fire glows with a warm orange to deep red gradient, and thin smoke rises against a flat dark stone wall on the right. Cold blue window light falls from the upper left across the steel.",euler_ancestral,simple,9,1.0,1.0,1024,1280,F2oil_blacksmith_blk26_pos_d0.150_krea2_seed5772156,F2oil_blacksmith_blk26_pos_d0.150_krea2_seed5772156_00001_.png
150,F2oil_blacksmith,F2oil,blacksmith,5772156,blk27_neg_d0.250,"0.000,0.000,0.000,0.000,0.000,0.000,0.000,0.000,0.000,0.000,0.000,0.000,0.000,0.000,0.000,0.000,0.000,0.000,0.000,0.000,0.000,0.000,0.000,0.000,0.000,0.000,0.000,-0.250,0.000,0.000,0.000,0.000,0.000,0.000","Oil painting. medium wide shot, static centred composition, eye-level camera, subject centred and filling the middle third of the frame. A blacksmith woman stands behind a heavy oak workbench, facing the viewer, both hands resting flat on the wood. She has coarse dark curls tied back, weathered brown skin, a leather apron over a coarse linen shirt, and a polished steel gauntlet on her left forearm. On the bench lie a hammered copper bowl, a coil of frayed rope, and three rough granite offcuts. Behind her on the left a forge fire glows with a warm orange to deep red gradient, and thin smoke rises against a flat dark stone wall on the right. Cold blue window light falls from the upper left across the steel.",euler_ancestral,simple,9,1.0,1.0,1024,1280,F2oil_blacksmith_blk27_neg_d0.250_krea2_seed5772156,F2oil_blacksmith_blk27_neg_d0.250_krea2_seed5772156_00001_.png
151,F2oil_blacksmith,F2oil,blacksmith,5772156,blk09_pos_d0.450,"0.000,0.000,0.000,0.000,0.000,0.000,0.000,0.000,0.000,0.450,0.000,0.000,0.000,0.000,0.000,0.000,0.000,0.000,0.000,0.000,0.000,0.000,0.000,0.000,0.000,0.000,0.000,0.000,0.000,0.000,0.000,0.000,0.000,0.000","Oil painting. medium wide shot, static centred composition, eye-level camera, subject centred and filling the middle third of the frame. A blacksmith woman stands behind a heavy oak workbench, facing the viewer, both hands resting flat on the wood. She has coarse dark curls tied back, weathered brown skin, a leather apron over a coarse linen shirt, and a polished steel gauntlet on her left forearm. On the bench lie a hammered copper bowl, a coil of frayed rope, and three rough granite offcuts. Behind her on the left a forge fire glows with a warm orange to deep red gradient, and thin smoke rises against a flat dark stone wall on the right. Cold blue window light falls from the upper left across the steel.",euler_ancestral,simple,9,1.0,1.0,1024,1280,F2oil_blacksmith_blk09_pos_d0.450_krea2_seed5772156,F2oil_blacksmith_blk09_pos_d0.450_krea2_seed5772156_00001_.png
152,F2oil_blacksmith,F2oil,blacksmith,5772156,combo,"0.000,0.000,0.000,0.000,0.000,0.000,0.000,0.000,0.000,0.000,0.000,0.000,0.000,0.000,0.000,0.000,0.200,0.000,0.000,0.000,0.300,0.000,0.000,-0.200,0.000,0.000,0.000,-0.100,0.000,0.000,0.000,0.000,0.000,0.000","Oil painting. medium wide shot, static centred composition, eye-level camera, subject centred and filling the middle third of the frame. A blacksmith woman stands behind a heavy oak workbench, facing the viewer, both hands resting flat on the wood. She has coarse dark curls tied back, weathered brown skin, a leather apron over a coarse linen shirt, and a polished steel gauntlet on her left forearm. On the bench lie a hammered copper bowl, a coil of frayed rope, and three rough granite offcuts. Behind her on the left a forge fire glows with a warm orange to deep red gradient, and thin smoke rises against a flat dark stone wall on the right. Cold blue window light falls from the upper left across the steel.",euler_ancestral,simple,9,1.0,1.0,1024,1280,F2oil_blacksmith_combo_krea2_seed5772156,F2oil_blacksmith_combo_krea2_seed5772156_00001_.png
153,F2oil_blacksmith,F2oil,blacksmith,5772156,blk03_pos_d0.400,"0.000,0.000,0.000,0.400,0.000,0.000,0.000,0.000,0.000,0.000,0.000,0.000,0.000,0.000,0.000,0.000,0.000,0.000,0.000,0.000,0.000,0.000,0.000,0.000,0.000,0.000,0.000,0.000,0.000,0.000,0.000,0.000,0.000,0.000","Oil painting. medium wide shot, static centred composition, eye-level camera, subject centred and filling the middle third of the frame. A blacksmith woman stands behind a heavy oak workbench, facing the viewer, both hands resting flat on the wood. She has coarse dark curls tied back, weathered brown skin, a leather apron over a coarse linen shirt, and a polished steel gauntlet on her left forearm. On the bench lie a hammered copper bowl, a coil of frayed rope, and three rough granite offcuts. Behind her on the left a forge fire glows with a warm orange to deep red gradient, and thin smoke rises against a flat dark stone wall on the right. Cold blue window light falls from the upper left across the steel.",euler_ancestral,simple,9,1.0,1.0,1024,1280,F2oil_blacksmith_blk03_pos_d0.400_krea2_seed5772156,F2oil_blacksmith_blk03_pos_d0.400_krea2_seed5772156_00001_.png
154,F2oil_blacksmith,F2oil,blacksmith,5772156,blk06_pos_d0.450,"0.000,0.000,0.000,0.000,0.000,0.000,0.450,0.000,0.000,0.000,0.000,0.000,0.000,0.000,0.000,0.000,0.000,0.000,0.000,0.000,0.000,0.000,0.000,0.000,0.000,0.000,0.000,0.000,0.000,0.000,0.000,0.000,0.000,0.000","Oil painting. medium wide shot, static centred composition, eye-level camera, subject centred and filling the middle third of the frame. A blacksmith woman stands behind a heavy oak workbench, facing the viewer, both hands resting flat on the wood. She has coarse dark curls tied back, weathered brown skin, a leather apron over a coarse linen shirt, and a polished steel gauntlet on her left forearm. On the bench lie a hammered copper bowl, a coil of frayed rope, and three rough granite offcuts. Behind her on the left a forge fire glows with a warm orange to deep red gradient, and thin smoke rises against a flat dark stone wall on the right. Cold blue window light falls from the upper left across the steel.",euler_ancestral,simple,9,1.0,1.0,1024,1280,F2oil_blacksmith_blk06_pos_d0.450_krea2_seed5772156,F2oil_blacksmith_blk06_pos_d0.450_krea2_seed5772156_00001_.png
155,F2oil_blacksmith,F2oil,blacksmith,5772156,blk13_neg_d0.450,"0.000,0.000,0.000,0.000,0.000,0.000,0.000,0.000,0.000,0.000,0.000,0.000,0.000,-0.450,0.000,0.000,0.000,0.000,0.000,0.000,0.000,0.000,0.000,0.000,0.000,0.000,0.000,0.000,0.000,0.000,0.000,0.000,0.000,0.000","Oil painting. medium wide shot, static centred composition, eye-level camera, subject centred and filling the middle third of the frame. A blacksmith woman stands behind a heavy oak workbench, facing the viewer, both hands resting flat on the wood. She has coarse dark curls tied back, weathered brown skin, a leather apron over a coarse linen shirt, and a polished steel gauntlet on her left forearm. On the bench lie a hammered copper bowl, a coil of frayed rope, and three rough granite offcuts. Behind her on the left a forge fire glows with a warm orange to deep red gradient, and thin smoke rises against a flat dark stone wall on the right. Cold blue window light falls from the upper left across the steel.",euler_ancestral,simple,9,1.0,1.0,1024,1280,F2oil_blacksmith_blk13_neg_d0.450_krea2_seed5772156,F2oil_blacksmith_blk13_neg_d0.450_krea2_seed5772156_00001_.png
156,F2oil_blacksmith,F2oil,blacksmith,5772156,blk17_pos_d0.400,"0.000,0.000,0.000,0.000,0.000,0.000,0.000,0.000,0.000,0.000,0.000,0.000,0.000,0.000,0.000,0.000,0.000,0.400,0.000,0.000,0.000,0.000,0.000,0.000,0.000,0.000,0.000,0.000,0.000,0.000,0.000,0.000,0.000,0.000","Oil painting. medium wide shot, static centred composition, eye-level camera, subject centred and filling the middle third of the frame. A blacksmith woman stands behind a heavy oak workbench, facing the viewer, both hands resting flat on the wood. She has coarse dark curls tied back, weathered brown skin, a leather apron over a coarse linen shirt, and a polished steel gauntlet on her left forearm. On the bench lie a hammered copper bowl, a coil of frayed rope, and three rough granite offcuts. Behind her on the left a forge fire glows with a warm orange to deep red gradient, and thin smoke rises against a flat dark stone wall on the right. Cold blue window light falls from the upper left across the steel.",euler_ancestral,simple,9,1.0,1.0,1024,1280,F2oil_blacksmith_blk17_pos_d0.400_krea2_seed5772156,F2oil_blacksmith_blk17_pos_d0.400_krea2_seed5772156_00001_.png
157,F2oil_blacksmith,F2oil,blacksmith,1414213,baseline,,"Oil painting. medium wide shot, static centred composition, eye-level camera, subject centred and filling the middle third of the frame. A blacksmith woman stands behind a heavy oak workbench, facing the viewer, both hands resting flat on the wood. She has coarse dark curls tied back, weathered brown skin, a leather apron over a coarse linen shirt, and a polished steel gauntlet on her left forearm. On the bench lie a hammered copper bowl, a coil of frayed rope, and three rough granite offcuts. Behind her on the left a forge fire glows with a warm orange to deep red gradient, and thin smoke rises against a flat dark stone wall on the right. Cold blue window light falls from the upper left across the steel.",euler_ancestral,simple,9,1.0,1.0,1024,1280,F2oil_blacksmith_baseline_krea2_seed1414213,F2oil_blacksmith_baseline_krea2_seed1414213_00001_.png
158,F2oil_blacksmith,F2oil,blacksmith,1414213,blk16_pos_d0.300,"0.000,0.000,0.000,0.000,0.000,0.000,0.000,0.000,0.000,0.000,0.000,0.000,0.000,0.000,0.000,0.000,0.300,0.000,0.000,0.000,0.000,0.000,0.000,0.000,0.000,0.000,0.000,0.000,0.000,0.000,0.000,0.000,0.000,0.000","Oil painting. medium wide shot, static centred composition, eye-level camera, subject centred and filling the middle third of the frame. A blacksmith woman stands behind a heavy oak workbench, facing the viewer, both hands resting flat on the wood. She has coarse dark curls tied back, weathered brown skin, a leather apron over a coarse linen shirt, and a polished steel gauntlet on her left forearm. On the bench lie a hammered copper bowl, a coil of frayed rope, and three rough granite offcuts. Behind her on the left a forge fire glows with a warm orange to deep red gradient, and thin smoke rises against a flat dark stone wall on the right. Cold blue window light falls from the upper left across the steel.",euler_ancestral,simple,9,1.0,1.0,1024,1280,F2oil_blacksmith_blk16_pos_d0.300_krea2_seed1414213,F2oil_blacksmith_blk16_pos_d0.300_krea2_seed1414213_00001_.png
159,F2oil_blacksmith,F2oil,blacksmith,1414213,blk20_pos_d0.450,"0.000,0.000,0.000,0.000,0.000,0.000,0.000,0.000,0.000,0.000,0.000,0.000,0.000,0.000,0.000,0.000,0.000,0.000,0.000,0.000,0.450,0.000,0.000,0.000,0.000,0.000,0.000,0.000,0.000,0.000,0.000,0.000,0.000,0.000","Oil painting. medium wide shot, static centred composition, eye-level camera, subject centred and filling the middle third of the frame. A blacksmith woman stands behind a heavy oak workbench, facing the viewer, both hands resting flat on the wood. She has coarse dark curls tied back, weathered brown skin, a leather apron over a coarse linen shirt, and a polished steel gauntlet on her left forearm. On the bench lie a hammered copper bowl, a coil of frayed rope, and three rough granite offcuts. Behind her on the left a forge fire glows with a warm orange to deep red gradient, and thin smoke rises against a flat dark stone wall on the right. Cold blue window light falls from the upper left across the steel.",euler_ancestral,simple,9,1.0,1.0,1024,1280,F2oil_blacksmith_blk20_pos_d0.450_krea2_seed1414213,F2oil_blacksmith_blk20_pos_d0.450_krea2_seed1414213_00001_.png
160,F2oil_blacksmith,F2oil,blacksmith,1414213,blk23_neg_d0.300,"0.000,0.000,0.000,0.000,0.000,0.000,0.000,0.000,0.000,0.000,0.000,0.000,0.000,0.000,0.000,0.000,0.000,0.000,0.000,0.000,0.000,0.000,0.000,-0.300,0.000,0.000,0.000,0.000,0.000,0.000,0.000,0.000,0.000,0.000","Oil painting. medium wide shot, static centred composition, eye-level camera, subject centred and filling the middle third of the frame. A blacksmith woman stands behind a heavy oak workbench, facing the viewer, both hands resting flat on the wood. She has coarse dark curls tied back, weathered brown skin, a leather apron over a coarse linen shirt, and a polished steel gauntlet on her left forearm. On the bench lie a hammered copper bowl, a coil of frayed rope, and three rough granite offcuts. Behind her on the left a forge fire glows with a warm orange to deep red gradient, and thin smoke rises against a flat dark stone wall on the right. Cold blue window light falls from the upper left across the steel.",euler_ancestral,simple,9,1.0,1.0,1024,1280,F2oil_blacksmith_blk23_neg_d0.300_krea2_seed1414213,F2oil_blacksmith_blk23_neg_d0.300_krea2_seed1414213_00001_.png
161,F2oil_blacksmith,F2oil,blacksmith,1414213,blk26_pos_d0.150,"0.000,0.000,0.000,0.000,0.000,0.000,0.000,0.000,0.000,0.000,0.000,0.000,0.000,0.000,0.000,0.000,0.000,0.000,0.000,0.000,0.000,0.000,0.000,0.000,0.000,0.000,0.150,0.000,0.000,0.000,0.000,0.000,0.000,0.000","Oil painting. medium wide shot, static centred composition, eye-level camera, subject centred and filling the middle third of the frame. A blacksmith woman stands behind a heavy oak workbench, facing the viewer, both hands resting flat on the wood. She has coarse dark curls tied back, weathered brown skin, a leather apron over a coarse linen shirt, and a polished steel gauntlet on her left forearm. On the bench lie a hammered copper bowl, a coil of frayed rope, and three rough granite offcuts. Behind her on the left a forge fire glows with a warm orange to deep red gradient, and thin smoke rises against a flat dark stone wall on the right. Cold blue window light falls from the upper left across the steel.",euler_ancestral,simple,9,1.0,1.0,1024,1280,F2oil_blacksmith_blk26_pos_d0.150_krea2_seed1414213,F2oil_blacksmith_blk26_pos_d0.150_krea2_seed1414213_00001_.png
162,F2oil_blacksmith,F2oil,blacksmith,1414213,blk27_neg_d0.250,"0.000,0.000,0.000,0.000,0.000,0.000,0.000,0.000,0.000,0.000,0.000,0.000,0.000,0.000,0.000,0.000,0.000,0.000,0.000,0.000,0.000,0.000,0.000,0.000,0.000,0.000,0.000,-0.250,0.000,0.000,0.000,0.000,0.000,0.000","Oil painting. medium wide shot, static centred composition, eye-level camera, subject centred and filling the middle third of the frame. A blacksmith woman stands behind a heavy oak workbench, facing the viewer, both hands resting flat on the wood. She has coarse dark curls tied back, weathered brown skin, a leather apron over a coarse linen shirt, and a polished steel gauntlet on her left forearm. On the bench lie a hammered copper bowl, a coil of frayed rope, and three rough granite offcuts. Behind her on the left a forge fire glows with a warm orange to deep red gradient, and thin smoke rises against a flat dark stone wall on the right. Cold blue window light falls from the upper left across the steel.",euler_ancestral,simple,9,1.0,1.0,1024,1280,F2oil_blacksmith_blk27_neg_d0.250_krea2_seed1414213,F2oil_blacksmith_blk27_neg_d0.250_krea2_seed1414213_00001_.png
163,F2oil_blacksmith,F2oil,blacksmith,1414213,blk09_pos_d0.450,"0.000,0.000,0.000,0.000,0.000,0.000,0.000,0.000,0.000,0.450,0.000,0.000,0.000,0.000,0.000,0.000,0.000,0.000,0.000,0.000,0.000,0.000,0.000,0.000,0.000,0.000,0.000,0.000,0.000,0.000,0.000,0.000,0.000,0.000","Oil painting. medium wide shot, static centred composition, eye-level camera, subject centred and filling the middle third of the frame. A blacksmith woman stands behind a heavy oak workbench, facing the viewer, both hands resting flat on the wood. She has coarse dark curls tied back, weathered brown skin, a leather apron over a coarse linen shirt, and a polished steel gauntlet on her left forearm. On the bench lie a hammered copper bowl, a coil of frayed rope, and three rough granite offcuts. Behind her on the left a forge fire glows with a warm orange to deep red gradient, and thin smoke rises against a flat dark stone wall on the right. Cold blue window light falls from the upper left across the steel.",euler_ancestral,simple,9,1.0,1.0,1024,1280,F2oil_blacksmith_blk09_pos_d0.450_krea2_seed1414213,F2oil_blacksmith_blk09_pos_d0.450_krea2_seed1414213_00001_.png
164,F2oil_blacksmith,F2oil,blacksmith,1414213,combo,"0.000,0.000,0.000,0.000,0.000,0.000,0.000,0.000,0.000,0.000,0.000,0.000,0.000,0.000,0.000,0.000,0.200,0.000,0.000,0.000,0.300,0.000,0.000,-0.200,0.000,0.000,0.000,-0.100,0.000,0.000,0.000,0.000,0.000,0.000","Oil painting. medium wide shot, static centred composition, eye-level camera, subject centred and filling the middle third of the frame. A blacksmith woman stands behind a heavy oak workbench, facing the viewer, both hands resting flat on the wood. She has coarse dark curls tied back, weathered brown skin, a leather apron over a coarse linen shirt, and a polished steel gauntlet on her left forearm. On the bench lie a hammered copper bowl, a coil of frayed rope, and three rough granite offcuts. Behind her on the left a forge fire glows with a warm orange to deep red gradient, and thin smoke rises against a flat dark stone wall on the right. Cold blue window light falls from the upper left across the steel.",euler_ancestral,simple,9,1.0,1.0,1024,1280,F2oil_blacksmith_combo_krea2_seed1414213,F2oil_blacksmith_combo_krea2_seed1414213_00001_.png
165,F2oil_blacksmith,F2oil,blacksmith,1414213,blk03_pos_d0.400,"0.000,0.000,0.000,0.400,0.000,0.000,0.000,0.000,0.000,0.000,0.000,0.000,0.000,0.000,0.000,0.000,0.000,0.000,0.000,0.000,0.000,0.000,0.000,0.000,0.000,0.000,0.000,0.000,0.000,0.000,0.000,0.000,0.000,0.000","Oil painting. medium wide shot, static centred composition, eye-level camera, subject centred and filling the middle third of the frame. A blacksmith woman stands behind a heavy oak workbench, facing the viewer, both hands resting flat on the wood. She has coarse dark curls tied back, weathered brown skin, a leather apron over a coarse linen shirt, and a polished steel gauntlet on her left forearm. On the bench lie a hammered copper bowl, a coil of frayed rope, and three rough granite offcuts. Behind her on the left a forge fire glows with a warm orange to deep red gradient, and thin smoke rises against a flat dark stone wall on the right. Cold blue window light falls from the upper left across the steel.",euler_ancestral,simple,9,1.0,1.0,1024,1280,F2oil_blacksmith_blk03_pos_d0.400_krea2_seed1414213,F2oil_blacksmith_blk03_pos_d0.400_krea2_seed1414213_00001_.png
166,F2oil_blacksmith,F2oil,blacksmith,1414213,blk06_pos_d0.450,"0.000,0.000,0.000,0.000,0.000,0.000,0.450,0.000,0.000,0.000,0.000,0.000,0.000,0.000,0.000,0.000,0.000,0.000,0.000,0.000,0.000,0.000,0.000,0.000,0.000,0.000,0.000,0.000,0.000,0.000,0.000,0.000,0.000,0.000","Oil painting. medium wide shot, static centred composition, eye-level camera, subject centred and filling the middle third of the frame. A blacksmith woman stands behind a heavy oak workbench, facing the viewer, both hands resting flat on the wood. She has coarse dark curls tied back, weathered brown skin, a leather apron over a coarse linen shirt, and a polished steel gauntlet on her left forearm. On the bench lie a hammered copper bowl, a coil of frayed rope, and three rough granite offcuts. Behind her on the left a forge fire glows with a warm orange to deep red gradient, and thin smoke rises against a flat dark stone wall on the right. Cold blue window light falls from the upper left across the steel.",euler_ancestral,simple,9,1.0,1.0,1024,1280,F2oil_blacksmith_blk06_pos_d0.450_krea2_seed1414213,F2oil_blacksmith_blk06_pos_d0.450_krea2_seed1414213_00001_.png
167,F2oil_blacksmith,F2oil,blacksmith,1414213,blk13_neg_d0.450,"0.000,0.000,0.000,0.000,0.000,0.000,0.000,0.000,0.000,0.000,0.000,0.000,0.000,-0.450,0.000,0.000,0.000,0.000,0.000,0.000,0.000,0.000,0.000,0.000,0.000,0.000,0.000,0.000,0.000,0.000,0.000,0.000,0.000,0.000","Oil painting. medium wide shot, static centred composition, eye-level camera, subject centred and filling the middle third of the frame. A blacksmith woman stands behind a heavy oak workbench, facing the viewer, both hands resting flat on the wood. She has coarse dark curls tied back, weathered brown skin, a leather apron over a coarse linen shirt, and a polished steel gauntlet on her left forearm. On the bench lie a hammered copper bowl, a coil of frayed rope, and three rough granite offcuts. Behind her on the left a forge fire glows with a warm orange to deep red gradient, and thin smoke rises against a flat dark stone wall on the right. Cold blue window light falls from the upper left across the steel.",euler_ancestral,simple,9,1.0,1.0,1024,1280,F2oil_blacksmith_blk13_neg_d0.450_krea2_seed1414213,F2oil_blacksmith_blk13_neg_d0.450_krea2_seed1414213_00001_.png
168,F2oil_blacksmith,F2oil,blacksmith,1414213,blk17_pos_d0.400,"0.000,0.000,0.000,0.000,0.000,0.000,0.000,0.000,0.000,0.000,0.000,0.000,0.000,0.000,0.000,0.000,0.000,0.400,0.000,0.000,0.000,0.000,0.000,0.000,0.000,0.000,0.000,0.000,0.000,0.000,0.000,0.000,0.000,0.000","Oil painting. medium wide shot, static centred composition, eye-level camera, subject centred and filling the middle third of the frame. A blacksmith woman stands behind a heavy oak workbench, facing the viewer, both hands resting flat on the wood. She has coarse dark curls tied back, weathered brown skin, a leather apron over a coarse linen shirt, and a polished steel gauntlet on her left forearm. On the bench lie a hammered copper bowl, a coil of frayed rope, and three rough granite offcuts. Behind her on the left a forge fire glows with a warm orange to deep red gradient, and thin smoke rises against a flat dark stone wall on the right. Cold blue window light falls from the upper left across the steel.",euler_ancestral,simple,9,1.0,1.0,1024,1280,F2oil_blacksmith_blk17_pos_d0.400_krea2_seed1414213,F2oil_blacksmith_blk17_pos_d0.400_krea2_seed1414213_00001_.png
169,F2oil_rally,F2oil,rally,5772156,baseline,,"Oil painting. a yellow and blue rally car cruising in a deep jungle, uneven street, daylight, lush plants, humidity, reflective ponds.",euler_ancestral,simple,9,1.0,1.0,1024,1280,F2oil_rally_baseline_krea2_seed5772156,F2oil_rally_baseline_krea2_seed5772156_00001_.png
170,F2oil_rally,F2oil,rally,5772156,blk16_pos_d0.300,"0.000,0.000,0.000,0.000,0.000,0.000,0.000,0.000,0.000,0.000,0.000,0.000,0.000,0.000,0.000,0.000,0.300,0.000,0.000,0.000,0.000,0.000,0.000,0.000,0.000,0.000,0.000,0.000,0.000,0.000,0.000,0.000,0.000,0.000","Oil painting. a yellow and blue rally car cruising in a deep jungle, uneven street, daylight, lush plants, humidity, reflective ponds.",euler_ancestral,simple,9,1.0,1.0,1024,1280,F2oil_rally_blk16_pos_d0.300_krea2_seed5772156,F2oil_rally_blk16_pos_d0.300_krea2_seed5772156_00001_.png
171,F2oil_rally,F2oil,rally,5772156,blk20_pos_d0.450,"0.000,0.000,0.000,0.000,0.000,0.000,0.000,0.000,0.000,0.000,0.000,0.000,0.000,0.000,0.000,0.000,0.000,0.000,0.000,0.000,0.450,0.000,0.000,0.000,0.000,0.000,0.000,0.000,0.000,0.000,0.000,0.000,0.000,0.000","Oil painting. a yellow and blue rally car cruising in a deep jungle, uneven street, daylight, lush plants, humidity, reflective ponds.",euler_ancestral,simple,9,1.0,1.0,1024,1280,F2oil_rally_blk20_pos_d0.450_krea2_seed5772156,F2oil_rally_blk20_pos_d0.450_krea2_seed5772156_00001_.png
172,F2oil_rally,F2oil,rally,5772156,blk23_neg_d0.300,"0.000,0.000,0.000,0.000,0.000,0.000,0.000,0.000,0.000,0.000,0.000,0.000,0.000,0.000,0.000,0.000,0.000,0.000,0.000,0.000,0.000,0.000,0.000,-0.300,0.000,0.000,0.000,0.000,0.000,0.000,0.000,0.000,0.000,0.000","Oil painting. a yellow and blue rally car cruising in a deep jungle, uneven street, daylight, lush plants, humidity, reflective ponds.",euler_ancestral,simple,9,1.0,1.0,1024,1280,F2oil_rally_blk23_neg_d0.300_krea2_seed5772156,F2oil_rally_blk23_neg_d0.300_krea2_seed5772156_00001_.png
173,F2oil_rally,F2oil,rally,5772156,blk26_pos_d0.150,"0.000,0.000,0.000,0.000,0.000,0.000,0.000,0.000,0.000,0.000,0.000,0.000,0.000,0.000,0.000,0.000,0.000,0.000,0.000,0.000,0.000,0.000,0.000,0.000,0.000,0.000,0.150,0.000,0.000,0.000,0.000,0.000,0.000,0.000","Oil painting. a yellow and blue rally car cruising in a deep jungle, uneven street, daylight, lush plants, humidity, reflective ponds.",euler_ancestral,simple,9,1.0,1.0,1024,1280,F2oil_rally_blk26_pos_d0.150_krea2_seed5772156,F2oil_rally_blk26_pos_d0.150_krea2_seed5772156_00001_.png
174,F2oil_rally,F2oil,rally,5772156,blk27_neg_d0.250,"0.000,0.000,0.000,0.000,0.000,0.000,0.000,0.000,0.000,0.000,0.000,0.000,0.000,0.000,0.000,0.000,0.000,0.000,0.000,0.000,0.000,0.000,0.000,0.000,0.000,0.000,0.000,-0.250,0.000,0.000,0.000,0.000,0.000,0.000","Oil painting. a yellow and blue rally car cruising in a deep jungle, uneven street, daylight, lush plants, humidity, reflective ponds.",euler_ancestral,simple,9,1.0,1.0,1024,1280,F2oil_rally_blk27_neg_d0.250_krea2_seed5772156,F2oil_rally_blk27_neg_d0.250_krea2_seed5772156_00001_.png
175,F2oil_rally,F2oil,rally,5772156,blk09_pos_d0.450,"0.000,0.000,0.000,0.000,0.000,0.000,0.000,0.000,0.000,0.450,0.000,0.000,0.000,0.000,0.000,0.000,0.000,0.000,0.000,0.000,0.000,0.000,0.000,0.000,0.000,0.000,0.000,0.000,0.000,0.000,0.000,0.000,0.000,0.000","Oil painting. a yellow and blue rally car cruising in a deep jungle, uneven street, daylight, lush plants, humidity, reflective ponds.",euler_ancestral,simple,9,1.0,1.0,1024,1280,F2oil_rally_blk09_pos_d0.450_krea2_seed5772156,F2oil_rally_blk09_pos_d0.450_krea2_seed5772156_00001_.png
176,F2oil_rally,F2oil,rally,5772156,combo,"0.000,0.000,0.000,0.000,0.000,0.000,0.000,0.000,0.000,0.000,0.000,0.000,0.000,0.000,0.000,0.000,0.200,0.000,0.000,0.000,0.300,0.000,0.000,-0.200,0.000,0.000,0.000,-0.100,0.000,0.000,0.000,0.000,0.000,0.000","Oil painting. a yellow and blue rally car cruising in a deep jungle, uneven street, daylight, lush plants, humidity, reflective ponds.",euler_ancestral,simple,9,1.0,1.0,1024,1280,F2oil_rally_combo_krea2_seed5772156,F2oil_rally_combo_krea2_seed5772156_00001_.png
177,F2oil_rally,F2oil,rally,5772156,blk03_pos_d0.400,"0.000,0.000,0.000,0.400,0.000,0.000,0.000,0.000,0.000,0.000,0.000,0.000,0.000,0.000,0.000,0.000,0.000,0.000,0.000,0.000,0.000,0.000,0.000,0.000,0.000,0.000,0.000,0.000,0.000,0.000,0.000,0.000,0.000,0.000","Oil painting. a yellow and blue rally car cruising in a deep jungle, uneven street, daylight, lush plants, humidity, reflective ponds.",euler_ancestral,simple,9,1.0,1.0,1024,1280,F2oil_rally_blk03_pos_d0.400_krea2_seed5772156,F2oil_rally_blk03_pos_d0.400_krea2_seed5772156_00001_.png
178,F2oil_rally,F2oil,rally,5772156,blk06_pos_d0.450,"0.000,0.000,0.000,0.000,0.000,0.000,0.450,0.000,0.000,0.000,0.000,0.000,0.000,0.000,0.000,0.000,0.000,0.000,0.000,0.000,0.000,0.000,0.000,0.000,0.000,0.000,0.000,0.000,0.000,0.000,0.000,0.000,0.000,0.000","Oil painting. a yellow and blue rally car cruising in a deep jungle, uneven street, daylight, lush plants, humidity, reflective ponds.",euler_ancestral,simple,9,1.0,1.0,1024,1280,F2oil_rally_blk06_pos_d0.450_krea2_seed5772156,F2oil_rally_blk06_pos_d0.450_krea2_seed5772156_00001_.png
179,F2oil_rally,F2oil,rally,5772156,blk13_neg_d0.450,"0.000,0.000,0.000,0.000,0.000,0.000,0.000,0.000,0.000,0.000,0.000,0.000,0.000,-0.450,0.000,0.000,0.000,0.000,0.000,0.000,0.000,0.000,0.000,0.000,0.000,0.000,0.000,0.000,0.000,0.000,0.000,0.000,0.000,0.000","Oil painting. a yellow and blue rally car cruising in a deep jungle, uneven street, daylight, lush plants, humidity, reflective ponds.",euler_ancestral,simple,9,1.0,1.0,1024,1280,F2oil_rally_blk13_neg_d0.450_krea2_seed5772156,F2oil_rally_blk13_neg_d0.450_krea2_seed5772156_00001_.png
180,F2oil_rally,F2oil,rally,5772156,blk17_pos_d0.400,"0.000,0.000,0.000,0.000,0.000,0.000,0.000,0.000,0.000,0.000,0.000,0.000,0.000,0.000,0.000,0.000,0.000,0.400,0.000,0.000,0.000,0.000,0.000,0.000,0.000,0.000,0.000,0.000,0.000,0.000,0.000,0.000,0.000,0.000","Oil painting. a yellow and blue rally car cruising in a deep jungle, uneven street, daylight, lush plants, humidity, reflective ponds.",euler_ancestral,simple,9,1.0,1.0,1024,1280,F2oil_rally_blk17_pos_d0.400_krea2_seed5772156,F2oil_rally_blk17_pos_d0.400_krea2_seed5772156_00001_.png
181,F2oil_rally,F2oil,rally,1414213,baseline,,"Oil painting. a yellow and blue rally car cruising in a deep jungle, uneven street, daylight, lush plants, humidity, reflective ponds.",euler_ancestral,simple,9,1.0,1.0,1024,1280,F2oil_rally_baseline_krea2_seed1414213,F2oil_rally_baseline_krea2_seed1414213_00001_.png
182,F2oil_rally,F2oil,rally,1414213,blk16_pos_d0.300,"0.000,0.000,0.000,0.000,0.000,0.000,0.000,0.000,0.000,0.000,0.000,0.000,0.000,0.000,0.000,0.000,0.300,0.000,0.000,0.000,0.000,0.000,0.000,0.000,0.000,0.000,0.000,0.000,0.000,0.000,0.000,0.000,0.000,0.000","Oil painting. a yellow and blue rally car cruising in a deep jungle, uneven street, daylight, lush plants, humidity, reflective ponds.",euler_ancestral,simple,9,1.0,1.0,1024,1280,F2oil_rally_blk16_pos_d0.300_krea2_seed1414213,F2oil_rally_blk16_pos_d0.300_krea2_seed1414213_00001_.png
183,F2oil_rally,F2oil,rally,1414213,blk20_pos_d0.450,"0.000,0.000,0.000,0.000,0.000,0.000,0.000,0.000,0.000,0.000,0.000,0.000,0.000,0.000,0.000,0.000,0.000,0.000,0.000,0.000,0.450,0.000,0.000,0.000,0.000,0.000,0.000,0.000,0.000,0.000,0.000,0.000,0.000,0.000","Oil painting. a yellow and blue rally car cruising in a deep jungle, uneven street, daylight, lush plants, humidity, reflective ponds.",euler_ancestral,simple,9,1.0,1.0,1024,1280,F2oil_rally_blk20_pos_d0.450_krea2_seed1414213,F2oil_rally_blk20_pos_d0.450_krea2_seed1414213_00001_.png
184,F2oil_rally,F2oil,rally,1414213,blk23_neg_d0.300,"0.000,0.000,0.000,0.000,0.000,0.000,0.000,0.000,0.000,0.000,0.000,0.000,0.000,0.000,0.000,0.000,0.000,0.000,0.000,0.000,0.000,0.000,0.000,-0.300,0.000,0.000,0.000,0.000,0.000,0.000,0.000,0.000,0.000,0.000","Oil painting. a yellow and blue rally car cruising in a deep jungle, uneven street, daylight, lush plants, humidity, reflective ponds.",euler_ancestral,simple,9,1.0,1.0,1024,1280,F2oil_rally_blk23_neg_d0.300_krea2_seed1414213,F2oil_rally_blk23_neg_d0.300_krea2_seed1414213_00001_.png
185,F2oil_rally,F2oil,rally,1414213,blk26_pos_d0.150,"0.000,0.000,0.000,0.000,0.000,0.000,0.000,0.000,0.000,0.000,0.000,0.000,0.000,0.000,0.000,0.000,0.000,0.000,0.000,0.000,0.000,0.000,0.000,0.000,0.000,0.000,0.150,0.000,0.000,0.000,0.000,0.000,0.000,0.000","Oil painting. a yellow and blue rally car cruising in a deep jungle, uneven street, daylight, lush plants, humidity, reflective ponds.",euler_ancestral,simple,9,1.0,1.0,1024,1280,F2oil_rally_blk26_pos_d0.150_krea2_seed1414213,F2oil_rally_blk26_pos_d0.150_krea2_seed1414213_00001_.png
186,F2oil_rally,F2oil,rally,1414213,blk27_neg_d0.250,"0.000,0.000,0.000,0.000,0.000,0.000,0.000,0.000,0.000,0.000,0.000,0.000,0.000,0.000,0.000,0.000,0.000,0.000,0.000,0.000,0.000,0.000,0.000,0.000,0.000,0.000,0.000,-0.250,0.000,0.000,0.000,0.000,0.000,0.000","Oil painting. a yellow and blue rally car cruising in a deep jungle, uneven street, daylight, lush plants, humidity, reflective ponds.",euler_ancestral,simple,9,1.0,1.0,1024,1280,F2oil_rally_blk27_neg_d0.250_krea2_seed1414213,F2oil_rally_blk27_neg_d0.250_krea2_seed1414213_00001_.png
187,F2oil_rally,F2oil,rally,1414213,blk09_pos_d0.450,"0.000,0.000,0.000,0.000,0.000,0.000,0.000,0.000,0.000,0.450,0.000,0.000,0.000,0.000,0.000,0.000,0.000,0.000,0.000,0.000,0.000,0.000,0.000,0.000,0.000,0.000,0.000,0.000,0.000,0.000,0.000,0.000,0.000,0.000","Oil painting. a yellow and blue rally car cruising in a deep jungle, uneven street, daylight, lush plants, humidity, reflective ponds.",euler_ancestral,simple,9,1.0,1.0,1024,1280,F2oil_rally_blk09_pos_d0.450_krea2_seed1414213,F2oil_rally_blk09_pos_d0.450_krea2_seed1414213_00001_.png
188,F2oil_rally,F2oil,rally,1414213,combo,"0.000,0.000,0.000,0.000,0.000,0.000,0.000,0.000,0.000,0.000,0.000,0.000,0.000,0.000,0.000,0.000,0.200,0.000,0.000,0.000,0.300,0.000,0.000,-0.200,0.000,0.000,0.000,-0.100,0.000,0.000,0.000,0.000,0.000,0.000","Oil painting. a yellow and blue rally car cruising in a deep jungle, uneven street, daylight, lush plants, humidity, reflective ponds.",euler_ancestral,simple,9,1.0,1.0,1024,1280,F2oil_rally_combo_krea2_seed1414213,F2oil_rally_combo_krea2_seed1414213_00001_.png
189,F2oil_rally,F2oil,rally,1414213,blk03_pos_d0.400,"0.000,0.000,0.000,0.400,0.000,0.000,0.000,0.000,0.000,0.000,0.000,0.000,0.000,0.000,0.000,0.000,0.000,0.000,0.000,0.000,0.000,0.000,0.000,0.000,0.000,0.000,0.000,0.000,0.000,0.000,0.000,0.000,0.000,0.000","Oil painting. a yellow and blue rally car cruising in a deep jungle, uneven street, daylight, lush plants, humidity, reflective ponds.",euler_ancestral,simple,9,1.0,1.0,1024,1280,F2oil_rally_blk03_pos_d0.400_krea2_seed1414213,F2oil_rally_blk03_pos_d0.400_krea2_seed1414213_00001_.png
190,F2oil_rally,F2oil,rally,1414213,blk06_pos_d0.450,"0.000,0.000,0.000,0.000,0.000,0.000,0.450,0.000,0.000,0.000,0.000,0.000,0.000,0.000,0.000,0.000,0.000,0.000,0.000,0.000,0.000,0.000,0.000,0.000,0.000,0.000,0.000,0.000,0.000,0.000,0.000,0.000,0.000,0.000","Oil painting. a yellow and blue rally car cruising in a deep jungle, uneven street, daylight, lush plants, humidity, reflective ponds.",euler_ancestral,simple,9,1.0,1.0,1024,1280,F2oil_rally_blk06_pos_d0.450_krea2_seed1414213,F2oil_rally_blk06_pos_d0.450_krea2_seed1414213_00001_.png
191,F2oil_rally,F2oil,rally,1414213,blk13_neg_d0.450,"0.000,0.000,0.000,0.000,0.000,0.000,0.000,0.000,0.000,0.000,0.000,0.000,0.000,-0.450,0.000,0.000,0.000,0.000,0.000,0.000,0.000,0.000,0.000,0.000,0.000,0.000,0.000,0.000,0.000,0.000,0.000,0.000,0.000,0.000","Oil painting. a yellow and blue rally car cruising in a deep jungle, uneven street, daylight, lush plants, humidity, reflective ponds.",euler_ancestral,simple,9,1.0,1.0,1024,1280,F2oil_rally_blk13_neg_d0.450_krea2_seed1414213,F2oil_rally_blk13_neg_d0.450_krea2_seed1414213_00001_.png
192,F2oil_rally,F2oil,rally,1414213,blk17_pos_d0.400,"0.000,0.000,0.000,0.000,0.000,0.000,0.000,0.000,0.000,0.000,0.000,0.000,0.000,0.000,0.000,0.000,0.000,0.400,0.000,0.000,0.000,0.000,0.000,0.000,0.000,0.000,0.000,0.000,0.000,0.000,0.000,0.000,0.000,0.000","Oil painting. a yellow and blue rally car cruising in a deep jungle, uneven street, daylight, lush plants, humidity, reflective ponds.",euler_ancestral,simple,9,1.0,1.0,1024,1280,F2oil_rally_blk17_pos_d0.400_krea2_seed1414213,F2oil_rally_blk17_pos_d0.400_krea2_seed1414213_00001_.png
193,F2oil_fox,F2oil,fox,5772156,baseline,,"Oil painting. a red fox sitting in fresh snow at the edge of a birch forest, facing the viewer, bushy tail curled around its paws, clear winter morning light.",euler_ancestral,simple,9,1.0,1.0,1024,1280,F2oil_fox_baseline_krea2_seed5772156,F2oil_fox_baseline_krea2_seed5772156_00001_.png
194,F2oil_fox,F2oil,fox,5772156,blk16_pos_d0.300,"0.000,0.000,0.000,0.000,0.000,0.000,0.000,0.000,0.000,0.000,0.000,0.000,0.000,0.000,0.000,0.000,0.300,0.000,0.000,0.000,0.000,0.000,0.000,0.000,0.000,0.000,0.000,0.000,0.000,0.000,0.000,0.000,0.000,0.000","Oil painting. a red fox sitting in fresh snow at the edge of a birch forest, facing the viewer, bushy tail curled around its paws, clear winter morning light.",euler_ancestral,simple,9,1.0,1.0,1024,1280,F2oil_fox_blk16_pos_d0.300_krea2_seed5772156,F2oil_fox_blk16_pos_d0.300_krea2_seed5772156_00001_.png
195,F2oil_fox,F2oil,fox,5772156,blk20_pos_d0.450,"0.000,0.000,0.000,0.000,0.000,0.000,0.000,0.000,0.000,0.000,0.000,0.000,0.000,0.000,0.000,0.000,0.000,0.000,0.000,0.000,0.450,0.000,0.000,0.000,0.000,0.000,0.000,0.000,0.000,0.000,0.000,0.000,0.000,0.000","Oil painting. a red fox sitting in fresh snow at the edge of a birch forest, facing the viewer, bushy tail curled around its paws, clear winter morning light.",euler_ancestral,simple,9,1.0,1.0,1024,1280,F2oil_fox_blk20_pos_d0.450_krea2_seed5772156,F2oil_fox_blk20_pos_d0.450_krea2_seed5772156_00001_.png
196,F2oil_fox,F2oil,fox,5772156,blk23_neg_d0.300,"0.000,0.000,0.000,0.000,0.000,0.000,0.000,0.000,0.000,0.000,0.000,0.000,0.000,0.000,0.000,0.000,0.000,0.000,0.000,0.000,0.000,0.000,0.000,-0.300,0.000,0.000,0.000,0.000,0.000,0.000,0.000,0.000,0.000,0.000","Oil painting. a red fox sitting in fresh snow at the edge of a birch forest, facing the viewer, bushy tail curled around its paws, clear winter morning light.",euler_ancestral,simple,9,1.0,1.0,1024,1280,F2oil_fox_blk23_neg_d0.300_krea2_seed5772156,F2oil_fox_blk23_neg_d0.300_krea2_seed5772156_00001_.png
197,F2oil_fox,F2oil,fox,5772156,blk26_pos_d0.150,"0.000,0.000,0.000,0.000,0.000,0.000,0.000,0.000,0.000,0.000,0.000,0.000,0.000,0.000,0.000,0.000,0.000,0.000,0.000,0.000,0.000,0.000,0.000,0.000,0.000,0.000,0.150,0.000,0.000,0.000,0.000,0.000,0.000,0.000","Oil painting. a red fox sitting in fresh snow at the edge of a birch forest, facing the viewer, bushy tail curled around its paws, clear winter morning light.",euler_ancestral,simple,9,1.0,1.0,1024,1280,F2oil_fox_blk26_pos_d0.150_krea2_seed5772156,F2oil_fox_blk26_pos_d0.150_krea2_seed5772156_00001_.png
198,F2oil_fox,F2oil,fox,5772156,blk27_neg_d0.250,"0.000,0.000,0.000,0.000,0.000,0.000,0.000,0.000,0.000,0.000,0.000,0.000,0.000,0.000,0.000,0.000,0.000,0.000,0.000,0.000,0.000,0.000,0.000,0.000,0.000,0.000,0.000,-0.250,0.000,0.000,0.000,0.000,0.000,0.000","Oil painting. a red fox sitting in fresh snow at the edge of a birch forest, facing the viewer, bushy tail curled around its paws, clear winter morning light.",euler_ancestral,simple,9,1.0,1.0,1024,1280,F2oil_fox_blk27_neg_d0.250_krea2_seed5772156,F2oil_fox_blk27_neg_d0.250_krea2_seed5772156_00001_.png
199,F2oil_fox,F2oil,fox,5772156,blk09_pos_d0.450,"0.000,0.000,0.000,0.000,0.000,0.000,0.000,0.000,0.000,0.450,0.000,0.000,0.000,0.000,0.000,0.000,0.000,0.000,0.000,0.000,0.000,0.000,0.000,0.000,0.000,0.000,0.000,0.000,0.000,0.000,0.000,0.000,0.000,0.000","Oil painting. a red fox sitting in fresh snow at the edge of a birch forest, facing the viewer, bushy tail curled around its paws, clear winter morning light.",euler_ancestral,simple,9,1.0,1.0,1024,1280,F2oil_fox_blk09_pos_d0.450_krea2_seed5772156,F2oil_fox_blk09_pos_d0.450_krea2_seed5772156_00001_.png
200,F2oil_fox,F2oil,fox,5772156,combo,"0.000,0.000,0.000,0.000,0.000,0.000,0.000,0.000,0.000,0.000,0.000,0.000,0.000,0.000,0.000,0.000,0.200,0.000,0.000,0.000,0.300,0.000,0.000,-0.200,0.000,0.000,0.000,-0.100,0.000,0.000,0.000,0.000,0.000,0.000","Oil painting. a red fox sitting in fresh snow at the edge of a birch forest, facing the viewer, bushy tail curled around its paws, clear winter morning light.",euler_ancestral,simple,9,1.0,1.0,1024,1280,F2oil_fox_combo_krea2_seed5772156,F2oil_fox_combo_krea2_seed5772156_00001_.png
201,F2oil_fox,F2oil,fox,5772156,blk03_pos_d0.400,"0.000,0.000,0.000,0.400,0.000,0.000,0.000,0.000,0.000,0.000,0.000,0.000,0.000,0.000,0.000,0.000,0.000,0.000,0.000,0.000,0.000,0.000,0.000,0.000,0.000,0.000,0.000,0.000,0.000,0.000,0.000,0.000,0.000,0.000","Oil painting. a red fox sitting in fresh snow at the edge of a birch forest, facing the viewer, bushy tail curled around its paws, clear winter morning light.",euler_ancestral,simple,9,1.0,1.0,1024,1280,F2oil_fox_blk03_pos_d0.400_krea2_seed5772156,F2oil_fox_blk03_pos_d0.400_krea2_seed5772156_00001_.png
202,F2oil_fox,F2oil,fox,5772156,blk06_pos_d0.450,"0.000,0.000,0.000,0.000,0.000,0.000,0.450,0.000,0.000,0.000,0.000,0.000,0.000,0.000,0.000,0.000,0.000,0.000,0.000,0.000,0.000,0.000,0.000,0.000,0.000,0.000,0.000,0.000,0.000,0.000,0.000,0.000,0.000,0.000","Oil painting. a red fox sitting in fresh snow at the edge of a birch forest, facing the viewer, bushy tail curled around its paws, clear winter morning light.",euler_ancestral,simple,9,1.0,1.0,1024,1280,F2oil_fox_blk06_pos_d0.450_krea2_seed5772156,F2oil_fox_blk06_pos_d0.450_krea2_seed5772156_00001_.png
203,F2oil_fox,F2oil,fox,5772156,blk13_neg_d0.450,"0.000,0.000,0.000,0.000,0.000,0.000,0.000,0.000,0.000,0.000,0.000,0.000,0.000,-0.450,0.000,0.000,0.000,0.000,0.000,0.000,0.000,0.000,0.000,0.000,0.000,0.000,0.000,0.000,0.000,0.000,0.000,0.000,0.000,0.000","Oil painting. a red fox sitting in fresh snow at the edge of a birch forest, facing the viewer, bushy tail curled around its paws, clear winter morning light.",euler_ancestral,simple,9,1.0,1.0,1024,1280,F2oil_fox_blk13_neg_d0.450_krea2_seed5772156,F2oil_fox_blk13_neg_d0.450_krea2_seed5772156_00001_.png
204,F2oil_fox,F2oil,fox,5772156,blk17_pos_d0.400,"0.000,0.000,0.000,0.000,0.000,0.000,0.000,0.000,0.000,0.000,0.000,0.000,0.000,0.000,0.000,0.000,0.000,0.400,0.000,0.000,0.000,0.000,0.000,0.000,0.000,0.000,0.000,0.000,0.000,0.000,0.000,0.000,0.000,0.000","Oil painting. a red fox sitting in fresh snow at the edge of a birch forest, facing the viewer, bushy tail curled around its paws, clear winter morning light.",euler_ancestral,simple,9,1.0,1.0,1024,1280,F2oil_fox_blk17_pos_d0.400_krea2_seed5772156,F2oil_fox_blk17_pos_d0.400_krea2_seed5772156_00001_.png
205,F2oil_fox,F2oil,fox,1414213,baseline,,"Oil painting. a red fox sitting in fresh snow at the edge of a birch forest, facing the viewer, bushy tail curled around its paws, clear winter morning light.",euler_ancestral,simple,9,1.0,1.0,1024,1280,F2oil_fox_baseline_krea2_seed1414213,F2oil_fox_baseline_krea2_seed1414213_00001_.png
206,F2oil_fox,F2oil,fox,1414213,blk16_pos_d0.300,"0.000,0.000,0.000,0.000,0.000,0.000,0.000,0.000,0.000,0.000,0.000,0.000,0.000,0.000,0.000,0.000,0.300,0.000,0.000,0.000,0.000,0.000,0.000,0.000,0.000,0.000,0.000,0.000,0.000,0.000,0.000,0.000,0.000,0.000","Oil painting. a red fox sitting in fresh snow at the edge of a birch forest, facing the viewer, bushy tail curled around its paws, clear winter morning light.",euler_ancestral,simple,9,1.0,1.0,1024,1280,F2oil_fox_blk16_pos_d0.300_krea2_seed1414213,F2oil_fox_blk16_pos_d0.300_krea2_seed1414213_00001_.png
207,F2oil_fox,F2oil,fox,1414213,blk20_pos_d0.450,"0.000,0.000,0.000,0.000,0.000,0.000,0.000,0.000,0.000,0.000,0.000,0.000,0.000,0.000,0.000,0.000,0.000,0.000,0.000,0.000,0.450,0.000,0.000,0.000,0.000,0.000,0.000,0.000,0.000,0.000,0.000,0.000,0.000,0.000","Oil painting. a red fox sitting in fresh snow at the edge of a birch forest, facing the viewer, bushy tail curled around its paws, clear winter morning light.",euler_ancestral,simple,9,1.0,1.0,1024,1280,F2oil_fox_blk20_pos_d0.450_krea2_seed1414213,F2oil_fox_blk20_pos_d0.450_krea2_seed1414213_00001_.png
208,F2oil_fox,F2oil,fox,1414213,blk23_neg_d0.300,"0.000,0.000,0.000,0.000,0.000,0.000,0.000,0.000,0.000,0.000,0.000,0.000,0.000,0.000,0.000,0.000,0.000,0.000,0.000,0.000,0.000,0.000,0.000,-0.300,0.000,0.000,0.000,0.000,0.000,0.000,0.000,0.000,0.000,0.000","Oil painting. a red fox sitting in fresh snow at the edge of a birch forest, facing the viewer, bushy tail curled around its paws, clear winter morning light.",euler_ancestral,simple,9,1.0,1.0,1024,1280,F2oil_fox_blk23_neg_d0.300_krea2_seed1414213,F2oil_fox_blk23_neg_d0.300_krea2_seed1414213_00001_.png
209,F2oil_fox,F2oil,fox,1414213,blk26_pos_d0.150,"0.000,0.000,0.000,0.000,0.000,0.000,0.000,0.000,0.000,0.000,0.000,0.000,0.000,0.000,0.000,0.000,0.000,0.000,0.000,0.000,0.000,0.000,0.000,0.000,0.000,0.000,0.150,0.000,0.000,0.000,0.000,0.000,0.000,0.000","Oil painting. a red fox sitting in fresh snow at the edge of a birch forest, facing the viewer, bushy tail curled around its paws, clear winter morning light.",euler_ancestral,simple,9,1.0,1.0,1024,1280,F2oil_fox_blk26_pos_d0.150_krea2_seed1414213,F2oil_fox_blk26_pos_d0.150_krea2_seed1414213_00001_.png
210,F2oil_fox,F2oil,fox,1414213,blk27_neg_d0.250,"0.000,0.000,0.000,0.000,0.000,0.000,0.000,0.000,0.000,0.000,0.000,0.000,0.000,0.000,0.000,0.000,0.000,0.000,0.000,0.000,0.000,0.000,0.000,0.000,0.000,0.000,0.000,-0.250,0.000,0.000,0.000,0.000,0.000,0.000","Oil painting. a red fox sitting in fresh snow at the edge of a birch forest, facing the viewer, bushy tail curled around its paws, clear winter morning light.",euler_ancestral,simple,9,1.0,1.0,1024,1280,F2oil_fox_blk27_neg_d0.250_krea2_seed1414213,F2oil_fox_blk27_neg_d0.250_krea2_seed1414213_00001_.png
211,F2oil_fox,F2oil,fox,1414213,blk09_pos_d0.450,"0.000,0.000,0.000,0.000,0.000,0.000,0.000,0.000,0.000,0.450,0.000,0.000,0.000,0.000,0.000,0.000,0.000,0.000,0.000,0.000,0.000,0.000,0.000,0.000,0.000,0.000,0.000,0.000,0.000,0.000,0.000,0.000,0.000,0.000","Oil painting. a red fox sitting in fresh snow at the edge of a birch forest, facing the viewer, bushy tail curled around its paws, clear winter morning light.",euler_ancestral,simple,9,1.0,1.0,1024,1280,F2oil_fox_blk09_pos_d0.450_krea2_seed1414213,F2oil_fox_blk09_pos_d0.450_krea2_seed1414213_00001_.png
212,F2oil_fox,F2oil,fox,1414213,combo,"0.000,0.000,0.000,0.000,0.000,0.000,0.000,0.000,0.000,0.000,0.000,0.000,0.000,0.000,0.000,0.000,0.200,0.000,0.000,0.000,0.300,0.000,0.000,-0.200,0.000,0.000,0.000,-0.100,0.000,0.000,0.000,0.000,0.000,0.000","Oil painting. a red fox sitting in fresh snow at the edge of a birch forest, facing the viewer, bushy tail curled around its paws, clear winter morning light.",euler_ancestral,simple,9,1.0,1.0,1024,1280,F2oil_fox_combo_krea2_seed1414213,F2oil_fox_combo_krea2_seed1414213_00001_.png
213,F2oil_fox,F2oil,fox,1414213,blk03_pos_d0.400,"0.000,0.000,0.000,0.400,0.000,0.000,0.000,0.000,0.000,0.000,0.000,0.000,0.000,0.000,0.000,0.000,0.000,0.000,0.000,0.000,0.000,0.000,0.000,0.000,0.000,0.000,0.000,0.000,0.000,0.000,0.000,0.000,0.000,0.000","Oil painting. a red fox sitting in fresh snow at the edge of a birch forest, facing the viewer, bushy tail curled around its paws, clear winter morning light.",euler_ancestral,simple,9,1.0,1.0,1024,1280,F2oil_fox_blk03_pos_d0.400_krea2_seed1414213,F2oil_fox_blk03_pos_d0.400_krea2_seed1414213_00001_.png
214,F2oil_fox,F2oil,fox,1414213,blk06_pos_d0.450,"0.000,0.000,0.000,0.000,0.000,0.000,0.450,0.000,0.000,0.000,0.000,0.000,0.000,0.000,0.000,0.000,0.000,0.000,0.000,0.000,0.000,0.000,0.000,0.000,0.000,0.000,0.000,0.000,0.000,0.000,0.000,0.000,0.000,0.000","Oil painting. a red fox sitting in fresh snow at the edge of a birch forest, facing the viewer, bushy tail curled around its paws, clear winter morning light.",euler_ancestral,simple,9,1.0,1.0,1024,1280,F2oil_fox_blk06_pos_d0.450_krea2_seed1414213,F2oil_fox_blk06_pos_d0.450_krea2_seed1414213_00001_.png
215,F2oil_fox,F2oil,fox,1414213,blk13_neg_d0.450,"0.000,0.000,0.000,0.000,0.000,0.000,0.000,0.000,0.000,0.000,0.000,0.000,0.000,-0.450,0.000,0.000,0.000,0.000,0.000,0.000,0.000,0.000,0.000,0.000,0.000,0.000,0.000,0.000,0.000,0.000,0.000,0.000,0.000,0.000","Oil painting. a red fox sitting in fresh snow at the edge of a birch forest, facing the viewer, bushy tail curled around its paws, clear winter morning light.",euler_ancestral,simple,9,1.0,1.0,1024,1280,F2oil_fox_blk13_neg_d0.450_krea2_seed1414213,F2oil_fox_blk13_neg_d0.450_krea2_seed1414213_00001_.png
216,F2oil_fox,F2oil,fox,1414213,blk17_pos_d0.400,"0.000,0.000,0.000,0.000,0.000,0.000,0.000,0.000,0.000,0.000,0.000,0.000,0.000,0.000,0.000,0.000,0.000,0.400,0.000,0.000,0.000,0.000,0.000,0.000,0.000,0.000,0.000,0.000,0.000,0.000,0.000,0.000,0.000,0.000","Oil painting. a red fox sitting in fresh snow at the edge of a birch forest, facing the viewer, bushy tail curled around its paws, clear winter morning light.",euler_ancestral,simple,9,1.0,1.0,1024,1280,F2oil_fox_blk17_pos_d0.400_krea2_seed1414213,F2oil_fox_blk17_pos_d0.400_krea2_seed1414213_00001_.png
217,F2oil_stilllife,F2oil,stilllife,5772156,baseline,,"Oil painting. a still life on a wooden kitchen table: a white ceramic teapot, two lemons and a glass of water, soft window light from the left, plain wall behind.",euler_ancestral,simple,9,1.0,1.0,1024,1280,F2oil_stilllife_baseline_krea2_seed5772156,F2oil_stilllife_baseline_krea2_seed5772156_00001_.png
218,F2oil_stilllife,F2oil,stilllife,5772156,blk16_pos_d0.300,"0.000,0.000,0.000,0.000,0.000,0.000,0.000,0.000,0.000,0.000,0.000,0.000,0.000,0.000,0.000,0.000,0.300,0.000,0.000,0.000,0.000,0.000,0.000,0.000,0.000,0.000,0.000,0.000,0.000,0.000,0.000,0.000,0.000,0.000","Oil painting. a still life on a wooden kitchen table: a white ceramic teapot, two lemons and a glass of water, soft window light from the left, plain wall behind.",euler_ancestral,simple,9,1.0,1.0,1024,1280,F2oil_stilllife_blk16_pos_d0.300_krea2_seed5772156,F2oil_stilllife_blk16_pos_d0.300_krea2_seed5772156_00001_.png
219,F2oil_stilllife,F2oil,stilllife,5772156,blk20_pos_d0.450,"0.000,0.000,0.000,0.000,0.000,0.000,0.000,0.000,0.000,0.000,0.000,0.000,0.000,0.000,0.000,0.000,0.000,0.000,0.000,0.000,0.450,0.000,0.000,0.000,0.000,0.000,0.000,0.000,0.000,0.000,0.000,0.000,0.000,0.000","Oil painting. a still life on a wooden kitchen table: a white ceramic teapot, two lemons and a glass of water, soft window light from the left, plain wall behind.",euler_ancestral,simple,9,1.0,1.0,1024,1280,F2oil_stilllife_blk20_pos_d0.450_krea2_seed5772156,F2oil_stilllife_blk20_pos_d0.450_krea2_seed5772156_00001_.png
220,F2oil_stilllife,F2oil,stilllife,5772156,blk23_neg_d0.300,"0.000,0.000,0.000,0.000,0.000,0.000,0.000,0.000,0.000,0.000,0.000,0.000,0.000,0.000,0.000,0.000,0.000,0.000,0.000,0.000,0.000,0.000,0.000,-0.300,0.000,0.000,0.000,0.000,0.000,0.000,0.000,0.000,0.000,0.000","Oil painting. a still life on a wooden kitchen table: a white ceramic teapot, two lemons and a glass of water, soft window light from the left, plain wall behind.",euler_ancestral,simple,9,1.0,1.0,1024,1280,F2oil_stilllife_blk23_neg_d0.300_krea2_seed5772156,F2oil_stilllife_blk23_neg_d0.300_krea2_seed5772156_00001_.png
221,F2oil_stilllife,F2oil,stilllife,5772156,blk26_pos_d0.150,"0.000,0.000,0.000,0.000,0.000,0.000,0.000,0.000,0.000,0.000,0.000,0.000,0.000,0.000,0.000,0.000,0.000,0.000,0.000,0.000,0.000,0.000,0.000,0.000,0.000,0.000,0.150,0.000,0.000,0.000,0.000,0.000,0.000,0.000","Oil painting. a still life on a wooden kitchen table: a white ceramic teapot, two lemons and a glass of water, soft window light from the left, plain wall behind.",euler_ancestral,simple,9,1.0,1.0,1024,1280,F2oil_stilllife_blk26_pos_d0.150_krea2_seed5772156,F2oil_stilllife_blk26_pos_d0.150_krea2_seed5772156_00001_.png
222,F2oil_stilllife,F2oil,stilllife,5772156,blk27_neg_d0.250,"0.000,0.000,0.000,0.000,0.000,0.000,0.000,0.000,0.000,0.000,0.000,0.000,0.000,0.000,0.000,0.000,0.000,0.000,0.000,0.000,0.000,0.000,0.000,0.000,0.000,0.000,0.000,-0.250,0.000,0.000,0.000,0.000,0.000,0.000","Oil painting. a still life on a wooden kitchen table: a white ceramic teapot, two lemons and a glass of water, soft window light from the left, plain wall behind.",euler_ancestral,simple,9,1.0,1.0,1024,1280,F2oil_stilllife_blk27_neg_d0.250_krea2_seed5772156,F2oil_stilllife_blk27_neg_d0.250_krea2_seed5772156_00001_.png
223,F2oil_stilllife,F2oil,stilllife,5772156,blk09_pos_d0.450,"0.000,0.000,0.000,0.000,0.000,0.000,0.000,0.000,0.000,0.450,0.000,0.000,0.000,0.000,0.000,0.000,0.000,0.000,0.000,0.000,0.000,0.000,0.000,0.000,0.000,0.000,0.000,0.000,0.000,0.000,0.000,0.000,0.000,0.000","Oil painting. a still life on a wooden kitchen table: a white ceramic teapot, two lemons and a glass of water, soft window light from the left, plain wall behind.",euler_ancestral,simple,9,1.0,1.0,1024,1280,F2oil_stilllife_blk09_pos_d0.450_krea2_seed5772156,F2oil_stilllife_blk09_pos_d0.450_krea2_seed5772156_00001_.png
224,F2oil_stilllife,F2oil,stilllife,5772156,combo,"0.000,0.000,0.000,0.000,0.000,0.000,0.000,0.000,0.000,0.000,0.000,0.000,0.000,0.000,0.000,0.000,0.200,0.000,0.000,0.000,0.300,0.000,0.000,-0.200,0.000,0.000,0.000,-0.100,0.000,0.000,0.000,0.000,0.000,0.000","Oil painting. a still life on a wooden kitchen table: a white ceramic teapot, two lemons and a glass of water, soft window light from the left, plain wall behind.",euler_ancestral,simple,9,1.0,1.0,1024,1280,F2oil_stilllife_combo_krea2_seed5772156,F2oil_stilllife_combo_krea2_seed5772156_00001_.png
225,F2oil_stilllife,F2oil,stilllife,5772156,blk03_pos_d0.400,"0.000,0.000,0.000,0.400,0.000,0.000,0.000,0.000,0.000,0.000,0.000,0.000,0.000,0.000,0.000,0.000,0.000,0.000,0.000,0.000,0.000,0.000,0.000,0.000,0.000,0.000,0.000,0.000,0.000,0.000,0.000,0.000,0.000,0.000","Oil painting. a still life on a wooden kitchen table: a white ceramic teapot, two lemons and a glass of water, soft window light from the left, plain wall behind.",euler_ancestral,simple,9,1.0,1.0,1024,1280,F2oil_stilllife_blk03_pos_d0.400_krea2_seed5772156,F2oil_stilllife_blk03_pos_d0.400_krea2_seed5772156_00001_.png
226,F2oil_stilllife,F2oil,stilllife,5772156,blk06_pos_d0.450,"0.000,0.000,0.000,0.000,0.000,0.000,0.450,0.000,0.000,0.000,0.000,0.000,0.000,0.000,0.000,0.000,0.000,0.000,0.000,0.000,0.000,0.000,0.000,0.000,0.000,0.000,0.000,0.000,0.000,0.000,0.000,0.000,0.000,0.000","Oil painting. a still life on a wooden kitchen table: a white ceramic teapot, two lemons and a glass of water, soft window light from the left, plain wall behind.",euler_ancestral,simple,9,1.0,1.0,1024,1280,F2oil_stilllife_blk06_pos_d0.450_krea2_seed5772156,F2oil_stilllife_blk06_pos_d0.450_krea2_seed5772156_00001_.png
227,F2oil_stilllife,F2oil,stilllife,5772156,blk13_neg_d0.450,"0.000,0.000,0.000,0.000,0.000,0.000,0.000,0.000,0.000,0.000,0.000,0.000,0.000,-0.450,0.000,0.000,0.000,0.000,0.000,0.000,0.000,0.000,0.000,0.000,0.000,0.000,0.000,0.000,0.000,0.000,0.000,0.000,0.000,0.000","Oil painting. a still life on a wooden kitchen table: a white ceramic teapot, two lemons and a glass of water, soft window light from the left, plain wall behind.",euler_ancestral,simple,9,1.0,1.0,1024,1280,F2oil_stilllife_blk13_neg_d0.450_krea2_seed5772156,F2oil_stilllife_blk13_neg_d0.450_krea2_seed5772156_00001_.png
228,F2oil_stilllife,F2oil,stilllife,5772156,blk17_pos_d0.400,"0.000,0.000,0.000,0.000,0.000,0.000,0.000,0.000,0.000,0.000,0.000,0.000,0.000,0.000,0.000,0.000,0.000,0.400,0.000,0.000,0.000,0.000,0.000,0.000,0.000,0.000,0.000,0.000,0.000,0.000,0.000,0.000,0.000,0.000","Oil painting. a still life on a wooden kitchen table: a white ceramic teapot, two lemons and a glass of water, soft window light from the left, plain wall behind.",euler_ancestral,simple,9,1.0,1.0,1024,1280,F2oil_stilllife_blk17_pos_d0.400_krea2_seed5772156,F2oil_stilllife_blk17_pos_d0.400_krea2_seed5772156_00001_.png
229,F2oil_stilllife,F2oil,stilllife,1414213,baseline,,"Oil painting. a still life on a wooden kitchen table: a white ceramic teapot, two lemons and a glass of water, soft window light from the left, plain wall behind.",euler_ancestral,simple,9,1.0,1.0,1024,1280,F2oil_stilllife_baseline_krea2_seed1414213,F2oil_stilllife_baseline_krea2_seed1414213_00001_.png
230,F2oil_stilllife,F2oil,stilllife,1414213,blk16_pos_d0.300,"0.000,0.000,0.000,0.000,0.000,0.000,0.000,0.000,0.000,0.000,0.000,0.000,0.000,0.000,0.000,0.000,0.300,0.000,0.000,0.000,0.000,0.000,0.000,0.000,0.000,0.000,0.000,0.000,0.000,0.000,0.000,0.000,0.000,0.000","Oil painting. a still life on a wooden kitchen table: a white ceramic teapot, two lemons and a glass of water, soft window light from the left, plain wall behind.",euler_ancestral,simple,9,1.0,1.0,1024,1280,F2oil_stilllife_blk16_pos_d0.300_krea2_seed1414213,F2oil_stilllife_blk16_pos_d0.300_krea2_seed1414213_00001_.png
231,F2oil_stilllife,F2oil,stilllife,1414213,blk20_pos_d0.450,"0.000,0.000,0.000,0.000,0.000,0.000,0.000,0.000,0.000,0.000,0.000,0.000,0.000,0.000,0.000,0.000,0.000,0.000,0.000,0.000,0.450,0.000,0.000,0.000,0.000,0.000,0.000,0.000,0.000,0.000,0.000,0.000,0.000,0.000","Oil painting. a still life on a wooden kitchen table: a white ceramic teapot, two lemons and a glass of water, soft window light from the left, plain wall behind.",euler_ancestral,simple,9,1.0,1.0,1024,1280,F2oil_stilllife_blk20_pos_d0.450_krea2_seed1414213,F2oil_stilllife_blk20_pos_d0.450_krea2_seed1414213_00001_.png
232,F2oil_stilllife,F2oil,stilllife,1414213,blk23_neg_d0.300,"0.000,0.000,0.000,0.000,0.000,0.000,0.000,0.000,0.000,0.000,0.000,0.000,0.000,0.000,0.000,0.000,0.000,0.000,0.000,0.000,0.000,0.000,0.000,-0.300,0.000,0.000,0.000,0.000,0.000,0.000,0.000,0.000,0.000,0.000","Oil painting. a still life on a wooden kitchen table: a white ceramic teapot, two lemons and a glass of water, soft window light from the left, plain wall behind.",euler_ancestral,simple,9,1.0,1.0,1024,1280,F2oil_stilllife_blk23_neg_d0.300_krea2_seed1414213,F2oil_stilllife_blk23_neg_d0.300_krea2_seed1414213_00001_.png
233,F2oil_stilllife,F2oil,stilllife,1414213,blk26_pos_d0.150,"0.000,0.000,0.000,0.000,0.000,0.000,0.000,0.000,0.000,0.000,0.000,0.000,0.000,0.000,0.000,0.000,0.000,0.000,0.000,0.000,0.000,0.000,0.000,0.000,0.000,0.000,0.150,0.000,0.000,0.000,0.000,0.000,0.000,0.000","Oil painting. a still life on a wooden kitchen table: a white ceramic teapot, two lemons and a glass of water, soft window light from the left, plain wall behind.",euler_ancestral,simple,9,1.0,1.0,1024,1280,F2oil_stilllife_blk26_pos_d0.150_krea2_seed1414213,F2oil_stilllife_blk26_pos_d0.150_krea2_seed1414213_00001_.png
234,F2oil_stilllife,F2oil,stilllife,1414213,blk27_neg_d0.250,"0.000,0.000,0.000,0.000,0.000,0.000,0.000,0.000,0.000,0.000,0.000,0.000,0.000,0.000,0.000,0.000,0.000,0.000,0.000,0.000,0.000,0.000,0.000,0.000,0.000,0.000,0.000,-0.250,0.000,0.000,0.000,0.000,0.000,0.000","Oil painting. a still life on a wooden kitchen table: a white ceramic teapot, two lemons and a glass of water, soft window light from the left, plain wall behind.",euler_ancestral,simple,9,1.0,1.0,1024,1280,F2oil_stilllife_blk27_neg_d0.250_krea2_seed1414213,F2oil_stilllife_blk27_neg_d0.250_krea2_seed1414213_00001_.png
235,F2oil_stilllife,F2oil,stilllife,1414213,blk09_pos_d0.450,"0.000,0.000,0.000,0.000,0.000,0.000,0.000,0.000,0.000,0.450,0.000,0.000,0.000,0.000,0.000,0.000,0.000,0.000,0.000,0.000,0.000,0.000,0.000,0.000,0.000,0.000,0.000,0.000,0.000,0.000,0.000,0.000,0.000,0.000","Oil painting. a still life on a wooden kitchen table: a white ceramic teapot, two lemons and a glass of water, soft window light from the left, plain wall behind.",euler_ancestral,simple,9,1.0,1.0,1024,1280,F2oil_stilllife_blk09_pos_d0.450_krea2_seed1414213,F2oil_stilllife_blk09_pos_d0.450_krea2_seed1414213_00001_.png
236,F2oil_stilllife,F2oil,stilllife,1414213,combo,"0.000,0.000,0.000,0.000,0.000,0.000,0.000,0.000,0.000,0.000,0.000,0.000,0.000,0.000,0.000,0.000,0.200,0.000,0.000,0.000,0.300,0.000,0.000,-0.200,0.000,0.000,0.000,-0.100,0.000,0.000,0.000,0.000,0.000,0.000","Oil painting. a still life on a wooden kitchen table: a white ceramic teapot, two lemons and a glass of water, soft window light from the left, plain wall behind.",euler_ancestral,simple,9,1.0,1.0,1024,1280,F2oil_stilllife_combo_krea2_seed1414213,F2oil_stilllife_combo_krea2_seed1414213_00001_.png
237,F2oil_stilllife,F2oil,stilllife,1414213,blk03_pos_d0.400,"0.000,0.000,0.000,0.400,0.000,0.000,0.000,0.000,0.000,0.000,0.000,0.000,0.000,0.000,0.000,0.000,0.000,0.000,0.000,0.000,0.000,0.000,0.000,0.000,0.000,0.000,0.000,0.000,0.000,0.000,0.000,0.000,0.000,0.000","Oil painting. a still life on a wooden kitchen table: a white ceramic teapot, two lemons and a glass of water, soft window light from the left, plain wall behind.",euler_ancestral,simple,9,1.0,1.0,1024,1280,F2oil_stilllife_blk03_pos_d0.400_krea2_seed1414213,F2oil_stilllife_blk03_pos_d0.400_krea2_seed1414213_00001_.png
238,F2oil_stilllife,F2oil,stilllife,1414213,blk06_pos_d0.450,"0.000,0.000,0.000,0.000,0.000,0.000,0.450,0.000,0.000,0.000,0.000,0.000,0.000,0.000,0.000,0.000,0.000,0.000,0.000,0.000,0.000,0.000,0.000,0.000,0.000,0.000,0.000,0.000,0.000,0.000,0.000,0.000,0.000,0.000","Oil painting. a still life on a wooden kitchen table: a white ceramic teapot, two lemons and a glass of water, soft window light from the left, plain wall behind.",euler_ancestral,simple,9,1.0,1.0,1024,1280,F2oil_stilllife_blk06_pos_d0.450_krea2_seed1414213,F2oil_stilllife_blk06_pos_d0.450_krea2_seed1414213_00001_.png
239,F2oil_stilllife,F2oil,stilllife,1414213,blk13_neg_d0.450,"0.000,0.000,0.000,0.000,0.000,0.000,0.000,0.000,0.000,0.000,0.000,0.000,0.000,-0.450,0.000,0.000,0.000,0.000,0.000,0.000,0.000,0.000,0.000,0.000,0.000,0.000,0.000,0.000,0.000,0.000,0.000,0.000,0.000,0.000","Oil painting. a still life on a wooden kitchen table: a white ceramic teapot, two lemons and a glass of water, soft window light from the left, plain wall behind.",euler_ancestral,simple,9,1.0,1.0,1024,1280,F2oil_stilllife_blk13_neg_d0.450_krea2_seed1414213,F2oil_stilllife_blk13_neg_d0.450_krea2_seed1414213_00001_.png
240,F2oil_stilllife,F2oil,stilllife,1414213,blk17_pos_d0.400,"0.000,0.000,0.000,0.000,0.000,0.000,0.000,0.000,0.000,0.000,0.000,0.000,0.000,0.000,0.000,0.000,0.000,0.400,0.000,0.000,0.000,0.000,0.000,0.000,0.000,0.000,0.000,0.000,0.000,0.000,0.000,0.000,0.000,0.000","Oil painting. a still life on a wooden kitchen table: a white ceramic teapot, two lemons and a glass of water, soft window light from the left, plain wall behind.",euler_ancestral,simple,9,1.0,1.0,1024,1280,F2oil_stilllife_blk17_pos_d0.400_krea2_seed1414213,F2oil_stilllife_blk17_pos_d0.400_krea2_seed1414213_00001_.png
241,F2oil_fisherman,F2oil,fisherman,5772156,baseline,,"Oil painting. an old fisherman with a grey beard mending a fishing net on a wooden pier, harbour boats behind him, overcast afternoon light.",euler_ancestral,simple,9,1.0,1.0,1024,1280,F2oil_fisherman_baseline_krea2_seed5772156,F2oil_fisherman_baseline_krea2_seed5772156_00001_.png
242,F2oil_fisherman,F2oil,fisherman,5772156,blk16_pos_d0.300,"0.000,0.000,0.000,0.000,0.000,0.000,0.000,0.000,0.000,0.000,0.000,0.000,0.000,0.000,0.000,0.000,0.300,0.000,0.000,0.000,0.000,0.000,0.000,0.000,0.000,0.000,0.000,0.000,0.000,0.000,0.000,0.000,0.000,0.000","Oil painting. an old fisherman with a grey beard mending a fishing net on a wooden pier, harbour boats behind him, overcast afternoon light.",euler_ancestral,simple,9,1.0,1.0,1024,1280,F2oil_fisherman_blk16_pos_d0.300_krea2_seed5772156,F2oil_fisherman_blk16_pos_d0.300_krea2_seed5772156_00001_.png
243,F2oil_fisherman,F2oil,fisherman,5772156,blk20_pos_d0.450,"0.000,0.000,0.000,0.000,0.000,0.000,0.000,0.000,0.000,0.000,0.000,0.000,0.000,0.000,0.000,0.000,0.000,0.000,0.000,0.000,0.450,0.000,0.000,0.000,0.000,0.000,0.000,0.000,0.000,0.000,0.000,0.000,0.000,0.000","Oil painting. an old fisherman with a grey beard mending a fishing net on a wooden pier, harbour boats behind him, overcast afternoon light.",euler_ancestral,simple,9,1.0,1.0,1024,1280,F2oil_fisherman_blk20_pos_d0.450_krea2_seed5772156,F2oil_fisherman_blk20_pos_d0.450_krea2_seed5772156_00001_.png
244,F2oil_fisherman,F2oil,fisherman,5772156,blk23_neg_d0.300,"0.000,0.000,0.000,0.000,0.000,0.000,0.000,0.000,0.000,0.000,0.000,0.000,0.000,0.000,0.000,0.000,0.000,0.000,0.000,0.000,0.000,0.000,0.000,-0.300,0.000,0.000,0.000,0.000,0.000,0.000,0.000,0.000,0.000,0.000","Oil painting. an old fisherman with a grey beard mending a fishing net on a wooden pier, harbour boats behind him, overcast afternoon light.",euler_ancestral,simple,9,1.0,1.0,1024,1280,F2oil_fisherman_blk23_neg_d0.300_krea2_seed5772156,F2oil_fisherman_blk23_neg_d0.300_krea2_seed5772156_00001_.png
245,F2oil_fisherman,F2oil,fisherman,5772156,blk26_pos_d0.150,"0.000,0.000,0.000,0.000,0.000,0.000,0.000,0.000,0.000,0.000,0.000,0.000,0.000,0.000,0.000,0.000,0.000,0.000,0.000,0.000,0.000,0.000,0.000,0.000,0.000,0.000,0.150,0.000,0.000,0.000,0.000,0.000,0.000,0.000","Oil painting. an old fisherman with a grey beard mending a fishing net on a wooden pier, harbour boats behind him, overcast afternoon light.",euler_ancestral,simple,9,1.0,1.0,1024,1280,F2oil_fisherman_blk26_pos_d0.150_krea2_seed5772156,F2oil_fisherman_blk26_pos_d0.150_krea2_seed5772156_00001_.png
246,F2oil_fisherman,F2oil,fisherman,5772156,blk27_neg_d0.250,"0.000,0.000,0.000,0.000,0.000,0.000,0.000,0.000,0.000,0.000,0.000,0.000,0.000,0.000,0.000,0.000,0.000,0.000,0.000,0.000,0.000,0.000,0.000,0.000,0.000,0.000,0.000,-0.250,0.000,0.000,0.000,0.000,0.000,0.000","Oil painting. an old fisherman with a grey beard mending a fishing net on a wooden pier, harbour boats behind him, overcast afternoon light.",euler_ancestral,simple,9,1.0,1.0,1024,1280,F2oil_fisherman_blk27_neg_d0.250_krea2_seed5772156,F2oil_fisherman_blk27_neg_d0.250_krea2_seed5772156_00001_.png
247,F2oil_fisherman,F2oil,fisherman,5772156,blk09_pos_d0.450,"0.000,0.000,0.000,0.000,0.000,0.000,0.000,0.000,0.000,0.450,0.000,0.000,0.000,0.000,0.000,0.000,0.000,0.000,0.000,0.000,0.000,0.000,0.000,0.000,0.000,0.000,0.000,0.000,0.000,0.000,0.000,0.000,0.000,0.000","Oil painting. an old fisherman with a grey beard mending a fishing net on a wooden pier, harbour boats behind him, overcast afternoon light.",euler_ancestral,simple,9,1.0,1.0,1024,1280,F2oil_fisherman_blk09_pos_d0.450_krea2_seed5772156,F2oil_fisherman_blk09_pos_d0.450_krea2_seed5772156_00001_.png
248,F2oil_fisherman,F2oil,fisherman,5772156,combo,"0.000,0.000,0.000,0.000,0.000,0.000,0.000,0.000,0.000,0.000,0.000,0.000,0.000,0.000,0.000,0.000,0.200,0.000,0.000,0.000,0.300,0.000,0.000,-0.200,0.000,0.000,0.000,-0.100,0.000,0.000,0.000,0.000,0.000,0.000","Oil painting. an old fisherman with a grey beard mending a fishing net on a wooden pier, harbour boats behind him, overcast afternoon light.",euler_ancestral,simple,9,1.0,1.0,1024,1280,F2oil_fisherman_combo_krea2_seed5772156,F2oil_fisherman_combo_krea2_seed5772156_00001_.png
249,F2oil_fisherman,F2oil,fisherman,5772156,blk03_pos_d0.400,"0.000,0.000,0.000,0.400,0.000,0.000,0.000,0.000,0.000,0.000,0.000,0.000,0.000,0.000,0.000,0.000,0.000,0.000,0.000,0.000,0.000,0.000,0.000,0.000,0.000,0.000,0.000,0.000,0.000,0.000,0.000,0.000,0.000,0.000","Oil painting. an old fisherman with a grey beard mending a fishing net on a wooden pier, harbour boats behind him, overcast afternoon light.",euler_ancestral,simple,9,1.0,1.0,1024,1280,F2oil_fisherman_blk03_pos_d0.400_krea2_seed5772156,F2oil_fisherman_blk03_pos_d0.400_krea2_seed5772156_00001_.png
250,F2oil_fisherman,F2oil,fisherman,5772156,blk06_pos_d0.450,"0.000,0.000,0.000,0.000,0.000,0.000,0.450,0.000,0.000,0.000,0.000,0.000,0.000,0.000,0.000,0.000,0.000,0.000,0.000,0.000,0.000,0.000,0.000,0.000,0.000,0.000,0.000,0.000,0.000,0.000,0.000,0.000,0.000,0.000","Oil painting. an old fisherman with a grey beard mending a fishing net on a wooden pier, harbour boats behind him, overcast afternoon light.",euler_ancestral,simple,9,1.0,1.0,1024,1280,F2oil_fisherman_blk06_pos_d0.450_krea2_seed5772156,F2oil_fisherman_blk06_pos_d0.450_krea2_seed5772156_00001_.png
251,F2oil_fisherman,F2oil,fisherman,5772156,blk13_neg_d0.450,"0.000,0.000,0.000,0.000,0.000,0.000,0.000,0.000,0.000,0.000,0.000,0.000,0.000,-0.450,0.000,0.000,0.000,0.000,0.000,0.000,0.000,0.000,0.000,0.000,0.000,0.000,0.000,0.000,0.000,0.000,0.000,0.000,0.000,0.000","Oil painting. an old fisherman with a grey beard mending a fishing net on a wooden pier, harbour boats behind him, overcast afternoon light.",euler_ancestral,simple,9,1.0,1.0,1024,1280,F2oil_fisherman_blk13_neg_d0.450_krea2_seed5772156,F2oil_fisherman_blk13_neg_d0.450_krea2_seed5772156_00001_.png
252,F2oil_fisherman,F2oil,fisherman,5772156,blk17_pos_d0.400,"0.000,0.000,0.000,0.000,0.000,0.000,0.000,0.000,0.000,0.000,0.000,0.000,0.000,0.000,0.000,0.000,0.000,0.400,0.000,0.000,0.000,0.000,0.000,0.000,0.000,0.000,0.000,0.000,0.000,0.000,0.000,0.000,0.000,0.000","Oil painting. an old fisherman with a grey beard mending a fishing net on a wooden pier, harbour boats behind him, overcast afternoon light.",euler_ancestral,simple,9,1.0,1.0,1024,1280,F2oil_fisherman_blk17_pos_d0.400_krea2_seed5772156,F2oil_fisherman_blk17_pos_d0.400_krea2_seed5772156_00001_.png
253,F2oil_fisherman,F2oil,fisherman,1414213,baseline,,"Oil painting. an old fisherman with a grey beard mending a fishing net on a wooden pier, harbour boats behind him, overcast afternoon light.",euler_ancestral,simple,9,1.0,1.0,1024,1280,F2oil_fisherman_baseline_krea2_seed1414213,F2oil_fisherman_baseline_krea2_seed1414213_00001_.png
254,F2oil_fisherman,F2oil,fisherman,1414213,blk16_pos_d0.300,"0.000,0.000,0.000,0.000,0.000,0.000,0.000,0.000,0.000,0.000,0.000,0.000,0.000,0.000,0.000,0.000,0.300,0.000,0.000,0.000,0.000,0.000,0.000,0.000,0.000,0.000,0.000,0.000,0.000,0.000,0.000,0.000,0.000,0.000","Oil painting. an old fisherman with a grey beard mending a fishing net on a wooden pier, harbour boats behind him, overcast afternoon light.",euler_ancestral,simple,9,1.0,1.0,1024,1280,F2oil_fisherman_blk16_pos_d0.300_krea2_seed1414213,F2oil_fisherman_blk16_pos_d0.300_krea2_seed1414213_00001_.png
255,F2oil_fisherman,F2oil,fisherman,1414213,blk20_pos_d0.450,"0.000,0.000,0.000,0.000,0.000,0.000,0.000,0.000,0.000,0.000,0.000,0.000,0.000,0.000,0.000,0.000,0.000,0.000,0.000,0.000,0.450,0.000,0.000,0.000,0.000,0.000,0.000,0.000,0.000,0.000,0.000,0.000,0.000,0.000","Oil painting. an old fisherman with a grey beard mending a fishing net on a wooden pier, harbour boats behind him, overcast afternoon light.",euler_ancestral,simple,9,1.0,1.0,1024,1280,F2oil_fisherman_blk20_pos_d0.450_krea2_seed1414213,F2oil_fisherman_blk20_pos_d0.450_krea2_seed1414213_00001_.png
256,F2oil_fisherman,F2oil,fisherman,1414213,blk23_neg_d0.300,"0.000,0.000,0.000,0.000,0.000,0.000,0.000,0.000,0.000,0.000,0.000,0.000,0.000,0.000,0.000,0.000,0.000,0.000,0.000,0.000,0.000,0.000,0.000,-0.300,0.000,0.000,0.000,0.000,0.000,0.000,0.000,0.000,0.000,0.000","Oil painting. an old fisherman with a grey beard mending a fishing net on a wooden pier, harbour boats behind him, overcast afternoon light.",euler_ancestral,simple,9,1.0,1.0,1024,1280,F2oil_fisherman_blk23_neg_d0.300_krea2_seed1414213,F2oil_fisherman_blk23_neg_d0.300_krea2_seed1414213_00001_.png
257,F2oil_fisherman,F2oil,fisherman,1414213,blk26_pos_d0.150,"0.000,0.000,0.000,0.000,0.000,0.000,0.000,0.000,0.000,0.000,0.000,0.000,0.000,0.000,0.000,0.000,0.000,0.000,0.000,0.000,0.000,0.000,0.000,0.000,0.000,0.000,0.150,0.000,0.000,0.000,0.000,0.000,0.000,0.000","Oil painting. an old fisherman with a grey beard mending a fishing net on a wooden pier, harbour boats behind him, overcast afternoon light.",euler_ancestral,simple,9,1.0,1.0,1024,1280,F2oil_fisherman_blk26_pos_d0.150_krea2_seed1414213,F2oil_fisherman_blk26_pos_d0.150_krea2_seed1414213_00001_.png
258,F2oil_fisherman,F2oil,fisherman,1414213,blk27_neg_d0.250,"0.000,0.000,0.000,0.000,0.000,0.000,0.000,0.000,0.000,0.000,0.000,0.000,0.000,0.000,0.000,0.000,0.000,0.000,0.000,0.000,0.000,0.000,0.000,0.000,0.000,0.000,0.000,-0.250,0.000,0.000,0.000,0.000,0.000,0.000","Oil painting. an old fisherman with a grey beard mending a fishing net on a wooden pier, harbour boats behind him, overcast afternoon light.",euler_ancestral,simple,9,1.0,1.0,1024,1280,F2oil_fisherman_blk27_neg_d0.250_krea2_seed1414213,F2oil_fisherman_blk27_neg_d0.250_krea2_seed1414213_00001_.png
259,F2oil_fisherman,F2oil,fisherman,1414213,blk09_pos_d0.450,"0.000,0.000,0.000,0.000,0.000,0.000,0.000,0.000,0.000,0.450,0.000,0.000,0.000,0.000,0.000,0.000,0.000,0.000,0.000,0.000,0.000,0.000,0.000,0.000,0.000,0.000,0.000,0.000,0.000,0.000,0.000,0.000,0.000,0.000","Oil painting. an old fisherman with a grey beard mending a fishing net on a wooden pier, harbour boats behind him, overcast afternoon light.",euler_ancestral,simple,9,1.0,1.0,1024,1280,F2oil_fisherman_blk09_pos_d0.450_krea2_seed1414213,F2oil_fisherman_blk09_pos_d0.450_krea2_seed1414213_00001_.png
260,F2oil_fisherman,F2oil,fisherman,1414213,combo,"0.000,0.000,0.000,0.000,0.000,0.000,0.000,0.000,0.000,0.000,0.000,0.000,0.000,0.000,0.000,0.000,0.200,0.000,0.000,0.000,0.300,0.000,0.000,-0.200,0.000,0.000,0.000,-0.100,0.000,0.000,0.000,0.000,0.000,0.000","Oil painting. an old fisherman with a grey beard mending a fishing net on a wooden pier, harbour boats behind him, overcast afternoon light.",euler_ancestral,simple,9,1.0,1.0,1024,1280,F2oil_fisherman_combo_krea2_seed1414213,F2oil_fisherman_combo_krea2_seed1414213_00001_.png
261,F2oil_fisherman,F2oil,fisherman,1414213,blk03_pos_d0.400,"0.000,0.000,0.000,0.400,0.000,0.000,0.000,0.000,0.000,0.000,0.000,0.000,0.000,0.000,0.000,0.000,0.000,0.000,0.000,0.000,0.000,0.000,0.000,0.000,0.000,0.000,0.000,0.000,0.000,0.000,0.000,0.000,0.000,0.000","Oil painting. an old fisherman with a grey beard mending a fishing net on a wooden pier, harbour boats behind him, overcast afternoon light.",euler_ancestral,simple,9,1.0,1.0,1024,1280,F2oil_fisherman_blk03_pos_d0.400_krea2_seed1414213,F2oil_fisherman_blk03_pos_d0.400_krea2_seed1414213_00001_.png
262,F2oil_fisherman,F2oil,fisherman,1414213,blk06_pos_d0.450,"0.000,0.000,0.000,0.000,0.000,0.000,0.450,0.000,0.000,0.000,0.000,0.000,0.000,0.000,0.000,0.000,0.000,0.000,0.000,0.000,0.000,0.000,0.000,0.000,0.000,0.000,0.000,0.000,0.000,0.000,0.000,0.000,0.000,0.000","Oil painting. an old fisherman with a grey beard mending a fishing net on a wooden pier, harbour boats behind him, overcast afternoon light.",euler_ancestral,simple,9,1.0,1.0,1024,1280,F2oil_fisherman_blk06_pos_d0.450_krea2_seed1414213,F2oil_fisherman_blk06_pos_d0.450_krea2_seed1414213_00001_.png
263,F2oil_fisherman,F2oil,fisherman,1414213,blk13_neg_d0.450,"0.000,0.000,0.000,0.000,0.000,0.000,0.000,0.000,0.000,0.000,0.000,0.000,0.000,-0.450,0.000,0.000,0.000,0.000,0.000,0.000,0.000,0.000,0.000,0.000,0.000,0.000,0.000,0.000,0.000,0.000,0.000,0.000,0.000,0.000","Oil painting. an old fisherman with a grey beard mending a fishing net on a wooden pier, harbour boats behind him, overcast afternoon light.",euler_ancestral,simple,9,1.0,1.0,1024,1280,F2oil_fisherman_blk13_neg_d0.450_krea2_seed1414213,F2oil_fisherman_blk13_neg_d0.450_krea2_seed1414213_00001_.png
264,F2oil_fisherman,F2oil,fisherman,1414213,blk17_pos_d0.400,"0.000,0.000,0.000,0.000,0.000,0.000,0.000,0.000,0.000,0.000,0.000,0.000,0.000,0.000,0.000,0.000,0.000,0.400,0.000,0.000,0.000,0.000,0.000,0.000,0.000,0.000,0.000,0.000,0.000,0.000,0.000,0.000,0.000,0.000","Oil painting. an old fisherman with a grey beard mending a fishing net on a wooden pier, harbour boats behind him, overcast afternoon light.",euler_ancestral,simple,9,1.0,1.0,1024,1280,F2oil_fisherman_blk17_pos_d0.400_krea2_seed1414213,F2oil_fisherman_blk17_pos_d0.400_krea2_seed1414213_00001_.png
265,F2oil_lighthouse,F2oil,lighthouse,5772156,baseline,,"Oil painting. a white lighthouse on a rocky coast at dusk, waves breaking on the rocks, a few seagulls in the sky.",euler_ancestral,simple,9,1.0,1.0,1024,1280,F2oil_lighthouse_baseline_krea2_seed5772156,F2oil_lighthouse_baseline_krea2_seed5772156_00001_.png
266,F2oil_lighthouse,F2oil,lighthouse,5772156,blk16_pos_d0.300,"0.000,0.000,0.000,0.000,0.000,0.000,0.000,0.000,0.000,0.000,0.000,0.000,0.000,0.000,0.000,0.000,0.300,0.000,0.000,0.000,0.000,0.000,0.000,0.000,0.000,0.000,0.000,0.000,0.000,0.000,0.000,0.000,0.000,0.000","Oil painting. a white lighthouse on a rocky coast at dusk, waves breaking on the rocks, a few seagulls in the sky.",euler_ancestral,simple,9,1.0,1.0,1024,1280,F2oil_lighthouse_blk16_pos_d0.300_krea2_seed5772156,F2oil_lighthouse_blk16_pos_d0.300_krea2_seed5772156_00001_.png
267,F2oil_lighthouse,F2oil,lighthouse,5772156,blk20_pos_d0.450,"0.000,0.000,0.000,0.000,0.000,0.000,0.000,0.000,0.000,0.000,0.000,0.000,0.000,0.000,0.000,0.000,0.000,0.000,0.000,0.000,0.450,0.000,0.000,0.000,0.000,0.000,0.000,0.000,0.000,0.000,0.000,0.000,0.000,0.000","Oil painting. a white lighthouse on a rocky coast at dusk, waves breaking on the rocks, a few seagulls in the sky.",euler_ancestral,simple,9,1.0,1.0,1024,1280,F2oil_lighthouse_blk20_pos_d0.450_krea2_seed5772156,F2oil_lighthouse_blk20_pos_d0.450_krea2_seed5772156_00001_.png
268,F2oil_lighthouse,F2oil,lighthouse,5772156,blk23_neg_d0.300,"0.000,0.000,0.000,0.000,0.000,0.000,0.000,0.000,0.000,0.000,0.000,0.000,0.000,0.000,0.000,0.000,0.000,0.000,0.000,0.000,0.000,0.000,0.000,-0.300,0.000,0.000,0.000,0.000,0.000,0.000,0.000,0.000,0.000,0.000","Oil painting. a white lighthouse on a rocky coast at dusk, waves breaking on the rocks, a few seagulls in the sky.",euler_ancestral,simple,9,1.0,1.0,1024,1280,F2oil_lighthouse_blk23_neg_d0.300_krea2_seed5772156,F2oil_lighthouse_blk23_neg_d0.300_krea2_seed5772156_00001_.png
269,F2oil_lighthouse,F2oil,lighthouse,5772156,blk26_pos_d0.150,"0.000,0.000,0.000,0.000,0.000,0.000,0.000,0.000,0.000,0.000,0.000,0.000,0.000,0.000,0.000,0.000,0.000,0.000,0.000,0.000,0.000,0.000,0.000,0.000,0.000,0.000,0.150,0.000,0.000,0.000,0.000,0.000,0.000,0.000","Oil painting. a white lighthouse on a rocky coast at dusk, waves breaking on the rocks, a few seagulls in the sky.",euler_ancestral,simple,9,1.0,1.0,1024,1280,F2oil_lighthouse_blk26_pos_d0.150_krea2_seed5772156,F2oil_lighthouse_blk26_pos_d0.150_krea2_seed5772156_00001_.png
270,F2oil_lighthouse,F2oil,lighthouse,5772156,blk27_neg_d0.250,"0.000,0.000,0.000,0.000,0.000,0.000,0.000,0.000,0.000,0.000,0.000,0.000,0.000,0.000,0.000,0.000,0.000,0.000,0.000,0.000,0.000,0.000,0.000,0.000,0.000,0.000,0.000,-0.250,0.000,0.000,0.000,0.000,0.000,0.000","Oil painting. a white lighthouse on a rocky coast at dusk, waves breaking on the rocks, a few seagulls in the sky.",euler_ancestral,simple,9,1.0,1.0,1024,1280,F2oil_lighthouse_blk27_neg_d0.250_krea2_seed5772156,F2oil_lighthouse_blk27_neg_d0.250_krea2_seed5772156_00001_.png
271,F2oil_lighthouse,F2oil,lighthouse,5772156,blk09_pos_d0.450,"0.000,0.000,0.000,0.000,0.000,0.000,0.000,0.000,0.000,0.450,0.000,0.000,0.000,0.000,0.000,0.000,0.000,0.000,0.000,0.000,0.000,0.000,0.000,0.000,0.000,0.000,0.000,0.000,0.000,0.000,0.000,0.000,0.000,0.000","Oil painting. a white lighthouse on a rocky coast at dusk, waves breaking on the rocks, a few seagulls in the sky.",euler_ancestral,simple,9,1.0,1.0,1024,1280,F2oil_lighthouse_blk09_pos_d0.450_krea2_seed5772156,F2oil_lighthouse_blk09_pos_d0.450_krea2_seed5772156_00001_.png
272,F2oil_lighthouse,F2oil,lighthouse,5772156,combo,"0.000,0.000,0.000,0.000,0.000,0.000,0.000,0.000,0.000,0.000,0.000,0.000,0.000,0.000,0.000,0.000,0.200,0.000,0.000,0.000,0.300,0.000,0.000,-0.200,0.000,0.000,0.000,-0.100,0.000,0.000,0.000,0.000,0.000,0.000","Oil painting. a white lighthouse on a rocky coast at dusk, waves breaking on the rocks, a few seagulls in the sky.",euler_ancestral,simple,9,1.0,1.0,1024,1280,F2oil_lighthouse_combo_krea2_seed5772156,F2oil_lighthouse_combo_krea2_seed5772156_00001_.png
273,F2oil_lighthouse,F2oil,lighthouse,5772156,blk03_pos_d0.400,"0.000,0.000,0.000,0.400,0.000,0.000,0.000,0.000,0.000,0.000,0.000,0.000,0.000,0.000,0.000,0.000,0.000,0.000,0.000,0.000,0.000,0.000,0.000,0.000,0.000,0.000,0.000,0.000,0.000,0.000,0.000,0.000,0.000,0.000","Oil painting. a white lighthouse on a rocky coast at dusk, waves breaking on the rocks, a few seagulls in the sky.",euler_ancestral,simple,9,1.0,1.0,1024,1280,F2oil_lighthouse_blk03_pos_d0.400_krea2_seed5772156,F2oil_lighthouse_blk03_pos_d0.400_krea2_seed5772156_00001_.png
274,F2oil_lighthouse,F2oil,lighthouse,5772156,blk06_pos_d0.450,"0.000,0.000,0.000,0.000,0.000,0.000,0.450,0.000,0.000,0.000,0.000,0.000,0.000,0.000,0.000,0.000,0.000,0.000,0.000,0.000,0.000,0.000,0.000,0.000,0.000,0.000,0.000,0.000,0.000,0.000,0.000,0.000,0.000,0.000","Oil painting. a white lighthouse on a rocky coast at dusk, waves breaking on the rocks, a few seagulls in the sky.",euler_ancestral,simple,9,1.0,1.0,1024,1280,F2oil_lighthouse_blk06_pos_d0.450_krea2_seed5772156,F2oil_lighthouse_blk06_pos_d0.450_krea2_seed5772156_00001_.png
275,F2oil_lighthouse,F2oil,lighthouse,5772156,blk13_neg_d0.450,"0.000,0.000,0.000,0.000,0.000,0.000,0.000,0.000,0.000,0.000,0.000,0.000,0.000,-0.450,0.000,0.000,0.000,0.000,0.000,0.000,0.000,0.000,0.000,0.000,0.000,0.000,0.000,0.000,0.000,0.000,0.000,0.000,0.000,0.000","Oil painting. a white lighthouse on a rocky coast at dusk, waves breaking on the rocks, a few seagulls in the sky.",euler_ancestral,simple,9,1.0,1.0,1024,1280,F2oil_lighthouse_blk13_neg_d0.450_krea2_seed5772156,F2oil_lighthouse_blk13_neg_d0.450_krea2_seed5772156_00001_.png
276,F2oil_lighthouse,F2oil,lighthouse,5772156,blk17_pos_d0.400,"0.000,0.000,0.000,0.000,0.000,0.000,0.000,0.000,0.000,0.000,0.000,0.000,0.000,0.000,0.000,0.000,0.000,0.400,0.000,0.000,0.000,0.000,0.000,0.000,0.000,0.000,0.000,0.000,0.000,0.000,0.000,0.000,0.000,0.000","Oil painting. a white lighthouse on a rocky coast at dusk, waves breaking on the rocks, a few seagulls in the sky.",euler_ancestral,simple,9,1.0,1.0,1024,1280,F2oil_lighthouse_blk17_pos_d0.400_krea2_seed5772156,F2oil_lighthouse_blk17_pos_d0.400_krea2_seed5772156_00001_.png
277,F2oil_lighthouse,F2oil,lighthouse,1414213,baseline,,"Oil painting. a white lighthouse on a rocky coast at dusk, waves breaking on the rocks, a few seagulls in the sky.",euler_ancestral,simple,9,1.0,1.0,1024,1280,F2oil_lighthouse_baseline_krea2_seed1414213,F2oil_lighthouse_baseline_krea2_seed1414213_00001_.png
278,F2oil_lighthouse,F2oil,lighthouse,1414213,blk16_pos_d0.300,"0.000,0.000,0.000,0.000,0.000,0.000,0.000,0.000,0.000,0.000,0.000,0.000,0.000,0.000,0.000,0.000,0.300,0.000,0.000,0.000,0.000,0.000,0.000,0.000,0.000,0.000,0.000,0.000,0.000,0.000,0.000,0.000,0.000,0.000","Oil painting. a white lighthouse on a rocky coast at dusk, waves breaking on the rocks, a few seagulls in the sky.",euler_ancestral,simple,9,1.0,1.0,1024,1280,F2oil_lighthouse_blk16_pos_d0.300_krea2_seed1414213,F2oil_lighthouse_blk16_pos_d0.300_krea2_seed1414213_00001_.png
279,F2oil_lighthouse,F2oil,lighthouse,1414213,blk20_pos_d0.450,"0.000,0.000,0.000,0.000,0.000,0.000,0.000,0.000,0.000,0.000,0.000,0.000,0.000,0.000,0.000,0.000,0.000,0.000,0.000,0.000,0.450,0.000,0.000,0.000,0.000,0.000,0.000,0.000,0.000,0.000,0.000,0.000,0.000,0.000","Oil painting. a white lighthouse on a rocky coast at dusk, waves breaking on the rocks, a few seagulls in the sky.",euler_ancestral,simple,9,1.0,1.0,1024,1280,F2oil_lighthouse_blk20_pos_d0.450_krea2_seed1414213,F2oil_lighthouse_blk20_pos_d0.450_krea2_seed1414213_00001_.png
280,F2oil_lighthouse,F2oil,lighthouse,1414213,blk23_neg_d0.300,"0.000,0.000,0.000,0.000,0.000,0.000,0.000,0.000,0.000,0.000,0.000,0.000,0.000,0.000,0.000,0.000,0.000,0.000,0.000,0.000,0.000,0.000,0.000,-0.300,0.000,0.000,0.000,0.000,0.000,0.000,0.000,0.000,0.000,0.000","Oil painting. a white lighthouse on a rocky coast at dusk, waves breaking on the rocks, a few seagulls in the sky.",euler_ancestral,simple,9,1.0,1.0,1024,1280,F2oil_lighthouse_blk23_neg_d0.300_krea2_seed1414213,F2oil_lighthouse_blk23_neg_d0.300_krea2_seed1414213_00001_.png
281,F2oil_lighthouse,F2oil,lighthouse,1414213,blk26_pos_d0.150,"0.000,0.000,0.000,0.000,0.000,0.000,0.000,0.000,0.000,0.000,0.000,0.000,0.000,0.000,0.000,0.000,0.000,0.000,0.000,0.000,0.000,0.000,0.000,0.000,0.000,0.000,0.150,0.000,0.000,0.000,0.000,0.000,0.000,0.000","Oil painting. a white lighthouse on a rocky coast at dusk, waves breaking on the rocks, a few seagulls in the sky.",euler_ancestral,simple,9,1.0,1.0,1024,1280,F2oil_lighthouse_blk26_pos_d0.150_krea2_seed1414213,F2oil_lighthouse_blk26_pos_d0.150_krea2_seed1414213_00001_.png
282,F2oil_lighthouse,F2oil,lighthouse,1414213,blk27_neg_d0.250,"0.000,0.000,0.000,0.000,0.000,0.000,0.000,0.000,0.000,0.000,0.000,0.000,0.000,0.000,0.000,0.000,0.000,0.000,0.000,0.000,0.000,0.000,0.000,0.000,0.000,0.000,0.000,-0.250,0.000,0.000,0.000,0.000,0.000,0.000","Oil painting. a white lighthouse on a rocky coast at dusk, waves breaking on the rocks, a few seagulls in the sky.",euler_ancestral,simple,9,1.0,1.0,1024,1280,F2oil_lighthouse_blk27_neg_d0.250_krea2_seed1414213,F2oil_lighthouse_blk27_neg_d0.250_krea2_seed1414213_00001_.png
283,F2oil_lighthouse,F2oil,lighthouse,1414213,blk09_pos_d0.450,"0.000,0.000,0.000,0.000,0.000,0.000,0.000,0.000,0.000,0.450,0.000,0.000,0.000,0.000,0.000,0.000,0.000,0.000,0.000,0.000,0.000,0.000,0.000,0.000,0.000,0.000,0.000,0.000,0.000,0.000,0.000,0.000,0.000,0.000","Oil painting. a white lighthouse on a rocky coast at dusk, waves breaking on the rocks, a few seagulls in the sky.",euler_ancestral,simple,9,1.0,1.0,1024,1280,F2oil_lighthouse_blk09_pos_d0.450_krea2_seed1414213,F2oil_lighthouse_blk09_pos_d0.450_krea2_seed1414213_00001_.png
284,F2oil_lighthouse,F2oil,lighthouse,1414213,combo,"0.000,0.000,0.000,0.000,0.000,0.000,0.000,0.000,0.000,0.000,0.000,0.000,0.000,0.000,0.000,0.000,0.200,0.000,0.000,0.000,0.300,0.000,0.000,-0.200,0.000,0.000,0.000,-0.100,0.000,0.000,0.000,0.000,0.000,0.000","Oil painting. a white lighthouse on a rocky coast at dusk, waves breaking on the rocks, a few seagulls in the sky.",euler_ancestral,simple,9,1.0,1.0,1024,1280,F2oil_lighthouse_combo_krea2_seed1414213,F2oil_lighthouse_combo_krea2_seed1414213_00001_.png
285,F2oil_lighthouse,F2oil,lighthouse,1414213,blk03_pos_d0.400,"0.000,0.000,0.000,0.400,0.000,0.000,0.000,0.000,0.000,0.000,0.000,0.000,0.000,0.000,0.000,0.000,0.000,0.000,0.000,0.000,0.000,0.000,0.000,0.000,0.000,0.000,0.000,0.000,0.000,0.000,0.000,0.000,0.000,0.000","Oil painting. a white lighthouse on a rocky coast at dusk, waves breaking on the rocks, a few seagulls in the sky.",euler_ancestral,simple,9,1.0,1.0,1024,1280,F2oil_lighthouse_blk03_pos_d0.400_krea2_seed1414213,F2oil_lighthouse_blk03_pos_d0.400_krea2_seed1414213_00001_.png
286,F2oil_lighthouse,F2oil,lighthouse,1414213,blk06_pos_d0.450,"0.000,0.000,0.000,0.000,0.000,0.000,0.450,0.000,0.000,0.000,0.000,0.000,0.000,0.000,0.000,0.000,0.000,0.000,0.000,0.000,0.000,0.000,0.000,0.000,0.000,0.000,0.000,0.000,0.000,0.000,0.000,0.000,0.000,0.000","Oil painting. a white lighthouse on a rocky coast at dusk, waves breaking on the rocks, a few seagulls in the sky.",euler_ancestral,simple,9,1.0,1.0,1024,1280,F2oil_lighthouse_blk06_pos_d0.450_krea2_seed1414213,F2oil_lighthouse_blk06_pos_d0.450_krea2_seed1414213_00001_.png
287,F2oil_lighthouse,F2oil,lighthouse,1414213,blk13_neg_d0.450,"0.000,0.000,0.000,0.000,0.000,0.000,0.000,0.000,0.000,0.000,0.000,0.000,0.000,-0.450,0.000,0.000,0.000,0.000,0.000,0.000,0.000,0.000,0.000,0.000,0.000,0.000,0.000,0.000,0.000,0.000,0.000,0.000,0.000,0.000","Oil painting. a white lighthouse on a rocky coast at dusk, waves breaking on the rocks, a few seagulls in the sky.",euler_ancestral,simple,9,1.0,1.0,1024,1280,F2oil_lighthouse_blk13_neg_d0.450_krea2_seed1414213,F2oil_lighthouse_blk13_neg_d0.450_krea2_seed1414213_00001_.png
288,F2oil_lighthouse,F2oil,lighthouse,1414213,blk17_pos_d0.400,"0.000,0.000,0.000,0.000,0.000,0.000,0.000,0.000,0.000,0.000,0.000,0.000,0.000,0.000,0.000,0.000,0.000,0.400,0.000,0.000,0.000,0.000,0.000,0.000,0.000,0.000,0.000,0.000,0.000,0.000,0.000,0.000,0.000,0.000","Oil painting. a white lighthouse on a rocky coast at dusk, waves breaking on the rocks, a few seagulls in the sky.",euler_ancestral,simple,9,1.0,1.0,1024,1280,F2oil_lighthouse_blk17_pos_d0.400_krea2_seed1414213,F2oil_lighthouse_blk17_pos_d0.400_krea2_seed1414213_00001_.png
289,F3photo_blacksmith,F3photo,blacksmith,5772156,baseline,,"Photograph. medium wide shot, static centred composition, eye-level camera, subject centred and filling the middle third of the frame. A blacksmith woman stands behind a heavy oak workbench, facing the viewer, both hands resting flat on the wood. She has coarse dark curls tied back, weathered brown skin, a leather apron over a coarse linen shirt, and a polished steel gauntlet on her left forearm. On the bench lie a hammered copper bowl, a coil of frayed rope, and three rough granite offcuts. Behind her on the left a forge fire glows with a warm orange to deep red gradient, and thin smoke rises against a flat dark stone wall on the right. Cold blue window light falls from the upper left across the steel.",euler_ancestral,simple,9,1.0,1.0,1024,1280,F3photo_blacksmith_baseline_krea2_seed5772156,F3photo_blacksmith_baseline_krea2_seed5772156_00001_.png
290,F3photo_blacksmith,F3photo,blacksmith,5772156,blk16_pos_d0.300,"0.000,0.000,0.000,0.000,0.000,0.000,0.000,0.000,0.000,0.000,0.000,0.000,0.000,0.000,0.000,0.000,0.300,0.000,0.000,0.000,0.000,0.000,0.000,0.000,0.000,0.000,0.000,0.000,0.000,0.000,0.000,0.000,0.000,0.000","Photograph. medium wide shot, static centred composition, eye-level camera, subject centred and filling the middle third of the frame. A blacksmith woman stands behind a heavy oak workbench, facing the viewer, both hands resting flat on the wood. She has coarse dark curls tied back, weathered brown skin, a leather apron over a coarse linen shirt, and a polished steel gauntlet on her left forearm. On the bench lie a hammered copper bowl, a coil of frayed rope, and three rough granite offcuts. Behind her on the left a forge fire glows with a warm orange to deep red gradient, and thin smoke rises against a flat dark stone wall on the right. Cold blue window light falls from the upper left across the steel.",euler_ancestral,simple,9,1.0,1.0,1024,1280,F3photo_blacksmith_blk16_pos_d0.300_krea2_seed5772156,F3photo_blacksmith_blk16_pos_d0.300_krea2_seed5772156_00001_.png
291,F3photo_blacksmith,F3photo,blacksmith,5772156,blk20_pos_d0.450,"0.000,0.000,0.000,0.000,0.000,0.000,0.000,0.000,0.000,0.000,0.000,0.000,0.000,0.000,0.000,0.000,0.000,0.000,0.000,0.000,0.450,0.000,0.000,0.000,0.000,0.000,0.000,0.000,0.000,0.000,0.000,0.000,0.000,0.000","Photograph. medium wide shot, static centred composition, eye-level camera, subject centred and filling the middle third of the frame. A blacksmith woman stands behind a heavy oak workbench, facing the viewer, both hands resting flat on the wood. She has coarse dark curls tied back, weathered brown skin, a leather apron over a coarse linen shirt, and a polished steel gauntlet on her left forearm. On the bench lie a hammered copper bowl, a coil of frayed rope, and three rough granite offcuts. Behind her on the left a forge fire glows with a warm orange to deep red gradient, and thin smoke rises against a flat dark stone wall on the right. Cold blue window light falls from the upper left across the steel.",euler_ancestral,simple,9,1.0,1.0,1024,1280,F3photo_blacksmith_blk20_pos_d0.450_krea2_seed5772156,F3photo_blacksmith_blk20_pos_d0.450_krea2_seed5772156_00001_.png
292,F3photo_blacksmith,F3photo,blacksmith,5772156,blk23_neg_d0.300,"0.000,0.000,0.000,0.000,0.000,0.000,0.000,0.000,0.000,0.000,0.000,0.000,0.000,0.000,0.000,0.000,0.000,0.000,0.000,0.000,0.000,0.000,0.000,-0.300,0.000,0.000,0.000,0.000,0.000,0.000,0.000,0.000,0.000,0.000","Photograph. medium wide shot, static centred composition, eye-level camera, subject centred and filling the middle third of the frame. A blacksmith woman stands behind a heavy oak workbench, facing the viewer, both hands resting flat on the wood. She has coarse dark curls tied back, weathered brown skin, a leather apron over a coarse linen shirt, and a polished steel gauntlet on her left forearm. On the bench lie a hammered copper bowl, a coil of frayed rope, and three rough granite offcuts. Behind her on the left a forge fire glows with a warm orange to deep red gradient, and thin smoke rises against a flat dark stone wall on the right. Cold blue window light falls from the upper left across the steel.",euler_ancestral,simple,9,1.0,1.0,1024,1280,F3photo_blacksmith_blk23_neg_d0.300_krea2_seed5772156,F3photo_blacksmith_blk23_neg_d0.300_krea2_seed5772156_00001_.png
293,F3photo_blacksmith,F3photo,blacksmith,5772156,blk26_pos_d0.150,"0.000,0.000,0.000,0.000,0.000,0.000,0.000,0.000,0.000,0.000,0.000,0.000,0.000,0.000,0.000,0.000,0.000,0.000,0.000,0.000,0.000,0.000,0.000,0.000,0.000,0.000,0.150,0.000,0.000,0.000,0.000,0.000,0.000,0.000","Photograph. medium wide shot, static centred composition, eye-level camera, subject centred and filling the middle third of the frame. A blacksmith woman stands behind a heavy oak workbench, facing the viewer, both hands resting flat on the wood. She has coarse dark curls tied back, weathered brown skin, a leather apron over a coarse linen shirt, and a polished steel gauntlet on her left forearm. On the bench lie a hammered copper bowl, a coil of frayed rope, and three rough granite offcuts. Behind her on the left a forge fire glows with a warm orange to deep red gradient, and thin smoke rises against a flat dark stone wall on the right. Cold blue window light falls from the upper left across the steel.",euler_ancestral,simple,9,1.0,1.0,1024,1280,F3photo_blacksmith_blk26_pos_d0.150_krea2_seed5772156,F3photo_blacksmith_blk26_pos_d0.150_krea2_seed5772156_00001_.png
294,F3photo_blacksmith,F3photo,blacksmith,5772156,blk27_neg_d0.250,"0.000,0.000,0.000,0.000,0.000,0.000,0.000,0.000,0.000,0.000,0.000,0.000,0.000,0.000,0.000,0.000,0.000,0.000,0.000,0.000,0.000,0.000,0.000,0.000,0.000,0.000,0.000,-0.250,0.000,0.000,0.000,0.000,0.000,0.000","Photograph. medium wide shot, static centred composition, eye-level camera, subject centred and filling the middle third of the frame. A blacksmith woman stands behind a heavy oak workbench, facing the viewer, both hands resting flat on the wood. She has coarse dark curls tied back, weathered brown skin, a leather apron over a coarse linen shirt, and a polished steel gauntlet on her left forearm. On the bench lie a hammered copper bowl, a coil of frayed rope, and three rough granite offcuts. Behind her on the left a forge fire glows with a warm orange to deep red gradient, and thin smoke rises against a flat dark stone wall on the right. Cold blue window light falls from the upper left across the steel.",euler_ancestral,simple,9,1.0,1.0,1024,1280,F3photo_blacksmith_blk27_neg_d0.250_krea2_seed5772156,F3photo_blacksmith_blk27_neg_d0.250_krea2_seed5772156_00001_.png
295,F3photo_blacksmith,F3photo,blacksmith,5772156,blk09_pos_d0.450,"0.000,0.000,0.000,0.000,0.000,0.000,0.000,0.000,0.000,0.450,0.000,0.000,0.000,0.000,0.000,0.000,0.000,0.000,0.000,0.000,0.000,0.000,0.000,0.000,0.000,0.000,0.000,0.000,0.000,0.000,0.000,0.000,0.000,0.000","Photograph. medium wide shot, static centred composition, eye-level camera, subject centred and filling the middle third of the frame. A blacksmith woman stands behind a heavy oak workbench, facing the viewer, both hands resting flat on the wood. She has coarse dark curls tied back, weathered brown skin, a leather apron over a coarse linen shirt, and a polished steel gauntlet on her left forearm. On the bench lie a hammered copper bowl, a coil of frayed rope, and three rough granite offcuts. Behind her on the left a forge fire glows with a warm orange to deep red gradient, and thin smoke rises against a flat dark stone wall on the right. Cold blue window light falls from the upper left across the steel.",euler_ancestral,simple,9,1.0,1.0,1024,1280,F3photo_blacksmith_blk09_pos_d0.450_krea2_seed5772156,F3photo_blacksmith_blk09_pos_d0.450_krea2_seed5772156_00001_.png
296,F3photo_blacksmith,F3photo,blacksmith,5772156,combo,"0.000,0.000,0.000,0.000,0.000,0.000,0.000,0.000,0.000,0.000,0.000,0.000,0.000,0.000,0.000,0.000,0.200,0.000,0.000,0.000,0.300,0.000,0.000,-0.200,0.000,0.000,0.000,-0.100,0.000,0.000,0.000,0.000,0.000,0.000","Photograph. medium wide shot, static centred composition, eye-level camera, subject centred and filling the middle third of the frame. A blacksmith woman stands behind a heavy oak workbench, facing the viewer, both hands resting flat on the wood. She has coarse dark curls tied back, weathered brown skin, a leather apron over a coarse linen shirt, and a polished steel gauntlet on her left forearm. On the bench lie a hammered copper bowl, a coil of frayed rope, and three rough granite offcuts. Behind her on the left a forge fire glows with a warm orange to deep red gradient, and thin smoke rises against a flat dark stone wall on the right. Cold blue window light falls from the upper left across the steel.",euler_ancestral,simple,9,1.0,1.0,1024,1280,F3photo_blacksmith_combo_krea2_seed5772156,F3photo_blacksmith_combo_krea2_seed5772156_00001_.png
297,F3photo_blacksmith,F3photo,blacksmith,5772156,blk03_pos_d0.400,"0.000,0.000,0.000,0.400,0.000,0.000,0.000,0.000,0.000,0.000,0.000,0.000,0.000,0.000,0.000,0.000,0.000,0.000,0.000,0.000,0.000,0.000,0.000,0.000,0.000,0.000,0.000,0.000,0.000,0.000,0.000,0.000,0.000,0.000","Photograph. medium wide shot, static centred composition, eye-level camera, subject centred and filling the middle third of the frame. A blacksmith woman stands behind a heavy oak workbench, facing the viewer, both hands resting flat on the wood. She has coarse dark curls tied back, weathered brown skin, a leather apron over a coarse linen shirt, and a polished steel gauntlet on her left forearm. On the bench lie a hammered copper bowl, a coil of frayed rope, and three rough granite offcuts. Behind her on the left a forge fire glows with a warm orange to deep red gradient, and thin smoke rises against a flat dark stone wall on the right. Cold blue window light falls from the upper left across the steel.",euler_ancestral,simple,9,1.0,1.0,1024,1280,F3photo_blacksmith_blk03_pos_d0.400_krea2_seed5772156,F3photo_blacksmith_blk03_pos_d0.400_krea2_seed5772156_00001_.png
298,F3photo_blacksmith,F3photo,blacksmith,5772156,blk06_pos_d0.450,"0.000,0.000,0.000,0.000,0.000,0.000,0.450,0.000,0.000,0.000,0.000,0.000,0.000,0.000,0.000,0.000,0.000,0.000,0.000,0.000,0.000,0.000,0.000,0.000,0.000,0.000,0.000,0.000,0.000,0.000,0.000,0.000,0.000,0.000","Photograph. medium wide shot, static centred composition, eye-level camera, subject centred and filling the middle third of the frame. A blacksmith woman stands behind a heavy oak workbench, facing the viewer, both hands resting flat on the wood. She has coarse dark curls tied back, weathered brown skin, a leather apron over a coarse linen shirt, and a polished steel gauntlet on her left forearm. On the bench lie a hammered copper bowl, a coil of frayed rope, and three rough granite offcuts. Behind her on the left a forge fire glows with a warm orange to deep red gradient, and thin smoke rises against a flat dark stone wall on the right. Cold blue window light falls from the upper left across the steel.",euler_ancestral,simple,9,1.0,1.0,1024,1280,F3photo_blacksmith_blk06_pos_d0.450_krea2_seed5772156,F3photo_blacksmith_blk06_pos_d0.450_krea2_seed5772156_00001_.png
299,F3photo_blacksmith,F3photo,blacksmith,5772156,blk13_neg_d0.450,"0.000,0.000,0.000,0.000,0.000,0.000,0.000,0.000,0.000,0.000,0.000,0.000,0.000,-0.450,0.000,0.000,0.000,0.000,0.000,0.000,0.000,0.000,0.000,0.000,0.000,0.000,0.000,0.000,0.000,0.000,0.000,0.000,0.000,0.000","Photograph. medium wide shot, static centred composition, eye-level camera, subject centred and filling the middle third of the frame. A blacksmith woman stands behind a heavy oak workbench, facing the viewer, both hands resting flat on the wood. She has coarse dark curls tied back, weathered brown skin, a leather apron over a coarse linen shirt, and a polished steel gauntlet on her left forearm. On the bench lie a hammered copper bowl, a coil of frayed rope, and three rough granite offcuts. Behind her on the left a forge fire glows with a warm orange to deep red gradient, and thin smoke rises against a flat dark stone wall on the right. Cold blue window light falls from the upper left across the steel.",euler_ancestral,simple,9,1.0,1.0,1024,1280,F3photo_blacksmith_blk13_neg_d0.450_krea2_seed5772156,F3photo_blacksmith_blk13_neg_d0.450_krea2_seed5772156_00001_.png
300,F3photo_blacksmith,F3photo,blacksmith,5772156,blk17_pos_d0.400,"0.000,0.000,0.000,0.000,0.000,0.000,0.000,0.000,0.000,0.000,0.000,0.000,0.000,0.000,0.000,0.000,0.000,0.400,0.000,0.000,0.000,0.000,0.000,0.000,0.000,0.000,0.000,0.000,0.000,0.000,0.000,0.000,0.000,0.000","Photograph. medium wide shot, static centred composition, eye-level camera, subject centred and filling the middle third of the frame. A blacksmith woman stands behind a heavy oak workbench, facing the viewer, both hands resting flat on the wood. She has coarse dark curls tied back, weathered brown skin, a leather apron over a coarse linen shirt, and a polished steel gauntlet on her left forearm. On the bench lie a hammered copper bowl, a coil of frayed rope, and three rough granite offcuts. Behind her on the left a forge fire glows with a warm orange to deep red gradient, and thin smoke rises against a flat dark stone wall on the right. Cold blue window light falls from the upper left across the steel.",euler_ancestral,simple,9,1.0,1.0,1024,1280,F3photo_blacksmith_blk17_pos_d0.400_krea2_seed5772156,F3photo_blacksmith_blk17_pos_d0.400_krea2_seed5772156_00001_.png
301,F3photo_blacksmith,F3photo,blacksmith,1414213,baseline,,"Photograph. medium wide shot, static centred composition, eye-level camera, subject centred and filling the middle third of the frame. A blacksmith woman stands behind a heavy oak workbench, facing the viewer, both hands resting flat on the wood. She has coarse dark curls tied back, weathered brown skin, a leather apron over a coarse linen shirt, and a polished steel gauntlet on her left forearm. On the bench lie a hammered copper bowl, a coil of frayed rope, and three rough granite offcuts. Behind her on the left a forge fire glows with a warm orange to deep red gradient, and thin smoke rises against a flat dark stone wall on the right. Cold blue window light falls from the upper left across the steel.",euler_ancestral,simple,9,1.0,1.0,1024,1280,F3photo_blacksmith_baseline_krea2_seed1414213,F3photo_blacksmith_baseline_krea2_seed1414213_00001_.png
302,F3photo_blacksmith,F3photo,blacksmith,1414213,blk16_pos_d0.300,"0.000,0.000,0.000,0.000,0.000,0.000,0.000,0.000,0.000,0.000,0.000,0.000,0.000,0.000,0.000,0.000,0.300,0.000,0.000,0.000,0.000,0.000,0.000,0.000,0.000,0.000,0.000,0.000,0.000,0.000,0.000,0.000,0.000,0.000","Photograph. medium wide shot, static centred composition, eye-level camera, subject centred and filling the middle third of the frame. A blacksmith woman stands behind a heavy oak workbench, facing the viewer, both hands resting flat on the wood. She has coarse dark curls tied back, weathered brown skin, a leather apron over a coarse linen shirt, and a polished steel gauntlet on her left forearm. On the bench lie a hammered copper bowl, a coil of frayed rope, and three rough granite offcuts. Behind her on the left a forge fire glows with a warm orange to deep red gradient, and thin smoke rises against a flat dark stone wall on the right. Cold blue window light falls from the upper left across the steel.",euler_ancestral,simple,9,1.0,1.0,1024,1280,F3photo_blacksmith_blk16_pos_d0.300_krea2_seed1414213,F3photo_blacksmith_blk16_pos_d0.300_krea2_seed1414213_00001_.png
303,F3photo_blacksmith,F3photo,blacksmith,1414213,blk20_pos_d0.450,"0.000,0.000,0.000,0.000,0.000,0.000,0.000,0.000,0.000,0.000,0.000,0.000,0.000,0.000,0.000,0.000,0.000,0.000,0.000,0.000,0.450,0.000,0.000,0.000,0.000,0.000,0.000,0.000,0.000,0.000,0.000,0.000,0.000,0.000","Photograph. medium wide shot, static centred composition, eye-level camera, subject centred and filling the middle third of the frame. A blacksmith woman stands behind a heavy oak workbench, facing the viewer, both hands resting flat on the wood. She has coarse dark curls tied back, weathered brown skin, a leather apron over a coarse linen shirt, and a polished steel gauntlet on her left forearm. On the bench lie a hammered copper bowl, a coil of frayed rope, and three rough granite offcuts. Behind her on the left a forge fire glows with a warm orange to deep red gradient, and thin smoke rises against a flat dark stone wall on the right. Cold blue window light falls from the upper left across the steel.",euler_ancestral,simple,9,1.0,1.0,1024,1280,F3photo_blacksmith_blk20_pos_d0.450_krea2_seed1414213,F3photo_blacksmith_blk20_pos_d0.450_krea2_seed1414213_00001_.png
304,F3photo_blacksmith,F3photo,blacksmith,1414213,blk23_neg_d0.300,"0.000,0.000,0.000,0.000,0.000,0.000,0.000,0.000,0.000,0.000,0.000,0.000,0.000,0.000,0.000,0.000,0.000,0.000,0.000,0.000,0.000,0.000,0.000,-0.300,0.000,0.000,0.000,0.000,0.000,0.000,0.000,0.000,0.000,0.000","Photograph. medium wide shot, static centred composition, eye-level camera, subject centred and filling the middle third of the frame. A blacksmith woman stands behind a heavy oak workbench, facing the viewer, both hands resting flat on the wood. She has coarse dark curls tied back, weathered brown skin, a leather apron over a coarse linen shirt, and a polished steel gauntlet on her left forearm. On the bench lie a hammered copper bowl, a coil of frayed rope, and three rough granite offcuts. Behind her on the left a forge fire glows with a warm orange to deep red gradient, and thin smoke rises against a flat dark stone wall on the right. Cold blue window light falls from the upper left across the steel.",euler_ancestral,simple,9,1.0,1.0,1024,1280,F3photo_blacksmith_blk23_neg_d0.300_krea2_seed1414213,F3photo_blacksmith_blk23_neg_d0.300_krea2_seed1414213_00001_.png
305,F3photo_blacksmith,F3photo,blacksmith,1414213,blk26_pos_d0.150,"0.000,0.000,0.000,0.000,0.000,0.000,0.000,0.000,0.000,0.000,0.000,0.000,0.000,0.000,0.000,0.000,0.000,0.000,0.000,0.000,0.000,0.000,0.000,0.000,0.000,0.000,0.150,0.000,0.000,0.000,0.000,0.000,0.000,0.000","Photograph. medium wide shot, static centred composition, eye-level camera, subject centred and filling the middle third of the frame. A blacksmith woman stands behind a heavy oak workbench, facing the viewer, both hands resting flat on the wood. She has coarse dark curls tied back, weathered brown skin, a leather apron over a coarse linen shirt, and a polished steel gauntlet on her left forearm. On the bench lie a hammered copper bowl, a coil of frayed rope, and three rough granite offcuts. Behind her on the left a forge fire glows with a warm orange to deep red gradient, and thin smoke rises against a flat dark stone wall on the right. Cold blue window light falls from the upper left across the steel.",euler_ancestral,simple,9,1.0,1.0,1024,1280,F3photo_blacksmith_blk26_pos_d0.150_krea2_seed1414213,F3photo_blacksmith_blk26_pos_d0.150_krea2_seed1414213_00001_.png
306,F3photo_blacksmith,F3photo,blacksmith,1414213,blk27_neg_d0.250,"0.000,0.000,0.000,0.000,0.000,0.000,0.000,0.000,0.000,0.000,0.000,0.000,0.000,0.000,0.000,0.000,0.000,0.000,0.000,0.000,0.000,0.000,0.000,0.000,0.000,0.000,0.000,-0.250,0.000,0.000,0.000,0.000,0.000,0.000","Photograph. medium wide shot, static centred composition, eye-level camera, subject centred and filling the middle third of the frame. A blacksmith woman stands behind a heavy oak workbench, facing the viewer, both hands resting flat on the wood. She has coarse dark curls tied back, weathered brown skin, a leather apron over a coarse linen shirt, and a polished steel gauntlet on her left forearm. On the bench lie a hammered copper bowl, a coil of frayed rope, and three rough granite offcuts. Behind her on the left a forge fire glows with a warm orange to deep red gradient, and thin smoke rises against a flat dark stone wall on the right. Cold blue window light falls from the upper left across the steel.",euler_ancestral,simple,9,1.0,1.0,1024,1280,F3photo_blacksmith_blk27_neg_d0.250_krea2_seed1414213,F3photo_blacksmith_blk27_neg_d0.250_krea2_seed1414213_00001_.png
307,F3photo_blacksmith,F3photo,blacksmith,1414213,blk09_pos_d0.450,"0.000,0.000,0.000,0.000,0.000,0.000,0.000,0.000,0.000,0.450,0.000,0.000,0.000,0.000,0.000,0.000,0.000,0.000,0.000,0.000,0.000,0.000,0.000,0.000,0.000,0.000,0.000,0.000,0.000,0.000,0.000,0.000,0.000,0.000","Photograph. medium wide shot, static centred composition, eye-level camera, subject centred and filling the middle third of the frame. A blacksmith woman stands behind a heavy oak workbench, facing the viewer, both hands resting flat on the wood. She has coarse dark curls tied back, weathered brown skin, a leather apron over a coarse linen shirt, and a polished steel gauntlet on her left forearm. On the bench lie a hammered copper bowl, a coil of frayed rope, and three rough granite offcuts. Behind her on the left a forge fire glows with a warm orange to deep red gradient, and thin smoke rises against a flat dark stone wall on the right. Cold blue window light falls from the upper left across the steel.",euler_ancestral,simple,9,1.0,1.0,1024,1280,F3photo_blacksmith_blk09_pos_d0.450_krea2_seed1414213,F3photo_blacksmith_blk09_pos_d0.450_krea2_seed1414213_00001_.png
308,F3photo_blacksmith,F3photo,blacksmith,1414213,combo,"0.000,0.000,0.000,0.000,0.000,0.000,0.000,0.000,0.000,0.000,0.000,0.000,0.000,0.000,0.000,0.000,0.200,0.000,0.000,0.000,0.300,0.000,0.000,-0.200,0.000,0.000,0.000,-0.100,0.000,0.000,0.000,0.000,0.000,0.000","Photograph. medium wide shot, static centred composition, eye-level camera, subject centred and filling the middle third of the frame. A blacksmith woman stands behind a heavy oak workbench, facing the viewer, both hands resting flat on the wood. She has coarse dark curls tied back, weathered brown skin, a leather apron over a coarse linen shirt, and a polished steel gauntlet on her left forearm. On the bench lie a hammered copper bowl, a coil of frayed rope, and three rough granite offcuts. Behind her on the left a forge fire glows with a warm orange to deep red gradient, and thin smoke rises against a flat dark stone wall on the right. Cold blue window light falls from the upper left across the steel.",euler_ancestral,simple,9,1.0,1.0,1024,1280,F3photo_blacksmith_combo_krea2_seed1414213,F3photo_blacksmith_combo_krea2_seed1414213_00001_.png
309,F3photo_blacksmith,F3photo,blacksmith,1414213,blk03_pos_d0.400,"0.000,0.000,0.000,0.400,0.000,0.000,0.000,0.000,0.000,0.000,0.000,0.000,0.000,0.000,0.000,0.000,0.000,0.000,0.000,0.000,0.000,0.000,0.000,0.000,0.000,0.000,0.000,0.000,0.000,0.000,0.000,0.000,0.000,0.000","Photograph. medium wide shot, static centred composition, eye-level camera, subject centred and filling the middle third of the frame. A blacksmith woman stands behind a heavy oak workbench, facing the viewer, both hands resting flat on the wood. She has coarse dark curls tied back, weathered brown skin, a leather apron over a coarse linen shirt, and a polished steel gauntlet on her left forearm. On the bench lie a hammered copper bowl, a coil of frayed rope, and three rough granite offcuts. Behind her on the left a forge fire glows with a warm orange to deep red gradient, and thin smoke rises against a flat dark stone wall on the right. Cold blue window light falls from the upper left across the steel.",euler_ancestral,simple,9,1.0,1.0,1024,1280,F3photo_blacksmith_blk03_pos_d0.400_krea2_seed1414213,F3photo_blacksmith_blk03_pos_d0.400_krea2_seed1414213_00001_.png
310,F3photo_blacksmith,F3photo,blacksmith,1414213,blk06_pos_d0.450,"0.000,0.000,0.000,0.000,0.000,0.000,0.450,0.000,0.000,0.000,0.000,0.000,0.000,0.000,0.000,0.000,0.000,0.000,0.000,0.000,0.000,0.000,0.000,0.000,0.000,0.000,0.000,0.000,0.000,0.000,0.000,0.000,0.000,0.000","Photograph. medium wide shot, static centred composition, eye-level camera, subject centred and filling the middle third of the frame. A blacksmith woman stands behind a heavy oak workbench, facing the viewer, both hands resting flat on the wood. She has coarse dark curls tied back, weathered brown skin, a leather apron over a coarse linen shirt, and a polished steel gauntlet on her left forearm. On the bench lie a hammered copper bowl, a coil of frayed rope, and three rough granite offcuts. Behind her on the left a forge fire glows with a warm orange to deep red gradient, and thin smoke rises against a flat dark stone wall on the right. Cold blue window light falls from the upper left across the steel.",euler_ancestral,simple,9,1.0,1.0,1024,1280,F3photo_blacksmith_blk06_pos_d0.450_krea2_seed1414213,F3photo_blacksmith_blk06_pos_d0.450_krea2_seed1414213_00001_.png
311,F3photo_blacksmith,F3photo,blacksmith,1414213,blk13_neg_d0.450,"0.000,0.000,0.000,0.000,0.000,0.000,0.000,0.000,0.000,0.000,0.000,0.000,0.000,-0.450,0.000,0.000,0.000,0.000,0.000,0.000,0.000,0.000,0.000,0.000,0.000,0.000,0.000,0.000,0.000,0.000,0.000,0.000,0.000,0.000","Photograph. medium wide shot, static centred composition, eye-level camera, subject centred and filling the middle third of the frame. A blacksmith woman stands behind a heavy oak workbench, facing the viewer, both hands resting flat on the wood. She has coarse dark curls tied back, weathered brown skin, a leather apron over a coarse linen shirt, and a polished steel gauntlet on her left forearm. On the bench lie a hammered copper bowl, a coil of frayed rope, and three rough granite offcuts. Behind her on the left a forge fire glows with a warm orange to deep red gradient, and thin smoke rises against a flat dark stone wall on the right. Cold blue window light falls from the upper left across the steel.",euler_ancestral,simple,9,1.0,1.0,1024,1280,F3photo_blacksmith_blk13_neg_d0.450_krea2_seed1414213,F3photo_blacksmith_blk13_neg_d0.450_krea2_seed1414213_00001_.png
312,F3photo_blacksmith,F3photo,blacksmith,1414213,blk17_pos_d0.400,"0.000,0.000,0.000,0.000,0.000,0.000,0.000,0.000,0.000,0.000,0.000,0.000,0.000,0.000,0.000,0.000,0.000,0.400,0.000,0.000,0.000,0.000,0.000,0.000,0.000,0.000,0.000,0.000,0.000,0.000,0.000,0.000,0.000,0.000","Photograph. medium wide shot, static centred composition, eye-level camera, subject centred and filling the middle third of the frame. A blacksmith woman stands behind a heavy oak workbench, facing the viewer, both hands resting flat on the wood. She has coarse dark curls tied back, weathered brown skin, a leather apron over a coarse linen shirt, and a polished steel gauntlet on her left forearm. On the bench lie a hammered copper bowl, a coil of frayed rope, and three rough granite offcuts. Behind her on the left a forge fire glows with a warm orange to deep red gradient, and thin smoke rises against a flat dark stone wall on the right. Cold blue window light falls from the upper left across the steel.",euler_ancestral,simple,9,1.0,1.0,1024,1280,F3photo_blacksmith_blk17_pos_d0.400_krea2_seed1414213,F3photo_blacksmith_blk17_pos_d0.400_krea2_seed1414213_00001_.png
313,F3photo_rally,F3photo,rally,5772156,baseline,,"Photograph. a yellow and blue rally car cruising in a deep jungle, uneven street, daylight, lush plants, humidity, reflective ponds.",euler_ancestral,simple,9,1.0,1.0,1024,1280,F3photo_rally_baseline_krea2_seed5772156,F3photo_rally_baseline_krea2_seed5772156_00001_.png
314,F3photo_rally,F3photo,rally,5772156,blk16_pos_d0.300,"0.000,0.000,0.000,0.000,0.000,0.000,0.000,0.000,0.000,0.000,0.000,0.000,0.000,0.000,0.000,0.000,0.300,0.000,0.000,0.000,0.000,0.000,0.000,0.000,0.000,0.000,0.000,0.000,0.000,0.000,0.000,0.000,0.000,0.000","Photograph. a yellow and blue rally car cruising in a deep jungle, uneven street, daylight, lush plants, humidity, reflective ponds.",euler_ancestral,simple,9,1.0,1.0,1024,1280,F3photo_rally_blk16_pos_d0.300_krea2_seed5772156,F3photo_rally_blk16_pos_d0.300_krea2_seed5772156_00001_.png
315,F3photo_rally,F3photo,rally,5772156,blk20_pos_d0.450,"0.000,0.000,0.000,0.000,0.000,0.000,0.000,0.000,0.000,0.000,0.000,0.000,0.000,0.000,0.000,0.000,0.000,0.000,0.000,0.000,0.450,0.000,0.000,0.000,0.000,0.000,0.000,0.000,0.000,0.000,0.000,0.000,0.000,0.000","Photograph. a yellow and blue rally car cruising in a deep jungle, uneven street, daylight, lush plants, humidity, reflective ponds.",euler_ancestral,simple,9,1.0,1.0,1024,1280,F3photo_rally_blk20_pos_d0.450_krea2_seed5772156,F3photo_rally_blk20_pos_d0.450_krea2_seed5772156_00001_.png
316,F3photo_rally,F3photo,rally,5772156,blk23_neg_d0.300,"0.000,0.000,0.000,0.000,0.000,0.000,0.000,0.000,0.000,0.000,0.000,0.000,0.000,0.000,0.000,0.000,0.000,0.000,0.000,0.000,0.000,0.000,0.000,-0.300,0.000,0.000,0.000,0.000,0.000,0.000,0.000,0.000,0.000,0.000","Photograph. a yellow and blue rally car cruising in a deep jungle, uneven street, daylight, lush plants, humidity, reflective ponds.",euler_ancestral,simple,9,1.0,1.0,1024,1280,F3photo_rally_blk23_neg_d0.300_krea2_seed5772156,F3photo_rally_blk23_neg_d0.300_krea2_seed5772156_00001_.png
317,F3photo_rally,F3photo,rally,5772156,blk26_pos_d0.150,"0.000,0.000,0.000,0.000,0.000,0.000,0.000,0.000,0.000,0.000,0.000,0.000,0.000,0.000,0.000,0.000,0.000,0.000,0.000,0.000,0.000,0.000,0.000,0.000,0.000,0.000,0.150,0.000,0.000,0.000,0.000,0.000,0.000,0.000","Photograph. a yellow and blue rally car cruising in a deep jungle, uneven street, daylight, lush plants, humidity, reflective ponds.",euler_ancestral,simple,9,1.0,1.0,1024,1280,F3photo_rally_blk26_pos_d0.150_krea2_seed5772156,F3photo_rally_blk26_pos_d0.150_krea2_seed5772156_00001_.png
318,F3photo_rally,F3photo,rally,5772156,blk27_neg_d0.250,"0.000,0.000,0.000,0.000,0.000,0.000,0.000,0.000,0.000,0.000,0.000,0.000,0.000,0.000,0.000,0.000,0.000,0.000,0.000,0.000,0.000,0.000,0.000,0.000,0.000,0.000,0.000,-0.250,0.000,0.000,0.000,0.000,0.000,0.000","Photograph. a yellow and blue rally car cruising in a deep jungle, uneven street, daylight, lush plants, humidity, reflective ponds.",euler_ancestral,simple,9,1.0,1.0,1024,1280,F3photo_rally_blk27_neg_d0.250_krea2_seed5772156,F3photo_rally_blk27_neg_d0.250_krea2_seed5772156_00001_.png
319,F3photo_rally,F3photo,rally,5772156,blk09_pos_d0.450,"0.000,0.000,0.000,0.000,0.000,0.000,0.000,0.000,0.000,0.450,0.000,0.000,0.000,0.000,0.000,0.000,0.000,0.000,0.000,0.000,0.000,0.000,0.000,0.000,0.000,0.000,0.000,0.000,0.000,0.000,0.000,0.000,0.000,0.000","Photograph. a yellow and blue rally car cruising in a deep jungle, uneven street, daylight, lush plants, humidity, reflective ponds.",euler_ancestral,simple,9,1.0,1.0,1024,1280,F3photo_rally_blk09_pos_d0.450_krea2_seed5772156,F3photo_rally_blk09_pos_d0.450_krea2_seed5772156_00001_.png
320,F3photo_rally,F3photo,rally,5772156,combo,"0.000,0.000,0.000,0.000,0.000,0.000,0.000,0.000,0.000,0.000,0.000,0.000,0.000,0.000,0.000,0.000,0.200,0.000,0.000,0.000,0.300,0.000,0.000,-0.200,0.000,0.000,0.000,-0.100,0.000,0.000,0.000,0.000,0.000,0.000","Photograph. a yellow and blue rally car cruising in a deep jungle, uneven street, daylight, lush plants, humidity, reflective ponds.",euler_ancestral,simple,9,1.0,1.0,1024,1280,F3photo_rally_combo_krea2_seed5772156,F3photo_rally_combo_krea2_seed5772156_00001_.png
321,F3photo_rally,F3photo,rally,5772156,blk03_pos_d0.400,"0.000,0.000,0.000,0.400,0.000,0.000,0.000,0.000,0.000,0.000,0.000,0.000,0.000,0.000,0.000,0.000,0.000,0.000,0.000,0.000,0.000,0.000,0.000,0.000,0.000,0.000,0.000,0.000,0.000,0.000,0.000,0.000,0.000,0.000","Photograph. a yellow and blue rally car cruising in a deep jungle, uneven street, daylight, lush plants, humidity, reflective ponds.",euler_ancestral,simple,9,1.0,1.0,1024,1280,F3photo_rally_blk03_pos_d0.400_krea2_seed5772156,F3photo_rally_blk03_pos_d0.400_krea2_seed5772156_00001_.png
322,F3photo_rally,F3photo,rally,5772156,blk06_pos_d0.450,"0.000,0.000,0.000,0.000,0.000,0.000,0.450,0.000,0.000,0.000,0.000,0.000,0.000,0.000,0.000,0.000,0.000,0.000,0.000,0.000,0.000,0.000,0.000,0.000,0.000,0.000,0.000,0.000,0.000,0.000,0.000,0.000,0.000,0.000","Photograph. a yellow and blue rally car cruising in a deep jungle, uneven street, daylight, lush plants, humidity, reflective ponds.",euler_ancestral,simple,9,1.0,1.0,1024,1280,F3photo_rally_blk06_pos_d0.450_krea2_seed5772156,F3photo_rally_blk06_pos_d0.450_krea2_seed5772156_00001_.png
323,F3photo_rally,F3photo,rally,5772156,blk13_neg_d0.450,"0.000,0.000,0.000,0.000,0.000,0.000,0.000,0.000,0.000,0.000,0.000,0.000,0.000,-0.450,0.000,0.000,0.000,0.000,0.000,0.000,0.000,0.000,0.000,0.000,0.000,0.000,0.000,0.000,0.000,0.000,0.000,0.000,0.000,0.000","Photograph. a yellow and blue rally car cruising in a deep jungle, uneven street, daylight, lush plants, humidity, reflective ponds.",euler_ancestral,simple,9,1.0,1.0,1024,1280,F3photo_rally_blk13_neg_d0.450_krea2_seed5772156,F3photo_rally_blk13_neg_d0.450_krea2_seed5772156_00001_.png
324,F3photo_rally,F3photo,rally,5772156,blk17_pos_d0.400,"0.000,0.000,0.000,0.000,0.000,0.000,0.000,0.000,0.000,0.000,0.000,0.000,0.000,0.000,0.000,0.000,0.000,0.400,0.000,0.000,0.000,0.000,0.000,0.000,0.000,0.000,0.000,0.000,0.000,0.000,0.000,0.000,0.000,0.000","Photograph. a yellow and blue rally car cruising in a deep jungle, uneven street, daylight, lush plants, humidity, reflective ponds.",euler_ancestral,simple,9,1.0,1.0,1024,1280,F3photo_rally_blk17_pos_d0.400_krea2_seed5772156,F3photo_rally_blk17_pos_d0.400_krea2_seed5772156_00001_.png
325,F3photo_rally,F3photo,rally,1414213,baseline,,"Photograph. a yellow and blue rally car cruising in a deep jungle, uneven street, daylight, lush plants, humidity, reflective ponds.",euler_ancestral,simple,9,1.0,1.0,1024,1280,F3photo_rally_baseline_krea2_seed1414213,F3photo_rally_baseline_krea2_seed1414213_00001_.png
326,F3photo_rally,F3photo,rally,1414213,blk16_pos_d0.300,"0.000,0.000,0.000,0.000,0.000,0.000,0.000,0.000,0.000,0.000,0.000,0.000,0.000,0.000,0.000,0.000,0.300,0.000,0.000,0.000,0.000,0.000,0.000,0.000,0.000,0.000,0.000,0.000,0.000,0.000,0.000,0.000,0.000,0.000","Photograph. a yellow and blue rally car cruising in a deep jungle, uneven street, daylight, lush plants, humidity, reflective ponds.",euler_ancestral,simple,9,1.0,1.0,1024,1280,F3photo_rally_blk16_pos_d0.300_krea2_seed1414213,F3photo_rally_blk16_pos_d0.300_krea2_seed1414213_00001_.png
327,F3photo_rally,F3photo,rally,1414213,blk20_pos_d0.450,"0.000,0.000,0.000,0.000,0.000,0.000,0.000,0.000,0.000,0.000,0.000,0.000,0.000,0.000,0.000,0.000,0.000,0.000,0.000,0.000,0.450,0.000,0.000,0.000,0.000,0.000,0.000,0.000,0.000,0.000,0.000,0.000,0.000,0.000","Photograph. a yellow and blue rally car cruising in a deep jungle, uneven street, daylight, lush plants, humidity, reflective ponds.",euler_ancestral,simple,9,1.0,1.0,1024,1280,F3photo_rally_blk20_pos_d0.450_krea2_seed1414213,F3photo_rally_blk20_pos_d0.450_krea2_seed1414213_00001_.png
328,F3photo_rally,F3photo,rally,1414213,blk23_neg_d0.300,"0.000,0.000,0.000,0.000,0.000,0.000,0.000,0.000,0.000,0.000,0.000,0.000,0.000,0.000,0.000,0.000,0.000,0.000,0.000,0.000,0.000,0.000,0.000,-0.300,0.000,0.000,0.000,0.000,0.000,0.000,0.000,0.000,0.000,0.000","Photograph. a yellow and blue rally car cruising in a deep jungle, uneven street, daylight, lush plants, humidity, reflective ponds.",euler_ancestral,simple,9,1.0,1.0,1024,1280,F3photo_rally_blk23_neg_d0.300_krea2_seed1414213,F3photo_rally_blk23_neg_d0.300_krea2_seed1414213_00001_.png
329,F3photo_rally,F3photo,rally,1414213,blk26_pos_d0.150,"0.000,0.000,0.000,0.000,0.000,0.000,0.000,0.000,0.000,0.000,0.000,0.000,0.000,0.000,0.000,0.000,0.000,0.000,0.000,0.000,0.000,0.000,0.000,0.000,0.000,0.000,0.150,0.000,0.000,0.000,0.000,0.000,0.000,0.000","Photograph. a yellow and blue rally car cruising in a deep jungle, uneven street, daylight, lush plants, humidity, reflective ponds.",euler_ancestral,simple,9,1.0,1.0,1024,1280,F3photo_rally_blk26_pos_d0.150_krea2_seed1414213,F3photo_rally_blk26_pos_d0.150_krea2_seed1414213_00001_.png
330,F3photo_rally,F3photo,rally,1414213,blk27_neg_d0.250,"0.000,0.000,0.000,0.000,0.000,0.000,0.000,0.000,0.000,0.000,0.000,0.000,0.000,0.000,0.000,0.000,0.000,0.000,0.000,0.000,0.000,0.000,0.000,0.000,0.000,0.000,0.000,-0.250,0.000,0.000,0.000,0.000,0.000,0.000","Photograph. a yellow and blue rally car cruising in a deep jungle, uneven street, daylight, lush plants, humidity, reflective ponds.",euler_ancestral,simple,9,1.0,1.0,1024,1280,F3photo_rally_blk27_neg_d0.250_krea2_seed1414213,F3photo_rally_blk27_neg_d0.250_krea2_seed1414213_00001_.png
331,F3photo_rally,F3photo,rally,1414213,blk09_pos_d0.450,"0.000,0.000,0.000,0.000,0.000,0.000,0.000,0.000,0.000,0.450,0.000,0.000,0.000,0.000,0.000,0.000,0.000,0.000,0.000,0.000,0.000,0.000,0.000,0.000,0.000,0.000,0.000,0.000,0.000,0.000,0.000,0.000,0.000,0.000","Photograph. a yellow and blue rally car cruising in a deep jungle, uneven street, daylight, lush plants, humidity, reflective ponds.",euler_ancestral,simple,9,1.0,1.0,1024,1280,F3photo_rally_blk09_pos_d0.450_krea2_seed1414213,F3photo_rally_blk09_pos_d0.450_krea2_seed1414213_00001_.png
332,F3photo_rally,F3photo,rally,1414213,combo,"0.000,0.000,0.000,0.000,0.000,0.000,0.000,0.000,0.000,0.000,0.000,0.000,0.000,0.000,0.000,0.000,0.200,0.000,0.000,0.000,0.300,0.000,0.000,-0.200,0.000,0.000,0.000,-0.100,0.000,0.000,0.000,0.000,0.000,0.000","Photograph. a yellow and blue rally car cruising in a deep jungle, uneven street, daylight, lush plants, humidity, reflective ponds.",euler_ancestral,simple,9,1.0,1.0,1024,1280,F3photo_rally_combo_krea2_seed1414213,F3photo_rally_combo_krea2_seed1414213_00001_.png
333,F3photo_rally,F3photo,rally,1414213,blk03_pos_d0.400,"0.000,0.000,0.000,0.400,0.000,0.000,0.000,0.000,0.000,0.000,0.000,0.000,0.000,0.000,0.000,0.000,0.000,0.000,0.000,0.000,0.000,0.000,0.000,0.000,0.000,0.000,0.000,0.000,0.000,0.000,0.000,0.000,0.000,0.000","Photograph. a yellow and blue rally car cruising in a deep jungle, uneven street, daylight, lush plants, humidity, reflective ponds.",euler_ancestral,simple,9,1.0,1.0,1024,1280,F3photo_rally_blk03_pos_d0.400_krea2_seed1414213,F3photo_rally_blk03_pos_d0.400_krea2_seed1414213_00001_.png
334,F3photo_rally,F3photo,rally,1414213,blk06_pos_d0.450,"0.000,0.000,0.000,0.000,0.000,0.000,0.450,0.000,0.000,0.000,0.000,0.000,0.000,0.000,0.000,0.000,0.000,0.000,0.000,0.000,0.000,0.000,0.000,0.000,0.000,0.000,0.000,0.000,0.000,0.000,0.000,0.000,0.000,0.000","Photograph. a yellow and blue rally car cruising in a deep jungle, uneven street, daylight, lush plants, humidity, reflective ponds.",euler_ancestral,simple,9,1.0,1.0,1024,1280,F3photo_rally_blk06_pos_d0.450_krea2_seed1414213,F3photo_rally_blk06_pos_d0.450_krea2_seed1414213_00001_.png
335,F3photo_rally,F3photo,rally,1414213,blk13_neg_d0.450,"0.000,0.000,0.000,0.000,0.000,0.000,0.000,0.000,0.000,0.000,0.000,0.000,0.000,-0.450,0.000,0.000,0.000,0.000,0.000,0.000,0.000,0.000,0.000,0.000,0.000,0.000,0.000,0.000,0.000,0.000,0.000,0.000,0.000,0.000","Photograph. a yellow and blue rally car cruising in a deep jungle, uneven street, daylight, lush plants, humidity, reflective ponds.",euler_ancestral,simple,9,1.0,1.0,1024,1280,F3photo_rally_blk13_neg_d0.450_krea2_seed1414213,F3photo_rally_blk13_neg_d0.450_krea2_seed1414213_00001_.png
336,F3photo_rally,F3photo,rally,1414213,blk17_pos_d0.400,"0.000,0.000,0.000,0.000,0.000,0.000,0.000,0.000,0.000,0.000,0.000,0.000,0.000,0.000,0.000,0.000,0.000,0.400,0.000,0.000,0.000,0.000,0.000,0.000,0.000,0.000,0.000,0.000,0.000,0.000,0.000,0.000,0.000,0.000","Photograph. a yellow and blue rally car cruising in a deep jungle, uneven street, daylight, lush plants, humidity, reflective ponds.",euler_ancestral,simple,9,1.0,1.0,1024,1280,F3photo_rally_blk17_pos_d0.400_krea2_seed1414213,F3photo_rally_blk17_pos_d0.400_krea2_seed1414213_00001_.png
337,F3photo_fox,F3photo,fox,5772156,baseline,,"Photograph. a red fox sitting in fresh snow at the edge of a birch forest, facing the viewer, bushy tail curled around its paws, clear winter morning light.",euler_ancestral,simple,9,1.0,1.0,1024,1280,F3photo_fox_baseline_krea2_seed5772156,F3photo_fox_baseline_krea2_seed5772156_00001_.png
338,F3photo_fox,F3photo,fox,5772156,blk16_pos_d0.300,"0.000,0.000,0.000,0.000,0.000,0.000,0.000,0.000,0.000,0.000,0.000,0.000,0.000,0.000,0.000,0.000,0.300,0.000,0.000,0.000,0.000,0.000,0.000,0.000,0.000,0.000,0.000,0.000,0.000,0.000,0.000,0.000,0.000,0.000","Photograph. a red fox sitting in fresh snow at the edge of a birch forest, facing the viewer, bushy tail curled around its paws, clear winter morning light.",euler_ancestral,simple,9,1.0,1.0,1024,1280,F3photo_fox_blk16_pos_d0.300_krea2_seed5772156,F3photo_fox_blk16_pos_d0.300_krea2_seed5772156_00001_.png
339,F3photo_fox,F3photo,fox,5772156,blk20_pos_d0.450,"0.000,0.000,0.000,0.000,0.000,0.000,0.000,0.000,0.000,0.000,0.000,0.000,0.000,0.000,0.000,0.000,0.000,0.000,0.000,0.000,0.450,0.000,0.000,0.000,0.000,0.000,0.000,0.000,0.000,0.000,0.000,0.000,0.000,0.000","Photograph. a red fox sitting in fresh snow at the edge of a birch forest, facing the viewer, bushy tail curled around its paws, clear winter morning light.",euler_ancestral,simple,9,1.0,1.0,1024,1280,F3photo_fox_blk20_pos_d0.450_krea2_seed5772156,F3photo_fox_blk20_pos_d0.450_krea2_seed5772156_00001_.png
340,F3photo_fox,F3photo,fox,5772156,blk23_neg_d0.300,"0.000,0.000,0.000,0.000,0.000,0.000,0.000,0.000,0.000,0.000,0.000,0.000,0.000,0.000,0.000,0.000,0.000,0.000,0.000,0.000,0.000,0.000,0.000,-0.300,0.000,0.000,0.000,0.000,0.000,0.000,0.000,0.000,0.000,0.000","Photograph. a red fox sitting in fresh snow at the edge of a birch forest, facing the viewer, bushy tail curled around its paws, clear winter morning light.",euler_ancestral,simple,9,1.0,1.0,1024,1280,F3photo_fox_blk23_neg_d0.300_krea2_seed5772156,F3photo_fox_blk23_neg_d0.300_krea2_seed5772156_00001_.png
341,F3photo_fox,F3photo,fox,5772156,blk26_pos_d0.150,"0.000,0.000,0.000,0.000,0.000,0.000,0.000,0.000,0.000,0.000,0.000,0.000,0.000,0.000,0.000,0.000,0.000,0.000,0.000,0.000,0.000,0.000,0.000,0.000,0.000,0.000,0.150,0.000,0.000,0.000,0.000,0.000,0.000,0.000","Photograph. a red fox sitting in fresh snow at the edge of a birch forest, facing the viewer, bushy tail curled around its paws, clear winter morning light.",euler_ancestral,simple,9,1.0,1.0,1024,1280,F3photo_fox_blk26_pos_d0.150_krea2_seed5772156,F3photo_fox_blk26_pos_d0.150_krea2_seed5772156_00001_.png
342,F3photo_fox,F3photo,fox,5772156,blk27_neg_d0.250,"0.000,0.000,0.000,0.000,0.000,0.000,0.000,0.000,0.000,0.000,0.000,0.000,0.000,0.000,0.000,0.000,0.000,0.000,0.000,0.000,0.000,0.000,0.000,0.000,0.000,0.000,0.000,-0.250,0.000,0.000,0.000,0.000,0.000,0.000","Photograph. a red fox sitting in fresh snow at the edge of a birch forest, facing the viewer, bushy tail curled around its paws, clear winter morning light.",euler_ancestral,simple,9,1.0,1.0,1024,1280,F3photo_fox_blk27_neg_d0.250_krea2_seed5772156,F3photo_fox_blk27_neg_d0.250_krea2_seed5772156_00001_.png
343,F3photo_fox,F3photo,fox,5772156,blk09_pos_d0.450,"0.000,0.000,0.000,0.000,0.000,0.000,0.000,0.000,0.000,0.450,0.000,0.000,0.000,0.000,0.000,0.000,0.000,0.000,0.000,0.000,0.000,0.000,0.000,0.000,0.000,0.000,0.000,0.000,0.000,0.000,0.000,0.000,0.000,0.000","Photograph. a red fox sitting in fresh snow at the edge of a birch forest, facing the viewer, bushy tail curled around its paws, clear winter morning light.",euler_ancestral,simple,9,1.0,1.0,1024,1280,F3photo_fox_blk09_pos_d0.450_krea2_seed5772156,F3photo_fox_blk09_pos_d0.450_krea2_seed5772156_00001_.png
344,F3photo_fox,F3photo,fox,5772156,combo,"0.000,0.000,0.000,0.000,0.000,0.000,0.000,0.000,0.000,0.000,0.000,0.000,0.000,0.000,0.000,0.000,0.200,0.000,0.000,0.000,0.300,0.000,0.000,-0.200,0.000,0.000,0.000,-0.100,0.000,0.000,0.000,0.000,0.000,0.000","Photograph. a red fox sitting in fresh snow at the edge of a birch forest, facing the viewer, bushy tail curled around its paws, clear winter morning light.",euler_ancestral,simple,9,1.0,1.0,1024,1280,F3photo_fox_combo_krea2_seed5772156,F3photo_fox_combo_krea2_seed5772156_00001_.png
345,F3photo_fox,F3photo,fox,5772156,blk03_pos_d0.400,"0.000,0.000,0.000,0.400,0.000,0.000,0.000,0.000,0.000,0.000,0.000,0.000,0.000,0.000,0.000,0.000,0.000,0.000,0.000,0.000,0.000,0.000,0.000,0.000,0.000,0.000,0.000,0.000,0.000,0.000,0.000,0.000,0.000,0.000","Photograph. a red fox sitting in fresh snow at the edge of a birch forest, facing the viewer, bushy tail curled around its paws, clear winter morning light.",euler_ancestral,simple,9,1.0,1.0,1024,1280,F3photo_fox_blk03_pos_d0.400_krea2_seed5772156,F3photo_fox_blk03_pos_d0.400_krea2_seed5772156_00001_.png
346,F3photo_fox,F3photo,fox,5772156,blk06_pos_d0.450,"0.000,0.000,0.000,0.000,0.000,0.000,0.450,0.000,0.000,0.000,0.000,0.000,0.000,0.000,0.000,0.000,0.000,0.000,0.000,0.000,0.000,0.000,0.000,0.000,0.000,0.000,0.000,0.000,0.000,0.000,0.000,0.000,0.000,0.000","Photograph. a red fox sitting in fresh snow at the edge of a birch forest, facing the viewer, bushy tail curled around its paws, clear winter morning light.",euler_ancestral,simple,9,1.0,1.0,1024,1280,F3photo_fox_blk06_pos_d0.450_krea2_seed5772156,F3photo_fox_blk06_pos_d0.450_krea2_seed5772156_00001_.png
347,F3photo_fox,F3photo,fox,5772156,blk13_neg_d0.450,"0.000,0.000,0.000,0.000,0.000,0.000,0.000,0.000,0.000,0.000,0.000,0.000,0.000,-0.450,0.000,0.000,0.000,0.000,0.000,0.000,0.000,0.000,0.000,0.000,0.000,0.000,0.000,0.000,0.000,0.000,0.000,0.000,0.000,0.000","Photograph. a red fox sitting in fresh snow at the edge of a birch forest, facing the viewer, bushy tail curled around its paws, clear winter morning light.",euler_ancestral,simple,9,1.0,1.0,1024,1280,F3photo_fox_blk13_neg_d0.450_krea2_seed5772156,F3photo_fox_blk13_neg_d0.450_krea2_seed5772156_00001_.png
348,F3photo_fox,F3photo,fox,5772156,blk17_pos_d0.400,"0.000,0.000,0.000,0.000,0.000,0.000,0.000,0.000,0.000,0.000,0.000,0.000,0.000,0.000,0.000,0.000,0.000,0.400,0.000,0.000,0.000,0.000,0.000,0.000,0.000,0.000,0.000,0.000,0.000,0.000,0.000,0.000,0.000,0.000","Photograph. a red fox sitting in fresh snow at the edge of a birch forest, facing the viewer, bushy tail curled around its paws, clear winter morning light.",euler_ancestral,simple,9,1.0,1.0,1024,1280,F3photo_fox_blk17_pos_d0.400_krea2_seed5772156,F3photo_fox_blk17_pos_d0.400_krea2_seed5772156_00001_.png
349,F3photo_fox,F3photo,fox,1414213,baseline,,"Photograph. a red fox sitting in fresh snow at the edge of a birch forest, facing the viewer, bushy tail curled around its paws, clear winter morning light.",euler_ancestral,simple,9,1.0,1.0,1024,1280,F3photo_fox_baseline_krea2_seed1414213,F3photo_fox_baseline_krea2_seed1414213_00001_.png
350,F3photo_fox,F3photo,fox,1414213,blk16_pos_d0.300,"0.000,0.000,0.000,0.000,0.000,0.000,0.000,0.000,0.000,0.000,0.000,0.000,0.000,0.000,0.000,0.000,0.300,0.000,0.000,0.000,0.000,0.000,0.000,0.000,0.000,0.000,0.000,0.000,0.000,0.000,0.000,0.000,0.000,0.000","Photograph. a red fox sitting in fresh snow at the edge of a birch forest, facing the viewer, bushy tail curled around its paws, clear winter morning light.",euler_ancestral,simple,9,1.0,1.0,1024,1280,F3photo_fox_blk16_pos_d0.300_krea2_seed1414213,F3photo_fox_blk16_pos_d0.300_krea2_seed1414213_00001_.png
351,F3photo_fox,F3photo,fox,1414213,blk20_pos_d0.450,"0.000,0.000,0.000,0.000,0.000,0.000,0.000,0.000,0.000,0.000,0.000,0.000,0.000,0.000,0.000,0.000,0.000,0.000,0.000,0.000,0.450,0.000,0.000,0.000,0.000,0.000,0.000,0.000,0.000,0.000,0.000,0.000,0.000,0.000","Photograph. a red fox sitting in fresh snow at the edge of a birch forest, facing the viewer, bushy tail curled around its paws, clear winter morning light.",euler_ancestral,simple,9,1.0,1.0,1024,1280,F3photo_fox_blk20_pos_d0.450_krea2_seed1414213,F3photo_fox_blk20_pos_d0.450_krea2_seed1414213_00001_.png
352,F3photo_fox,F3photo,fox,1414213,blk23_neg_d0.300,"0.000,0.000,0.000,0.000,0.000,0.000,0.000,0.000,0.000,0.000,0.000,0.000,0.000,0.000,0.000,0.000,0.000,0.000,0.000,0.000,0.000,0.000,0.000,-0.300,0.000,0.000,0.000,0.000,0.000,0.000,0.000,0.000,0.000,0.000","Photograph. a red fox sitting in fresh snow at the edge of a birch forest, facing the viewer, bushy tail curled around its paws, clear winter morning light.",euler_ancestral,simple,9,1.0,1.0,1024,1280,F3photo_fox_blk23_neg_d0.300_krea2_seed1414213,F3photo_fox_blk23_neg_d0.300_krea2_seed1414213_00001_.png
353,F3photo_fox,F3photo,fox,1414213,blk26_pos_d0.150,"0.000,0.000,0.000,0.000,0.000,0.000,0.000,0.000,0.000,0.000,0.000,0.000,0.000,0.000,0.000,0.000,0.000,0.000,0.000,0.000,0.000,0.000,0.000,0.000,0.000,0.000,0.150,0.000,0.000,0.000,0.000,0.000,0.000,0.000","Photograph. a red fox sitting in fresh snow at the edge of a birch forest, facing the viewer, bushy tail curled around its paws, clear winter morning light.",euler_ancestral,simple,9,1.0,1.0,1024,1280,F3photo_fox_blk26_pos_d0.150_krea2_seed1414213,F3photo_fox_blk26_pos_d0.150_krea2_seed1414213_00001_.png
354,F3photo_fox,F3photo,fox,1414213,blk27_neg_d0.250,"0.000,0.000,0.000,0.000,0.000,0.000,0.000,0.000,0.000,0.000,0.000,0.000,0.000,0.000,0.000,0.000,0.000,0.000,0.000,0.000,0.000,0.000,0.000,0.000,0.000,0.000,0.000,-0.250,0.000,0.000,0.000,0.000,0.000,0.000","Photograph. a red fox sitting in fresh snow at the edge of a birch forest, facing the viewer, bushy tail curled around its paws, clear winter morning light.",euler_ancestral,simple,9,1.0,1.0,1024,1280,F3photo_fox_blk27_neg_d0.250_krea2_seed1414213,F3photo_fox_blk27_neg_d0.250_krea2_seed1414213_00001_.png
355,F3photo_fox,F3photo,fox,1414213,blk09_pos_d0.450,"0.000,0.000,0.000,0.000,0.000,0.000,0.000,0.000,0.000,0.450,0.000,0.000,0.000,0.000,0.000,0.000,0.000,0.000,0.000,0.000,0.000,0.000,0.000,0.000,0.000,0.000,0.000,0.000,0.000,0.000,0.000,0.000,0.000,0.000","Photograph. a red fox sitting in fresh snow at the edge of a birch forest, facing the viewer, bushy tail curled around its paws, clear winter morning light.",euler_ancestral,simple,9,1.0,1.0,1024,1280,F3photo_fox_blk09_pos_d0.450_krea2_seed1414213,F3photo_fox_blk09_pos_d0.450_krea2_seed1414213_00001_.png
356,F3photo_fox,F3photo,fox,1414213,combo,"0.000,0.000,0.000,0.000,0.000,0.000,0.000,0.000,0.000,0.000,0.000,0.000,0.000,0.000,0.000,0.000,0.200,0.000,0.000,0.000,0.300,0.000,0.000,-0.200,0.000,0.000,0.000,-0.100,0.000,0.000,0.000,0.000,0.000,0.000","Photograph. a red fox sitting in fresh snow at the edge of a birch forest, facing the viewer, bushy tail curled around its paws, clear winter morning light.",euler_ancestral,simple,9,1.0,1.0,1024,1280,F3photo_fox_combo_krea2_seed1414213,F3photo_fox_combo_krea2_seed1414213_00001_.png
357,F3photo_fox,F3photo,fox,1414213,blk03_pos_d0.400,"0.000,0.000,0.000,0.400,0.000,0.000,0.000,0.000,0.000,0.000,0.000,0.000,0.000,0.000,0.000,0.000,0.000,0.000,0.000,0.000,0.000,0.000,0.000,0.000,0.000,0.000,0.000,0.000,0.000,0.000,0.000,0.000,0.000,0.000","Photograph. a red fox sitting in fresh snow at the edge of a birch forest, facing the viewer, bushy tail curled around its paws, clear winter morning light.",euler_ancestral,simple,9,1.0,1.0,1024,1280,F3photo_fox_blk03_pos_d0.400_krea2_seed1414213,F3photo_fox_blk03_pos_d0.400_krea2_seed1414213_00001_.png
358,F3photo_fox,F3photo,fox,1414213,blk06_pos_d0.450,"0.000,0.000,0.000,0.000,0.000,0.000,0.450,0.000,0.000,0.000,0.000,0.000,0.000,0.000,0.000,0.000,0.000,0.000,0.000,0.000,0.000,0.000,0.000,0.000,0.000,0.000,0.000,0.000,0.000,0.000,0.000,0.000,0.000,0.000","Photograph. a red fox sitting in fresh snow at the edge of a birch forest, facing the viewer, bushy tail curled around its paws, clear winter morning light.",euler_ancestral,simple,9,1.0,1.0,1024,1280,F3photo_fox_blk06_pos_d0.450_krea2_seed1414213,F3photo_fox_blk06_pos_d0.450_krea2_seed1414213_00001_.png
359,F3photo_fox,F3photo,fox,1414213,blk13_neg_d0.450,"0.000,0.000,0.000,0.000,0.000,0.000,0.000,0.000,0.000,0.000,0.000,0.000,0.000,-0.450,0.000,0.000,0.000,0.000,0.000,0.000,0.000,0.000,0.000,0.000,0.000,0.000,0.000,0.000,0.000,0.000,0.000,0.000,0.000,0.000","Photograph. a red fox sitting in fresh snow at the edge of a birch forest, facing the viewer, bushy tail curled around its paws, clear winter morning light.",euler_ancestral,simple,9,1.0,1.0,1024,1280,F3photo_fox_blk13_neg_d0.450_krea2_seed1414213,F3photo_fox_blk13_neg_d0.450_krea2_seed1414213_00001_.png
360,F3photo_fox,F3photo,fox,1414213,blk17_pos_d0.400,"0.000,0.000,0.000,0.000,0.000,0.000,0.000,0.000,0.000,0.000,0.000,0.000,0.000,0.000,0.000,0.000,0.000,0.400,0.000,0.000,0.000,0.000,0.000,0.000,0.000,0.000,0.000,0.000,0.000,0.000,0.000,0.000,0.000,0.000","Photograph. a red fox sitting in fresh snow at the edge of a birch forest, facing the viewer, bushy tail curled around its paws, clear winter morning light.",euler_ancestral,simple,9,1.0,1.0,1024,1280,F3photo_fox_blk17_pos_d0.400_krea2_seed1414213,F3photo_fox_blk17_pos_d0.400_krea2_seed1414213_00001_.png
361,F3photo_stilllife,F3photo,stilllife,5772156,baseline,,"Photograph. a still life on a wooden kitchen table: a white ceramic teapot, two lemons and a glass of water, soft window light from the left, plain wall behind.",euler_ancestral,simple,9,1.0,1.0,1024,1280,F3photo_stilllife_baseline_krea2_seed5772156,F3photo_stilllife_baseline_krea2_seed5772156_00001_.png
362,F3photo_stilllife,F3photo,stilllife,5772156,blk16_pos_d0.300,"0.000,0.000,0.000,0.000,0.000,0.000,0.000,0.000,0.000,0.000,0.000,0.000,0.000,0.000,0.000,0.000,0.300,0.000,0.000,0.000,0.000,0.000,0.000,0.000,0.000,0.000,0.000,0.000,0.000,0.000,0.000,0.000,0.000,0.000","Photograph. a still life on a wooden kitchen table: a white ceramic teapot, two lemons and a glass of water, soft window light from the left, plain wall behind.",euler_ancestral,simple,9,1.0,1.0,1024,1280,F3photo_stilllife_blk16_pos_d0.300_krea2_seed5772156,F3photo_stilllife_blk16_pos_d0.300_krea2_seed5772156_00001_.png
363,F3photo_stilllife,F3photo,stilllife,5772156,blk20_pos_d0.450,"0.000,0.000,0.000,0.000,0.000,0.000,0.000,0.000,0.000,0.000,0.000,0.000,0.000,0.000,0.000,0.000,0.000,0.000,0.000,0.000,0.450,0.000,0.000,0.000,0.000,0.000,0.000,0.000,0.000,0.000,0.000,0.000,0.000,0.000","Photograph. a still life on a wooden kitchen table: a white ceramic teapot, two lemons and a glass of water, soft window light from the left, plain wall behind.",euler_ancestral,simple,9,1.0,1.0,1024,1280,F3photo_stilllife_blk20_pos_d0.450_krea2_seed5772156,F3photo_stilllife_blk20_pos_d0.450_krea2_seed5772156_00001_.png
364,F3photo_stilllife,F3photo,stilllife,5772156,blk23_neg_d0.300,"0.000,0.000,0.000,0.000,0.000,0.000,0.000,0.000,0.000,0.000,0.000,0.000,0.000,0.000,0.000,0.000,0.000,0.000,0.000,0.000,0.000,0.000,0.000,-0.300,0.000,0.000,0.000,0.000,0.000,0.000,0.000,0.000,0.000,0.000","Photograph. a still life on a wooden kitchen table: a white ceramic teapot, two lemons and a glass of water, soft window light from the left, plain wall behind.",euler_ancestral,simple,9,1.0,1.0,1024,1280,F3photo_stilllife_blk23_neg_d0.300_krea2_seed5772156,F3photo_stilllife_blk23_neg_d0.300_krea2_seed5772156_00001_.png
365,F3photo_stilllife,F3photo,stilllife,5772156,blk26_pos_d0.150,"0.000,0.000,0.000,0.000,0.000,0.000,0.000,0.000,0.000,0.000,0.000,0.000,0.000,0.000,0.000,0.000,0.000,0.000,0.000,0.000,0.000,0.000,0.000,0.000,0.000,0.000,0.150,0.000,0.000,0.000,0.000,0.000,0.000,0.000","Photograph. a still life on a wooden kitchen table: a white ceramic teapot, two lemons and a glass of water, soft window light from the left, plain wall behind.",euler_ancestral,simple,9,1.0,1.0,1024,1280,F3photo_stilllife_blk26_pos_d0.150_krea2_seed5772156,F3photo_stilllife_blk26_pos_d0.150_krea2_seed5772156_00001_.png
366,F3photo_stilllife,F3photo,stilllife,5772156,blk27_neg_d0.250,"0.000,0.000,0.000,0.000,0.000,0.000,0.000,0.000,0.000,0.000,0.000,0.000,0.000,0.000,0.000,0.000,0.000,0.000,0.000,0.000,0.000,0.000,0.000,0.000,0.000,0.000,0.000,-0.250,0.000,0.000,0.000,0.000,0.000,0.000","Photograph. a still life on a wooden kitchen table: a white ceramic teapot, two lemons and a glass of water, soft window light from the left, plain wall behind.",euler_ancestral,simple,9,1.0,1.0,1024,1280,F3photo_stilllife_blk27_neg_d0.250_krea2_seed5772156,F3photo_stilllife_blk27_neg_d0.250_krea2_seed5772156_00001_.png
367,F3photo_stilllife,F3photo,stilllife,5772156,blk09_pos_d0.450,"0.000,0.000,0.000,0.000,0.000,0.000,0.000,0.000,0.000,0.450,0.000,0.000,0.000,0.000,0.000,0.000,0.000,0.000,0.000,0.000,0.000,0.000,0.000,0.000,0.000,0.000,0.000,0.000,0.000,0.000,0.000,0.000,0.000,0.000","Photograph. a still life on a wooden kitchen table: a white ceramic teapot, two lemons and a glass of water, soft window light from the left, plain wall behind.",euler_ancestral,simple,9,1.0,1.0,1024,1280,F3photo_stilllife_blk09_pos_d0.450_krea2_seed5772156,F3photo_stilllife_blk09_pos_d0.450_krea2_seed5772156_00001_.png
368,F3photo_stilllife,F3photo,stilllife,5772156,combo,"0.000,0.000,0.000,0.000,0.000,0.000,0.000,0.000,0.000,0.000,0.000,0.000,0.000,0.000,0.000,0.000,0.200,0.000,0.000,0.000,0.300,0.000,0.000,-0.200,0.000,0.000,0.000,-0.100,0.000,0.000,0.000,0.000,0.000,0.000","Photograph. a still life on a wooden kitchen table: a white ceramic teapot, two lemons and a glass of water, soft window light from the left, plain wall behind.",euler_ancestral,simple,9,1.0,1.0,1024,1280,F3photo_stilllife_combo_krea2_seed5772156,F3photo_stilllife_combo_krea2_seed5772156_00001_.png
369,F3photo_stilllife,F3photo,stilllife,5772156,blk03_pos_d0.400,"0.000,0.000,0.000,0.400,0.000,0.000,0.000,0.000,0.000,0.000,0.000,0.000,0.000,0.000,0.000,0.000,0.000,0.000,0.000,0.000,0.000,0.000,0.000,0.000,0.000,0.000,0.000,0.000,0.000,0.000,0.000,0.000,0.000,0.000","Photograph. a still life on a wooden kitchen table: a white ceramic teapot, two lemons and a glass of water, soft window light from the left, plain wall behind.",euler_ancestral,simple,9,1.0,1.0,1024,1280,F3photo_stilllife_blk03_pos_d0.400_krea2_seed5772156,F3photo_stilllife_blk03_pos_d0.400_krea2_seed5772156_00001_.png
370,F3photo_stilllife,F3photo,stilllife,5772156,blk06_pos_d0.450,"0.000,0.000,0.000,0.000,0.000,0.000,0.450,0.000,0.000,0.000,0.000,0.000,0.000,0.000,0.000,0.000,0.000,0.000,0.000,0.000,0.000,0.000,0.000,0.000,0.000,0.000,0.000,0.000,0.000,0.000,0.000,0.000,0.000,0.000","Photograph. a still life on a wooden kitchen table: a white ceramic teapot, two lemons and a glass of water, soft window light from the left, plain wall behind.",euler_ancestral,simple,9,1.0,1.0,1024,1280,F3photo_stilllife_blk06_pos_d0.450_krea2_seed5772156,F3photo_stilllife_blk06_pos_d0.450_krea2_seed5772156_00001_.png
371,F3photo_stilllife,F3photo,stilllife,5772156,blk13_neg_d0.450,"0.000,0.000,0.000,0.000,0.000,0.000,0.000,0.000,0.000,0.000,0.000,0.000,0.000,-0.450,0.000,0.000,0.000,0.000,0.000,0.000,0.000,0.000,0.000,0.000,0.000,0.000,0.000,0.000,0.000,0.000,0.000,0.000,0.000,0.000","Photograph. a still life on a wooden kitchen table: a white ceramic teapot, two lemons and a glass of water, soft window light from the left, plain wall behind.",euler_ancestral,simple,9,1.0,1.0,1024,1280,F3photo_stilllife_blk13_neg_d0.450_krea2_seed5772156,F3photo_stilllife_blk13_neg_d0.450_krea2_seed5772156_00001_.png
372,F3photo_stilllife,F3photo,stilllife,5772156,blk17_pos_d0.400,"0.000,0.000,0.000,0.000,0.000,0.000,0.000,0.000,0.000,0.000,0.000,0.000,0.000,0.000,0.000,0.000,0.000,0.400,0.000,0.000,0.000,0.000,0.000,0.000,0.000,0.000,0.000,0.000,0.000,0.000,0.000,0.000,0.000,0.000","Photograph. a still life on a wooden kitchen table: a white ceramic teapot, two lemons and a glass of water, soft window light from the left, plain wall behind.",euler_ancestral,simple,9,1.0,1.0,1024,1280,F3photo_stilllife_blk17_pos_d0.400_krea2_seed5772156,F3photo_stilllife_blk17_pos_d0.400_krea2_seed5772156_00001_.png
373,F3photo_stilllife,F3photo,stilllife,1414213,baseline,,"Photograph. a still life on a wooden kitchen table: a white ceramic teapot, two lemons and a glass of water, soft window light from the left, plain wall behind.",euler_ancestral,simple,9,1.0,1.0,1024,1280,F3photo_stilllife_baseline_krea2_seed1414213,F3photo_stilllife_baseline_krea2_seed1414213_00001_.png
374,F3photo_stilllife,F3photo,stilllife,1414213,blk16_pos_d0.300,"0.000,0.000,0.000,0.000,0.000,0.000,0.000,0.000,0.000,0.000,0.000,0.000,0.000,0.000,0.000,0.000,0.300,0.000,0.000,0.000,0.000,0.000,0.000,0.000,0.000,0.000,0.000,0.000,0.000,0.000,0.000,0.000,0.000,0.000","Photograph. a still life on a wooden kitchen table: a white ceramic teapot, two lemons and a glass of water, soft window light from the left, plain wall behind.",euler_ancestral,simple,9,1.0,1.0,1024,1280,F3photo_stilllife_blk16_pos_d0.300_krea2_seed1414213,F3photo_stilllife_blk16_pos_d0.300_krea2_seed1414213_00001_.png
375,F3photo_stilllife,F3photo,stilllife,1414213,blk20_pos_d0.450,"0.000,0.000,0.000,0.000,0.000,0.000,0.000,0.000,0.000,0.000,0.000,0.000,0.000,0.000,0.000,0.000,0.000,0.000,0.000,0.000,0.450,0.000,0.000,0.000,0.000,0.000,0.000,0.000,0.000,0.000,0.000,0.000,0.000,0.000","Photograph. a still life on a wooden kitchen table: a white ceramic teapot, two lemons and a glass of water, soft window light from the left, plain wall behind.",euler_ancestral,simple,9,1.0,1.0,1024,1280,F3photo_stilllife_blk20_pos_d0.450_krea2_seed1414213,F3photo_stilllife_blk20_pos_d0.450_krea2_seed1414213_00001_.png
376,F3photo_stilllife,F3photo,stilllife,1414213,blk23_neg_d0.300,"0.000,0.000,0.000,0.000,0.000,0.000,0.000,0.000,0.000,0.000,0.000,0.000,0.000,0.000,0.000,0.000,0.000,0.000,0.000,0.000,0.000,0.000,0.000,-0.300,0.000,0.000,0.000,0.000,0.000,0.000,0.000,0.000,0.000,0.000","Photograph. a still life on a wooden kitchen table: a white ceramic teapot, two lemons and a glass of water, soft window light from the left, plain wall behind.",euler_ancestral,simple,9,1.0,1.0,1024,1280,F3photo_stilllife_blk23_neg_d0.300_krea2_seed1414213,F3photo_stilllife_blk23_neg_d0.300_krea2_seed1414213_00001_.png
377,F3photo_stilllife,F3photo,stilllife,1414213,blk26_pos_d0.150,"0.000,0.000,0.000,0.000,0.000,0.000,0.000,0.000,0.000,0.000,0.000,0.000,0.000,0.000,0.000,0.000,0.000,0.000,0.000,0.000,0.000,0.000,0.000,0.000,0.000,0.000,0.150,0.000,0.000,0.000,0.000,0.000,0.000,0.000","Photograph. a still life on a wooden kitchen table: a white ceramic teapot, two lemons and a glass of water, soft window light from the left, plain wall behind.",euler_ancestral,simple,9,1.0,1.0,1024,1280,F3photo_stilllife_blk26_pos_d0.150_krea2_seed1414213,F3photo_stilllife_blk26_pos_d0.150_krea2_seed1414213_00001_.png
378,F3photo_stilllife,F3photo,stilllife,1414213,blk27_neg_d0.250,"0.000,0.000,0.000,0.000,0.000,0.000,0.000,0.000,0.000,0.000,0.000,0.000,0.000,0.000,0.000,0.000,0.000,0.000,0.000,0.000,0.000,0.000,0.000,0.000,0.000,0.000,0.000,-0.250,0.000,0.000,0.000,0.000,0.000,0.000","Photograph. a still life on a wooden kitchen table: a white ceramic teapot, two lemons and a glass of water, soft window light from the left, plain wall behind.",euler_ancestral,simple,9,1.0,1.0,1024,1280,F3photo_stilllife_blk27_neg_d0.250_krea2_seed1414213,F3photo_stilllife_blk27_neg_d0.250_krea2_seed1414213_00001_.png
379,F3photo_stilllife,F3photo,stilllife,1414213,blk09_pos_d0.450,"0.000,0.000,0.000,0.000,0.000,0.000,0.000,0.000,0.000,0.450,0.000,0.000,0.000,0.000,0.000,0.000,0.000,0.000,0.000,0.000,0.000,0.000,0.000,0.000,0.000,0.000,0.000,0.000,0.000,0.000,0.000,0.000,0.000,0.000","Photograph. a still life on a wooden kitchen table: a white ceramic teapot, two lemons and a glass of water, soft window light from the left, plain wall behind.",euler_ancestral,simple,9,1.0,1.0,1024,1280,F3photo_stilllife_blk09_pos_d0.450_krea2_seed1414213,F3photo_stilllife_blk09_pos_d0.450_krea2_seed1414213_00001_.png
380,F3photo_stilllife,F3photo,stilllife,1414213,combo,"0.000,0.000,0.000,0.000,0.000,0.000,0.000,0.000,0.000,0.000,0.000,0.000,0.000,0.000,0.000,0.000,0.200,0.000,0.000,0.000,0.300,0.000,0.000,-0.200,0.000,0.000,0.000,-0.100,0.000,0.000,0.000,0.000,0.000,0.000","Photograph. a still life on a wooden kitchen table: a white ceramic teapot, two lemons and a glass of water, soft window light from the left, plain wall behind.",euler_ancestral,simple,9,1.0,1.0,1024,1280,F3photo_stilllife_combo_krea2_seed1414213,F3photo_stilllife_combo_krea2_seed1414213_00001_.png
381,F3photo_stilllife,F3photo,stilllife,1414213,blk03_pos_d0.400,"0.000,0.000,0.000,0.400,0.000,0.000,0.000,0.000,0.000,0.000,0.000,0.000,0.000,0.000,0.000,0.000,0.000,0.000,0.000,0.000,0.000,0.000,0.000,0.000,0.000,0.000,0.000,0.000,0.000,0.000,0.000,0.000,0.000,0.000","Photograph. a still life on a wooden kitchen table: a white ceramic teapot, two lemons and a glass of water, soft window light from the left, plain wall behind.",euler_ancestral,simple,9,1.0,1.0,1024,1280,F3photo_stilllife_blk03_pos_d0.400_krea2_seed1414213,F3photo_stilllife_blk03_pos_d0.400_krea2_seed1414213_00001_.png
382,F3photo_stilllife,F3photo,stilllife,1414213,blk06_pos_d0.450,"0.000,0.000,0.000,0.000,0.000,0.000,0.450,0.000,0.000,0.000,0.000,0.000,0.000,0.000,0.000,0.000,0.000,0.000,0.000,0.000,0.000,0.000,0.000,0.000,0.000,0.000,0.000,0.000,0.000,0.000,0.000,0.000,0.000,0.000","Photograph. a still life on a wooden kitchen table: a white ceramic teapot, two lemons and a glass of water, soft window light from the left, plain wall behind.",euler_ancestral,simple,9,1.0,1.0,1024,1280,F3photo_stilllife_blk06_pos_d0.450_krea2_seed1414213,F3photo_stilllife_blk06_pos_d0.450_krea2_seed1414213_00001_.png
383,F3photo_stilllife,F3photo,stilllife,1414213,blk13_neg_d0.450,"0.000,0.000,0.000,0.000,0.000,0.000,0.000,0.000,0.000,0.000,0.000,0.000,0.000,-0.450,0.000,0.000,0.000,0.000,0.000,0.000,0.000,0.000,0.000,0.000,0.000,0.000,0.000,0.000,0.000,0.000,0.000,0.000,0.000,0.000","Photograph. a still life on a wooden kitchen table: a white ceramic teapot, two lemons and a glass of water, soft window light from the left, plain wall behind.",euler_ancestral,simple,9,1.0,1.0,1024,1280,F3photo_stilllife_blk13_neg_d0.450_krea2_seed1414213,F3photo_stilllife_blk13_neg_d0.450_krea2_seed1414213_00001_.png
384,F3photo_stilllife,F3photo,stilllife,1414213,blk17_pos_d0.400,"0.000,0.000,0.000,0.000,0.000,0.000,0.000,0.000,0.000,0.000,0.000,0.000,0.000,0.000,0.000,0.000,0.000,0.400,0.000,0.000,0.000,0.000,0.000,0.000,0.000,0.000,0.000,0.000,0.000,0.000,0.000,0.000,0.000,0.000","Photograph. a still life on a wooden kitchen table: a white ceramic teapot, two lemons and a glass of water, soft window light from the left, plain wall behind.",euler_ancestral,simple,9,1.0,1.0,1024,1280,F3photo_stilllife_blk17_pos_d0.400_krea2_seed1414213,F3photo_stilllife_blk17_pos_d0.400_krea2_seed1414213_00001_.png
385,F3photo_fisherman,F3photo,fisherman,5772156,baseline,,"Photograph. an old fisherman with a grey beard mending a fishing net on a wooden pier, harbour boats behind him, overcast afternoon light.",euler_ancestral,simple,9,1.0,1.0,1024,1280,F3photo_fisherman_baseline_krea2_seed5772156,F3photo_fisherman_baseline_krea2_seed5772156_00001_.png
386,F3photo_fisherman,F3photo,fisherman,5772156,blk16_pos_d0.300,"0.000,0.000,0.000,0.000,0.000,0.000,0.000,0.000,0.000,0.000,0.000,0.000,0.000,0.000,0.000,0.000,0.300,0.000,0.000,0.000,0.000,0.000,0.000,0.000,0.000,0.000,0.000,0.000,0.000,0.000,0.000,0.000,0.000,0.000","Photograph. an old fisherman with a grey beard mending a fishing net on a wooden pier, harbour boats behind him, overcast afternoon light.",euler_ancestral,simple,9,1.0,1.0,1024,1280,F3photo_fisherman_blk16_pos_d0.300_krea2_seed5772156,F3photo_fisherman_blk16_pos_d0.300_krea2_seed5772156_00001_.png
387,F3photo_fisherman,F3photo,fisherman,5772156,blk20_pos_d0.450,"0.000,0.000,0.000,0.000,0.000,0.000,0.000,0.000,0.000,0.000,0.000,0.000,0.000,0.000,0.000,0.000,0.000,0.000,0.000,0.000,0.450,0.000,0.000,0.000,0.000,0.000,0.000,0.000,0.000,0.000,0.000,0.000,0.000,0.000","Photograph. an old fisherman with a grey beard mending a fishing net on a wooden pier, harbour boats behind him, overcast afternoon light.",euler_ancestral,simple,9,1.0,1.0,1024,1280,F3photo_fisherman_blk20_pos_d0.450_krea2_seed5772156,F3photo_fisherman_blk20_pos_d0.450_krea2_seed5772156_00001_.png
388,F3photo_fisherman,F3photo,fisherman,5772156,blk23_neg_d0.300,"0.000,0.000,0.000,0.000,0.000,0.000,0.000,0.000,0.000,0.000,0.000,0.000,0.000,0.000,0.000,0.000,0.000,0.000,0.000,0.000,0.000,0.000,0.000,-0.300,0.000,0.000,0.000,0.000,0.000,0.000,0.000,0.000,0.000,0.000","Photograph. an old fisherman with a grey beard mending a fishing net on a wooden pier, harbour boats behind him, overcast afternoon light.",euler_ancestral,simple,9,1.0,1.0,1024,1280,F3photo_fisherman_blk23_neg_d0.300_krea2_seed5772156,F3photo_fisherman_blk23_neg_d0.300_krea2_seed5772156_00001_.png
389,F3photo_fisherman,F3photo,fisherman,5772156,blk26_pos_d0.150,"0.000,0.000,0.000,0.000,0.000,0.000,0.000,0.000,0.000,0.000,0.000,0.000,0.000,0.000,0.000,0.000,0.000,0.000,0.000,0.000,0.000,0.000,0.000,0.000,0.000,0.000,0.150,0.000,0.000,0.000,0.000,0.000,0.000,0.000","Photograph. an old fisherman with a grey beard mending a fishing net on a wooden pier, harbour boats behind him, overcast afternoon light.",euler_ancestral,simple,9,1.0,1.0,1024,1280,F3photo_fisherman_blk26_pos_d0.150_krea2_seed5772156,F3photo_fisherman_blk26_pos_d0.150_krea2_seed5772156_00001_.png
390,F3photo_fisherman,F3photo,fisherman,5772156,blk27_neg_d0.250,"0.000,0.000,0.000,0.000,0.000,0.000,0.000,0.000,0.000,0.000,0.000,0.000,0.000,0.000,0.000,0.000,0.000,0.000,0.000,0.000,0.000,0.000,0.000,0.000,0.000,0.000,0.000,-0.250,0.000,0.000,0.000,0.000,0.000,0.000","Photograph. an old fisherman with a grey beard mending a fishing net on a wooden pier, harbour boats behind him, overcast afternoon light.",euler_ancestral,simple,9,1.0,1.0,1024,1280,F3photo_fisherman_blk27_neg_d0.250_krea2_seed5772156,F3photo_fisherman_blk27_neg_d0.250_krea2_seed5772156_00001_.png
391,F3photo_fisherman,F3photo,fisherman,5772156,blk09_pos_d0.450,"0.000,0.000,0.000,0.000,0.000,0.000,0.000,0.000,0.000,0.450,0.000,0.000,0.000,0.000,0.000,0.000,0.000,0.000,0.000,0.000,0.000,0.000,0.000,0.000,0.000,0.000,0.000,0.000,0.000,0.000,0.000,0.000,0.000,0.000","Photograph. an old fisherman with a grey beard mending a fishing net on a wooden pier, harbour boats behind him, overcast afternoon light.",euler_ancestral,simple,9,1.0,1.0,1024,1280,F3photo_fisherman_blk09_pos_d0.450_krea2_seed5772156,F3photo_fisherman_blk09_pos_d0.450_krea2_seed5772156_00001_.png
392,F3photo_fisherman,F3photo,fisherman,5772156,combo,"0.000,0.000,0.000,0.000,0.000,0.000,0.000,0.000,0.000,0.000,0.000,0.000,0.000,0.000,0.000,0.000,0.200,0.000,0.000,0.000,0.300,0.000,0.000,-0.200,0.000,0.000,0.000,-0.100,0.000,0.000,0.000,0.000,0.000,0.000","Photograph. an old fisherman with a grey beard mending a fishing net on a wooden pier, harbour boats behind him, overcast afternoon light.",euler_ancestral,simple,9,1.0,1.0,1024,1280,F3photo_fisherman_combo_krea2_seed5772156,F3photo_fisherman_combo_krea2_seed5772156_00001_.png
393,F3photo_fisherman,F3photo,fisherman,5772156,blk03_pos_d0.400,"0.000,0.000,0.000,0.400,0.000,0.000,0.000,0.000,0.000,0.000,0.000,0.000,0.000,0.000,0.000,0.000,0.000,0.000,0.000,0.000,0.000,0.000,0.000,0.000,0.000,0.000,0.000,0.000,0.000,0.000,0.000,0.000,0.000,0.000","Photograph. an old fisherman with a grey beard mending a fishing net on a wooden pier, harbour boats behind him, overcast afternoon light.",euler_ancestral,simple,9,1.0,1.0,1024,1280,F3photo_fisherman_blk03_pos_d0.400_krea2_seed5772156,F3photo_fisherman_blk03_pos_d0.400_krea2_seed5772156_00001_.png
394,F3photo_fisherman,F3photo,fisherman,5772156,blk06_pos_d0.450,"0.000,0.000,0.000,0.000,0.000,0.000,0.450,0.000,0.000,0.000,0.000,0.000,0.000,0.000,0.000,0.000,0.000,0.000,0.000,0.000,0.000,0.000,0.000,0.000,0.000,0.000,0.000,0.000,0.000,0.000,0.000,0.000,0.000,0.000","Photograph. an old fisherman with a grey beard mending a fishing net on a wooden pier, harbour boats behind him, overcast afternoon light.",euler_ancestral,simple,9,1.0,1.0,1024,1280,F3photo_fisherman_blk06_pos_d0.450_krea2_seed5772156,F3photo_fisherman_blk06_pos_d0.450_krea2_seed5772156_00001_.png
395,F3photo_fisherman,F3photo,fisherman,5772156,blk13_neg_d0.450,"0.000,0.000,0.000,0.000,0.000,0.000,0.000,0.000,0.000,0.000,0.000,0.000,0.000,-0.450,0.000,0.000,0.000,0.000,0.000,0.000,0.000,0.000,0.000,0.000,0.000,0.000,0.000,0.000,0.000,0.000,0.000,0.000,0.000,0.000","Photograph. an old fisherman with a grey beard mending a fishing net on a wooden pier, harbour boats behind him, overcast afternoon light.",euler_ancestral,simple,9,1.0,1.0,1024,1280,F3photo_fisherman_blk13_neg_d0.450_krea2_seed5772156,F3photo_fisherman_blk13_neg_d0.450_krea2_seed5772156_00001_.png
396,F3photo_fisherman,F3photo,fisherman,5772156,blk17_pos_d0.400,"0.000,0.000,0.000,0.000,0.000,0.000,0.000,0.000,0.000,0.000,0.000,0.000,0.000,0.000,0.000,0.000,0.000,0.400,0.000,0.000,0.000,0.000,0.000,0.000,0.000,0.000,0.000,0.000,0.000,0.000,0.000,0.000,0.000,0.000","Photograph. an old fisherman with a grey beard mending a fishing net on a wooden pier, harbour boats behind him, overcast afternoon light.",euler_ancestral,simple,9,1.0,1.0,1024,1280,F3photo_fisherman_blk17_pos_d0.400_krea2_seed5772156,F3photo_fisherman_blk17_pos_d0.400_krea2_seed5772156_00001_.png
397,F3photo_fisherman,F3photo,fisherman,1414213,baseline,,"Photograph. an old fisherman with a grey beard mending a fishing net on a wooden pier, harbour boats behind him, overcast afternoon light.",euler_ancestral,simple,9,1.0,1.0,1024,1280,F3photo_fisherman_baseline_krea2_seed1414213,F3photo_fisherman_baseline_krea2_seed1414213_00001_.png
398,F3photo_fisherman,F3photo,fisherman,1414213,blk16_pos_d0.300,"0.000,0.000,0.000,0.000,0.000,0.000,0.000,0.000,0.000,0.000,0.000,0.000,0.000,0.000,0.000,0.000,0.300,0.000,0.000,0.000,0.000,0.000,0.000,0.000,0.000,0.000,0.000,0.000,0.000,0.000,0.000,0.000,0.000,0.000","Photograph. an old fisherman with a grey beard mending a fishing net on a wooden pier, harbour boats behind him, overcast afternoon light.",euler_ancestral,simple,9,1.0,1.0,1024,1280,F3photo_fisherman_blk16_pos_d0.300_krea2_seed1414213,F3photo_fisherman_blk16_pos_d0.300_krea2_seed1414213_00001_.png
399,F3photo_fisherman,F3photo,fisherman,1414213,blk20_pos_d0.450,"0.000,0.000,0.000,0.000,0.000,0.000,0.000,0.000,0.000,0.000,0.000,0.000,0.000,0.000,0.000,0.000,0.000,0.000,0.000,0.000,0.450,0.000,0.000,0.000,0.000,0.000,0.000,0.000,0.000,0.000,0.000,0.000,0.000,0.000","Photograph. an old fisherman with a grey beard mending a fishing net on a wooden pier, harbour boats behind him, overcast afternoon light.",euler_ancestral,simple,9,1.0,1.0,1024,1280,F3photo_fisherman_blk20_pos_d0.450_krea2_seed1414213,F3photo_fisherman_blk20_pos_d0.450_krea2_seed1414213_00001_.png
400,F3photo_fisherman,F3photo,fisherman,1414213,blk23_neg_d0.300,"0.000,0.000,0.000,0.000,0.000,0.000,0.000,0.000,0.000,0.000,0.000,0.000,0.000,0.000,0.000,0.000,0.000,0.000,0.000,0.000,0.000,0.000,0.000,-0.300,0.000,0.000,0.000,0.000,0.000,0.000,0.000,0.000,0.000,0.000","Photograph. an old fisherman with a grey beard mending a fishing net on a wooden pier, harbour boats behind him, overcast afternoon light.",euler_ancestral,simple,9,1.0,1.0,1024,1280,F3photo_fisherman_blk23_neg_d0.300_krea2_seed1414213,F3photo_fisherman_blk23_neg_d0.300_krea2_seed1414213_00001_.png
401,F3photo_fisherman,F3photo,fisherman,1414213,blk26_pos_d0.150,"0.000,0.000,0.000,0.000,0.000,0.000,0.000,0.000,0.000,0.000,0.000,0.000,0.000,0.000,0.000,0.000,0.000,0.000,0.000,0.000,0.000,0.000,0.000,0.000,0.000,0.000,0.150,0.000,0.000,0.000,0.000,0.000,0.000,0.000","Photograph. an old fisherman with a grey beard mending a fishing net on a wooden pier, harbour boats behind him, overcast afternoon light.",euler_ancestral,simple,9,1.0,1.0,1024,1280,F3photo_fisherman_blk26_pos_d0.150_krea2_seed1414213,F3photo_fisherman_blk26_pos_d0.150_krea2_seed1414213_00001_.png
402,F3photo_fisherman,F3photo,fisherman,1414213,blk27_neg_d0.250,"0.000,0.000,0.000,0.000,0.000,0.000,0.000,0.000,0.000,0.000,0.000,0.000,0.000,0.000,0.000,0.000,0.000,0.000,0.000,0.000,0.000,0.000,0.000,0.000,0.000,0.000,0.000,-0.250,0.000,0.000,0.000,0.000,0.000,0.000","Photograph. an old fisherman with a grey beard mending a fishing net on a wooden pier, harbour boats behind him, overcast afternoon light.",euler_ancestral,simple,9,1.0,1.0,1024,1280,F3photo_fisherman_blk27_neg_d0.250_krea2_seed1414213,F3photo_fisherman_blk27_neg_d0.250_krea2_seed1414213_00001_.png
403,F3photo_fisherman,F3photo,fisherman,1414213,blk09_pos_d0.450,"0.000,0.000,0.000,0.000,0.000,0.000,0.000,0.000,0.000,0.450,0.000,0.000,0.000,0.000,0.000,0.000,0.000,0.000,0.000,0.000,0.000,0.000,0.000,0.000,0.000,0.000,0.000,0.000,0.000,0.000,0.000,0.000,0.000,0.000","Photograph. an old fisherman with a grey beard mending a fishing net on a wooden pier, harbour boats behind him, overcast afternoon light.",euler_ancestral,simple,9,1.0,1.0,1024,1280,F3photo_fisherman_blk09_pos_d0.450_krea2_seed1414213,F3photo_fisherman_blk09_pos_d0.450_krea2_seed1414213_00001_.png
404,F3photo_fisherman,F3photo,fisherman,1414213,combo,"0.000,0.000,0.000,0.000,0.000,0.000,0.000,0.000,0.000,0.000,0.000,0.000,0.000,0.000,0.000,0.000,0.200,0.000,0.000,0.000,0.300,0.000,0.000,-0.200,0.000,0.000,0.000,-0.100,0.000,0.000,0.000,0.000,0.000,0.000","Photograph. an old fisherman with a grey beard mending a fishing net on a wooden pier, harbour boats behind him, overcast afternoon light.",euler_ancestral,simple,9,1.0,1.0,1024,1280,F3photo_fisherman_combo_krea2_seed1414213,F3photo_fisherman_combo_krea2_seed1414213_00001_.png
405,F3photo_fisherman,F3photo,fisherman,1414213,blk03_pos_d0.400,"0.000,0.000,0.000,0.400,0.000,0.000,0.000,0.000,0.000,0.000,0.000,0.000,0.000,0.000,0.000,0.000,0.000,0.000,0.000,0.000,0.000,0.000,0.000,0.000,0.000,0.000,0.000,0.000,0.000,0.000,0.000,0.000,0.000,0.000","Photograph. an old fisherman with a grey beard mending a fishing net on a wooden pier, harbour boats behind him, overcast afternoon light.",euler_ancestral,simple,9,1.0,1.0,1024,1280,F3photo_fisherman_blk03_pos_d0.400_krea2_seed1414213,F3photo_fisherman_blk03_pos_d0.400_krea2_seed1414213_00001_.png
406,F3photo_fisherman,F3photo,fisherman,1414213,blk06_pos_d0.450,"0.000,0.000,0.000,0.000,0.000,0.000,0.450,0.000,0.000,0.000,0.000,0.000,0.000,0.000,0.000,0.000,0.000,0.000,0.000,0.000,0.000,0.000,0.000,0.000,0.000,0.000,0.000,0.000,0.000,0.000,0.000,0.000,0.000,0.000","Photograph. an old fisherman with a grey beard mending a fishing net on a wooden pier, harbour boats behind him, overcast afternoon light.",euler_ancestral,simple,9,1.0,1.0,1024,1280,F3photo_fisherman_blk06_pos_d0.450_krea2_seed1414213,F3photo_fisherman_blk06_pos_d0.450_krea2_seed1414213_00001_.png
407,F3photo_fisherman,F3photo,fisherman,1414213,blk13_neg_d0.450,"0.000,0.000,0.000,0.000,0.000,0.000,0.000,0.000,0.000,0.000,0.000,0.000,0.000,-0.450,0.000,0.000,0.000,0.000,0.000,0.000,0.000,0.000,0.000,0.000,0.000,0.000,0.000,0.000,0.000,0.000,0.000,0.000,0.000,0.000","Photograph. an old fisherman with a grey beard mending a fishing net on a wooden pier, harbour boats behind him, overcast afternoon light.",euler_ancestral,simple,9,1.0,1.0,1024,1280,F3photo_fisherman_blk13_neg_d0.450_krea2_seed1414213,F3photo_fisherman_blk13_neg_d0.450_krea2_seed1414213_00001_.png
408,F3photo_fisherman,F3photo,fisherman,1414213,blk17_pos_d0.400,"0.000,0.000,0.000,0.000,0.000,0.000,0.000,0.000,0.000,0.000,0.000,0.000,0.000,0.000,0.000,0.000,0.000,0.400,0.000,0.000,0.000,0.000,0.000,0.000,0.000,0.000,0.000,0.000,0.000,0.000,0.000,0.000,0.000,0.000","Photograph. an old fisherman with a grey beard mending a fishing net on a wooden pier, harbour boats behind him, overcast afternoon light.",euler_ancestral,simple,9,1.0,1.0,1024,1280,F3photo_fisherman_blk17_pos_d0.400_krea2_seed1414213,F3photo_fisherman_blk17_pos_d0.400_krea2_seed1414213_00001_.png
409,F3photo_lighthouse,F3photo,lighthouse,5772156,baseline,,"Photograph. a white lighthouse on a rocky coast at dusk, waves breaking on the rocks, a few seagulls in the sky.",euler_ancestral,simple,9,1.0,1.0,1024,1280,F3photo_lighthouse_baseline_krea2_seed5772156,F3photo_lighthouse_baseline_krea2_seed5772156_00001_.png
410,F3photo_lighthouse,F3photo,lighthouse,5772156,blk16_pos_d0.300,"0.000,0.000,0.000,0.000,0.000,0.000,0.000,0.000,0.000,0.000,0.000,0.000,0.000,0.000,0.000,0.000,0.300,0.000,0.000,0.000,0.000,0.000,0.000,0.000,0.000,0.000,0.000,0.000,0.000,0.000,0.000,0.000,0.000,0.000","Photograph. a white lighthouse on a rocky coast at dusk, waves breaking on the rocks, a few seagulls in the sky.",euler_ancestral,simple,9,1.0,1.0,1024,1280,F3photo_lighthouse_blk16_pos_d0.300_krea2_seed5772156,F3photo_lighthouse_blk16_pos_d0.300_krea2_seed5772156_00001_.png
411,F3photo_lighthouse,F3photo,lighthouse,5772156,blk20_pos_d0.450,"0.000,0.000,0.000,0.000,0.000,0.000,0.000,0.000,0.000,0.000,0.000,0.000,0.000,0.000,0.000,0.000,0.000,0.000,0.000,0.000,0.450,0.000,0.000,0.000,0.000,0.000,0.000,0.000,0.000,0.000,0.000,0.000,0.000,0.000","Photograph. a white lighthouse on a rocky coast at dusk, waves breaking on the rocks, a few seagulls in the sky.",euler_ancestral,simple,9,1.0,1.0,1024,1280,F3photo_lighthouse_blk20_pos_d0.450_krea2_seed5772156,F3photo_lighthouse_blk20_pos_d0.450_krea2_seed5772156_00001_.png
412,F3photo_lighthouse,F3photo,lighthouse,5772156,blk23_neg_d0.300,"0.000,0.000,0.000,0.000,0.000,0.000,0.000,0.000,0.000,0.000,0.000,0.000,0.000,0.000,0.000,0.000,0.000,0.000,0.000,0.000,0.000,0.000,0.000,-0.300,0.000,0.000,0.000,0.000,0.000,0.000,0.000,0.000,0.000,0.000","Photograph. a white lighthouse on a rocky coast at dusk, waves breaking on the rocks, a few seagulls in the sky.",euler_ancestral,simple,9,1.0,1.0,1024,1280,F3photo_lighthouse_blk23_neg_d0.300_krea2_seed5772156,F3photo_lighthouse_blk23_neg_d0.300_krea2_seed5772156_00001_.png
413,F3photo_lighthouse,F3photo,lighthouse,5772156,blk26_pos_d0.150,"0.000,0.000,0.000,0.000,0.000,0.000,0.000,0.000,0.000,0.000,0.000,0.000,0.000,0.000,0.000,0.000,0.000,0.000,0.000,0.000,0.000,0.000,0.000,0.000,0.000,0.000,0.150,0.000,0.000,0.000,0.000,0.000,0.000,0.000","Photograph. a white lighthouse on a rocky coast at dusk, waves breaking on the rocks, a few seagulls in the sky.",euler_ancestral,simple,9,1.0,1.0,1024,1280,F3photo_lighthouse_blk26_pos_d0.150_krea2_seed5772156,F3photo_lighthouse_blk26_pos_d0.150_krea2_seed5772156_00001_.png
414,F3photo_lighthouse,F3photo,lighthouse,5772156,blk27_neg_d0.250,"0.000,0.000,0.000,0.000,0.000,0.000,0.000,0.000,0.000,0.000,0.000,0.000,0.000,0.000,0.000,0.000,0.000,0.000,0.000,0.000,0.000,0.000,0.000,0.000,0.000,0.000,0.000,-0.250,0.000,0.000,0.000,0.000,0.000,0.000","Photograph. a white lighthouse on a rocky coast at dusk, waves breaking on the rocks, a few seagulls in the sky.",euler_ancestral,simple,9,1.0,1.0,1024,1280,F3photo_lighthouse_blk27_neg_d0.250_krea2_seed5772156,F3photo_lighthouse_blk27_neg_d0.250_krea2_seed5772156_00001_.png
415,F3photo_lighthouse,F3photo,lighthouse,5772156,blk09_pos_d0.450,"0.000,0.000,0.000,0.000,0.000,0.000,0.000,0.000,0.000,0.450,0.000,0.000,0.000,0.000,0.000,0.000,0.000,0.000,0.000,0.000,0.000,0.000,0.000,0.000,0.000,0.000,0.000,0.000,0.000,0.000,0.000,0.000,0.000,0.000","Photograph. a white lighthouse on a rocky coast at dusk, waves breaking on the rocks, a few seagulls in the sky.",euler_ancestral,simple,9,1.0,1.0,1024,1280,F3photo_lighthouse_blk09_pos_d0.450_krea2_seed5772156,F3photo_lighthouse_blk09_pos_d0.450_krea2_seed5772156_00001_.png
416,F3photo_lighthouse,F3photo,lighthouse,5772156,combo,"0.000,0.000,0.000,0.000,0.000,0.000,0.000,0.000,0.000,0.000,0.000,0.000,0.000,0.000,0.000,0.000,0.200,0.000,0.000,0.000,0.300,0.000,0.000,-0.200,0.000,0.000,0.000,-0.100,0.000,0.000,0.000,0.000,0.000,0.000","Photograph. a white lighthouse on a rocky coast at dusk, waves breaking on the rocks, a few seagulls in the sky.",euler_ancestral,simple,9,1.0,1.0,1024,1280,F3photo_lighthouse_combo_krea2_seed5772156,F3photo_lighthouse_combo_krea2_seed5772156_00001_.png
417,F3photo_lighthouse,F3photo,lighthouse,5772156,blk03_pos_d0.400,"0.000,0.000,0.000,0.400,0.000,0.000,0.000,0.000,0.000,0.000,0.000,0.000,0.000,0.000,0.000,0.000,0.000,0.000,0.000,0.000,0.000,0.000,0.000,0.000,0.000,0.000,0.000,0.000,0.000,0.000,0.000,0.000,0.000,0.000","Photograph. a white lighthouse on a rocky coast at dusk, waves breaking on the rocks, a few seagulls in the sky.",euler_ancestral,simple,9,1.0,1.0,1024,1280,F3photo_lighthouse_blk03_pos_d0.400_krea2_seed5772156,F3photo_lighthouse_blk03_pos_d0.400_krea2_seed5772156_00001_.png
418,F3photo_lighthouse,F3photo,lighthouse,5772156,blk06_pos_d0.450,"0.000,0.000,0.000,0.000,0.000,0.000,0.450,0.000,0.000,0.000,0.000,0.000,0.000,0.000,0.000,0.000,0.000,0.000,0.000,0.000,0.000,0.000,0.000,0.000,0.000,0.000,0.000,0.000,0.000,0.000,0.000,0.000,0.000,0.000","Photograph. a white lighthouse on a rocky coast at dusk, waves breaking on the rocks, a few seagulls in the sky.",euler_ancestral,simple,9,1.0,1.0,1024,1280,F3photo_lighthouse_blk06_pos_d0.450_krea2_seed5772156,F3photo_lighthouse_blk06_pos_d0.450_krea2_seed5772156_00001_.png
419,F3photo_lighthouse,F3photo,lighthouse,5772156,blk13_neg_d0.450,"0.000,0.000,0.000,0.000,0.000,0.000,0.000,0.000,0.000,0.000,0.000,0.000,0.000,-0.450,0.000,0.000,0.000,0.000,0.000,0.000,0.000,0.000,0.000,0.000,0.000,0.000,0.000,0.000,0.000,0.000,0.000,0.000,0.000,0.000","Photograph. a white lighthouse on a rocky coast at dusk, waves breaking on the rocks, a few seagulls in the sky.",euler_ancestral,simple,9,1.0,1.0,1024,1280,F3photo_lighthouse_blk13_neg_d0.450_krea2_seed5772156,F3photo_lighthouse_blk13_neg_d0.450_krea2_seed5772156_00001_.png
420,F3photo_lighthouse,F3photo,lighthouse,5772156,blk17_pos_d0.400,"0.000,0.000,0.000,0.000,0.000,0.000,0.000,0.000,0.000,0.000,0.000,0.000,0.000,0.000,0.000,0.000,0.000,0.400,0.000,0.000,0.000,0.000,0.000,0.000,0.000,0.000,0.000,0.000,0.000,0.000,0.000,0.000,0.000,0.000","Photograph. a white lighthouse on a rocky coast at dusk, waves breaking on the rocks, a few seagulls in the sky.",euler_ancestral,simple,9,1.0,1.0,1024,1280,F3photo_lighthouse_blk17_pos_d0.400_krea2_seed5772156,F3photo_lighthouse_blk17_pos_d0.400_krea2_seed5772156_00001_.png
421,F3photo_lighthouse,F3photo,lighthouse,1414213,baseline,,"Photograph. a white lighthouse on a rocky coast at dusk, waves breaking on the rocks, a few seagulls in the sky.",euler_ancestral,simple,9,1.0,1.0,1024,1280,F3photo_lighthouse_baseline_krea2_seed1414213,F3photo_lighthouse_baseline_krea2_seed1414213_00001_.png
422,F3photo_lighthouse,F3photo,lighthouse,1414213,blk16_pos_d0.300,"0.000,0.000,0.000,0.000,0.000,0.000,0.000,0.000,0.000,0.000,0.000,0.000,0.000,0.000,0.000,0.000,0.300,0.000,0.000,0.000,0.000,0.000,0.000,0.000,0.000,0.000,0.000,0.000,0.000,0.000,0.000,0.000,0.000,0.000","Photograph. a white lighthouse on a rocky coast at dusk, waves breaking on the rocks, a few seagulls in the sky.",euler_ancestral,simple,9,1.0,1.0,1024,1280,F3photo_lighthouse_blk16_pos_d0.300_krea2_seed1414213,F3photo_lighthouse_blk16_pos_d0.300_krea2_seed1414213_00001_.png
423,F3photo_lighthouse,F3photo,lighthouse,1414213,blk20_pos_d0.450,"0.000,0.000,0.000,0.000,0.000,0.000,0.000,0.000,0.000,0.000,0.000,0.000,0.000,0.000,0.000,0.000,0.000,0.000,0.000,0.000,0.450,0.000,0.000,0.000,0.000,0.000,0.000,0.000,0.000,0.000,0.000,0.000,0.000,0.000","Photograph. a white lighthouse on a rocky coast at dusk, waves breaking on the rocks, a few seagulls in the sky.",euler_ancestral,simple,9,1.0,1.0,1024,1280,F3photo_lighthouse_blk20_pos_d0.450_krea2_seed1414213,F3photo_lighthouse_blk20_pos_d0.450_krea2_seed1414213_00001_.png
424,F3photo_lighthouse,F3photo,lighthouse,1414213,blk23_neg_d0.300,"0.000,0.000,0.000,0.000,0.000,0.000,0.000,0.000,0.000,0.000,0.000,0.000,0.000,0.000,0.000,0.000,0.000,0.000,0.000,0.000,0.000,0.000,0.000,-0.300,0.000,0.000,0.000,0.000,0.000,0.000,0.000,0.000,0.000,0.000","Photograph. a white lighthouse on a rocky coast at dusk, waves breaking on the rocks, a few seagulls in the sky.",euler_ancestral,simple,9,1.0,1.0,1024,1280,F3photo_lighthouse_blk23_neg_d0.300_krea2_seed1414213,F3photo_lighthouse_blk23_neg_d0.300_krea2_seed1414213_00001_.png
425,F3photo_lighthouse,F3photo,lighthouse,1414213,blk26_pos_d0.150,"0.000,0.000,0.000,0.000,0.000,0.000,0.000,0.000,0.000,0.000,0.000,0.000,0.000,0.000,0.000,0.000,0.000,0.000,0.000,0.000,0.000,0.000,0.000,0.000,0.000,0.000,0.150,0.000,0.000,0.000,0.000,0.000,0.000,0.000","Photograph. a white lighthouse on a rocky coast at dusk, waves breaking on the rocks, a few seagulls in the sky.",euler_ancestral,simple,9,1.0,1.0,1024,1280,F3photo_lighthouse_blk26_pos_d0.150_krea2_seed1414213,F3photo_lighthouse_blk26_pos_d0.150_krea2_seed1414213_00001_.png
426,F3photo_lighthouse,F3photo,lighthouse,1414213,blk27_neg_d0.250,"0.000,0.000,0.000,0.000,0.000,0.000,0.000,0.000,0.000,0.000,0.000,0.000,0.000,0.000,0.000,0.000,0.000,0.000,0.000,0.000,0.000,0.000,0.000,0.000,0.000,0.000,0.000,-0.250,0.000,0.000,0.000,0.000,0.000,0.000","Photograph. a white lighthouse on a rocky coast at dusk, waves breaking on the rocks, a few seagulls in the sky.",euler_ancestral,simple,9,1.0,1.0,1024,1280,F3photo_lighthouse_blk27_neg_d0.250_krea2_seed1414213,F3photo_lighthouse_blk27_neg_d0.250_krea2_seed1414213_00001_.png
427,F3photo_lighthouse,F3photo,lighthouse,1414213,blk09_pos_d0.450,"0.000,0.000,0.000,0.000,0.000,0.000,0.000,0.000,0.000,0.450,0.000,0.000,0.000,0.000,0.000,0.000,0.000,0.000,0.000,0.000,0.000,0.000,0.000,0.000,0.000,0.000,0.000,0.000,0.000,0.000,0.000,0.000,0.000,0.000","Photograph. a white lighthouse on a rocky coast at dusk, waves breaking on the rocks, a few seagulls in the sky.",euler_ancestral,simple,9,1.0,1.0,1024,1280,F3photo_lighthouse_blk09_pos_d0.450_krea2_seed1414213,F3photo_lighthouse_blk09_pos_d0.450_krea2_seed1414213_00001_.png
428,F3photo_lighthouse,F3photo,lighthouse,1414213,combo,"0.000,0.000,0.000,0.000,0.000,0.000,0.000,0.000,0.000,0.000,0.000,0.000,0.000,0.000,0.000,0.000,0.200,0.000,0.000,0.000,0.300,0.000,0.000,-0.200,0.000,0.000,0.000,-0.100,0.000,0.000,0.000,0.000,0.000,0.000","Photograph. a white lighthouse on a rocky coast at dusk, waves breaking on the rocks, a few seagulls in the sky.",euler_ancestral,simple,9,1.0,1.0,1024,1280,F3photo_lighthouse_combo_krea2_seed1414213,F3photo_lighthouse_combo_krea2_seed1414213_00001_.png
429,F3photo_lighthouse,F3photo,lighthouse,1414213,blk03_pos_d0.400,"0.000,0.000,0.000,0.400,0.000,0.000,0.000,0.000,0.000,0.000,0.000,0.000,0.000,0.000,0.000,0.000,0.000,0.000,0.000,0.000,0.000,0.000,0.000,0.000,0.000,0.000,0.000,0.000,0.000,0.000,0.000,0.000,0.000,0.000","Photograph. a white lighthouse on a rocky coast at dusk, waves breaking on the rocks, a few seagulls in the sky.",euler_ancestral,simple,9,1.0,1.0,1024,1280,F3photo_lighthouse_blk03_pos_d0.400_krea2_seed1414213,F3photo_lighthouse_blk03_pos_d0.400_krea2_seed1414213_00001_.png
430,F3photo_lighthouse,F3photo,lighthouse,1414213,blk06_pos_d0.450,"0.000,0.000,0.000,0.000,0.000,0.000,0.450,0.000,0.000,0.000,0.000,0.000,0.000,0.000,0.000,0.000,0.000,0.000,0.000,0.000,0.000,0.000,0.000,0.000,0.000,0.000,0.000,0.000,0.000,0.000,0.000,0.000,0.000,0.000","Photograph. a white lighthouse on a rocky coast at dusk, waves breaking on the rocks, a few seagulls in the sky.",euler_ancestral,simple,9,1.0,1.0,1024,1280,F3photo_lighthouse_blk06_pos_d0.450_krea2_seed1414213,F3photo_lighthouse_blk06_pos_d0.450_krea2_seed1414213_00001_.png
431,F3photo_lighthouse,F3photo,lighthouse,1414213,blk13_neg_d0.450,"0.000,0.000,0.000,0.000,0.000,0.000,0.000,0.000,0.000,0.000,0.000,0.000,0.000,-0.450,0.000,0.000,0.000,0.000,0.000,0.000,0.000,0.000,0.000,0.000,0.000,0.000,0.000,0.000,0.000,0.000,0.000,0.000,0.000,0.000","Photograph. a white lighthouse on a rocky coast at dusk, waves breaking on the rocks, a few seagulls in the sky.",euler_ancestral,simple,9,1.0,1.0,1024,1280,F3photo_lighthouse_blk13_neg_d0.450_krea2_seed1414213,F3photo_lighthouse_blk13_neg_d0.450_krea2_seed1414213_00001_.png
432,F3photo_lighthouse,F3photo,lighthouse,1414213,blk17_pos_d0.400,"0.000,0.000,0.000,0.000,0.000,0.000,0.000,0.000,0.000,0.000,0.000,0.000,0.000,0.000,0.000,0.000,0.000,0.400,0.000,0.000,0.000,0.000,0.000,0.000,0.000,0.000,0.000,0.000,0.000,0.000,0.000,0.000,0.000,0.000","Photograph. a white lighthouse on a rocky coast at dusk, waves breaking on the rocks, a few seagulls in the sky.",euler_ancestral,simple,9,1.0,1.0,1024,1280,F3photo_lighthouse_blk17_pos_d0.400_krea2_seed1414213,F3photo_lighthouse_blk17_pos_d0.400_krea2_seed1414213_00001_.png
